FK_Sale,TransactionDate,FK_Customer,FK_Product,FK_Store,Quantity,UnitPrice,TotalAmount,FK_Status,FK_Employee
1,2020-01-09,30,2,1,1,88.94,88.94,4,3
2,2020-01-05,8,5,1,3,17.57,52.71,4,3
3,2020-01-05,3,10,1,4,34.99,139.96,4,1
4,2020-01-20,13,2,1,2,126.69,253.38,3,4
5,2020-01-04,18,15,1,3,48.99,146.97,4,3
6,2020-01-01,29,20,1,5,35.33,176.65,3,3
7,2020-01-10,17,18,1,1,16.15,16.15,4,2
8,2020-01-17,20,19,1,2,15.99,31.98,4,3
9,2020-01-26,2,6,1,4,32.99,131.96,4,2
10,2020-01-03,18,20,1,1,27.31,27.31,4,2
11,2020-01-28,7,13,1,3,70.92,212.76,4,2
12,2020-01-29,4,10,1,1,42.52,42.52,4,2
13,2020-01-08,23,1,1,1,1342.25,1342.25,1,1
14,2020-01-09,7,15,1,3,81.94,245.82,4,2
15,2020-01-16,7,17,1,1,34.52,34.52,4,1
16,2020-01-24,21,2,1,1,107.26,107.26,1,1
17,2020-01-07,5,10,1,1,47.51,47.51,3,4
18,2020-01-04,18,2,1,5,123.11,615.55,4,1
19,2020-01-16,28,9,1,4,89.99,359.96,4,4
20,2020-01-30,15,17,1,2,53.46,106.92,4,3
21,2020-01-23,7,9,1,1,76.6,76.6,2,3
22,2020-01-02,16,2,1,1,89.63,89.63,1,2
23,2020-01-22,13,18,1,5,13.84,69.2,1,1
24,2020-01-14,19,15,1,4,41.26,165.04,4,3
25,2020-01-13,21,3,1,2,151.9,303.8,3,3
26,2020-01-19,3,20,1,2,16.99,33.98,1,2
27,2020-01-12,15,6,1,2,34.67,69.34,3,3
28,2020-01-10,4,19,1,1,36.24,36.24,4,2
29,2020-01-10,23,13,1,1,88.99,88.99,4,3
30,2020-01-29,2,19,1,2,33.99,67.98,4,1
31,2020-01-05,9,14,1,3,181.75,545.25,1,2
32,2020-01-31,29,18,1,2,17.02,34.04,4,2
33,2020-01-05,12,2,1,4,64.99,259.96,3,1
34,2020-01-29,20,18,1,4,8.99,35.96,4,2
35,2020-01-06,1,18,1,3,10.99,32.97,4,2
36,2020-01-28,8,16,1,1,18.99,18.99,2,3
37,2020-01-08,30,5,1,1,25.41,25.41,4,4
38,2020-01-22,11,4,1,4,291.99,1167.96,4,3
39,2020-01-13,27,15,2,4,35.92,143.68,4,7
40,2020-01-31,2,20,2,2,23.68,47.36,4,5
41,2020-01-17,29,3,2,1,128.99,128.99,4,6
42,2020-01-18,24,15,2,1,33.2,33.2,4,6
43,2020-01-11,4,15,2,2,68.99,137.98,4,7
44,2020-01-18,14,3,2,3,149.28,447.84,4,8
45,2020-01-18,10,18,2,1,16.43,16.43,4,7
46,2020-01-15,7,8,2,3,86.43,259.29,4,8
47,2020-01-10,21,10,2,1,66.99,66.99,4,7
48,2020-01-26,1,5,2,1,18.5,18.5,2,5
49,2020-01-29,7,14,2,2,135.6,271.2,1,8
50,2020-01-25,6,8,2,1,40.95,40.95,4,8
51,2020-01-26,17,9,2,5,184.89,924.45,4,7
52,2020-01-17,30,8,2,4,72.59,290.36,4,8
53,2020-01-08,9,18,2,2,9.99,19.98,4,8
54,2020-01-09,29,6,2,1,15.01,15.01,4,5
55,2020-01-03,11,8,2,2,38.24,76.48,4,8
56,2020-01-19,1,19,2,2,36.99,73.98,4,8
57,2020-01-29,14,20,2,2,21.64,43.28,4,6
58,2020-01-22,13,15,2,4,84.17,336.68,4,6
59,2020-01-30,19,7,2,1,96.15,96.15,4,5
60,2020-01-09,7,7,2,1,131.99,131.99,4,8
61,2020-01-27,27,8,2,2,71.99,143.98,4,5
62,2020-01-08,25,15,2,3,84.99,254.97,1,5
63,2020-01-08,22,3,2,2,80.8,161.6,4,5
64,2020-01-06,24,13,2,3,51.99,155.97,4,5
65,2020-01-30,22,6,2,2,26.99,53.98,4,8
66,2020-01-21,23,5,2,4,20.99,83.96,4,7
67,2020-01-26,18,2,2,3,54.52,163.56,2,8
68,2020-01-27,14,9,2,2,176.73,353.46,4,7
69,2020-01-24,21,10,2,2,65.78,131.56,4,7
70,2020-01-27,9,16,2,4,20.99,83.96,4,7
71,2020-01-08,19,16,3,3,13.38,40.14,4,11
72,2020-01-16,26,5,3,1,26.61,26.61,4,10
73,2020-01-01,7,10,3,1,45.26,45.26,4,9
74,2020-01-16,16,14,3,3,111.99,335.97,4,10
75,2020-01-10,12,15,3,2,49.63,99.26,4,10
76,2020-01-12,9,16,3,1,8.99,8.99,4,10
77,2020-01-18,23,20,3,1,33.99,33.99,4,9
78,2020-01-25,10,10,3,3,39.99,119.97,4,9
79,2020-01-23,9,10,3,5,51.13,255.65,4,9
80,2020-01-28,4,16,3,2,15.51,31.02,4,9
81,2020-01-02,28,5,3,1,10.31,10.31,4,10
82,2020-01-22,5,2,3,5,54.99,274.95,4,11
83,2020-01-14,26,13,3,1,80.81,80.81,4,11
84,2020-01-28,14,13,3,2,43.82,87.64,1,10
85,2020-01-21,22,5,3,1,11.99,11.99,2,9
86,2020-01-23,10,13,3,1,95.56,95.56,4,9
87,2020-01-22,9,5,3,2,24.99,49.98,4,11
88,2020-01-08,30,15,3,3,32.99,98.97,4,10
89,2020-01-24,30,17,3,2,34.99,69.98,4,10
90,2020-01-09,16,10,3,1,30.59,30.59,4,10
91,2020-01-09,8,2,3,3,95.02,285.06,4,11
92,2020-01-22,19,17,3,3,25.31,75.93,4,9
93,2020-01-09,19,4,3,2,196.99,393.98,4,10
94,2020-01-11,4,6,3,1,26.99,26.99,4,9
95,2020-01-27,2,16,3,1,11.99,11.99,4,10
96,2020-01-28,1,10,3,4,46.99,187.96,4,11
97,2020-01-20,21,16,3,3,11.26,33.78,4,10
98,2020-01-15,16,18,3,1,14.56,14.56,4,9
99,2020-01-10,18,11,3,1,596.29,596.29,4,10
100,2020-01-04,5,15,3,4,46.51,186.04,4,10
101,2020-01-16,8,20,3,2,24.74,49.48,4,10
102,2020-01-29,3,3,3,3,143.99,431.97,4,10
103,2020-01-09,10,17,4,1,40.13,40.13,4,14
104,2020-01-05,16,8,4,1,72.99,72.99,4,13
105,2020-01-28,23,4,4,2,145.71,291.42,3,12
106,2020-01-16,26,16,4,2,18.62,37.24,4,13
107,2020-01-16,5,20,4,5,22.99,114.95,4,14
108,2020-01-04,15,10,4,3,45.4,136.2,4,12
109,2020-01-16,9,17,4,2,32.99,65.98,4,13
110,2020-01-22,13,18,4,2,17.65,35.3,4,13
111,2020-01-20,21,2,4,4,128.79,515.16,4,14
112,2020-01-04,23,16,4,2,19.1,38.2,1,12
113,2020-01-10,14,7,4,1,94.33,94.33,4,12
114,2020-01-06,28,2,4,2,68.27,136.54,4,13
115,2020-01-15,15,14,4,3,233.84,701.52,4,13
116,2020-01-18,15,4,4,5,158.83,794.15,4,13
117,2020-01-15,7,18,4,4,7.99,31.96,4,13
118,2020-01-10,10,20,4,5,31.99,159.95,4,12
119,2020-01-22,2,17,4,3,48.98,146.94,4,14
120,2020-01-08,12,13,4,2,88.67,177.34,4,12
121,2020-01-22,5,15,4,1,65.99,65.99,4,14
122,2020-01-02,24,13,4,1,62.61,62.61,4,12
123,2020-01-05,29,17,4,2,51.89,103.78,4,13
124,2020-01-27,26,19,4,3,21.99,65.97,4,13
125,2020-01-05,8,16,4,3,23.68,71.04,4,14
126,2020-01-12,13,3,4,1,70.99,70.99,4,12
127,2020-01-09,27,13,4,5,46.99,234.95,3,14
128,2020-01-11,8,19,4,1,34.6,34.6,4,14
129,2020-01-14,2,3,4,1,107.99,107.99,4,12
130,2020-01-05,12,7,4,5,125.61,628.05,4,14
131,2020-01-24,14,4,4,1,196.87,196.87,4,14
132,2020-01-02,7,15,4,2,42.99,85.98,4,13
133,2020-01-12,21,10,4,1,40.04,40.04,4,13
134,2020-01-27,22,9,4,2,145.99,291.98,4,12
135,2020-01-08,26,20,4,1,37.23,37.23,4,14
136,2020-01-27,11,18,5,3,13.99,41.97,4,15
137,2020-01-05,26,10,5,1,62.99,62.99,4,15
138,2020-01-26,11,5,5,1,10.05,10.05,4,15
139,2020-01-24,15,2,5,2,57.72,115.44,4,16
140,2020-01-02,30,16,5,2,15.33,30.66,2,17
141,2020-01-28,22,8,5,2,82.99,165.98,3,15
142,2020-01-05,9,2,5,2,91.99,183.98,4,17
143,2020-01-17,17,6,5,2,28.99,57.98,4,17
144,2020-01-29,24,16,5,2,22.21,44.42,4,15
145,2020-01-13,4,8,5,2,66.99,133.98,4,16
146,2020-01-30,3,9,5,1,81.55,81.55,4,15
147,2020-01-18,18,2,5,1,57.99,57.99,4,17
148,2020-01-25,30,8,5,1,42.99,42.99,3,17
149,2020-01-07,16,4,5,4,169.02,676.08,4,15
150,2020-01-09,26,12,5,4,886.27,3545.08,4,16
151,2020-01-21,20,11,5,3,341.99,1025.97,4,17
152,2020-01-10,12,19,5,1,17.58,17.58,3,15
153,2020-01-21,3,20,5,2,24.53,49.06,4,17
154,2020-01-10,25,16,5,2,21.99,43.98,4,17
155,2020-01-02,9,15,5,3,58.14,174.42,4,16
156,2020-01-25,12,10,5,1,56.13,56.13,4,16
157,2020-01-10,13,2,5,1,65.35,65.35,4,17
158,2020-01-25,11,5,5,1,22.99,22.99,4,15
159,2020-01-23,18,5,6,3,10.44,31.32,1,20
160,2020-01-15,28,19,6,2,28.33,56.66,4,19
161,2020-01-04,11,8,6,3,64.56,193.68,4,18
162,2020-01-03,4,8,6,2,49.99,99.98,4,18
163,2020-01-24,11,6,6,1,25.46,25.46,4,18
164,2020-01-25,24,7,6,3,73.99,221.97,4,20
165,2020-01-20,25,4,6,1,289.26,289.26,4,20
166,2020-01-19,15,16,6,4,17.03,68.12,4,20
167,2020-01-28,11,20,6,2,27.13,54.26,4,18
168,2020-01-19,17,2,6,1,84.99,84.99,4,18
169,2020-01-03,28,14,6,2,175.06,350.12,4,18
170,2020-01-26,2,16,6,4,16.99,67.96,4,19
171,2020-01-17,2,4,6,1,277.99,277.99,4,19
172,2020-01-17,2,14,6,3,247.65,742.95,4,18
173,2020-01-12,10,7,6,2,86.22,172.44,4,19
174,2020-01-21,11,6,6,2,18.99,37.98,4,18
175,2020-01-31,28,19,6,1,27.99,27.99,4,18
176,2020-01-31,22,15,6,1,70.99,70.99,4,19
177,2020-01-21,27,17,6,3,48.84,146.52,4,18
178,2020-01-17,22,3,6,2,59.99,119.98,4,19
179,2020-01-11,16,19,6,1,16.99,16.99,4,18
180,2020-01-04,18,10,6,4,29.99,119.96,4,20
181,2020-01-05,5,13,6,1,94.43,94.43,4,18
182,2020-01-24,14,8,7,3,40.2,120.6,4,22
183,2020-01-24,8,17,7,1,53.76,53.76,4,23
184,2020-01-07,19,7,7,2,78.99,157.98,4,22
185,2020-01-31,7,4,7,1,149.0,149.0,4,23
186,2020-01-18,23,19,7,4,21.13,84.52,4,23
187,2020-01-29,27,10,7,1,65.42,65.42,4,22
188,2020-01-30,2,2,7,2,67.86,135.72,4,22
189,2020-01-01,4,6,7,2,28.99,57.98,4,23
190,2020-01-27,27,9,7,3,129.98,389.94,4,21
191,2020-01-01,27,5,7,2,23.54,47.08,4,21
192,2020-01-10,4,5,7,1,21.78,21.78,2,21
193,2020-01-20,21,10,7,2,56.99,113.98,2,23
194,2020-01-08,6,12,7,3,659.99,1979.97,4,23
195,2020-01-18,17,10,7,1,62.99,62.99,4,23
196,2020-01-12,1,5,7,3,15.9,47.7,4,22
197,2020-01-25,25,13,7,1,66.99,66.99,4,22
198,2020-01-27,15,17,7,2,24.99,49.98,4,23
199,2020-01-31,10,9,7,1,93.99,93.99,4,21
200,2020-01-17,27,8,7,2,27.34,54.68,4,23
201,2020-01-28,28,17,7,1,22.99,22.99,4,23
202,2020-01-24,13,8,7,5,56.76,283.8,4,22
203,2020-01-17,3,5,7,2,17.61,35.22,4,23
204,2020-01-10,3,6,7,3,16.97,50.91,4,22
205,2020-01-23,15,8,7,3,83.34,250.02,4,21
206,2020-01-21,2,20,7,3,25.37,76.11,4,21
207,2020-01-06,5,20,7,3,25.99,77.97,4,23
208,2020-01-21,13,7,7,1,65.88,65.88,4,23
209,2020-01-15,19,16,7,2,14.37,28.74,4,21
210,2020-01-04,6,2,8,2,121.99,243.98,4,25
211,2020-01-23,20,8,8,3,87.99,263.97,4,25
212,2020-01-03,29,9,8,5,174.37,871.85,4,25
213,2020-01-22,3,7,8,4,142.65,570.6,4,25
214,2020-01-21,12,4,8,1,138.99,138.99,4,24
215,2020-01-01,19,7,8,2,156.99,313.98,4,25
216,2020-01-03,23,6,8,2,29.0,58.0,2,25
217,2020-01-21,15,2,8,1,115.32,115.32,4,25
218,2020-01-25,14,20,8,3,27.99,83.97,4,24
219,2020-01-30,12,16,8,4,12.01,48.04,4,25
220,2020-01-05,20,14,8,2,124.3,248.6,4,24
221,2020-01-22,29,14,8,4,183.54,734.16,1,25
222,2020-01-31,19,14,8,2,214.04,428.08,4,25
223,2020-01-16,18,18,8,2,9.99,19.98,4,25
224,2020-01-13,3,6,8,1,19.81,19.81,4,24
225,2020-01-05,23,6,8,3,31.38,94.14,4,25
226,2020-01-12,4,10,8,1,33.9,33.9,4,25
227,2020-01-02,13,6,8,1,30.99,30.99,4,25
228,2020-01-19,7,16,8,2,16.24,32.48,4,24
229,2020-01-01,13,3,8,5,79.99,399.95,2,25
230,2020-01-20,21,18,8,1,7.0,7.0,4,25
231,2020-01-09,25,16,8,1,14.41,14.41,4,25
232,2020-01-18,13,6,8,3,16.27,48.81,4,25
233,2020-01-04,4,3,9,1,157.68,157.68,4,27
234,2020-01-05,17,5,9,2,9.0,18.0,4,27
235,2020-01-16,5,10,9,4,34.59,138.36,4,28
236,2020-01-13,24,20,9,2,28.2,56.4,4,27
237,2020-01-19,27,6,9,1,26.52,26.52,4,26
238,2020-01-26,28,19,9,2,27.99,55.98,4,28
239,2020-01-25,8,13,9,1,77.44,77.44,4,28
240,2020-01-25,5,18,9,1,13.87,13.87,4,28
241,2020-01-15,5,6,9,3,19.67,59.01,4,27
242,2020-01-28,24,18,9,3,13.22,39.66,4,26
243,2020-01-16,11,10,9,2,50.33,100.66,4,26
244,2020-01-28,21,16,9,1,15.75,15.75,4,28
245,2020-01-10,10,5,9,3,22.8,68.4,4,27
246,2020-01-18,26,19,9,1,17.05,17.05,4,28
247,2020-01-13,25,17,9,1,29.35,29.35,4,26
248,2020-01-15,24,15,9,1,77.99,77.99,4,27
249,2020-01-09,20,3,9,2,83.25,166.5,4,28
250,2020-01-21,4,5,9,1,18.45,18.45,4,27
251,2020-01-31,30,11,9,2,576.26,1152.52,4,26
252,2020-01-07,10,16,9,1,8.95,8.95,4,27
253,2020-01-08,24,10,9,4,36.0,144.0,4,26
254,2020-01-30,27,2,9,3,63.9,191.7,4,27
255,2020-01-10,1,18,9,2,8.29,16.58,4,27
256,2020-01-21,16,10,9,4,46.99,187.96,4,26
257,2020-01-06,21,16,9,3,8.0,24.0,4,27
258,2020-01-22,6,16,9,4,22.35,89.4,4,28
259,2020-01-03,4,8,9,5,55.56,277.8,2,26
260,2020-01-08,9,8,10,1,70.99,70.99,4,30
261,2020-01-23,22,5,10,2,12.19,24.38,4,29
262,2020-01-29,10,16,10,1,21.99,21.99,4,31
263,2020-01-08,16,20,10,2,40.99,81.98,4,29
264,2020-01-30,18,9,10,3,168.04,504.12,4,31
265,2020-01-26,15,3,10,3,66.81,200.43,3,31
266,2020-01-29,19,10,10,1,42.12,42.12,4,31
267,2020-01-07,16,16,10,4,14.99,59.96,4,29
268,2020-01-14,2,9,10,2,173.9,347.8,4,31
269,2020-01-27,7,1,10,1,1053.22,1053.22,4,31
270,2020-01-02,3,19,10,1,24.22,24.22,4,30
271,2020-01-24,14,14,10,5,156.37,781.85,4,30
272,2020-01-13,22,2,10,1,116.99,116.99,4,31
273,2020-01-13,24,10,10,3,59.25,177.75,4,29
274,2020-01-24,18,10,10,3,37.99,113.97,4,30
275,2020-01-30,25,18,10,1,14.92,14.92,4,29
276,2020-01-29,7,1,10,1,819.15,819.15,4,29
277,2020-01-02,2,5,10,2,19.8,39.6,4,30
278,2020-01-05,10,10,10,3,57.99,173.97,4,29
279,2020-01-22,8,17,10,4,54.49,217.96,4,30
280,2020-01-09,19,2,10,4,99.08,396.32,4,31
281,2020-01-12,22,19,10,3,21.97,65.91,4,30
282,2020-01-13,18,4,10,1,144.07,144.07,4,30
283,2020-01-15,18,19,10,5,26.99,134.95,4,30
284,2020-01-07,3,6,10,4,11.4,45.6,4,30
285,2020-01-09,20,7,10,1,57.01,57.01,4,31
286,2020-01-22,16,11,11,4,365.54,1462.16,1,32
287,2020-01-31,24,16,11,4,19.13,76.52,4,33
288,2020-01-08,25,11,11,2,434.99,869.98,4,33
289,2020-01-17,15,18,11,3,15.67,47.01,4,32
290,2020-01-07,14,7,11,2,72.99,145.98,4,32
291,2020-01-30,24,13,11,1,53.99,53.99,4,33
292,2020-01-08,21,10,11,1,61.86,61.86,4,33
293,2020-01-16,24,9,11,1,162.64,162.64,4,33
294,2020-01-18,2,20,11,3,16.08,48.24,1,32
295,2020-01-14,21,3,11,1,73.99,73.99,4,32
296,2020-01-02,22,13,11,2,40.26,80.52,4,33
297,2020-01-01,9,10,11,1,61.53,61.53,4,33
298,2020-01-30,30,4,11,2,147.19,294.38,4,32
299,2020-01-12,13,5,11,1,17.12,17.12,4,32
300,2020-01-08,27,6,11,2,31.31,62.62,2,32
301,2020-01-13,2,11,11,3,277.94,833.82,4,32
302,2020-01-11,28,12,11,4,857.99,3431.96,4,32
303,2020-01-23,16,18,11,1,7.89,7.89,4,33
304,2020-01-19,6,15,11,1,40.99,40.99,4,33
305,2020-01-27,3,8,11,1,40.39,40.39,4,33
306,2020-01-29,13,10,12,3,55.99,167.97,4,34
307,2020-01-12,14,2,12,3,76.25,228.75,4,34
308,2020-01-13,11,20,12,2,35.94,71.88,4,34
309,2020-01-18,14,19,12,3,29.99,89.97,4,34
310,2020-01-26,3,5,12,1,16.6,16.6,4,34
311,2020-01-13,4,6,12,1,16.99,16.99,4,34
312,2020-01-05,14,3,12,2,109.99,219.98,3,35
313,2020-01-03,26,13,12,4,39.99,159.96,4,35
314,2020-01-24,29,19,12,2,17.99,35.98,4,34
315,2020-01-10,5,5,12,1,13.99,13.99,4,34
316,2020-01-12,8,5,12,2,11.99,23.98,4,35
317,2020-01-31,27,8,12,3,45.99,137.97,4,35
318,2020-01-28,20,15,12,1,65.19,65.19,4,34
319,2020-01-06,11,20,12,3,31.72,95.16,4,35
320,2020-01-11,27,7,12,1,150.99,150.99,4,35
321,2020-01-06,18,15,12,5,56.7,283.5,4,34
322,2020-01-10,3,18,12,3,7.99,23.97,4,35
323,2020-01-05,26,16,13,1,23.85,23.85,4,37
324,2020-01-17,28,19,13,2,14.92,29.84,4,38
325,2020-01-26,21,10,13,1,38.93,38.93,4,36
326,2020-01-20,21,2,13,2,125.99,251.98,4,38
327,2020-01-04,9,1,13,2,1110.28,2220.56,4,36
328,2020-01-15,15,7,13,2,103.99,207.98,1,38
329,2020-01-10,3,8,13,3,70.99,212.97,4,36
330,2020-01-26,16,5,13,2,17.76,35.52,4,37
331,2020-01-10,23,2,13,1,75.99,75.99,4,36
332,2020-01-30,8,20,13,1,18.48,18.48,4,38
333,2020-01-08,21,17,13,1,41.99,41.99,4,36
334,2020-01-29,19,5,13,2,22.99,45.98,4,37
335,2020-01-26,19,17,13,3,37.99,113.97,4,36
336,2020-01-04,28,5,13,2,21.78,43.56,4,37
337,2020-01-19,12,3,13,2,140.37,280.74,4,37
338,2020-01-20,22,13,13,1,57.99,57.99,4,36
339,2020-01-05,14,10,13,1,43.99,43.99,4,38
340,2020-01-23,30,19,13,2,25.99,51.98,4,36
341,2020-01-15,28,14,13,5,170.99,854.95,4,37
342,2020-01-18,16,10,13,3,45.63,136.89,4,37
343,2020-01-03,26,12,13,1,536.43,536.43,4,36
344,2020-01-15,25,12,13,2,454.99,909.98,4,37
345,2020-01-27,18,20,13,3,25.99,77.97,4,36
346,2020-01-24,25,18,13,1,18.99,18.99,4,36
347,2020-01-27,28,3,13,3,82.69,248.07,4,36
348,2020-01-12,20,18,13,2,14.39,28.78,4,38
349,2020-01-26,12,2,13,1,91.99,91.99,4,38
350,2020-01-10,28,12,13,5,737.99,3689.95,4,38
351,2020-01-26,2,8,13,4,33.12,132.48,4,37
352,2020-01-23,8,6,14,2,23.99,47.98,4,40
353,2020-01-15,26,2,14,2,108.98,217.96,4,39
354,2020-01-15,11,20,14,4,36.99,147.96,4,39
355,2020-01-21,12,15,14,3,52.86,158.58,4,39
356,2020-01-16,27,5,14,1,20.56,20.56,4,40
357,2020-01-11,25,19,14,1,29.65,29.65,1,39
358,2020-01-15,14,9,14,5,187.22,936.1,4,39
359,2020-01-28,9,19,14,2,19.99,39.98,4,39
360,2020-01-06,21,2,14,3,109.42,328.26,1,40
361,2020-01-01,3,5,14,2,19.39,38.78,2,39
362,2020-01-27,28,3,14,3,105.99,317.97,1,40
363,2020-01-04,29,6,14,1,29.11,29.11,4,40
364,2020-01-22,17,3,14,2,74.99,149.98,4,39
365,2020-01-24,14,4,14,4,115.99,463.96,4,40
366,2020-01-19,12,16,14,1,9.99,9.99,3,40
367,2020-01-20,20,13,15,3,94.24,282.72,4,42
368,2020-01-10,20,5,15,3,13.99,41.97,4,41
369,2020-01-31,13,5,15,1,20.99,20.99,4,41
370,2020-01-01,30,20,15,1,38.1,38.1,4,42
371,2020-01-22,16,4,15,1,111.99,111.99,1,41
372,2020-01-31,17,17,15,2,37.04,74.08,4,42
373,2020-01-03,18,14,15,1,145.49,145.49,4,41
374,2020-01-26,11,4,15,2,251.64,503.28,4,42
375,2020-01-10,24,16,15,1,9.38,9.38,4,41
376,2020-01-20,22,2,15,1,105.63,105.63,4,41
377,2020-01-31,17,7,15,1,62.96,62.96,4,42
378,2020-01-29,29,3,15,1,101.93,101.93,4,41
379,2020-01-19,16,14,15,2,107.32,214.64,4,42
380,2020-01-06,4,5,15,1,18.99,18.99,4,41
381,2020-02-08,12,2,1,4,63.32,253.28,3,4
382,2020-02-24,8,15,1,1,82.99,82.99,4,3
383,2020-02-19,17,7,1,1,137.48,137.48,4,1
384,2020-02-03,28,18,1,3,9.99,29.97,4,3
385,2020-02-12,19,5,1,3,12.99,38.97,4,3
386,2020-02-25,24,17,1,1,51.99,51.99,4,2
387,2020-02-21,29,18,1,5,7.02,35.1,4,1
388,2020-02-24,7,6,1,2,33.99,67.98,4,2
389,2020-02-09,30,3,1,4,110.98,443.92,4,2
390,2020-02-24,4,3,1,2,98.44,196.88,3,2
391,2020-02-05,9,5,1,4,16.86,67.44,4,3
392,2020-02-15,3,5,2,1,23.99,23.99,2,6
393,2020-02-15,4,6,2,5,13.99,69.95,4,7
394,2020-02-04,26,3,2,3,127.99,383.97,4,7
395,2020-02-11,23,4,2,5,177.99,889.95,4,6
396,2020-02-27,1,20,2,4,29.57,118.28,1,8
397,2020-02-26,4,17,2,1,46.99,46.99,4,5
398,2020-02-13,21,7,2,2,77.47,154.94,1,5
399,2020-02-07,15,19,2,1,35.18,35.18,4,6
400,2020-02-15,30,2,2,3,79.99,239.97,4,8
401,2020-02-06,30,7,3,1,97.99,97.99,4,9
402,2020-02-20,10,5,3,2,19.99,39.98,4,10
403,2020-02-05,21,8,3,1,88.62,88.62,2,11
404,2020-02-26,16,16,3,3,13.5,40.5,4,11
405,2020-02-09,11,4,3,1,278.15,278.15,2,11
406,2020-02-17,19,7,3,5,60.01,300.05,4,9
407,2020-02-27,24,17,3,3,53.12,159.36,4,9
408,2020-02-13,27,7,3,1,114.18,114.18,4,9
409,2020-02-19,23,2,3,5,94.09,470.45,4,10
410,2020-02-26,16,18,3,1,11.99,11.99,4,11
411,2020-02-08,16,1,4,1,1167.48,1167.48,4,12
412,2020-02-06,28,19,4,1,17.69,17.69,4,13
413,2020-02-04,28,18,4,5,11.48,57.4,4,13
414,2020-02-04,11,6,4,5,28.04,140.2,4,12
415,2020-02-16,6,15,4,5,70.61,353.05,4,14
416,2020-02-08,27,15,4,1,72.99,72.99,4,12
417,2020-02-01,19,19,4,4,33.27,133.08,4,13
418,2020-02-11,20,19,4,2,16.6,33.2,4,12
419,2020-02-03,11,5,5,2,28.26,56.52,4,15
420,2020-02-24,15,18,5,1,8.99,8.99,4,15
421,2020-02-04,2,16,5,2,13.99,27.98,4,16
422,2020-02-29,18,7,5,1,101.74,101.74,4,16
423,2020-02-22,15,5,5,3,9.0,27.0,4,15
424,2020-02-04,6,2,5,1,55.0,55.0,4,16
425,2020-02-11,20,13,6,3,73.51,220.53,4,19
426,2020-02-14,4,4,6,1,137.0,137.0,4,19
427,2020-02-24,22,10,6,1,31.99,31.99,4,19
428,2020-02-16,12,4,6,2,157.91,315.82,4,18
429,2020-02-07,7,3,6,2,156.71,313.42,4,18
430,2020-02-26,16,8,6,1,65.99,65.99,4,20
431,2020-02-13,15,7,6,1,99.99,99.99,4,18
432,2020-02-02,23,4,6,1,232.63,232.63,4,20
433,2020-02-25,18,13,6,4,104.47,417.88,4,18
434,2020-02-28,19,19,6,2,15.97,31.94,4,18
435,2020-02-17,17,12,7,3,708.99,2126.97,4,23
436,2020-02-06,6,19,7,3,17.15,51.45,4,21
437,2020-02-14,27,5,7,1,19.99,19.99,4,23
438,2020-02-26,13,2,7,2,74.99,149.98,4,23
439,2020-02-28,23,1,7,2,1267.99,2535.98,4,23
440,2020-02-19,25,13,7,4,83.99,335.96,4,21
441,2020-02-18,29,18,7,1,14.86,14.86,4,22
442,2020-02-06,5,6,8,1,31.99,31.99,4,25
443,2020-02-24,9,9,8,1,174.99,174.99,4,25
444,2020-02-16,22,18,8,5,8.99,44.95,4,24
445,2020-02-25,9,18,8,2,8.07,16.14,4,25
446,2020-02-14,25,16,8,3,15.99,47.97,4,25
447,2020-02-17,25,8,8,1,80.99,80.99,1,24
448,2020-02-15,12,2,8,1,114.88,114.88,4,24
449,2020-02-04,8,15,9,2,55.77,111.54,4,27
450,2020-02-18,6,7,9,3,123.99,371.97,4,27
451,2020-02-06,25,18,9,4,14.77,59.08,4,26
452,2020-02-14,28,10,9,1,65.46,65.46,4,28
453,2020-02-01,20,5,9,3,22.99,68.97,4,27
454,2020-02-28,9,7,9,2,123.49,246.98,4,26
455,2020-02-04,22,1,9,2,1154.99,2309.98,4,27
456,2020-02-16,9,2,9,1,71.15,71.15,4,28
457,2020-02-21,5,6,10,3,32.39,97.17,4,31
458,2020-02-20,11,8,10,1,26.63,26.63,4,31
459,2020-02-14,24,8,10,2,88.66,177.32,4,29
460,2020-02-23,18,5,10,3,27.13,81.39,4,31
461,2020-02-28,22,4,10,1,117.99,117.99,4,31
462,2020-02-26,30,11,10,5,563.86,2819.3,4,29
463,2020-02-08,10,16,10,3,12.99,38.97,4,30
464,2020-02-28,2,3,10,2,152.99,305.98,4,31
465,2020-02-17,22,3,11,2,100.31,200.62,4,33
466,2020-02-07,19,6,11,1,30.99,30.99,2,33
467,2020-02-21,11,20,11,1,21.66,21.66,4,32
468,2020-02-25,26,4,11,1,185.74,185.74,4,32
469,2020-02-16,2,7,11,3,153.51,460.53,4,32
470,2020-02-17,22,4,11,2,148.76,297.52,4,32
471,2020-02-05,17,3,11,1,140.99,140.99,4,33
472,2020-02-24,17,10,12,2,55.99,111.98,4,35
473,2020-02-16,7,7,12,5,150.0,750.0,4,34
474,2020-02-24,7,20,12,2,17.99,35.98,4,34
475,2020-02-02,21,7,12,3,117.54,352.62,1,35
476,2020-02-21,2,18,12,2,11.56,23.12,4,34
477,2020-02-05,22,5,13,1,16.99,16.99,4,38
478,2020-02-20,5,13,13,3,47.39,142.17,4,37
479,2020-02-04,16,17,13,2,47.01,94.02,4,36
480,2020-02-12,10,16,13,1,14.99,14.99,4,36
481,2020-02-11,1,5,13,1,11.21,11.21,4,38
482,2020-02-03,3,17,13,3,51.57,154.71,4,38
483,2020-02-10,2,5,13,3,26.48,79.44,4,36
484,2020-02-22,24,6,13,1,27.99,27.99,4,36
485,2020-02-22,11,15,13,4,85.99,343.96,4,37
486,2020-02-12,6,17,13,2,52.99,105.98,4,36
487,2020-02-28,14,9,14,1,158.99,158.99,4,39
488,2020-02-06,30,3,14,3,125.99,377.97,4,40
489,2020-02-12,28,13,14,2,78.05,156.1,4,39
490,2020-02-03,11,5,14,3,22.56,67.68,4,39
491,2020-02-19,22,5,14,2,22.76,45.52,4,40
492,2020-02-24,12,5,14,1,25.53,25.53,4,40
493,2020-02-01,6,14,15,4,228.99,915.96,4,42
494,2020-02-08,9,6,15,2,22.99,45.98,4,41
495,2020-02-03,26,9,15,1,132.99,132.99,4,42
496,2020-02-24,4,15,15,2,61.99,123.98,3,42
497,2020-02-20,29,14,15,2,166.99,333.98,4,41
498,2020-02-27,15,5,15,2,21.4,42.8,4,42
499,2020-03-23,4,9,1,1,115.17,115.17,4,2
500,2020-03-18,23,10,1,1,34.99,34.99,4,1
501,2020-03-24,9,8,1,1,83.99,83.99,4,2
502,2020-03-26,11,4,1,3,108.3,324.9,4,1
503,2020-03-04,15,16,2,2,22.99,45.98,4,8
504,2020-03-17,18,16,2,3,15.73,47.19,4,8
505,2020-03-06,6,15,2,1,68.45,68.45,4,6
506,2020-03-29,20,7,2,1,155.0,155.0,4,6
507,2020-03-05,20,3,2,4,112.99,451.96,4,7
508,2020-03-18,7,14,3,2,141.99,283.98,4,9
509,2020-03-23,6,15,3,2,67.21,134.42,4,11
510,2020-03-18,19,9,3,3,156.65,469.95,4,11
511,2020-03-29,26,18,4,2,7.0,14.0,4,12
512,2020-03-07,26,5,4,5,21.99,109.95,2,12
513,2020-03-07,2,16,4,3,9.64,28.92,4,13
514,2020-03-28,21,5,5,2,19.22,38.44,4,17
515,2020-03-23,30,15,5,2,86.4,172.8,4,16
516,2020-03-18,24,2,5,1,118.51,118.51,4,16
517,2020-03-08,23,19,6,2,32.88,65.76,4,20
518,2020-03-25,7,16,6,2,22.99,45.98,4,19
519,2020-03-24,13,10,7,2,50.99,101.98,4,21
520,2020-03-09,15,1,7,4,822.96,3291.84,4,23
521,2020-03-25,20,19,7,1,33.75,33.75,3,23
522,2020-03-11,6,10,8,3,35.37,106.11,4,24
523,2020-03-12,7,5,9,1,15.99,15.99,4,28
524,2020-03-17,18,9,9,1,155.96,155.96,4,28
525,2020-03-20,8,19,9,3,22.02,66.06,4,26
526,2020-03-13,24,5,10,1,19.34,19.34,4,30
527,2020-03-17,2,8,10,4,37.32,149.28,4,30
528,2020-03-06,25,20,10,2,30.99,61.98,4,31
529,2020-03-07,14,18,11,1,16.94,16.94,4,32
530,2020-03-14,3,14,11,1,205.99,205.99,1,32
531,2020-03-26,3,5,11,4,17.15,68.6,4,32
532,2020-03-11,22,1,12,2,1183.85,2367.7,4,34
533,2020-03-19,28,2,12,1,88.99,88.99,4,34
534,2020-03-20,25,3,13,2,140.99,281.98,4,37
535,2020-03-08,13,3,13,1,121.99,121.99,4,38
536,2020-03-31,24,17,13,1,53.18,53.18,4,38
537,2020-03-04,19,2,14,2,123.99,247.98,4,40
538,2020-03-29,7,16,14,4,20.99,83.96,4,40
539,2020-03-20,7,18,15,1,16.6,16.6,4,41
540,2020-03-30,18,20,15,2,16.05,32.1,4,42
541,2020-04-07,16,16,1,1,17.99,17.99,4,3
542,2020-04-03,11,19,2,2,28.99,57.98,4,8
543,2020-04-19,26,12,3,5,482.99,2414.95,4,10
544,2020-04-23,14,16,3,4,10.15,40.6,4,10
545,2020-04-15,25,8,4,2,31.97,63.94,2,13
546,2020-04-28,29,18,5,1,15.8,15.8,4,17
547,2020-04-29,17,1,6,1,1148.13,1148.13,4,20
548,2020-04-30,9,2,7,4,92.17,368.68,4,23
549,2020-04-13,25,5,8,1,18.99,18.99,4,25
550,2020-04-01,28,15,9,3,73.99,221.97,4,28
551,2020-04-19,22,19,10,3,25.99,77.97,4,29
552,2020-04-16,9,5,11,1,22.37,22.37,4,33
553,2020-04-13,15,9,12,1,152.99,152.99,4,34
554,2020-04-21,27,18,13,1,12.99,12.99,4,38
555,2020-04-12,29,13,14,2,69.11,138.22,4,39
556,2020-04-12,12,17,15,3,49.99,149.97,4,42
557,2020-05-15,3,4,1,1,135.99,135.99,4,3
558,2020-05-04,14,15,1,3,57.89,173.67,4,3
559,2020-05-06,14,15,1,1,36.67,36.67,4,1
560,2020-05-17,19,2,1,1,68.99,68.99,4,2
561,2020-05-20,21,20,1,4,34.38,137.52,4,1
562,2020-05-07,16,8,1,1,78.14,78.14,4,4
563,2020-05-27,20,16,1,1,18.97,18.97,4,3
564,2020-05-03,13,5,2,1,13.05,13.05,4,6
565,2020-05-14,20,18,2,1,17.82,17.82,4,5
566,2020-05-18,4,10,2,2,34.21,68.42,4,5
567,2020-05-29,22,19,2,2,22.99,45.98,4,8
568,2020-05-08,16,19,2,1,34.12,34.12,4,8
569,2020-05-19,5,3,2,2,82.25,164.5,4,7
570,2020-05-29,9,10,3,1,57.99,57.99,4,9
571,2020-05-17,21,1,3,3,987.99,2963.97,4,9
572,2020-05-21,9,13,3,2,67.99,135.98,4,11
573,2020-05-25,18,5,3,2,16.4,32.8,4,11
574,2020-05-10,25,13,3,2,50.05,100.1,4,11
575,2020-05-08,23,8,4,1,57.53,57.53,4,12
576,2020-05-20,23,16,4,1,22.99,22.99,1,12
577,2020-05-16,14,19,4,1,18.99,18.99,2,12
578,2020-05-30,20,20,4,2,33.92,67.84,4,14
579,2020-05-27,16,4,5,1,269.11,269.11,4,16
580,2020-05-07,20,2,5,2,66.99,133.98,1,17
581,2020-05-21,6,1,5,5,1265.99,6329.95,4,15
582,2020-05-19,1,5,5,3,27.38,82.14,4,17
583,2020-05-18,12,19,5,5,20.91,104.55,4,16
584,2020-05-30,1,8,6,1,57.4,57.4,4,19
585,2020-05-11,26,19,6,5,35.9,179.5,4,20
586,2020-05-23,13,8,6,2,39.99,79.98,4,20
587,2020-05-22,19,9,6,2,101.99,203.98,4,18
588,2020-05-08,8,15,6,2,50.19,100.38,4,19
589,2020-05-09,3,5,6,3,24.99,74.97,4,19
590,2020-05-16,7,6,7,1,33.63,33.63,4,23
591,2020-05-16,8,16,7,1,11.99,11.99,4,23
592,2020-05-27,5,13,7,1,45.28,45.28,4,21
593,2020-05-01,18,16,7,4,12.99,51.96,4,21
594,2020-05-29,28,19,8,2,38.61,77.22,4,25
595,2020-05-08,5,16,8,2,14.77,29.54,2,24
596,2020-05-13,25,18,8,2,8.44,16.88,4,24
597,2020-05-01,7,1,8,2,994.26,1988.52,4,25
598,2020-05-18,9,5,8,5,14.99,74.95,4,25
599,2020-05-14,12,16,9,4,11.99,47.96,4,27
600,2020-05-19,27,15,9,3,77.25,231.75,4,26
601,2020-05-07,24,3,9,2,59.97,119.94,4,26
602,2020-05-29,17,18,9,3,15.99,47.97,4,28
603,2020-05-19,4,2,9,1,65.99,65.99,4,28
604,2020-05-04,11,8,9,1,60.86,60.86,4,27
605,2020-05-01,12,8,10,5,37.73,188.65,4,31
606,2020-05-06,10,20,10,1,28.29,28.29,4,30
607,2020-05-03,10,7,10,2,63.99,127.98,4,30
608,2020-05-11,20,8,10,2,82.99,165.98,4,31
609,2020-05-11,10,6,11,2,19.28,38.56,4,33
610,2020-05-31,19,7,11,2,68.99,137.98,4,33
611,2020-05-22,24,5,11,1,15.99,15.99,4,32
612,2020-05-16,1,11,11,2,596.99,1193.98,4,33
613,2020-05-03,29,15,12,1,42.99,42.99,4,35
614,2020-05-05,6,10,12,1,43.27,43.27,4,34
615,2020-05-15,18,20,12,2,17.78,35.56,4,35
616,2020-05-19,21,13,12,2,89.99,179.98,4,35
617,2020-05-18,3,5,13,1,16.99,16.99,3,37
618,2020-05-27,5,16,13,1,16.56,16.56,4,37
619,2020-05-25,1,9,13,3,146.61,439.83,4,37
620,2020-05-07,18,8,13,2,35.45,70.9,4,37
621,2020-05-13,3,5,13,2,19.33,38.66,4,37
622,2020-05-23,10,15,14,2,79.99,159.98,4,40
623,2020-05-21,15,9,14,3,131.99,395.97,4,40
624,2020-05-18,4,1,14,1,1228.12,1228.12,4,40
625,2020-05-05,7,1,14,2,1270.44,2540.88,4,40
626,2020-05-23,11,17,14,4,52.99,211.96,4,39
627,2020-05-03,6,10,15,4,38.99,155.96,3,41
628,2020-05-08,15,7,15,3,52.69,158.07,4,41
629,2020-06-17,7,15,1,2,86.67,173.34,4,4
630,2020-06-24,30,2,1,1,99.99,99.99,4,1
631,2020-06-28,4,15,1,2,47.99,95.98,4,2
632,2020-06-04,8,8,1,5,62.19,310.95,4,1
633,2020-06-05,3,7,1,1,59.05,59.05,4,2
634,2020-06-25,2,14,1,2,204.2,408.4,4,3
635,2020-06-08,18,6,1,3,19.99,59.97,4,3
636,2020-06-12,9,16,1,2,14.99,29.98,4,1
637,2020-06-07,18,12,1,1,633.2,633.2,4,3
638,2020-06-28,3,11,1,2,535.8,1071.6,4,2
639,2020-06-25,13,14,1,4,190.99,763.96,4,2
640,2020-06-11,22,16,1,1,18.93,18.93,4,4
641,2020-06-10,21,6,1,1,21.99,21.99,4,3
642,2020-06-05,2,4,1,1,136.99,136.99,4,2
643,2020-06-13,17,15,1,1,42.24,42.24,1,3
644,2020-06-21,29,10,1,2,53.99,107.98,4,1
645,2020-06-29,12,8,1,3,41.99,125.97,2,1
646,2020-06-03,17,19,1,1,18.99,18.99,4,1
647,2020-06-22,21,5,1,2,20.16,40.32,4,2
648,2020-06-19,15,7,1,4,66.99,267.96,4,4
649,2020-06-11,18,15,1,4,83.15,332.6,4,4
650,2020-06-28,25,7,1,3,83.99,251.97,4,4
651,2020-06-13,30,16,1,1,15.24,15.24,1,3
652,2020-06-10,17,13,1,5,62.99,314.95,4,2
653,2020-06-28,25,6,1,4,22.29,89.16,4,3
654,2020-06-04,12,2,1,1,78.37,78.37,4,2
655,2020-06-26,19,6,1,2,13.99,27.98,4,4
656,2020-06-16,27,4,1,2,159.08,318.16,4,1
657,2020-06-03,30,17,1,1,48.42,48.42,4,3
658,2020-06-28,24,16,1,2,17.99,35.98,4,1
659,2020-06-11,5,10,1,2,36.99,73.98,4,3
660,2020-06-13,25,20,1,1,21.99,21.99,4,1
661,2020-06-03,24,9,1,2,102.99,205.98,4,1
662,2020-06-23,5,3,1,2,107.79,215.58,4,4
663,2020-06-20,17,20,1,1,21.46,21.46,4,2
664,2020-06-19,22,3,1,2,92.99,185.98,4,4
665,2020-06-01,6,16,2,2,23.84,47.68,4,7
666,2020-06-02,8,19,2,3,17.9,53.7,3,6
667,2020-06-02,20,5,2,4,24.99,99.96,4,6
668,2020-06-04,16,6,2,1,27.99,27.99,4,5
669,2020-06-25,16,5,2,3,21.99,65.97,4,6
670,2020-06-17,6,2,2,1,112.14,112.14,3,5
671,2020-06-01,22,2,2,3,121.99,365.97,2,7
672,2020-06-28,13,18,2,5,13.1,65.5,4,6
673,2020-06-16,18,18,2,1,13.01,13.01,4,5
674,2020-06-01,30,2,2,1,79.99,79.99,4,7
675,2020-06-12,10,7,2,5,155.99,779.95,2,6
676,2020-06-29,27,7,2,5,152.99,764.95,4,5
677,2020-06-13,3,15,2,2,69.68,139.36,4,8
678,2020-06-14,5,5,2,5,26.99,134.95,4,8
679,2020-06-07,19,15,2,4,47.54,190.16,4,6
680,2020-06-05,30,8,2,2,60.99,121.98,3,6
681,2020-06-24,11,3,2,3,135.54,406.62,4,6
682,2020-06-14,24,6,2,1,12.99,12.99,3,7
683,2020-06-20,19,5,2,2,12.99,25.98,2,6
684,2020-06-05,20,10,2,3,43.96,131.88,4,8
685,2020-06-05,8,4,2,2,292.76,585.52,4,5
686,2020-06-08,7,16,2,1,22.83,22.83,4,6
687,2020-06-16,28,15,2,4,54.65,218.6,4,8
688,2020-06-27,11,7,2,2,130.67,261.34,4,8
689,2020-06-29,2,16,2,2,20.99,41.98,4,5
690,2020-06-17,24,10,2,2,49.65,99.3,2,5
691,2020-06-15,10,8,2,2,52.04,104.08,3,7
692,2020-06-29,27,3,2,1,108.99,108.99,4,8
693,2020-06-29,5,16,2,2,14.99,29.98,4,8
694,2020-06-23,29,19,2,1,22.1,22.1,4,8
695,2020-06-06,4,16,2,1,14.99,14.99,4,5
696,2020-06-13,17,16,3,5,13.99,69.95,4,11
697,2020-06-30,28,6,3,4,12.99,51.96,4,11
698,2020-06-02,10,8,3,3,53.56,160.68,4,11
699,2020-06-05,1,20,3,3,14.34,43.02,4,11
700,2020-06-26,29,1,3,1,1152.32,1152.32,4,10
701,2020-06-03,1,13,3,4,61.25,245.0,4,9
702,2020-06-07,5,2,3,2,51.94,103.88,4,9
703,2020-06-27,11,13,3,1,71.99,71.99,4,9
704,2020-06-20,23,15,3,2,62.73,125.46,4,11
705,2020-06-12,3,19,3,1,36.44,36.44,4,10
706,2020-06-27,10,11,3,1,491.99,491.99,4,10
707,2020-06-17,7,5,3,1,20.43,20.43,4,11
708,2020-06-03,23,9,3,4,196.99,787.96,4,11
709,2020-06-11,19,5,3,1,11.59,11.59,4,11
710,2020-06-21,26,10,3,4,37.99,151.96,4,9
711,2020-06-04,21,1,3,3,923.4,2770.2,4,9
712,2020-06-02,18,6,3,1,25.66,25.66,4,11
713,2020-06-03,17,6,3,1,9.16,9.16,4,11
714,2020-06-24,1,12,3,1,815.91,815.91,4,9
715,2020-06-16,21,17,3,2,41.58,83.16,4,9
716,2020-06-11,27,9,3,4,76.28,305.12,4,10
717,2020-06-22,18,6,3,1,26.82,26.82,4,9
718,2020-06-12,5,2,3,4,75.99,303.96,4,10
719,2020-06-06,13,12,3,2,831.3,1662.6,4,9
720,2020-06-11,9,16,3,1,21.99,21.99,4,10
721,2020-06-10,10,5,3,1,24.7,24.7,4,9
722,2020-06-15,26,10,4,4,34.99,139.96,4,13
723,2020-06-28,25,10,4,1,63.87,63.87,4,13
724,2020-06-22,7,20,4,1,24.85,24.85,4,14
725,2020-06-10,22,19,4,4,22.33,89.32,3,14
726,2020-06-24,19,6,4,2,13.99,27.98,4,13
727,2020-06-18,15,6,4,1,11.99,11.99,3,14
728,2020-06-18,7,10,4,1,40.99,40.99,4,14
729,2020-06-10,6,12,4,1,845.12,845.12,1,12
730,2020-06-16,2,19,4,2,15.99,31.98,4,12
731,2020-06-29,27,13,4,3,87.99,263.97,4,14
732,2020-06-23,26,16,4,1,22.76,22.76,4,14
733,2020-06-03,30,17,4,2,35.4,70.8,4,14
734,2020-06-15,8,9,4,4,149.2,596.8,4,12
735,2020-06-23,11,19,4,2,14.76,29.52,4,13
736,2020-06-15,10,18,4,2,7.99,15.98,4,13
737,2020-06-26,18,3,4,1,89.21,89.21,4,14
738,2020-06-08,18,14,4,5,155.99,779.95,4,12
739,2020-06-19,14,8,4,3,58.99,176.97,4,14
740,2020-06-03,23,16,4,3,9.83,29.49,4,14
741,2020-06-04,6,17,4,5,20.99,104.95,4,13
742,2020-06-25,11,17,4,2,20.99,41.98,4,13
743,2020-06-19,21,19,4,3,30.52,91.56,4,12
744,2020-06-20,7,13,4,3,64.33,192.99,4,12
745,2020-06-10,30,19,4,3,36.88,110.64,4,13
746,2020-06-20,13,20,4,4,15.75,63.0,4,12
747,2020-06-01,27,16,5,1,11.99,11.99,4,16
748,2020-06-19,11,7,5,2,90.97,181.94,4,17
749,2020-06-16,18,3,5,4,95.03,380.12,4,16
750,2020-06-28,5,15,5,1,29.94,29.94,4,15
751,2020-06-14,5,20,5,1,36.57,36.57,4,15
752,2020-06-23,14,13,5,1,79.75,79.75,4,17
753,2020-06-12,14,5,5,1,18.96,18.96,4,17
754,2020-06-09,18,8,5,1,87.61,87.61,4,17
755,2020-06-04,23,13,5,1,97.5,97.5,4,15
756,2020-06-25,17,6,5,2,23.99,47.98,4,15
757,2020-06-22,3,20,5,2,35.99,71.98,2,17
758,2020-06-18,16,17,5,2,35.89,71.78,4,16
759,2020-06-26,6,6,5,3,23.99,71.97,4,15
760,2020-06-09,16,2,5,1,53.13,53.13,4,17
761,2020-06-20,16,2,5,1,55.15,55.15,4,15
762,2020-06-20,28,6,5,1,10.99,10.99,4,16
763,2020-06-05,12,15,6,1,71.05,71.05,4,18
764,2020-06-28,3,2,6,2,114.74,229.48,4,18
765,2020-06-14,8,16,6,2,17.99,35.98,4,20
766,2020-06-12,9,2,6,1,86.12,86.12,4,18
767,2020-06-25,8,19,6,3,22.99,68.97,4,19
768,2020-06-14,30,1,6,2,988.41,1976.82,4,19
769,2020-06-04,21,19,6,5,24.79,123.95,4,19
770,2020-06-11,26,5,6,1,20.68,20.68,4,18
771,2020-06-08,19,16,6,2,18.84,37.68,4,18
772,2020-06-01,27,15,6,1,33.99,33.99,4,18
773,2020-06-08,9,16,6,1,16.99,16.99,4,18
774,2020-06-29,20,18,6,1,17.99,17.99,4,20
775,2020-06-13,29,15,6,2,87.03,174.06,4,20
776,2020-06-09,22,6,6,2,31.99,63.98,4,18
777,2020-06-29,25,15,6,1,74.99,74.99,2,19
778,2020-06-11,9,20,6,1,15.94,15.94,4,19
779,2020-06-13,16,4,6,1,251.99,251.99,4,18
780,2020-06-30,9,8,6,1,29.51,29.51,4,18
781,2020-06-01,5,19,6,2,37.32,74.64,4,20
782,2020-06-23,13,6,6,1,27.4,27.4,4,20
783,2020-06-13,25,18,6,2,7.04,14.08,4,18
784,2020-06-16,18,3,6,1,88.99,88.99,4,19
785,2020-06-21,18,3,7,1,104.96,104.96,4,22
786,2020-06-06,13,11,7,1,492.56,492.56,4,23
787,2020-06-12,29,9,7,2,92.99,185.98,3,23
788,2020-06-08,3,9,7,2,133.96,267.92,4,23
789,2020-06-01,2,2,7,3,51.99,155.97,4,22
790,2020-06-22,22,10,7,1,52.17,52.17,1,23
791,2020-06-16,16,15,7,1,70.99,70.99,4,23
792,2020-06-02,27,19,7,2,18.27,36.54,4,21
793,2020-06-04,20,3,7,1,139.45,139.45,4,23
794,2020-06-24,11,15,7,5,62.99,314.95,4,21
795,2020-06-26,2,5,7,1,9.99,9.99,4,23
796,2020-06-06,18,16,7,2,21.99,43.98,3,21
797,2020-06-20,6,7,7,4,56.99,227.96,4,21
798,2020-06-23,29,15,7,2,77.44,154.88,4,22
799,2020-06-07,9,3,7,2,81.99,163.98,4,23
800,2020-06-20,16,4,7,5,224.44,1122.2,4,23
801,2020-06-01,7,11,7,5,590.88,2954.4,4,21
802,2020-06-18,15,10,7,2,39.99,79.98,4,23
803,2020-06-22,30,18,7,2,8.92,17.84,2,22
804,2020-06-10,9,5,7,2,26.8,53.6,1,22
805,2020-06-30,6,10,7,2,33.64,67.28,4,21
806,2020-06-19,14,13,7,3,109.99,329.97,4,21
807,2020-06-08,24,3,8,4,95.99,383.96,4,25
808,2020-06-16,14,2,8,1,96.99,96.99,4,24
809,2020-06-15,21,16,8,5,10.99,54.95,4,25
810,2020-06-02,4,6,8,2,12.99,25.98,4,25
811,2020-06-20,26,4,8,2,208.99,417.98,4,24
812,2020-06-17,7,9,8,3,105.29,315.87,4,25
813,2020-06-08,14,5,8,4,19.99,79.96,4,24
814,2020-06-01,2,8,8,5,71.94,359.7,4,24
815,2020-06-13,26,9,8,2,100.27,200.54,3,24
816,2020-06-14,5,19,8,1,29.99,29.99,4,25
817,2020-06-10,15,4,8,5,190.99,954.95,4,24
818,2020-06-06,12,17,8,3,19.05,57.15,4,25
819,2020-06-23,2,6,8,2,16.01,32.02,4,25
820,2020-06-26,22,5,8,2,15.71,31.42,4,24
821,2020-06-30,29,15,8,1,50.94,50.94,4,24
822,2020-06-06,23,15,8,2,74.99,149.98,4,24
823,2020-06-18,16,3,8,3,134.99,404.97,4,24
824,2020-06-17,9,15,8,1,49.71,49.71,4,24
825,2020-06-04,18,9,8,2,116.86,233.72,4,25
826,2020-06-29,29,2,8,1,79.99,79.99,4,25
827,2020-06-03,9,3,8,3,108.63,325.89,4,24
828,2020-06-21,14,1,8,2,1051.08,2102.16,1,24
829,2020-06-03,26,1,8,3,1109.99,3329.97,4,24
830,2020-06-21,11,14,9,2,203.53,407.06,4,27
831,2020-06-10,29,12,9,1,529.0,529.0,4,27
832,2020-06-25,5,18,9,1,18.47,18.47,4,27
833,2020-06-18,6,6,9,3,25.99,77.97,4,28
834,2020-06-02,19,20,9,2,23.99,47.98,4,26
835,2020-06-22,12,6,9,1,22.99,22.99,4,26
836,2020-06-30,30,1,9,3,1367.67,4103.01,4,27
837,2020-06-24,17,11,9,2,352.44,704.88,4,27
838,2020-06-25,19,20,9,1,29.83,29.83,4,28
839,2020-06-23,16,3,9,1,113.99,113.99,4,26
840,2020-06-27,12,5,9,1,20.99,20.99,4,26
841,2020-06-26,9,19,9,1,27.46,27.46,4,26
842,2020-06-03,13,20,9,2,30.89,61.78,3,26
843,2020-06-12,23,8,9,1,47.99,47.99,4,27
844,2020-06-15,3,18,9,3,12.33,36.99,4,26
845,2020-06-10,24,4,9,3,181.84,545.52,4,27
846,2020-06-05,16,5,9,5,10.32,51.6,4,28
847,2020-06-03,21,1,9,2,1132.49,2264.98,4,27
848,2020-06-05,27,5,9,1,18.81,18.81,4,27
849,2020-06-19,18,6,9,2,9.0,18.0,4,28
850,2020-06-21,16,18,9,2,17.71,35.42,4,26
851,2020-06-23,1,14,9,3,172.96,518.88,4,26
852,2020-06-12,19,13,9,4,89.24,356.96,4,27
853,2020-06-04,24,7,9,1,77.55,77.55,4,28
854,2020-06-15,5,18,10,1,10.27,10.27,4,30
855,2020-06-12,10,2,10,2,54.99,109.98,4,31
856,2020-06-25,25,3,10,2,146.24,292.48,4,29
857,2020-06-10,23,5,10,1,18.99,18.99,4,31
858,2020-06-05,12,10,10,2,64.99,129.98,4,30
859,2020-06-17,7,5,10,2,25.63,51.26,4,31
860,2020-06-18,26,16,10,2,21.99,43.98,4,29
861,2020-06-01,10,9,10,1,175.22,175.22,4,31
862,2020-06-25,6,20,10,1,33.99,33.99,4,31
863,2020-06-23,8,3,10,1,71.99,71.99,4,30
864,2020-06-26,1,3,10,3,62.99,188.97,4,30
865,2020-06-17,16,13,10,4,41.99,167.96,1,29
866,2020-06-26,20,3,10,2,79.0,158.0,1,29
867,2020-06-28,9,16,10,1,10.57,10.57,4,31
868,2020-06-08,3,10,10,3,59.53,178.59,4,29
869,2020-06-10,25,4,10,1,244.07,244.07,4,31
870,2020-06-28,12,16,10,2,15.03,30.06,4,31
871,2020-06-12,14,20,10,2,25.41,50.82,4,29
872,2020-06-15,5,3,10,3,129.47,388.41,2,30
873,2020-06-16,10,3,10,2,90.2,180.4,4,30
874,2020-06-18,28,8,11,1,29.45,29.45,4,33
875,2020-06-22,1,7,11,3,92.6,277.8,4,33
876,2020-06-04,13,3,11,3,147.99,443.97,4,32
877,2020-06-07,20,6,11,1,30.79,30.79,4,33
878,2020-06-23,19,16,11,3,20.82,62.46,4,33
879,2020-06-22,13,13,11,2,50.79,101.58,4,33
880,2020-06-16,21,10,11,1,58.51,58.51,4,32
881,2020-06-01,13,20,11,1,30.99,30.99,3,33
882,2020-06-25,15,10,11,1,48.92,48.92,4,32
883,2020-06-26,18,18,11,5,7.38,36.9,4,32
884,2020-06-13,28,8,11,2,26.99,53.98,4,33
885,2020-06-25,23,6,11,2,12.5,25.0,4,32
886,2020-06-04,16,12,11,2,826.18,1652.36,4,33
887,2020-06-16,13,13,11,3,60.99,182.97,4,33
888,2020-06-05,12,18,11,3,13.99,41.97,4,32
889,2020-06-12,2,8,11,1,66.48,66.48,4,32
890,2020-06-03,4,18,11,1,12.99,12.99,4,33
891,2020-06-14,29,12,11,1,746.98,746.98,4,33
892,2020-06-13,11,12,11,3,449.03,1347.09,4,32
893,2020-06-17,22,17,12,1,29.78,29.78,4,35
894,2020-06-21,26,18,12,4,12.99,51.96,3,34
895,2020-06-13,20,17,12,3,39.81,119.43,4,34
896,2020-06-19,16,17,12,1,47.64,47.64,4,35
897,2020-06-26,22,6,12,1,19.46,19.46,4,35
898,2020-06-25,29,11,12,2,428.99,857.98,4,34
899,2020-06-22,24,20,12,1,31.86,31.86,4,35
900,2020-06-30,19,8,12,2,47.99,95.98,4,34
901,2020-06-22,28,16,12,2,21.76,43.52,4,35
902,2020-06-28,27,8,12,2,41.41,82.82,4,35
903,2020-06-04,1,4,12,3,161.11,483.33,4,34
904,2020-06-14,2,15,12,1,36.99,36.99,4,34
905,2020-06-22,21,11,12,5,418.99,2094.95,4,34
906,2020-06-03,10,6,12,4,18.99,75.96,4,34
907,2020-06-03,27,8,12,1,61.54,61.54,4,34
908,2020-06-22,25,18,12,2,8.08,16.16,4,35
909,2020-06-11,19,6,12,3,28.34,85.02,4,35
910,2020-06-04,9,4,12,2,270.99,541.98,4,35
911,2020-06-23,11,19,12,2,19.99,39.98,4,35
912,2020-06-05,23,7,12,3,51.32,153.96,4,35
913,2020-06-27,26,16,13,3,19.99,59.97,4,36
914,2020-06-10,23,14,13,4,201.79,807.16,4,37
915,2020-06-15,30,7,13,4,148.99,595.96,4,37
916,2020-06-25,7,5,13,4,21.63,86.52,4,36
917,2020-06-14,9,17,13,3,52.86,158.58,4,36
918,2020-06-27,14,6,13,3,27.16,81.48,4,36
919,2020-06-20,18,16,13,1,19.12,19.12,4,38
920,2020-06-06,26,14,13,1,159.1,159.1,4,38
921,2020-06-03,8,3,13,3,135.76,407.28,4,38
922,2020-06-20,26,15,13,2,80.99,161.98,4,37
923,2020-06-19,26,18,13,1,10.99,10.99,4,37
924,2020-06-27,8,18,13,5,18.08,90.4,4,36
925,2020-06-30,15,3,13,1,143.99,143.99,4,36
926,2020-06-20,3,5,13,1,19.99,19.99,4,37
927,2020-06-25,15,19,13,2,18.99,37.98,4,38
928,2020-06-27,10,17,13,2,23.69,47.38,4,38
929,2020-06-27,22,6,13,2,18.99,37.98,4,36
930,2020-06-09,15,5,13,1,22.69,22.69,1,36
931,2020-06-28,23,6,13,3,27.55,82.65,4,37
932,2020-06-09,18,2,13,1,123.49,123.49,4,36
933,2020-06-20,26,19,13,3,33.99,101.97,4,38
934,2020-06-13,13,6,13,1,34.17,34.17,4,38
935,2020-06-09,16,4,13,4,124.99,499.96,4,37
936,2020-06-05,11,5,13,5,18.98,94.9,4,36
937,2020-06-12,10,19,13,2,32.99,65.98,4,37
938,2020-06-29,24,4,13,3,129.25,387.75,4,37
939,2020-06-26,7,8,13,1,36.72,36.72,4,36
940,2020-06-15,29,8,14,1,47.82,47.82,4,40
941,2020-06-16,24,3,14,1,68.36,68.36,4,39
942,2020-06-06,27,16,14,2,17.99,35.98,4,40
943,2020-06-01,19,10,14,2,32.07,64.14,4,39
944,2020-06-29,10,6,14,2,24.35,48.7,4,39
945,2020-06-05,15,2,14,2,125.42,250.84,1,40
946,2020-06-21,15,14,14,5,248.97,1244.85,4,40
947,2020-06-05,2,5,14,1,9.99,9.99,4,40
948,2020-06-13,9,3,14,1,135.99,135.99,1,39
949,2020-06-06,13,7,14,2,152.99,305.98,4,40
950,2020-06-26,26,8,14,4,62.99,251.96,2,40
951,2020-06-17,15,5,14,2,20.26,40.52,4,40
952,2020-06-26,6,7,14,2,59.22,118.44,4,40
953,2020-06-22,22,5,14,4,19.55,78.2,2,39
954,2020-06-14,26,2,14,1,127.73,127.73,4,40
955,2020-06-08,10,10,14,2,65.69,131.38,4,39
956,2020-06-14,22,3,14,1,117.56,117.56,3,40
957,2020-06-22,26,9,14,4,74.88,299.52,4,39
958,2020-06-11,15,13,15,2,60.21,120.42,4,42
959,2020-06-06,3,5,15,4,11.13,44.52,1,42
960,2020-06-01,16,4,15,3,272.76,818.28,4,42
961,2020-06-16,27,6,15,3,34.04,102.12,4,42
962,2020-06-03,1,3,15,1,60.59,60.59,4,41
963,2020-06-07,5,9,15,2,150.39,300.78,4,41
964,2020-06-10,5,16,15,2,9.86,19.72,4,42
965,2020-06-15,16,20,15,4,29.99,119.96,4,41
966,2020-06-27,11,7,15,1,142.24,142.24,4,41
967,2020-06-16,20,16,15,1,14.39,14.39,4,42
968,2020-06-30,27,15,15,1,31.99,31.99,4,42
969,2020-06-18,29,2,15,4,58.36,233.44,4,42
970,2020-06-15,1,16,15,1,10.99,10.99,4,41
971,2020-06-08,22,13,15,4,107.28,429.12,4,42
972,2020-06-29,23,6,15,5,30.66,153.3,4,42
973,2020-06-26,28,9,15,2,105.72,211.44,4,41
974,2020-06-05,6,4,15,1,182.2,182.2,4,42
975,2020-06-07,1,11,15,4,372.99,1491.96,4,42
976,2020-06-29,26,10,15,1,32.99,32.99,4,41
977,2020-07-16,11,5,1,3,24.4,73.2,4,3
978,2020-07-28,17,15,1,3,84.6,253.8,4,1
979,2020-07-27,4,16,1,3,8.0,24.0,4,1
980,2020-07-28,12,5,1,3,23.16,69.48,4,2
981,2020-07-28,21,3,1,1,72.78,72.78,4,3
982,2020-07-14,1,16,2,3,14.99,44.97,4,6
983,2020-07-09,25,7,2,1,121.99,121.99,4,8
984,2020-07-14,5,17,2,2,33.74,67.48,4,8
985,2020-07-26,1,15,2,1,29.6,29.6,4,8
986,2020-07-03,13,6,2,2,18.99,37.98,4,6
987,2020-07-05,2,19,2,2,36.14,72.28,4,7
988,2020-07-24,30,16,3,1,12.48,12.48,4,10
989,2020-07-23,21,8,3,4,64.96,259.84,4,9
990,2020-07-12,26,18,3,2,8.99,17.98,2,11
991,2020-07-13,24,16,3,2,15.99,31.98,4,9
992,2020-07-10,25,10,4,1,30.12,30.12,4,14
993,2020-07-08,10,18,4,2,13.06,26.12,4,14
994,2020-07-09,12,14,4,1,195.99,195.99,4,12
995,2020-07-24,11,1,4,3,1392.4,4177.2,4,12
996,2020-07-21,28,15,5,1,46.95,46.95,4,17
997,2020-07-19,23,15,5,2,42.99,85.98,4,16
998,2020-07-27,15,17,5,1,34.32,34.32,2,15
999,2020-07-29,7,3,6,1,126.68,126.68,4,19
1000,2020-07-25,9,8,6,2,52.1,104.2,4,20
1001,2020-07-16,14,16,6,1,10.03,10.03,4,18
1002,2020-07-23,17,10,7,3,46.99,140.97,4,21
1003,2020-07-18,4,7,7,4,60.99,243.96,4,23
1004,2020-07-17,12,4,7,5,159.65,798.25,4,22
1005,2020-07-05,14,17,8,4,28.99,115.96,4,24
1006,2020-07-24,4,9,8,1,74.81,74.81,4,25
1007,2020-07-15,26,19,8,2,32.0,64.0,4,25
1008,2020-07-17,25,14,9,3,121.35,364.05,3,27
1009,2020-07-22,13,14,9,4,148.99,595.96,4,26
1010,2020-07-15,21,16,9,4,19.32,77.28,4,26
1011,2020-07-23,21,6,9,2,11.21,22.42,4,26
1012,2020-07-25,19,2,10,1,87.07,87.07,4,31
1013,2020-07-30,1,10,10,3,38.81,116.43,4,30
1014,2020-07-15,18,3,10,1,117.89,117.89,4,31
1015,2020-07-11,14,8,11,4,44.99,179.96,4,32
1016,2020-07-04,10,10,11,1,58.99,58.99,4,32
1017,2020-07-22,20,4,12,1,240.99,240.99,1,35
1018,2020-07-14,9,18,12,5,16.99,84.95,4,35
1019,2020-07-20,16,13,13,3,68.99,206.97,2,38
1020,2020-07-18,16,8,13,2,39.96,79.92,4,36
1021,2020-07-31,4,13,13,3,90.99,272.97,4,36
1022,2020-07-15,21,3,13,1,154.99,154.99,4,38
1023,2020-07-26,14,5,14,1,25.25,25.25,4,40
1024,2020-07-21,1,20,14,4,27.5,110.0,4,39
1025,2020-07-13,27,20,14,2,27.99,55.98,4,39
1026,2020-07-19,3,2,15,3,115.44,346.32,4,42
1027,2020-07-29,20,8,15,4,85.51,342.04,4,42
1028,2020-07-23,8,9,15,1,128.77,128.77,3,42
1029,2020-08-05,1,14,1,1,99.99,99.99,4,4
1030,2020-08-23,25,16,1,2,20.6,41.2,1,4
1031,2020-08-29,22,18,1,3,11.24,33.72,4,4
1032,2020-08-12,27,7,2,1,88.99,88.99,3,5
1033,2020-08-01,22,16,2,1,21.06,21.06,4,7
1034,2020-08-08,16,5,2,1,18.86,18.86,4,7
1035,2020-08-01,27,5,2,1,14.55,14.55,4,8
1036,2020-08-07,19,15,3,3,61.99,185.97,4,11
1037,2020-08-03,30,3,3,4,147.1,588.4,4,11
1038,2020-08-28,23,15,3,2,44.18,88.36,4,11
1039,2020-08-31,22,8,4,1,85.08,85.08,4,14
1040,2020-08-09,17,3,4,2,109.99,219.98,4,13
1041,2020-08-02,14,6,5,2,9.0,18.0,3,17
1042,2020-08-26,24,1,5,5,1052.99,5264.95,4,15
1043,2020-08-06,3,6,6,2,9.72,19.44,3,20
1044,2020-08-30,9,6,7,1,14.99,14.99,2,21
1045,2020-08-17,3,17,7,2,46.51,93.02,4,23
1046,2020-08-03,30,20,8,1,38.92,38.92,4,24
1047,2020-08-02,15,19,8,1,28.99,28.99,4,24
1048,2020-08-18,28,2,9,2,98.38,196.76,4,27
1049,2020-08-26,1,15,9,2,76.71,153.42,4,27
1050,2020-08-11,22,15,9,2,47.99,95.98,3,26
1051,2020-08-23,26,2,9,4,59.08,236.32,4,26
1052,2020-08-16,15,16,10,1,19.99,19.99,4,29
1053,2020-08-14,21,10,10,1,64.41,64.41,4,30
1054,2020-08-10,10,13,11,5,80.41,402.05,4,33
1055,2020-08-08,27,10,11,2,35.99,71.98,4,32
1056,2020-08-26,7,2,12,3,127.55,382.65,4,35
1057,2020-08-19,11,12,13,1,562.99,562.99,4,38
1058,2020-08-30,8,2,13,2,104.46,208.92,4,36
1059,2020-08-16,27,16,14,3,14.01,42.03,4,40
1060,2020-08-01,3,7,14,1,60.99,60.99,4,40
1061,2020-08-19,12,19,15,5,17.99,89.95,4,41
1062,2020-08-09,11,16,15,1,8.34,8.34,4,41
1063,2020-09-01,5,18,1,2,16.99,33.98,4,4
1064,2020-09-15,26,5,1,3,27.82,83.46,4,3
1065,2020-09-29,23,8,1,1,80.99,80.99,4,1
1066,2020-09-18,12,7,1,2,155.99,311.98,3,3
1067,2020-09-19,18,4,1,3,163.99,491.97,4,3
1068,2020-09-28,17,3,1,1,67.14,67.14,4,4
1069,2020-09-03,13,4,1,2,190.99,381.98,4,3
1070,2020-09-23,16,9,1,1,121.12,121.12,4,4
1071,2020-09-02,29,5,1,2,12.99,25.98,4,2
1072,2020-09-13,30,12,1,1,441.38,441.38,4,3
1073,2020-09-17,19,7,1,2,117.32,234.64,4,1
1074,2020-09-14,16,7,1,1,51.72,51.72,4,3
1075,2020-09-03,3,7,1,4,105.41,421.64,4,3
1076,2020-09-30,4,5,1,1,18.99,18.99,4,1
1077,2020-09-09,27,6,1,1,23.99,23.99,4,3
1078,2020-09-23,30,16,1,1,12.79,12.79,4,3
1079,2020-09-13,27,19,1,2,26.82,53.64,4,1
1080,2020-09-13,24,5,1,2,19.32,38.64,4,2
1081,2020-09-24,11,17,1,1,25.76,25.76,4,1
1082,2020-09-07,28,8,1,1,60.99,60.99,4,1
1083,2020-09-01,22,10,1,1,45.77,45.77,4,3
1084,2020-09-25,10,15,1,2,62.99,125.98,4,3
1085,2020-09-11,26,12,1,5,500.99,2504.95,4,4
1086,2020-09-07,11,9,1,2,107.99,215.98,4,4
1087,2020-09-06,23,2,1,1,64.92,64.92,4,4
1088,2020-09-07,22,5,1,2,15.99,31.98,4,1
1089,2020-09-30,6,8,1,1,51.78,51.78,4,1
1090,2020-09-29,5,18,1,1,16.81,16.81,4,2
1091,2020-09-19,19,19,1,2,30.99,61.98,1,2
1092,2020-09-15,13,2,1,2,121.82,243.64,4,2
1093,2020-09-19,3,2,1,2,121.99,243.98,4,3
1094,2020-09-26,20,6,1,2,13.67,27.34,4,2
1095,2020-09-13,6,19,1,2,36.99,73.98,4,1
1096,2020-09-09,18,18,1,3,7.8,23.4,4,3
1097,2020-09-30,25,10,1,5,31.99,159.95,4,1
1098,2020-09-11,6,8,1,1,26.99,26.99,4,3
1099,2020-09-22,13,16,2,3,20.99,62.97,1,7
1100,2020-09-23,11,19,2,2,15.71,31.42,4,8
1101,2020-09-15,27,3,2,4,75.99,303.96,2,7
1102,2020-09-04,13,10,2,1,59.54,59.54,4,6
1103,2020-09-12,23,4,2,4,205.46,821.84,3,5
1104,2020-09-26,22,10,2,2,40.99,81.98,2,5
1105,2020-09-25,8,5,2,4,12.99,51.96,1,7
1106,2020-09-11,22,17,2,1,50.76,50.76,4,5
1107,2020-09-06,2,16,2,2,20.99,41.98,4,8
1108,2020-09-20,18,5,2,4,10.99,43.96,4,8
1109,2020-09-06,21,1,2,1,925.99,925.99,4,7
1110,2020-09-09,12,15,2,1,41.99,41.99,4,5
1111,2020-09-04,26,16,2,1,8.99,8.99,4,6
1112,2020-09-13,25,15,2,1,67.12,67.12,4,6
1113,2020-09-28,3,15,2,1,83.73,83.73,4,7
1114,2020-09-24,19,5,2,1,21.33,21.33,4,5
1115,2020-09-24,8,8,2,1,47.99,47.99,4,5
1116,2020-09-07,8,14,2,3,147.99,443.97,4,8
1117,2020-09-25,26,2,2,2,71.99,143.98,4,8
1118,2020-09-11,7,6,2,4,25.99,103.96,4,5
1119,2020-09-24,28,5,2,2,12.67,25.34,2,8
1120,2020-09-03,2,20,2,4,16.99,67.96,4,6
1121,2020-09-26,8,19,2,2,24.99,49.98,4,5
1122,2020-09-14,8,4,2,1,188.65,188.65,4,7
1123,2020-09-26,12,9,2,1,130.19,130.19,4,8
1124,2020-09-14,27,16,2,1,14.1,14.1,4,8
1125,2020-09-30,18,6,3,2,12.99,25.98,4,9
1126,2020-09-10,20,7,3,1,64.03,64.03,4,10
1127,2020-09-07,28,1,3,3,1023.55,3070.65,4,11
1128,2020-09-13,12,20,3,2,31.95,63.9,4,10
1129,2020-09-02,4,20,3,4,18.55,74.2,4,10
1130,2020-09-25,24,19,3,2,26.22,52.44,4,10
1131,2020-09-21,14,7,3,1,101.55,101.55,4,11
1132,2020-09-23,23,15,3,2,44.68,89.36,4,11
1133,2020-09-09,19,5,3,4,9.25,37.0,4,11
1134,2020-09-30,23,7,3,5,57.84,289.2,4,11
1135,2020-09-06,9,18,3,1,18.61,18.61,4,11
1136,2020-09-10,25,16,3,4,9.75,39.0,4,11
1137,2020-09-27,24,3,3,4,97.99,391.96,4,9
1138,2020-09-27,4,10,3,3,45.71,137.13,4,9
1139,2020-09-14,12,4,3,3,137.99,413.97,4,9
1140,2020-09-15,7,12,3,1,773.96,773.96,4,9
1141,2020-09-29,15,18,3,4,8.31,33.24,1,11
1142,2020-09-13,3,3,3,1,82.48,82.48,4,10
1143,2020-09-01,25,2,3,3,111.99,335.97,4,9
1144,2020-09-26,20,1,3,5,1255.82,6279.1,4,11
1145,2020-09-11,11,13,3,3,65.99,197.97,4,10
1146,2020-09-12,13,15,3,1,49.99,49.99,2,11
1147,2020-09-28,24,16,3,1,9.97,9.97,4,9
1148,2020-09-25,12,17,3,2,42.72,85.44,4,10
1149,2020-09-07,21,1,3,1,1014.99,1014.99,4,10
1150,2020-09-11,8,15,3,2,73.35,146.7,4,11
1151,2020-09-30,16,19,3,4,36.63,146.52,4,11
1152,2020-09-07,28,16,3,4,20.56,82.24,2,11
1153,2020-09-26,27,3,3,5,157.72,788.6,4,11
1154,2020-09-04,18,9,3,1,91.16,91.16,4,9
1155,2020-09-04,23,8,3,1,84.45,84.45,4,9
1156,2020-09-08,22,16,3,5,18.73,93.65,4,10
1157,2020-09-21,3,16,4,1,11.58,11.58,4,14
1158,2020-09-03,13,14,4,3,207.75,623.25,4,14
1159,2020-09-28,8,8,4,1,42.99,42.99,4,12
1160,2020-09-19,24,19,4,2,16.99,33.98,4,12
1161,2020-09-24,2,1,4,2,1307.27,2614.54,4,14
1162,2020-09-12,30,17,4,2,39.99,79.98,4,12
1163,2020-09-18,11,18,4,3,9.99,29.97,4,12
1164,2020-09-05,5,13,4,3,103.1,309.3,4,14
1165,2020-09-10,23,10,4,1,62.91,62.91,4,12
1166,2020-09-07,23,10,4,1,60.99,60.99,4,13
1167,2020-09-28,26,16,4,3,8.84,26.52,4,12
1168,2020-09-16,10,16,4,4,9.99,39.96,4,14
1169,2020-09-14,12,15,4,2,59.99,119.98,4,13
1170,2020-09-07,18,16,4,1,13.17,13.17,4,13
1171,2020-09-02,23,18,4,2,7.99,15.98,4,13
1172,2020-09-10,7,19,4,3,18.89,56.67,4,12
1173,2020-09-28,22,13,4,1,117.62,117.62,4,12
1174,2020-09-02,16,3,4,5,70.73,353.65,4,12
1175,2020-09-14,21,20,4,2,14.0,28.0,4,14
1176,2020-09-23,6,13,4,3,101.07,303.21,4,14
1177,2020-09-03,28,17,5,2,41.76,83.52,1,17
1178,2020-09-03,21,3,5,4,81.49,325.96,4,17
1179,2020-09-16,24,6,5,3,13.71,41.13,4,15
1180,2020-09-14,5,6,5,1,27.56,27.56,4,15
1181,2020-09-13,1,17,5,2,38.31,76.62,4,16
1182,2020-09-17,18,18,5,3,14.82,44.46,4,17
1183,2020-09-22,6,19,5,3,14.13,42.39,4,17
1184,2020-09-02,7,3,5,1,115.25,115.25,1,17
1185,2020-09-17,18,6,5,2,32.99,65.98,4,15
1186,2020-09-17,10,19,5,2,17.5,35.0,4,17
1187,2020-09-30,12,20,5,2,18.99,37.98,4,17
1188,2020-09-08,5,2,5,4,65.99,263.96,4,16
1189,2020-09-19,5,7,5,2,56.99,113.98,4,17
1190,2020-09-29,15,4,5,5,234.31,1171.55,4,15
1191,2020-09-07,24,2,5,5,103.99,519.95,4,16
1192,2020-09-22,17,15,5,1,77.99,77.99,4,17
1193,2020-09-13,20,2,5,1,57.99,57.99,4,15
1194,2020-09-03,3,6,5,4,28.99,115.96,4,16
1195,2020-09-09,13,1,5,1,862.0,862.0,4,15
1196,2020-09-24,19,18,5,1,11.19,11.19,4,16
1197,2020-09-09,29,13,5,1,113.99,113.99,4,15
1198,2020-09-24,26,15,5,2,81.92,163.84,4,17
1199,2020-09-09,17,1,5,1,873.99,873.99,4,17
1200,2020-09-02,21,19,5,3,20.23,60.69,4,16
1201,2020-09-06,12,8,6,2,42.65,85.3,4,19
1202,2020-09-29,8,19,6,2,15.99,31.98,4,19
1203,2020-09-28,3,3,6,3,152.99,458.97,3,18
1204,2020-09-10,16,11,6,5,397.39,1986.95,4,18
1205,2020-09-16,22,10,6,4,56.92,227.68,4,20
1206,2020-09-30,1,18,6,2,12.99,25.98,4,20
1207,2020-09-22,27,20,6,3,15.19,45.57,4,20
1208,2020-09-30,17,18,6,1,10.99,10.99,4,18
1209,2020-09-02,13,8,6,1,32.25,32.25,4,18
1210,2020-09-18,28,18,6,1,11.99,11.99,3,18
1211,2020-09-19,30,7,6,4,154.5,618.0,4,19
1212,2020-09-30,20,9,6,1,69.77,69.77,4,19
1213,2020-09-04,29,1,6,1,1010.99,1010.99,4,20
1214,2020-09-03,29,10,6,2,64.99,129.98,4,18
1215,2020-09-09,13,5,6,1,16.99,16.99,4,19
1216,2020-09-04,22,20,6,1,23.9,23.9,4,19
1217,2020-09-28,4,16,6,1,10.14,10.14,4,18
1218,2020-09-02,7,4,6,5,294.99,1474.95,4,19
1219,2020-09-16,23,17,6,1,46.52,46.52,4,18
1220,2020-09-30,27,16,6,1,23.32,23.32,4,19
1221,2020-09-12,25,10,6,1,55.99,55.99,4,20
1222,2020-09-24,16,1,6,1,848.57,848.57,4,19
1223,2020-09-24,8,10,6,3,63.57,190.71,4,19
1224,2020-09-27,16,8,6,3,31.6,94.8,4,20
1225,2020-09-07,19,20,6,2,19.99,39.98,1,20
1226,2020-09-30,1,3,6,1,144.99,144.99,4,20
1227,2020-09-23,8,14,6,1,170.88,170.88,4,18
1228,2020-09-10,12,3,6,5,129.99,649.95,4,19
1229,2020-09-06,2,2,6,3,65.96,197.88,4,20
1230,2020-09-04,9,8,7,1,43.99,43.99,3,22
1231,2020-09-25,11,18,7,3,11.34,34.02,4,22
1232,2020-09-12,9,5,7,2,9.99,19.98,4,21
1233,2020-09-20,19,3,7,3,78.29,234.87,3,23
1234,2020-09-20,24,6,7,5,14.25,71.25,1,22
1235,2020-09-14,9,11,7,5,562.22,2811.1,4,23
1236,2020-09-30,16,8,7,2,85.96,171.92,4,22
1237,2020-09-09,5,16,7,1,17.06,17.06,4,22
1238,2020-09-24,16,17,7,2,36.99,73.98,4,23
1239,2020-09-17,25,7,7,2,77.99,155.98,4,22
1240,2020-09-07,1,13,7,2,95.62,191.24,4,23
1241,2020-09-08,9,6,7,1,14.82,14.82,4,23
1242,2020-09-21,29,4,7,4,153.09,612.36,4,22
1243,2020-09-08,7,20,7,1,32.16,32.16,4,23
1244,2020-09-11,23,3,7,1,72.36,72.36,4,23
1245,2020-09-02,1,14,7,1,242.99,242.99,4,22
1246,2020-09-18,28,15,7,1,72.99,72.99,4,23
1247,2020-09-28,20,14,7,1,164.99,164.99,4,23
1248,2020-09-21,25,17,8,1,27.34,27.34,4,25
1249,2020-09-29,16,9,8,2,174.99,349.98,4,24
1250,2020-09-24,10,4,8,1,276.05,276.05,4,24
1251,2020-09-07,3,2,8,1,121.73,121.73,3,25
1252,2020-09-05,26,16,8,2,13.99,27.98,4,24
1253,2020-09-25,30,18,8,1,15.99,15.99,4,24
1254,2020-09-20,1,1,8,2,1289.95,2579.9,1,24
1255,2020-09-16,29,16,8,3,12.92,38.76,4,25
1256,2020-09-18,21,15,8,1,31.67,31.67,2,24
1257,2020-09-05,8,1,8,1,1029.99,1029.99,4,24
1258,2020-09-30,13,18,8,2,17.99,35.98,4,24
1259,2020-09-10,20,7,8,1,150.57,150.57,4,25
1260,2020-09-20,14,4,8,2,233.99,467.98,4,25
1261,2020-09-10,10,14,8,4,139.66,558.64,4,25
1262,2020-09-09,23,17,8,3,50.02,150.06,4,24
1263,2020-09-05,13,6,8,3,29.42,88.26,3,25
1264,2020-09-14,9,20,8,1,40.99,40.99,4,24
1265,2020-09-11,16,10,9,5,53.07,265.35,4,28
1266,2020-09-21,13,19,9,2,27.47,54.94,4,27
1267,2020-09-08,19,7,9,2,112.57,225.14,4,28
1268,2020-09-23,12,3,9,1,143.99,143.99,4,26
1269,2020-09-05,2,19,9,1,35.23,35.23,4,27
1270,2020-09-15,28,3,9,5,149.99,749.95,4,28
1271,2020-09-02,4,16,9,3,13.99,41.97,4,28
1272,2020-09-12,4,2,9,2,87.15,174.3,4,28
1273,2020-09-05,3,7,9,1,111.61,111.61,4,26
1274,2020-09-06,5,9,9,2,192.34,384.68,4,28
1275,2020-09-15,23,17,9,1,24.61,24.61,1,26
1276,2020-09-17,13,4,9,3,274.2,822.6,4,27
1277,2020-09-30,10,12,9,1,863.99,863.99,2,28
1278,2020-09-05,13,16,9,1,14.28,14.28,4,28
1279,2020-09-20,27,18,9,2,10.76,21.52,4,28
1280,2020-09-06,12,2,9,2,69.99,139.98,4,28
1281,2020-09-25,1,18,9,1,12.99,12.99,4,26
1282,2020-09-25,7,19,9,1,36.99,36.99,3,28
1283,2020-09-19,26,2,9,1,74.17,74.17,2,27
1284,2020-09-25,13,6,9,1,28.55,28.55,4,28
1285,2020-09-23,11,15,9,4,59.21,236.84,4,27
1286,2020-09-01,13,13,9,2,106.99,213.98,4,27
1287,2020-09-15,21,2,9,5,66.99,334.95,4,26
1288,2020-09-05,6,16,9,2,19.66,39.32,4,28
1289,2020-09-11,5,8,9,1,64.9,64.9,3,27
1290,2020-09-25,8,15,9,5,65.41,327.05,4,26
1291,2020-09-16,1,3,9,3,89.95,269.85,4,26
1292,2020-09-29,4,3,10,1,151.99,151.99,4,30
1293,2020-09-12,3,7,10,3,99.68,299.04,4,29
1294,2020-09-25,21,18,10,4,18.66,74.64,4,29
1295,2020-09-10,28,8,10,4,32.99,131.96,4,31
1296,2020-09-11,22,7,10,2,77.91,155.82,4,30
1297,2020-09-20,2,20,10,3,33.59,100.77,4,31
1298,2020-09-04,6,6,10,2,9.99,19.98,4,31
1299,2020-09-03,15,7,10,2,138.99,277.98,4,31
1300,2020-09-04,30,19,10,3,17.99,53.97,4,30
1301,2020-09-20,23,9,10,2,104.99,209.98,4,31
1302,2020-09-16,7,3,10,2,157.78,315.56,2,30
1303,2020-09-26,16,8,10,1,80.55,80.55,4,29
1304,2020-09-09,6,5,10,1,13.99,13.99,4,29
1305,2020-09-15,17,18,10,3,10.11,30.33,2,29
1306,2020-09-11,10,20,10,1,40.37,40.37,4,29
1307,2020-09-26,23,4,10,1,236.99,236.99,3,30
1308,2020-09-07,22,2,10,2,74.9,149.8,4,31
1309,2020-09-24,24,18,10,1,17.76,17.76,4,30
1310,2020-09-11,22,3,10,1,131.23,131.23,4,30
1311,2020-09-28,15,3,10,5,67.99,339.95,4,31
1312,2020-09-14,25,16,10,2,10.99,21.98,4,29
1313,2020-09-22,1,13,11,3,40.3,120.9,4,33
1314,2020-09-28,16,3,11,2,94.17,188.34,4,33
1315,2020-09-25,30,6,11,2,18.7,37.4,4,32
1316,2020-09-14,28,7,11,2,126.23,252.46,4,33
1317,2020-09-04,26,20,11,1,14.46,14.46,3,32
1318,2020-09-25,18,14,11,2,174.5,349.0,4,32
1319,2020-09-28,8,8,11,2,32.33,64.66,4,33
1320,2020-09-12,30,20,11,2,36.97,73.94,4,33
1321,2020-09-01,26,19,11,2,20.69,41.38,4,32
1322,2020-09-29,14,17,11,1,50.99,50.99,2,32
1323,2020-09-27,27,17,11,1,53.53,53.53,4,33
1324,2020-09-13,21,4,11,3,259.27,777.81,4,33
1325,2020-09-21,24,7,11,2,82.99,165.98,4,32
1326,2020-09-23,17,17,11,2,47.23,94.46,4,32
1327,2020-09-09,6,18,11,1,8.12,8.12,4,33
1328,2020-09-19,20,4,11,2,104.06,208.12,4,32
1329,2020-09-21,12,14,12,1,232.99,232.99,4,34
1330,2020-09-08,26,16,12,3,17.99,53.97,4,35
1331,2020-09-21,19,1,12,1,1354.99,1354.99,4,34
1332,2020-09-09,3,19,12,2,23.03,46.06,4,34
1333,2020-09-16,14,17,12,2,40.99,81.98,4,34
1334,2020-09-29,30,6,12,3,12.99,38.97,4,35
1335,2020-09-19,28,14,12,1,149.99,149.99,4,34
1336,2020-09-20,6,11,12,4,315.99,1263.96,3,35
1337,2020-09-25,28,4,12,1,141.99,141.99,4,35
1338,2020-09-24,5,15,12,1,39.99,39.99,4,35
1339,2020-09-21,24,6,12,2,33.6,67.2,4,35
1340,2020-09-07,29,15,12,5,35.17,175.85,4,35
1341,2020-09-06,24,17,12,2,35.06,70.12,4,35
1342,2020-09-11,20,14,12,2,183.99,367.98,4,35
1343,2020-09-03,29,8,12,5,41.2,206.0,4,34
1344,2020-09-29,17,14,12,2,116.2,232.4,4,35
1345,2020-09-06,3,7,12,2,89.92,179.84,4,34
1346,2020-09-11,23,15,13,1,62.99,62.99,4,37
1347,2020-09-03,20,7,13,2,59.99,119.98,4,36
1348,2020-09-29,22,17,13,2,42.27,84.54,4,36
1349,2020-09-27,7,6,13,3,21.96,65.88,4,36
1350,2020-09-04,20,9,13,2,98.99,197.98,3,37
1351,2020-09-01,10,19,13,4,24.07,96.28,4,36
1352,2020-09-02,1,6,13,2,30.58,61.16,4,36
1353,2020-09-11,13,16,13,2,13.01,26.02,4,36
1354,2020-09-23,16,20,13,5,16.99,84.95,4,38
1355,2020-09-01,27,5,13,1,28.87,28.87,4,36
1356,2020-09-08,7,4,13,4,172.78,691.12,4,38
1357,2020-09-30,2,15,13,4,30.99,123.96,4,37
1358,2020-09-09,20,6,13,1,12.99,12.99,4,37
1359,2020-09-05,5,6,13,4,34.11,136.44,4,38
1360,2020-09-04,8,10,13,2,47.99,95.98,4,38
1361,2020-09-16,9,5,13,3,16.06,48.18,4,37
1362,2020-09-21,7,16,13,1,22.99,22.99,1,38
1363,2020-09-15,7,17,13,1,26.51,26.51,4,37
1364,2020-09-28,10,6,13,2,13.0,26.0,4,38
1365,2020-09-08,13,19,13,4,26.84,107.36,4,37
1366,2020-09-09,22,8,13,5,60.99,304.95,4,37
1367,2020-09-04,8,16,13,4,9.99,39.96,4,36
1368,2020-09-15,4,7,14,1,71.99,71.99,4,39
1369,2020-09-11,9,2,14,1,100.89,100.89,4,40
1370,2020-09-10,6,4,14,2,197.72,395.44,4,40
1371,2020-09-21,4,5,14,1,26.9,26.9,4,39
1372,2020-09-18,8,3,14,2,69.13,138.26,4,40
1373,2020-09-09,6,10,14,1,40.52,40.52,4,39
1374,2020-09-04,30,4,14,3,269.51,808.53,4,40
1375,2020-09-22,6,2,14,4,59.99,239.96,4,40
1376,2020-09-11,9,1,14,1,1254.99,1254.99,4,39
1377,2020-09-16,16,13,14,2,41.99,83.98,4,39
1378,2020-09-10,17,18,14,3,15.99,47.97,4,39
1379,2020-09-11,24,9,14,5,102.45,512.25,4,40
1380,2020-09-01,10,18,14,4,16.29,65.16,4,40
1381,2020-09-20,9,9,14,1,121.99,121.99,4,39
1382,2020-09-12,8,10,14,1,57.99,57.99,4,40
1383,2020-09-21,9,3,14,5,145.99,729.95,4,40
1384,2020-09-12,13,18,14,5,9.99,49.95,4,40
1385,2020-09-23,20,6,14,2,20.83,41.66,4,39
1386,2020-09-10,1,3,14,4,73.71,294.84,4,40
1387,2020-09-10,22,14,14,1,142.24,142.24,1,39
1388,2020-09-07,19,6,14,1,16.95,16.95,4,39
1389,2020-09-01,5,2,15,4,111.82,447.28,4,42
1390,2020-09-18,3,4,15,1,245.61,245.61,4,42
1391,2020-09-10,16,5,15,1,21.99,21.99,4,42
1392,2020-09-29,9,3,15,2,76.33,152.66,4,42
1393,2020-09-26,22,13,15,1,71.99,71.99,4,41
1394,2020-09-10,21,12,15,2,586.98,1173.96,4,42
1395,2020-09-05,23,10,15,2,55.99,111.98,4,42
1396,2020-09-15,14,8,15,1,60.77,60.77,4,42
1397,2020-09-25,30,3,15,3,116.99,350.97,4,42
1398,2020-09-29,10,12,15,3,595.33,1785.99,3,41
1399,2020-09-15,3,18,15,1,17.99,17.99,4,41
1400,2020-09-27,16,6,15,4,12.16,48.64,4,42
1401,2020-09-23,7,2,15,2,125.99,251.98,4,41
1402,2020-09-21,10,18,15,3,18.24,54.72,4,42
1403,2020-09-07,1,3,15,2,70.99,141.98,4,41
1404,2020-10-16,17,1,1,2,1353.99,2707.98,4,4
1405,2020-10-06,27,17,1,3,43.53,130.59,4,3
1406,2020-10-14,1,3,1,1,132.99,132.99,4,2
1407,2020-10-23,16,11,1,1,482.64,482.64,4,4
1408,2020-10-22,13,6,1,2,29.99,59.98,4,1
1409,2020-10-04,1,12,1,1,724.21,724.21,4,3
1410,2020-10-30,5,19,1,4,24.99,99.96,4,4
1411,2020-10-17,17,18,1,1,14.99,14.99,3,2
1412,2020-10-05,24,7,1,2,142.99,285.98,4,3
1413,2020-10-22,13,6,1,4,24.99,99.96,4,1
1414,2020-10-22,23,4,1,1,163.82,163.82,4,3
1415,2020-10-20,3,18,1,1,14.99,14.99,4,1
1416,2020-10-16,16,19,1,3,38.53,115.59,4,3
1417,2020-10-08,29,3,1,3,97.41,292.23,4,2
1418,2020-10-02,4,13,1,4,44.83,179.32,4,1
1419,2020-10-27,6,2,1,1,83.99,83.99,4,3
1420,2020-10-18,9,5,1,2,13.99,27.98,4,4
1421,2020-10-27,26,10,1,1,29.97,29.97,1,2
1422,2020-10-26,1,3,1,3,115.83,347.49,4,3
1423,2020-10-22,30,16,1,1,11.32,11.32,4,4
1424,2020-10-12,18,13,1,3,74.11,222.33,4,2
1425,2020-10-19,26,2,1,1,87.99,87.99,4,3
1426,2020-10-01,10,5,1,2,16.16,32.32,4,3
1427,2020-10-10,19,2,1,4,123.54,494.16,4,2
1428,2020-10-02,29,11,1,2,576.92,1153.84,4,1
1429,2020-10-02,9,6,1,1,27.99,27.99,4,2
1430,2020-10-24,25,6,1,1,10.9,10.9,4,1
1431,2020-10-23,26,18,1,1,7.85,7.85,4,1
1432,2020-10-30,18,2,1,5,69.99,349.95,3,4
1433,2020-10-08,14,15,1,1,79.99,79.99,1,4
1434,2020-10-01,26,17,1,2,49.97,99.94,4,2
1435,2020-10-18,13,9,1,3,124.86,374.58,4,4
1436,2020-10-15,20,3,1,1,93.31,93.31,4,3
1437,2020-10-03,8,13,1,3,110.07,330.21,4,4
1438,2020-10-26,24,1,2,3,843.99,2531.97,4,6
1439,2020-10-02,20,6,2,5,11.99,59.95,4,6
1440,2020-10-22,9,2,2,2,106.99,213.98,4,6
1441,2020-10-08,10,8,2,3,43.73,131.19,4,7
1442,2020-10-09,18,6,2,1,32.41,32.41,4,5
1443,2020-10-09,30,2,2,4,89.99,359.96,4,6
1444,2020-10-04,27,7,2,1,74.86,74.86,4,6
1445,2020-10-31,16,3,2,1,116.99,116.99,4,5
1446,2020-10-02,20,6,2,2,30.99,61.98,1,8
1447,2020-10-13,14,4,2,3,105.26,315.78,4,5
1448,2020-10-30,29,13,2,4,111.6,446.4,4,7
1449,2020-10-25,24,2,2,4,111.61,446.44,4,8
1450,2020-10-26,13,3,2,4,152.8,611.2,4,7
1451,2020-10-19,9,16,2,5,15.48,77.4,4,6
1452,2020-10-30,26,1,2,1,948.96,948.96,4,7
1453,2020-10-13,9,2,2,1,69.04,69.04,4,7
1454,2020-10-01,19,3,2,3,143.76,431.28,1,7
1455,2020-10-15,12,2,2,2,93.53,187.06,4,8
1456,2020-10-03,20,6,2,5,19.99,99.95,4,7
1457,2020-10-09,5,18,2,2,8.76,17.52,1,6
1458,2020-10-21,22,2,2,2,52.36,104.72,3,8
1459,2020-10-09,1,20,2,2,14.99,29.98,3,7
1460,2020-10-15,3,3,2,1,116.04,116.04,4,6
1461,2020-10-03,29,14,3,1,147.98,147.98,4,10
1462,2020-10-14,12,19,3,5,20.99,104.95,4,10
1463,2020-10-10,30,19,3,1,29.23,29.23,4,11
1464,2020-10-25,26,16,3,3,22.99,68.97,4,11
1465,2020-10-22,13,16,3,1,9.24,9.24,4,11
1466,2020-10-17,21,20,3,3,28.99,86.97,4,11
1467,2020-10-26,16,2,3,2,83.99,167.98,4,11
1468,2020-10-10,11,19,3,3,37.99,113.97,4,9
1469,2020-10-04,15,15,3,5,52.99,264.95,4,11
1470,2020-10-03,21,19,3,2,25.22,50.44,4,10
1471,2020-10-27,30,20,3,1,39.46,39.46,4,11
1472,2020-10-20,10,5,3,1,10.63,10.63,4,10
1473,2020-10-19,29,10,3,4,63.99,255.96,4,9
1474,2020-10-09,23,16,3,3,9.99,29.97,4,10
1475,2020-10-23,3,4,3,2,203.99,407.98,4,9
1476,2020-10-05,18,8,3,3,32.62,97.86,4,9
1477,2020-10-19,4,13,3,1,97.99,97.99,4,11
1478,2020-10-14,24,14,3,1,169.99,169.99,4,10
1479,2020-10-25,27,13,3,1,110.65,110.65,4,11
1480,2020-10-21,11,9,3,1,161.99,161.99,4,10
1481,2020-10-08,11,6,3,2,32.33,64.66,4,9
1482,2020-10-14,13,6,3,3,32.99,98.97,4,10
1483,2020-10-29,7,20,4,2,30.1,60.2,2,13
1484,2020-10-06,9,3,4,2,146.99,293.98,4,13
1485,2020-10-20,30,16,4,3,9.99,29.97,4,12
1486,2020-10-25,20,4,4,5,206.97,1034.85,1,12
1487,2020-10-12,19,5,4,3,19.42,58.26,4,13
1488,2020-10-04,30,16,4,2,13.99,27.98,4,12
1489,2020-10-09,4,16,4,3,18.99,56.97,1,13
1490,2020-10-17,15,6,4,3,25.99,77.97,4,14
1491,2020-10-29,14,19,4,4,32.99,131.96,4,12
1492,2020-10-22,21,18,4,5,13.99,69.95,4,12
1493,2020-10-28,22,19,4,1,17.79,17.79,4,12
1494,2020-10-10,21,3,4,5,144.72,723.6,1,12
1495,2020-10-16,7,11,4,1,394.99,394.99,4,14
1496,2020-10-19,12,5,4,2,28.09,56.18,4,13
1497,2020-10-29,16,6,4,3,18.99,56.97,4,13
1498,2020-10-04,29,5,4,2,16.99,33.98,4,13
1499,2020-10-06,11,9,4,1,159.61,159.61,4,14
1500,2020-10-16,28,18,4,2,14.99,29.98,4,13
1501,2020-10-07,26,18,4,1,15.99,15.99,4,13
1502,2020-10-13,14,17,4,1,20.97,20.97,4,13
1503,2020-10-21,10,17,4,2,38.99,77.98,4,13
1504,2020-10-21,20,3,4,1,118.99,118.99,4,14
1505,2020-10-26,25,7,4,1,87.8,87.8,1,14
1506,2020-10-17,18,5,4,5,24.99,124.95,4,12
1507,2020-10-10,30,17,5,1,26.76,26.76,4,16
1508,2020-10-02,25,18,5,1,11.78,11.78,4,17
1509,2020-10-10,21,1,5,1,961.99,961.99,4,17
1510,2020-10-21,27,8,5,4,79.99,319.96,4,17
1511,2020-10-23,14,16,5,1,21.28,21.28,4,15
1512,2020-10-24,13,13,5,3,107.74,323.22,4,15
1513,2020-10-24,9,1,5,1,957.56,957.56,4,16
1514,2020-10-10,8,8,5,2,55.93,111.86,4,16
1515,2020-10-08,16,7,5,2,90.0,180.0,1,17
1516,2020-10-19,13,20,5,2,26.99,53.98,4,15
1517,2020-10-05,3,17,5,2,26.48,52.96,4,15
1518,2020-10-03,20,3,5,2,142.97,285.94,2,16
1519,2020-10-09,24,8,5,3,27.34,82.02,4,16
1520,2020-10-28,23,1,5,3,1275.82,3827.46,4,15
1521,2020-10-21,15,5,5,2,20.1,40.2,4,17
1522,2020-10-30,23,3,5,1,133.99,133.99,4,15
1523,2020-10-06,28,5,6,1,16.99,16.99,4,18
1524,2020-10-16,28,3,6,2,59.0,118.0,4,20
1525,2020-10-24,22,19,6,2,28.99,57.98,4,19
1526,2020-10-05,22,6,6,3,32.99,98.97,4,18
1527,2020-10-16,30,9,6,4,162.62,650.48,4,19
1528,2020-10-17,16,16,6,1,10.87,10.87,4,18
1529,2020-10-01,7,6,6,3,21.99,65.97,2,18
1530,2020-10-20,12,4,6,2,144.21,288.42,4,20
1531,2020-10-09,30,6,6,2,16.95,33.9,4,19
1532,2020-10-09,21,11,6,1,455.99,455.99,4,20
1533,2020-10-06,4,5,6,3,20.75,62.25,4,18
1534,2020-10-25,20,18,6,5,15.85,79.25,4,19
1535,2020-10-07,26,4,6,5,117.27,586.35,4,18
1536,2020-10-06,1,9,6,1,194.99,194.99,4,19
1537,2020-10-14,11,15,6,2,36.04,72.08,4,19
1538,2020-10-13,12,16,6,3,12.99,38.97,4,19
1539,2020-10-07,21,20,6,3,37.52,112.56,4,19
1540,2020-10-26,4,5,6,4,21.99,87.96,4,20
1541,2020-10-28,22,9,6,3,96.79,290.37,4,19
1542,2020-10-31,12,4,6,4,297.99,1191.96,4,18
1543,2020-10-07,10,1,7,1,1019.99,1019.99,4,22
1544,2020-10-20,21,6,7,2,19.36,38.72,4,22
1545,2020-10-09,19,14,7,4,238.14,952.56,4,21
1546,2020-10-16,24,4,7,3,259.99,779.97,3,23
1547,2020-10-05,6,16,7,1,20.99,20.99,4,21
1548,2020-10-23,4,2,7,1,117.21,117.21,4,23
1549,2020-10-11,28,18,7,4,9.03,36.12,4,22
1550,2020-10-12,22,10,7,2,54.99,109.98,4,22
1551,2020-10-25,24,10,7,1,45.99,45.99,4,22
1552,2020-10-17,21,8,7,4,84.99,339.96,4,23
1553,2020-10-04,19,6,7,1,32.99,32.99,4,23
1554,2020-10-06,6,16,7,2,23.45,46.9,4,22
1555,2020-10-07,15,14,7,4,239.99,959.96,4,21
1556,2020-10-31,7,19,7,3,16.99,50.97,4,23
1557,2020-10-06,19,6,7,2,29.99,59.98,4,22
1558,2020-10-10,15,5,7,1,15.99,15.99,4,22
1559,2020-10-17,21,8,7,3,27.35,82.05,4,23
1560,2020-10-18,23,12,7,1,804.45,804.45,4,22
1561,2020-10-23,18,20,7,3,16.54,49.62,4,23
1562,2020-10-15,30,5,7,2,21.62,43.24,4,21
1563,2020-10-11,13,7,7,2,52.72,105.44,4,23
1564,2020-10-28,6,19,8,2,22.42,44.84,4,25
1565,2020-10-12,15,6,8,3,20.41,61.23,4,24
1566,2020-10-23,13,8,8,3,40.99,122.97,4,25
1567,2020-10-22,2,8,8,3,82.66,247.98,4,24
1568,2020-10-25,19,5,8,2,11.99,23.98,4,25
1569,2020-10-20,17,20,8,5,28.99,144.95,4,24
1570,2020-10-26,3,20,8,3,16.99,50.97,4,25
1571,2020-10-15,5,1,8,4,978.99,3915.96,4,24
1572,2020-10-07,24,8,8,1,60.54,60.54,1,24
1573,2020-10-12,18,3,8,3,150.28,450.84,4,25
1574,2020-10-23,30,5,8,2,15.37,30.74,4,24
1575,2020-10-11,27,19,8,2,26.99,53.98,4,25
1576,2020-10-19,29,2,9,1,66.99,66.99,4,28
1577,2020-10-01,25,13,9,4,89.99,359.96,4,27
1578,2020-10-07,3,6,9,2,12.99,25.98,4,27
1579,2020-10-22,2,17,9,5,33.99,169.95,4,27
1580,2020-10-27,26,3,9,1,132.27,132.27,4,26
1581,2020-10-26,11,1,9,2,1029.39,2058.78,4,26
1582,2020-10-31,14,15,9,1,44.52,44.52,4,26
1583,2020-10-26,17,19,9,3,31.8,95.4,4,27
1584,2020-10-04,14,17,9,3,49.99,149.97,3,28
1585,2020-10-19,17,5,9,3,17.99,53.97,4,28
1586,2020-10-04,15,18,9,1,13.99,13.99,4,27
1587,2020-10-22,27,6,9,2,12.99,25.98,2,26
1588,2020-10-10,20,14,9,1,104.49,104.49,4,26
1589,2020-10-03,5,10,9,1,48.74,48.74,4,28
1590,2020-10-15,8,15,9,3,62.99,188.97,4,28
1591,2020-10-02,24,3,9,3,69.11,207.33,4,28
1592,2020-10-11,24,19,9,2,14.56,29.12,4,27
1593,2020-10-21,3,16,9,5,20.7,103.5,4,27
1594,2020-10-20,28,10,9,3,30.95,92.85,4,26
1595,2020-10-30,24,8,9,3,42.72,128.16,4,28
1596,2020-10-30,10,4,9,1,140.43,140.43,4,27
1597,2020-10-09,20,5,9,1,12.99,12.99,4,28
1598,2020-10-03,24,13,9,2,75.85,151.7,4,28
1599,2020-10-18,30,7,10,1,85.99,85.99,4,31
1600,2020-10-15,16,18,10,2,8.99,17.98,4,29
1601,2020-10-22,3,18,10,2,17.99,35.98,4,31
1602,2020-10-17,10,7,10,2,99.99,199.98,4,30
1603,2020-10-20,14,7,10,5,51.57,257.85,4,30
1604,2020-10-16,13,20,10,1,31.0,31.0,1,31
1605,2020-10-07,19,20,10,1,18.46,18.46,4,30
1606,2020-10-13,12,11,10,2,457.99,915.98,4,29
1607,2020-10-04,22,15,10,3,48.07,144.21,4,31
1608,2020-10-28,25,8,10,1,83.99,83.99,4,30
1609,2020-10-13,18,6,10,3,26.06,78.18,3,30
1610,2020-10-21,14,8,10,1,25.99,25.99,4,30
1611,2020-10-17,20,20,10,3,39.99,119.97,4,31
1612,2020-10-19,22,14,10,5,102.41,512.05,4,29
1613,2020-10-13,28,11,10,4,304.99,1219.96,4,29
1614,2020-10-06,23,9,10,1,107.09,107.09,4,29
1615,2020-10-15,22,9,10,2,99.99,199.98,4,31
1616,2020-10-21,20,3,10,4,148.99,595.96,4,30
1617,2020-10-03,2,1,10,3,1319.24,3957.72,4,31
1618,2020-10-03,9,17,10,2,44.77,89.54,4,31
1619,2020-10-23,16,1,11,1,1038.04,1038.04,4,32
1620,2020-10-12,30,8,11,2,31.99,63.98,4,33
1621,2020-10-27,26,13,11,3,68.32,204.96,4,32
1622,2020-10-08,7,17,11,1,41.99,41.99,4,33
1623,2020-10-16,25,16,11,1,18.99,18.99,4,33
1624,2020-10-09,20,12,11,3,472.99,1418.97,4,32
1625,2020-10-12,23,11,11,1,499.54,499.54,4,33
1626,2020-10-23,10,8,11,3,68.99,206.97,4,32
1627,2020-10-13,8,5,11,4,19.99,79.96,2,32
1628,2020-10-24,28,10,11,2,65.0,130.0,4,33
1629,2020-10-19,11,18,11,1,18.11,18.11,4,33
1630,2020-10-16,29,4,11,1,287.99,287.99,4,33
1631,2020-10-08,20,4,11,2,170.3,340.6,4,32
1632,2020-10-30,24,1,11,3,1016.99,3050.97,4,32
1633,2020-10-31,3,6,11,2,22.9,45.8,4,33
1634,2020-10-26,19,2,11,1,111.99,111.99,4,32
1635,2020-10-28,23,5,11,1,27.99,27.99,4,33
1636,2020-10-24,27,4,11,4,124.99,499.96,4,32
1637,2020-10-08,19,13,11,2,81.95,163.9,4,33
1638,2020-10-21,16,2,12,2,86.99,173.98,4,34
1639,2020-10-20,19,9,12,2,179.99,359.98,4,34
1640,2020-10-25,19,14,12,5,136.76,683.8,4,35
1641,2020-10-21,17,4,12,2,288.99,577.98,4,35
1642,2020-10-08,22,6,12,2,11.9,23.8,4,35
1643,2020-10-01,17,6,12,2,13.65,27.3,4,35
1644,2020-10-04,15,19,12,2,26.99,53.98,4,35
1645,2020-10-25,10,5,12,1,18.99,18.99,4,35
1646,2020-10-20,22,5,12,1,11.99,11.99,4,34
1647,2020-10-06,6,13,12,5,117.49,587.45,4,35
1648,2020-10-25,8,16,12,2,20.99,41.98,4,35
1649,2020-10-11,27,16,12,2,13.99,27.98,4,35
1650,2020-10-25,2,19,13,1,34.13,34.13,4,37
1651,2020-10-01,7,17,13,3,28.21,84.63,2,36
1652,2020-10-26,18,7,13,3,136.72,410.16,4,38
1653,2020-10-09,8,3,13,1,106.97,106.97,4,36
1654,2020-10-31,22,2,13,3,121.71,365.13,4,37
1655,2020-10-20,2,13,13,1,66.42,66.42,4,36
1656,2020-10-10,5,3,13,1,156.72,156.72,4,38
1657,2020-10-28,10,4,13,1,115.99,115.99,4,38
1658,2020-10-25,18,15,13,3,69.99,209.97,4,38
1659,2020-10-28,23,17,13,1,49.72,49.72,4,38
1660,2020-10-29,11,5,13,1,15.99,15.99,4,37
1661,2020-10-09,24,5,13,1,21.84,21.84,4,36
1662,2020-10-26,17,2,13,4,88.99,355.96,4,36
1663,2020-10-02,28,20,13,3,27.78,83.34,4,37
1664,2020-10-24,3,2,13,3,91.54,274.62,4,38
1665,2020-10-03,15,12,13,2,493.99,987.98,4,38
1666,2020-10-27,15,6,13,1,16.99,16.99,4,38
1667,2020-10-15,23,10,13,3,45.99,137.97,4,38
1668,2020-10-01,13,14,14,1,146.99,146.99,4,39
1669,2020-10-19,11,15,14,2,41.02,82.04,4,40
1670,2020-10-29,28,18,14,1,7.99,7.99,3,39
1671,2020-10-20,2,19,14,2,36.99,73.98,4,39
1672,2020-10-08,7,15,14,1,87.99,87.99,4,40
1673,2020-10-25,5,7,14,1,152.99,152.99,4,40
1674,2020-10-28,13,16,14,2,13.99,27.98,4,39
1675,2020-10-27,6,3,14,1,79.96,79.96,4,39
1676,2020-10-12,11,16,14,1,23.76,23.76,4,40
1677,2020-10-09,15,10,14,1,61.14,61.14,4,39
1678,2020-10-12,10,7,14,2,141.99,283.98,4,39
1679,2020-10-03,26,15,14,4,29.95,119.8,4,40
1680,2020-10-29,5,6,14,1,9.24,9.24,4,39
1681,2020-10-16,2,16,14,4,17.99,71.96,4,39
1682,2020-10-06,6,8,14,3,75.99,227.97,4,39
1683,2020-10-04,1,17,14,1,32.99,32.99,4,40
1684,2020-10-20,26,6,14,1,31.99,31.99,4,39
1685,2020-10-30,18,8,14,3,70.99,212.97,2,40
1686,2020-10-29,14,5,15,1,18.51,18.51,4,41
1687,2020-10-18,28,8,15,1,55.05,55.05,4,41
1688,2020-10-22,20,10,15,2,58.95,117.9,4,41
1689,2020-10-08,26,10,15,1,31.99,31.99,4,41
1690,2020-10-29,8,13,15,1,96.99,96.99,4,41
1691,2020-10-15,17,15,15,3,36.9,110.7,4,42
1692,2020-10-19,28,16,15,3,20.8,62.4,4,41
1693,2020-10-06,21,1,15,3,940.99,2822.97,2,41
1694,2020-10-16,7,18,15,2,9.58,19.16,4,42
1695,2020-10-04,21,16,15,1,21.99,21.99,4,42
1696,2020-10-16,15,16,15,3,13.48,40.44,2,41
1697,2020-10-14,18,14,15,1,245.26,245.26,4,41
1698,2020-10-23,28,6,15,1,20.34,20.34,3,42
1699,2020-10-06,29,8,15,1,68.56,68.56,4,41
1700,2020-10-24,20,7,15,2,106.99,213.98,4,41
1701,2020-10-18,17,5,15,1,10.99,10.99,4,41
1702,2020-11-20,30,5,1,2,28.1,56.2,4,2
1703,2020-11-02,13,20,1,2,28.61,57.22,4,3
1704,2020-11-11,10,3,1,1,129.83,129.83,4,1
1705,2020-11-24,3,13,1,3,50.22,150.66,4,1
1706,2020-11-26,8,20,1,3,31.99,95.97,4,4
1707,2020-11-27,8,7,1,1,93.16,93.16,4,3
1708,2020-11-22,15,4,1,3,250.99,752.97,4,2
1709,2020-11-10,25,10,1,1,46.53,46.53,4,4
1710,2020-11-20,3,9,1,4,191.99,767.96,4,3
1711,2020-11-09,15,3,1,2,146.62,293.24,4,4
1712,2020-11-25,17,6,1,1,28.03,28.03,4,1
1713,2020-11-08,22,18,1,3,18.56,55.68,4,4
1714,2020-11-28,27,16,1,4,17.99,71.96,4,3
1715,2020-11-09,3,20,1,1,35.99,35.99,4,1
1716,2020-11-19,9,8,1,5,77.88,389.4,4,1
1717,2020-11-19,17,7,1,1,60.86,60.86,4,4
1718,2020-11-04,4,13,1,1,92.81,92.81,4,2
1719,2020-11-13,2,16,1,2,15.04,30.08,4,3
1720,2020-11-02,27,19,1,3,14.64,43.92,2,4
1721,2020-11-04,14,6,1,3,30.99,92.97,4,1
1722,2020-11-12,8,7,1,2,54.26,108.52,4,3
1723,2020-11-09,6,16,1,2,21.82,43.64,4,2
1724,2020-11-25,27,7,1,4,142.99,571.96,4,2
1725,2020-11-24,8,17,1,3,22.65,67.95,4,3
1726,2020-11-11,21,14,1,3,129.32,387.96,4,2
1727,2020-11-11,29,17,1,3,52.99,158.97,4,3
1728,2020-11-19,17,6,1,3,21.99,65.97,4,3
1729,2020-11-07,23,3,1,4,72.99,291.96,4,4
1730,2020-11-05,4,19,1,2,37.99,75.98,4,3
1731,2020-11-27,18,2,1,3,70.9,212.7,4,2
1732,2020-11-08,8,5,1,2,12.99,25.98,4,4
1733,2020-11-01,16,18,1,2,13.61,27.22,4,4
1734,2020-11-28,13,10,1,3,57.27,171.81,4,4
1735,2020-11-09,12,8,1,1,47.85,47.85,4,2
1736,2020-11-28,23,18,1,3,12.99,38.97,4,2
1737,2020-11-17,18,16,1,1,20.99,20.99,4,3
1738,2020-11-23,18,14,1,2,184.99,369.98,4,2
1739,2020-11-16,3,13,1,1,74.88,74.88,4,2
1740,2020-11-16,5,18,2,3,7.78,23.34,4,5
1741,2020-11-29,23,16,2,2,19.99,39.98,4,8
1742,2020-11-22,18,9,2,1,143.08,143.08,4,7
1743,2020-11-05,22,16,2,4,22.99,91.96,4,7
1744,2020-11-19,3,3,2,2,132.04,264.08,4,5
1745,2020-11-20,6,17,2,1,52.44,52.44,4,6
1746,2020-11-04,19,19,2,3,23.53,70.59,4,8
1747,2020-11-06,12,3,2,3,146.91,440.73,4,6
1748,2020-11-13,12,5,2,1,24.04,24.04,3,5
1749,2020-11-02,2,20,2,1,14.05,14.05,2,7
1750,2020-11-13,26,6,2,4,32.99,131.96,4,7
1751,2020-11-06,12,10,2,4,65.5,262.0,4,5
1752,2020-11-29,28,8,2,2,77.12,154.24,4,6
1753,2020-11-30,26,10,2,3,40.99,122.97,4,5
1754,2020-11-06,6,13,2,2,87.28,174.56,4,5
1755,2020-11-15,18,19,2,3,37.6,112.8,1,8
1756,2020-11-12,27,3,2,1,98.99,98.99,4,8
1757,2020-11-30,27,9,2,4,80.82,323.28,4,5
1758,2020-11-19,18,12,2,3,719.99,2159.97,4,8
1759,2020-11-25,21,5,2,2,16.54,33.08,4,8
1760,2020-11-11,20,11,2,1,596.3,596.3,4,8
1761,2020-11-23,27,2,2,1,56.13,56.13,4,5
1762,2020-11-19,21,10,2,3,49.99,149.97,4,7
1763,2020-11-07,18,7,2,3,124.26,372.78,4,5
1764,2020-11-28,12,4,2,4,118.73,474.92,4,5
1765,2020-11-23,23,6,2,2,23.85,47.7,2,6
1766,2020-11-07,4,19,2,1,20.01,20.01,4,7
1767,2020-11-06,27,20,2,1,36.99,36.99,4,6
1768,2020-11-08,9,14,2,3,205.53,616.59,4,8
1769,2020-11-29,30,15,2,2,29.61,59.22,4,7
1770,2020-11-27,27,19,2,1,14.26,14.26,2,8
1771,2020-11-05,8,15,2,2,35.92,71.84,4,5
1772,2020-11-06,6,10,2,5,57.6,288.0,4,7
1773,2020-11-10,19,6,2,1,12.1,12.1,4,7
1774,2020-11-03,16,11,2,1,597.45,597.45,1,6
1775,2020-11-02,6,18,2,3,15.99,47.97,4,5
1776,2020-11-15,15,16,3,3,18.61,55.83,4,11
1777,2020-11-25,11,5,3,2,26.99,53.98,4,9
1778,2020-11-30,15,4,3,4,109.99,439.96,4,9
1779,2020-11-17,6,2,3,1,101.64,101.64,4,11
1780,2020-11-03,20,18,3,1,8.93,8.93,4,11
1781,2020-11-04,14,15,3,2,65.99,131.98,4,11
1782,2020-11-12,29,2,3,3,49.0,147.0,2,9
1783,2020-11-25,28,12,3,3,416.6,1249.8,2,9
1784,2020-11-30,13,12,3,3,592.38,1777.14,4,10
1785,2020-11-16,12,13,3,2,111.99,223.98,4,11
1786,2020-11-12,10,5,3,3,27.99,83.97,4,11
1787,2020-11-06,1,7,3,3,64.84,194.52,4,10
1788,2020-11-18,13,18,3,4,11.24,44.96,4,9
1789,2020-11-14,15,9,3,5,128.99,644.95,4,10
1790,2020-11-05,7,16,3,1,10.99,10.99,4,9
1791,2020-11-22,12,17,3,2,46.5,93.0,4,10
1792,2020-11-07,16,7,3,2,98.76,197.52,4,9
1793,2020-11-28,2,14,3,1,180.99,180.99,4,9
1794,2020-11-17,15,8,3,3,49.7,149.1,4,9
1795,2020-11-24,25,15,3,2,63.5,127.0,4,9
1796,2020-11-11,28,9,3,1,189.99,189.99,4,11
1797,2020-11-20,21,10,3,3,59.99,179.97,1,9
1798,2020-11-11,11,18,3,1,7.99,7.99,4,10
1799,2020-11-12,11,14,3,4,164.99,659.96,4,11
1800,2020-11-10,18,3,3,4,74.2,296.8,4,9
1801,2020-11-20,18,8,3,2,68.99,137.98,4,11
1802,2020-11-08,22,20,3,4,15.99,63.96,4,9
1803,2020-11-16,6,7,3,2,156.99,313.98,4,9
1804,2020-11-19,29,4,4,5,288.32,1441.6,4,12
1805,2020-11-03,3,18,4,1,9.99,9.99,4,12
1806,2020-11-30,22,17,4,5,30.55,152.75,4,12
1807,2020-11-03,26,7,4,1,147.02,147.02,4,13
1808,2020-11-28,17,5,4,5,26.99,134.95,4,13
1809,2020-11-06,8,2,4,1,84.91,84.91,3,14
1810,2020-11-25,22,15,4,1,30.88,30.88,4,12
1811,2020-11-01,1,16,4,2,21.99,43.98,3,13
1812,2020-11-09,11,16,4,3,21.66,64.98,4,13
1813,2020-11-11,12,3,4,1,77.99,77.99,2,14
1814,2020-11-30,26,15,4,4,80.69,322.76,1,14
1815,2020-11-26,8,16,4,1,9.04,9.04,4,12
1816,2020-11-03,1,18,4,1,16.68,16.68,4,14
1817,2020-11-05,28,13,4,2,65.47,130.94,4,13
1818,2020-11-02,7,16,4,4,10.97,43.88,2,14
1819,2020-11-26,7,15,4,3,52.21,156.63,4,12
1820,2020-11-27,16,5,4,3,18.38,55.14,4,14
1821,2020-11-28,6,2,4,1,62.99,62.99,4,14
1822,2020-11-18,7,13,4,1,98.99,98.99,4,14
1823,2020-11-25,6,20,4,2,30.58,61.16,4,13
1824,2020-11-10,9,5,4,3,19.61,58.83,4,13
1825,2020-11-09,6,6,4,1,21.84,21.84,2,12
1826,2020-11-03,29,15,4,2,87.63,175.26,4,14
1827,2020-11-25,12,19,4,3,29.99,89.97,4,14
1828,2020-11-27,12,6,4,3,17.99,53.97,4,14
1829,2020-11-18,7,20,4,2,14.99,29.98,4,12
1830,2020-11-15,26,6,4,2,32.38,64.76,4,13
1831,2020-11-25,1,7,4,3,90.96,272.88,4,12
1832,2020-11-12,26,1,4,4,889.62,3558.48,4,14
1833,2020-11-01,5,7,4,1,50.99,50.99,4,13
1834,2020-11-28,8,11,5,2,502.31,1004.62,4,15
1835,2020-11-06,22,9,5,1,82.78,82.78,4,15
1836,2020-11-20,8,6,5,5,29.89,149.45,2,17
1837,2020-11-21,21,4,5,3,183.99,551.97,4,16
1838,2020-11-10,12,6,5,4,18.61,74.44,2,17
1839,2020-11-12,7,8,5,3,83.25,249.75,4,16
1840,2020-11-29,26,20,5,2,29.99,59.98,4,16
1841,2020-11-05,26,20,5,2,39.52,79.04,4,17
1842,2020-11-27,16,17,5,2,19.7,39.4,1,17
1843,2020-11-20,17,6,5,2,32.41,64.82,4,16
1844,2020-11-03,25,8,5,3,41.99,125.97,4,15
1845,2020-11-02,8,9,5,1,115.3,115.3,4,17
1846,2020-11-26,11,6,5,5,24.72,123.6,4,16
1847,2020-11-21,30,4,5,2,157.99,315.98,4,17
1848,2020-11-17,10,17,5,3,34.23,102.69,2,15
1849,2020-11-07,1,3,5,2,134.99,269.98,4,15
1850,2020-11-30,15,20,5,2,18.4,36.8,4,17
1851,2020-11-30,9,6,5,3,19.99,59.97,4,15
1852,2020-11-01,28,3,5,2,94.99,189.98,4,16
1853,2020-11-18,14,2,5,1,63.24,63.24,4,17
1854,2020-11-21,19,6,5,1,22.3,22.3,4,17
1855,2020-11-16,3,2,5,1,90.82,90.82,4,15
1856,2020-11-25,12,7,5,1,85.99,85.99,4,16
1857,2020-11-02,21,10,5,3,49.99,149.97,4,16
1858,2020-11-06,30,3,5,1,64.65,64.65,3,16
1859,2020-11-27,16,16,5,1,20.14,20.14,4,15
1860,2020-11-05,11,10,5,3,54.99,164.97,4,16
1861,2020-11-16,23,1,6,2,838.99,1677.98,1,20
1862,2020-11-19,12,10,6,1,64.27,64.27,4,20
1863,2020-11-13,18,5,6,4,22.99,91.96,4,18
1864,2020-11-17,27,7,6,3,76.99,230.97,4,18
1865,2020-11-13,10,3,6,1,119.34,119.34,4,19
1866,2020-11-13,4,5,6,2,11.13,22.26,4,18
1867,2020-11-25,24,12,6,3,736.1,2208.3,4,19
1868,2020-11-12,21,9,6,1,184.73,184.73,4,20
1869,2020-11-01,7,6,6,4,14.37,57.48,4,18
1870,2020-11-11,13,9,6,3,188.71,566.13,4,20
1871,2020-11-26,28,20,6,1,16.99,16.99,1,18
1872,2020-11-28,9,1,6,1,1027.85,1027.85,4,18
1873,2020-11-02,21,7,6,5,129.99,649.95,4,18
1874,2020-11-21,25,1,6,4,979.99,3919.96,4,18
1875,2020-11-29,30,20,6,1,31.83,31.83,4,18
1876,2020-11-29,16,19,6,1,15.99,15.99,4,18
1877,2020-11-19,9,16,6,1,16.99,16.99,4,19
1878,2020-11-07,22,2,6,1,88.79,88.79,4,19
1879,2020-11-01,2,13,6,1,99.99,99.99,4,20
1880,2020-11-16,9,5,6,3,27.99,83.97,4,18
1881,2020-11-26,21,1,6,4,1300.24,5200.96,4,18
1882,2020-11-16,23,17,6,1,32.11,32.11,4,20
1883,2020-11-16,12,10,6,4,58.05,232.2,4,20
1884,2020-11-21,6,7,7,2,99.99,199.98,4,23
1885,2020-11-27,29,15,7,3,53.47,160.41,2,22
1886,2020-11-29,30,3,7,2,104.08,208.16,4,22
1887,2020-11-29,17,2,7,1,76.33,76.33,4,23
1888,2020-11-28,5,17,7,3,33.27,99.81,4,21
1889,2020-11-17,17,10,7,2,39.19,78.38,4,21
1890,2020-11-24,23,5,7,2,15.51,31.02,4,22
1891,2020-11-30,22,8,7,1,47.47,47.47,4,22
1892,2020-11-04,21,5,7,1,22.88,22.88,4,22
1893,2020-11-29,17,17,7,2,51.97,103.94,4,21
1894,2020-11-25,27,8,7,2,31.18,62.36,1,21
1895,2020-11-10,6,3,7,1,84.34,84.34,4,23
1896,2020-11-12,1,15,7,2,48.99,97.98,4,23
1897,2020-11-20,16,13,7,2,42.35,84.7,2,23
1898,2020-11-12,23,2,7,4,79.7,318.8,3,22
1899,2020-11-19,12,14,7,2,102.99,205.98,4,23
1900,2020-11-29,9,3,7,1,83.54,83.54,4,23
1901,2020-11-04,24,9,7,1,195.99,195.99,4,22
1902,2020-11-25,15,16,7,2,9.52,19.04,4,21
1903,2020-11-22,30,17,7,2,37.07,74.14,4,23
1904,2020-11-13,18,17,7,3,27.99,83.97,4,23
1905,2020-11-06,10,19,7,1,29.03,29.03,4,21
1906,2020-11-27,16,2,7,1,79.98,79.98,4,22
1907,2020-11-06,2,17,7,1,31.24,31.24,4,22
1908,2020-11-08,26,16,7,5,8.99,44.95,4,23
1909,2020-11-20,15,11,7,1,492.99,492.99,4,22
1910,2020-11-23,18,7,7,2,52.69,105.38,4,21
1911,2020-11-03,9,2,7,1,81.11,81.11,4,23
1912,2020-11-29,1,3,7,1,76.99,76.99,4,21
1913,2020-11-18,9,7,7,1,134.99,134.99,4,22
1914,2020-11-18,7,2,7,1,107.99,107.99,4,21
1915,2020-11-17,4,17,8,2,19.32,38.64,4,25
1916,2020-11-30,16,5,8,1,18.5,18.5,2,24
1917,2020-11-18,18,14,8,1,118.04,118.04,4,24
1918,2020-11-03,3,9,8,1,166.94,166.94,4,24
1919,2020-11-08,14,18,8,3,7.0,21.0,4,24
1920,2020-11-07,30,15,8,2,65.39,130.78,4,25
1921,2020-11-05,26,9,8,2,166.99,333.98,4,25
1922,2020-11-10,3,10,8,2,45.69,91.38,4,25
1923,2020-11-25,21,3,8,1,98.33,98.33,4,24
1924,2020-11-30,27,6,8,4,31.24,124.96,4,25
1925,2020-11-25,23,18,8,2,8.09,16.18,4,24
1926,2020-11-17,3,13,8,2,113.73,227.46,4,25
1927,2020-11-08,29,6,8,4,22.99,91.96,4,25
1928,2020-11-27,22,6,8,1,24.54,24.54,4,25
1929,2020-11-20,5,18,8,1,15.23,15.23,4,25
1930,2020-11-07,19,17,8,1,44.99,44.99,4,24
1931,2020-11-20,27,17,8,1,42.31,42.31,4,25
1932,2020-11-16,30,16,8,2,10.34,20.68,4,25
1933,2020-11-13,13,17,8,1,47.99,47.99,4,24
1934,2020-11-30,19,20,8,2,24.99,49.98,4,25
1935,2020-11-21,20,20,8,2,23.99,47.98,4,24
1936,2020-11-12,2,16,8,4,12.44,49.76,4,24
1937,2020-11-26,24,3,8,1,148.13,148.13,2,25
1938,2020-11-20,10,16,9,1,11.53,11.53,4,27
1939,2020-11-30,27,11,9,1,441.99,441.99,4,26
1940,2020-11-26,13,20,9,2,14.0,28.0,4,26
1941,2020-11-20,9,20,9,1,20.89,20.89,4,27
1942,2020-11-20,6,4,9,1,99.63,99.63,4,26
1943,2020-11-28,13,13,9,1,46.99,46.99,4,27
1944,2020-11-15,29,4,9,4,248.99,995.96,4,27
1945,2020-11-07,16,18,9,3,12.99,38.97,4,27
1946,2020-11-20,15,7,9,1,63.99,63.99,4,28
1947,2020-11-22,26,7,9,1,83.56,83.56,4,27
1948,2020-11-10,13,19,9,4,38.02,152.08,4,28
1949,2020-11-21,15,16,9,3,13.99,41.97,4,28
1950,2020-11-16,15,8,9,1,40.99,40.99,4,27
1951,2020-11-09,6,9,9,4,152.85,611.4,4,26
1952,2020-11-28,13,2,9,1,67.29,67.29,4,27
1953,2020-11-20,2,16,9,1,22.91,22.91,4,27
1954,2020-11-28,28,8,9,1,44.94,44.94,4,26
1955,2020-11-03,19,14,9,3,229.77,689.31,4,28
1956,2020-11-10,14,11,9,1,530.99,530.99,4,26
1957,2020-11-03,9,17,9,2,47.05,94.1,4,26
1958,2020-11-06,30,4,9,1,100.75,100.75,4,26
1959,2020-11-17,17,17,9,4,32.99,131.96,4,28
1960,2020-11-28,28,3,9,3,115.99,347.97,4,28
1961,2020-11-06,23,16,9,1,16.99,16.99,4,26
1962,2020-11-05,15,1,9,3,1204.99,3614.97,4,28
1963,2020-11-13,15,18,10,5,11.25,56.25,4,31
1964,2020-11-24,9,8,10,4,35.68,142.72,4,31
1965,2020-11-02,20,5,10,4,11.31,45.24,4,30
1966,2020-11-10,11,7,10,1,50.76,50.76,4,30
1967,2020-11-05,19,8,10,1,74.99,74.99,4,31
1968,2020-11-29,15,5,10,2,18.33,36.66,4,30
1969,2020-11-15,2,3,10,5,148.7,743.5,4,29
1970,2020-11-02,30,7,10,4,143.99,575.96,4,30
1971,2020-11-27,16,10,10,4,63.75,255.0,4,29
1972,2020-11-07,17,6,10,1,11.63,11.63,4,29
1973,2020-11-02,7,1,10,2,813.48,1626.96,4,31
1974,2020-11-15,11,7,10,1,137.13,137.13,4,30
1975,2020-11-25,25,9,10,1,170.31,170.31,4,31
1976,2020-11-03,5,20,10,1,34.0,34.0,4,30
1977,2020-11-05,30,3,10,1,96.99,96.99,2,29
1978,2020-11-01,7,20,10,2,25.69,51.38,4,30
1979,2020-11-18,30,12,10,1,432.11,432.11,4,29
1980,2020-11-16,8,17,10,4,24.96,99.84,4,30
1981,2020-11-22,29,9,10,2,196.33,392.66,4,30
1982,2020-11-09,18,13,10,1,92.2,92.2,4,31
1983,2020-11-27,17,16,10,1,17.5,17.5,4,31
1984,2020-11-01,9,8,10,4,44.24,176.96,4,30
1985,2020-11-02,10,20,10,1,17.99,17.99,4,30
1986,2020-11-29,15,20,10,4,33.53,134.12,4,29
1987,2020-11-13,11,8,10,1,35.4,35.4,4,30
1988,2020-11-03,30,17,10,2,47.99,95.98,4,29
1989,2020-11-01,12,6,10,1,21.65,21.65,4,29
1990,2020-11-13,13,13,10,4,61.92,247.68,4,30
1991,2020-11-06,19,13,11,4,46.99,187.96,4,33
1992,2020-11-05,16,10,11,4,60.74,242.96,4,32
1993,2020-11-02,6,1,11,1,1388.99,1388.99,4,32
1994,2020-11-27,22,16,11,1,21.99,21.99,3,32
1995,2020-11-03,20,20,11,3,18.99,56.97,4,32
1996,2020-11-16,19,3,11,2,111.61,223.22,4,33
1997,2020-11-03,28,9,11,1,169.89,169.89,4,33
1998,2020-11-08,2,15,11,4,68.9,275.6,4,33
1999,2020-11-12,10,20,11,2,36.81,73.62,4,33
2000,2020-11-26,10,20,11,1,26.92,26.92,1,33
2001,2020-11-19,5,18,11,5,8.51,42.55,4,32
2002,2020-11-11,19,15,11,3,54.99,164.97,4,32
2003,2020-11-22,19,11,11,4,322.42,1289.68,1,33
2004,2020-11-13,3,4,11,1,268.99,268.99,4,32
2005,2020-11-16,13,9,11,2,175.05,350.1,4,33
2006,2020-11-22,30,6,11,1,29.36,29.36,4,32
2007,2020-11-16,11,18,11,1,8.68,8.68,4,32
2008,2020-11-09,24,19,11,2,33.27,66.54,4,32
2009,2020-11-26,11,13,11,1,100.73,100.73,4,32
2010,2020-11-05,22,6,11,2,32.13,64.26,4,33
2011,2020-11-20,25,5,12,2,23.38,46.76,4,34
2012,2020-11-25,10,9,12,1,145.61,145.61,2,35
2013,2020-11-30,29,9,12,4,176.99,707.96,4,34
2014,2020-11-29,2,15,12,3,62.99,188.97,1,34
2015,2020-11-02,27,5,12,1,9.0,9.0,2,35
2016,2020-11-18,18,17,12,1,50.27,50.27,4,35
2017,2020-11-26,20,6,12,2,24.08,48.16,4,34
2018,2020-11-25,8,3,12,2,91.86,183.72,4,35
2019,2020-11-22,11,8,12,5,25.99,129.95,4,34
2020,2020-11-09,10,4,12,2,279.99,559.98,4,35
2021,2020-11-04,10,16,12,5,19.06,95.3,1,35
2022,2020-11-28,30,3,12,5,65.6,328.0,4,34
2023,2020-11-09,4,20,12,1,28.01,28.01,4,35
2024,2020-11-17,22,3,12,3,93.99,281.97,4,35
2025,2020-11-26,9,4,12,4,223.07,892.28,4,34
2026,2020-11-03,11,4,12,2,235.99,471.98,4,34
2027,2020-11-25,1,14,12,4,217.9,871.6,4,35
2028,2020-11-25,7,17,12,1,41.95,41.95,4,34
2029,2020-11-03,24,20,12,3,40.15,120.45,4,34
2030,2020-11-15,21,7,12,1,53.62,53.62,2,35
2031,2020-11-01,30,20,12,2,25.63,51.26,4,35
2032,2020-11-28,5,9,12,2,140.99,281.98,4,34
2033,2020-11-16,18,11,13,3,290.91,872.73,4,38
2034,2020-11-21,10,6,13,3,16.63,49.89,2,38
2035,2020-11-22,5,20,13,1,23.99,23.99,4,38
2036,2020-11-14,17,20,13,1,21.99,21.99,2,37
2037,2020-11-11,3,4,13,4,219.58,878.32,4,36
2038,2020-11-04,25,20,13,1,17.46,17.46,4,37
2039,2020-11-03,9,5,13,4,20.0,80.0,4,37
2040,2020-11-26,30,16,13,4,16.74,66.96,4,38
2041,2020-11-04,25,19,13,1,34.99,34.99,4,36
2042,2020-11-24,3,2,13,5,95.99,479.95,4,36
2043,2020-11-16,13,17,13,1,24.72,24.72,4,38
2044,2020-11-08,6,3,13,2,115.9,231.8,4,36
2045,2020-11-01,24,9,13,1,164.92,164.92,4,38
2046,2020-11-08,1,20,13,2,21.65,43.3,4,38
2047,2020-11-07,8,10,13,2,52.99,105.98,4,36
2048,2020-11-10,13,7,13,2,111.99,223.98,4,38
2049,2020-11-29,14,3,13,2,108.77,217.54,4,37
2050,2020-11-07,23,16,13,2,21.03,42.06,4,36
2051,2020-11-08,2,3,13,5,133.49,667.45,4,36
2052,2020-11-05,9,20,13,2,32.25,64.5,4,36
2053,2020-11-01,11,8,13,2,34.41,68.82,4,36
2054,2020-11-12,14,6,13,2,26.69,53.38,4,37
2055,2020-11-21,13,3,13,1,125.59,125.59,4,37
2056,2020-11-16,14,19,13,1,23.99,23.99,4,36
2057,2020-11-27,15,2,13,1,82.07,82.07,4,38
2058,2020-11-09,25,4,13,2,250.99,501.98,4,36
2059,2020-11-10,15,14,13,3,140.34,421.02,4,36
2060,2020-11-06,15,9,13,1,99.47,99.47,4,36
2061,2020-11-18,30,10,13,1,57.85,57.85,4,36
2062,2020-11-09,17,18,13,3,7.24,21.72,4,37
2063,2020-11-08,9,19,13,3,30.71,92.13,4,36
2064,2020-11-26,30,19,13,2,37.99,75.98,4,36
2065,2020-11-11,25,16,13,2,13.46,26.92,4,38
2066,2020-11-24,25,6,13,1,29.92,29.92,4,37
2067,2020-11-22,20,18,14,1,11.99,11.99,4,40
2068,2020-11-02,12,18,14,3,13.39,40.17,4,40
2069,2020-11-18,3,1,14,2,881.2,1762.4,2,39
2070,2020-11-14,24,10,14,1,68.59,68.59,4,39
2071,2020-11-08,7,16,14,1,12.1,12.1,4,40
2072,2020-11-09,29,14,14,4,113.02,452.08,4,40
2073,2020-11-03,26,17,14,1,43.8,43.8,4,39
2074,2020-11-23,30,16,14,3,11.46,34.38,4,40
2075,2020-11-03,8,10,14,1,56.86,56.86,4,40
2076,2020-11-18,1,16,14,5,17.15,85.75,4,39
2077,2020-11-27,24,4,14,3,137.99,413.97,4,39
2078,2020-11-15,15,2,14,2,51.52,103.04,4,39
2079,2020-11-12,29,14,14,3,163.77,491.31,4,40
2080,2020-11-06,1,9,14,1,138.29,138.29,4,39
2081,2020-11-04,6,3,14,1,100.51,100.51,4,39
2082,2020-11-06,17,5,14,4,12.15,48.6,4,40
2083,2020-11-19,15,5,14,1,25.73,25.73,4,40
2084,2020-11-20,24,5,14,1,14.91,14.91,4,39
2085,2020-11-03,4,18,14,4,9.76,39.04,4,39
2086,2020-11-04,13,11,15,1,311.93,311.93,4,41
2087,2020-11-08,17,19,15,1,26.99,26.99,4,41
2088,2020-11-09,18,5,15,3,9.88,29.64,4,41
2089,2020-11-05,8,17,15,2,40.99,81.98,4,41
2090,2020-11-18,25,2,15,2,103.51,207.02,4,42
2091,2020-11-02,25,16,15,3,19.05,57.15,4,41
2092,2020-11-03,25,6,15,1,13.95,13.95,3,41
2093,2020-11-21,26,7,15,3,156.99,470.97,4,41
2094,2020-11-26,21,19,15,3,19.99,59.97,4,42
2095,2020-11-20,18,15,15,1,60.33,60.33,4,42
2096,2020-11-27,17,16,15,1,15.5,15.5,4,41
2097,2020-11-02,1,13,15,4,69.23,276.92,3,42
2098,2020-11-17,5,6,15,1,12.2,12.2,4,42
2099,2020-11-17,11,5,15,3,16.32,48.96,4,42
2100,2020-11-13,18,16,15,2,8.0,16.0,4,41
2101,2020-11-28,15,13,15,3,40.36,121.08,4,42
2102,2020-11-28,6,19,15,1,19.99,19.99,4,41
2103,2020-11-13,17,5,15,4,27.3,109.2,4,41
2104,2020-11-24,28,5,15,2,18.47,36.94,4,41
2105,2020-11-07,25,7,15,2,55.99,111.98,4,41
2106,2020-11-03,13,3,15,3,111.17,333.51,4,42
2107,2020-11-10,6,8,15,1,51.87,51.87,4,41
2108,2020-11-24,14,18,15,1,17.99,17.99,4,41
2109,2020-12-02,10,17,1,1,52.99,52.99,4,4
2110,2020-12-28,13,2,1,3,78.52,235.56,4,2
2111,2020-12-07,30,20,1,3,26.99,80.97,4,1
2112,2020-12-28,19,6,1,3,27.99,83.97,4,1
2113,2020-12-17,27,10,1,1,67.9,67.9,4,3
2114,2020-12-02,11,15,1,1,67.34,67.34,4,1
2115,2020-12-07,7,19,1,1,27.16,27.16,4,3
2116,2020-12-04,8,8,1,3,30.76,92.28,4,2
2117,2020-12-15,26,16,1,2,16.99,33.98,4,1
2118,2020-12-21,16,15,1,1,67.64,67.64,2,2
2119,2020-12-28,3,2,1,4,97.95,391.8,4,1
2120,2020-12-11,4,20,1,5,38.03,190.15,4,4
2121,2020-12-17,1,18,1,1,7.32,7.32,4,2
2122,2020-12-11,4,17,2,3,36.99,110.97,4,6
2123,2020-12-11,23,9,2,1,105.87,105.87,4,8
2124,2020-12-24,30,19,2,4,30.99,123.96,4,5
2125,2020-12-12,2,3,2,1,65.99,65.99,4,5
2126,2020-12-25,4,12,2,1,597.5,597.5,4,7
2127,2020-12-19,14,3,2,1,131.3,131.3,4,6
2128,2020-12-17,8,4,2,1,165.99,165.99,4,8
2129,2020-12-02,28,16,2,1,16.58,16.58,2,7
2130,2020-12-21,26,1,2,1,1360.36,1360.36,4,7
2131,2020-12-24,23,2,2,1,59.3,59.3,1,5
2132,2020-12-31,2,4,2,1,178.57,178.57,4,6
2133,2020-12-25,5,2,2,1,123.99,123.99,4,8
2134,2020-12-25,29,5,2,1,25.35,25.35,4,7
2135,2020-12-19,21,3,3,2,115.14,230.28,4,10
2136,2020-12-17,10,18,3,5,7.99,39.95,4,11
2137,2020-12-26,15,10,3,1,38.5,38.5,4,9
2138,2020-12-24,5,19,3,1,18.99,18.99,4,10
2139,2020-12-02,12,3,3,3,60.81,182.43,4,10
2140,2020-12-19,3,13,3,1,52.99,52.99,4,10
2141,2020-12-09,6,13,3,3,95.49,286.47,4,10
2142,2020-12-25,26,14,3,4,197.52,790.08,4,10
2143,2020-12-25,24,13,3,3,117.5,352.5,4,11
2144,2020-12-10,26,3,3,2,122.68,245.36,4,10
2145,2020-12-19,1,3,3,4,115.95,463.8,4,11
2146,2020-12-31,7,4,3,1,255.07,255.07,4,9
2147,2020-12-05,14,17,3,2,52.99,105.98,4,10
2148,2020-12-01,16,20,4,2,17.3,34.6,4,12
2149,2020-12-01,6,14,4,1,183.25,183.25,4,14
2150,2020-12-20,22,5,4,2,15.99,31.98,4,14
2151,2020-12-05,18,15,4,3,87.86,263.58,4,12
2152,2020-12-31,22,8,4,5,82.74,413.7,4,12
2153,2020-12-01,28,11,4,2,516.09,1032.18,4,12
2154,2020-12-22,26,5,4,2,16.57,33.14,1,14
2155,2020-12-01,26,11,4,1,539.71,539.71,4,13
2156,2020-12-26,19,10,4,5,58.99,294.95,4,13
2157,2020-12-09,5,8,5,2,74.48,148.96,4,15
2158,2020-12-29,1,2,5,2,65.99,131.98,4,15
2159,2020-12-14,30,13,5,1,43.41,43.41,4,16
2160,2020-12-17,3,5,5,1,21.24,21.24,4,17
2161,2020-12-01,3,2,5,2,96.99,193.98,4,16
2162,2020-12-20,24,2,5,1,80.99,80.99,4,16
2163,2020-12-07,15,18,5,2,8.72,17.44,4,17
2164,2020-12-09,29,5,5,2,19.99,39.98,2,16
2165,2020-12-29,13,3,6,3,117.99,353.97,4,19
2166,2020-12-03,16,16,6,2,14.99,29.98,1,20
2167,2020-12-19,20,16,6,3,11.99,35.97,4,18
2168,2020-12-18,7,5,6,1,13.64,13.64,4,18
2169,2020-12-11,30,7,6,1,149.74,149.74,4,18
2170,2020-12-30,1,2,6,4,119.99,479.96,3,18
2171,2020-12-06,4,1,6,3,941.78,2825.34,4,18
2172,2020-12-05,18,9,7,5,116.99,584.95,4,23
2173,2020-12-29,10,15,7,1,31.95,31.95,4,22
2174,2020-12-11,28,2,7,1,52.44,52.44,4,22
2175,2020-12-10,8,20,7,1,20.99,20.99,4,22
2176,2020-12-04,29,19,7,3,26.49,79.47,4,22
2177,2020-12-03,6,1,7,1,1093.95,1093.95,4,23
2178,2020-12-06,7,3,7,2,155.99,311.98,4,22
2179,2020-12-24,26,18,8,1,12.11,12.11,4,25
2180,2020-12-18,4,5,8,2,28.92,57.84,4,24
2181,2020-12-19,24,16,8,2,19.25,38.5,4,24
2182,2020-12-13,4,15,8,2,32.67,65.34,4,25
2183,2020-12-29,25,8,8,4,25.99,103.96,4,24
2184,2020-12-05,27,3,8,1,120.99,120.99,4,24
2185,2020-12-13,22,15,8,1,49.1,49.1,4,25
2186,2020-12-22,19,5,9,3,19.46,58.38,4,26
2187,2020-12-19,19,3,9,5,134.5,672.5,4,27
2188,2020-12-18,9,17,9,2,39.99,79.98,4,26
2189,2020-12-01,5,20,9,4,36.35,145.4,4,26
2190,2020-12-08,18,15,9,5,64.89,324.45,4,27
2191,2020-12-10,10,15,9,1,73.13,73.13,4,28
2192,2020-12-21,12,3,9,2,109.75,219.5,4,27
2193,2020-12-02,15,16,9,1,10.86,10.86,4,26
2194,2020-12-13,18,9,9,1,190.41,190.41,4,28
2195,2020-12-03,3,20,9,2,41.25,82.5,4,28
2196,2020-12-13,28,10,9,2,46.46,92.92,4,28
2197,2020-12-27,11,18,10,2,12.93,25.86,4,31
2198,2020-12-18,17,6,10,2,13.84,27.68,4,29
2199,2020-12-02,29,16,10,3,21.88,65.64,4,29
2200,2020-12-24,22,14,10,2,102.99,205.98,4,30
2201,2020-12-18,24,4,10,4,151.99,607.96,4,30
2202,2020-12-15,7,13,10,1,103.99,103.99,4,29
2203,2020-12-21,22,20,10,3,37.71,113.13,4,31
2204,2020-12-08,7,18,10,5,18.09,90.45,4,31
2205,2020-12-06,22,5,10,4,12.73,50.92,4,31
2206,2020-12-30,30,9,11,2,193.99,387.98,4,33
2207,2020-12-08,8,18,11,2,15.99,31.98,4,33
2208,2020-12-31,18,10,11,1,30.03,30.03,4,33
2209,2020-12-31,28,7,11,1,84.25,84.25,4,33
2210,2020-12-27,1,5,11,1,21.46,21.46,4,32
2211,2020-12-27,30,13,11,4,85.99,343.96,4,32
2212,2020-12-27,19,16,11,1,8.6,8.6,4,32
2213,2020-12-10,10,3,11,1,140.99,140.99,4,33
2214,2020-12-06,29,7,11,3,101.34,304.02,4,32
2215,2020-12-08,15,17,12,1,52.99,52.99,4,35
2216,2020-12-23,26,18,12,1,15.99,15.99,4,34
2217,2020-12-06,20,9,12,3,137.08,411.24,4,34
2218,2020-12-27,16,3,12,1,71.98,71.98,4,34
2219,2020-12-28,13,16,12,4,22.96,91.84,4,34
2220,2020-12-25,2,8,12,4,62.35,249.4,4,35
2221,2020-12-18,10,8,12,1,70.19,70.19,4,34
2222,2020-12-29,18,15,13,1,64.3,64.3,4,38
2223,2020-12-11,27,17,13,1,36.99,36.99,4,38
2224,2020-12-04,26,20,13,2,22.99,45.98,4,38
2225,2020-12-29,5,2,13,1,67.37,67.37,4,37
2226,2020-12-31,21,5,13,3,25.99,77.97,2,36
2227,2020-12-16,7,2,13,2,92.99,185.98,2,38
2228,2020-12-10,17,18,13,2,14.04,28.08,4,38
2229,2020-12-16,23,20,13,2,39.17,78.34,4,36
2230,2020-12-10,5,14,13,1,153.94,153.94,4,38
2231,2020-12-06,10,19,13,5,14.99,74.95,4,36
2232,2020-12-23,27,10,13,3,35.99,107.97,4,36
2233,2020-12-05,21,18,13,2,13.99,27.98,4,36
2234,2020-12-29,8,3,14,1,75.02,75.02,4,40
2235,2020-12-01,25,10,14,2,57.25,114.5,4,40
2236,2020-12-06,16,19,14,1,31.99,31.99,4,40
2237,2020-12-16,5,3,14,1,120.86,120.86,4,39
2238,2020-12-22,13,16,14,3,14.28,42.84,4,39
2239,2020-12-15,21,20,14,1,25.99,25.99,4,40
2240,2020-12-23,30,16,14,5,21.99,109.95,4,39
2241,2020-12-19,30,20,15,3,38.68,116.04,4,41
2242,2020-12-26,28,6,15,2,15.14,30.28,4,41
2243,2020-12-06,12,6,15,3,31.25,93.75,4,41
2244,2020-12-31,14,6,15,2,25.76,51.52,4,41
2245,2020-12-08,13,4,15,1,101.99,101.99,4,42
2246,2020-12-19,25,17,15,2,44.99,89.98,4,42
2247,2020-12-27,19,18,15,1,13.85,13.85,4,42
2248,2020-12-11,29,5,15,3,27.21,81.63,4,42
2249,2020-12-23,11,19,15,2,27.96,55.92,4,41
2250,2021-01-05,22,2,1,1,78.14,78.14,4,1
2251,2021-01-02,6,11,1,4,341.86,1367.44,4,1
2252,2021-01-31,15,15,1,1,41.64,41.64,4,4
2253,2021-01-12,12,15,1,1,61.1,61.1,4,2
2254,2021-01-30,27,16,1,1,11.99,11.99,4,1
2255,2021-01-21,19,3,1,1,65.64,65.64,4,3
2256,2021-01-07,19,18,1,1,8.79,8.79,4,1
2257,2021-01-24,24,19,1,3,15.99,47.97,4,3
2258,2021-01-28,7,16,1,2,10.99,21.98,4,1
2259,2021-01-16,22,3,1,1,154.99,154.99,1,4
2260,2021-01-24,7,4,1,1,236.36,236.36,4,2
2261,2021-01-15,5,16,1,1,20.34,20.34,4,1
2262,2021-01-13,5,8,1,1,63.99,63.99,4,2
2263,2021-01-11,30,15,1,4,40.88,163.52,4,4
2264,2021-01-02,7,6,1,2,13.99,27.98,4,4
2265,2021-01-21,26,18,1,3,8.24,24.72,4,3
2266,2021-01-04,1,3,1,2,72.99,145.98,3,4
2267,2021-01-11,5,20,1,1,14.48,14.48,4,3
2268,2021-01-28,12,7,1,3,56.26,168.78,4,4
2269,2021-01-26,23,19,1,1,31.36,31.36,1,3
2270,2021-01-08,4,20,1,1,24.99,24.99,4,2
2271,2021-01-12,25,7,1,1,51.97,51.97,4,2
2272,2021-01-25,5,4,1,4,182.99,731.96,4,4
2273,2021-01-08,9,11,1,1,465.8,465.8,4,1
2274,2021-01-03,28,8,1,2,33.32,66.64,4,1
2275,2021-01-31,11,19,1,1,35.6,35.6,4,3
2276,2021-01-21,23,1,1,1,833.99,833.99,4,3
2277,2021-01-29,16,8,1,1,81.99,81.99,2,4
2278,2021-01-19,12,15,1,1,79.61,79.61,4,3
2279,2021-01-27,27,3,1,2,59.0,118.0,1,3
2280,2021-01-26,4,17,1,1,48.02,48.02,4,1
2281,2021-01-08,13,3,1,3,67.99,203.97,4,3
2282,2021-01-18,4,1,1,2,886.99,1773.98,4,3
2283,2021-01-11,15,16,1,1,8.68,8.68,4,1
2284,2021-01-15,11,16,1,5,20.99,104.95,4,1
2285,2021-01-31,10,6,1,3,13.55,40.65,3,2
2286,2021-01-14,18,4,1,2,239.68,479.36,4,3
2287,2021-01-07,1,3,1,1,126.11,126.11,4,3
2288,2021-01-13,26,4,1,4,266.67,1066.68,4,4
2289,2021-01-05,19,2,1,2,115.46,230.92,4,1
2290,2021-01-02,9,2,1,2,57.01,114.02,4,4
2291,2021-01-01,26,16,1,1,17.42,17.42,4,1
2292,2021-01-09,24,2,1,2,92.51,185.02,3,3
2293,2021-01-19,28,16,1,2,13.04,26.08,4,3
2294,2021-01-11,2,17,1,2,37.07,74.14,4,3
2295,2021-01-27,16,13,1,3,81.34,244.02,4,4
2296,2021-01-03,19,5,1,3,24.99,74.97,4,4
2297,2021-01-10,30,3,2,5,73.84,369.2,4,8
2298,2021-01-16,9,9,2,1,90.99,90.99,4,6
2299,2021-01-24,17,15,2,2,83.72,167.44,4,7
2300,2021-01-01,27,2,2,1,83.46,83.46,4,7
2301,2021-01-01,2,5,2,3,18.99,56.97,1,8
2302,2021-01-27,22,4,2,2,230.99,461.98,4,5
2303,2021-01-29,26,19,2,1,31.11,31.11,4,5
2304,2021-01-20,25,10,2,4,63.99,255.96,4,8
2305,2021-01-01,18,16,2,4,16.13,64.52,4,7
2306,2021-01-18,29,19,2,1,17.46,17.46,4,7
2307,2021-01-29,17,18,2,2,12.28,24.56,4,6
2308,2021-01-01,2,10,2,1,30.87,30.87,4,5
2309,2021-01-03,6,18,2,2,8.02,16.04,3,6
2310,2021-01-22,6,3,2,3,118.04,354.12,4,8
2311,2021-01-14,17,11,2,2,512.25,1024.5,4,6
2312,2021-01-30,22,18,2,1,13.99,13.99,4,5
2313,2021-01-29,26,17,2,1,34.38,34.38,4,8
2314,2021-01-08,10,4,2,1,173.99,173.99,4,6
2315,2021-01-19,26,17,2,1,42.04,42.04,4,8
2316,2021-01-23,27,14,2,2,135.99,271.98,4,8
2317,2021-01-01,17,5,2,1,16.99,16.99,4,7
2318,2021-01-13,30,3,2,2,83.32,166.64,4,7
2319,2021-01-18,17,3,2,1,99.01,99.01,4,6
2320,2021-01-02,5,18,2,2,8.82,17.64,4,7
2321,2021-01-20,14,13,2,2,43.99,87.98,4,5
2322,2021-01-27,29,3,2,1,134.55,134.55,4,6
2323,2021-01-27,23,18,2,1,9.56,9.56,4,8
2324,2021-01-11,8,4,2,4,163.24,652.96,4,5
2325,2021-01-25,1,18,2,1,18.47,18.47,4,6
2326,2021-01-09,4,3,2,1,61.99,61.99,4,8
2327,2021-01-01,14,17,2,4,35.92,143.68,4,8
2328,2021-01-30,25,16,2,3,17.51,52.53,4,6
2329,2021-01-02,30,11,2,4,410.6,1642.4,1,5
2330,2021-01-15,17,5,2,3,25.79,77.37,4,5
2331,2021-01-21,9,7,2,2,108.22,216.44,4,8
2332,2021-01-19,20,8,3,2,83.99,167.98,4,11
2333,2021-01-29,11,18,3,2,18.75,37.5,1,10
2334,2021-01-20,20,3,3,1,143.48,143.48,4,11
2335,2021-01-08,13,16,3,1,9.81,9.81,4,11
2336,2021-01-24,27,2,3,2,110.7,221.4,4,11
2337,2021-01-11,23,5,3,1,18.99,18.99,4,11
2338,2021-01-02,1,7,3,1,121.17,121.17,4,9
2339,2021-01-10,19,10,3,1,39.99,39.99,4,10
2340,2021-01-28,29,6,3,4,24.95,99.8,4,11
2341,2021-01-11,9,17,3,1,46.99,46.99,4,9
2342,2021-01-12,15,9,3,2,72.79,145.58,4,10
2343,2021-01-25,8,6,3,3,28.99,86.97,4,9
2344,2021-01-28,9,17,3,4,47.2,188.8,4,10
2345,2021-01-14,10,6,3,1,25.45,25.45,4,9
2346,2021-01-30,23,2,3,2,116.99,233.98,4,11
2347,2021-01-06,26,20,3,2,38.68,77.36,4,10
2348,2021-01-13,11,3,3,1,60.99,60.99,4,11
2349,2021-01-04,30,3,3,3,84.12,252.36,4,11
2350,2021-01-02,29,1,3,1,1083.75,1083.75,4,11
2351,2021-01-23,18,10,3,1,32.17,32.17,4,9
2352,2021-01-12,26,8,3,4,41.99,167.96,4,9
2353,2021-01-26,6,5,3,3,10.52,31.56,4,11
2354,2021-01-02,9,5,3,3,25.99,77.97,4,9
2355,2021-01-23,13,13,3,1,83.33,83.33,4,11
2356,2021-01-12,17,20,3,1,17.46,17.46,4,9
2357,2021-01-17,9,6,3,3,33.99,101.97,2,10
2358,2021-01-09,12,6,3,2,16.99,33.98,4,10
2359,2021-01-29,5,2,3,1,106.03,106.03,4,9
2360,2021-01-20,24,16,3,3,17.93,53.79,2,10
2361,2021-01-29,25,17,3,1,29.56,29.56,4,9
2362,2021-01-16,7,4,4,2,236.02,472.04,4,14
2363,2021-01-12,21,16,4,1,21.55,21.55,4,14
2364,2021-01-08,9,18,4,3,8.99,26.97,4,13
2365,2021-01-08,18,6,4,3,15.94,47.82,4,14
2366,2021-01-08,1,18,4,4,17.36,69.44,4,12
2367,2021-01-17,28,2,4,2,89.41,178.82,2,13
2368,2021-01-12,9,20,4,1,31.99,31.99,4,13
2369,2021-01-02,7,18,4,4,15.26,61.04,4,14
2370,2021-01-15,18,16,4,1,18.98,18.98,4,12
2371,2021-01-22,21,6,4,1,22.95,22.95,4,14
2372,2021-01-09,24,18,4,3,13.81,41.43,4,13
2373,2021-01-17,29,17,4,2,30.02,60.04,4,14
2374,2021-01-23,16,3,4,1,102.99,102.99,4,12
2375,2021-01-02,28,17,4,5,38.46,192.3,4,14
2376,2021-01-06,29,5,4,3,21.97,65.91,4,12
2377,2021-01-08,26,5,4,1,11.25,11.25,4,12
2378,2021-01-01,27,7,4,5,111.32,556.6,4,12
2379,2021-01-17,23,19,4,2,18.99,37.98,1,14
2380,2021-01-01,6,4,4,1,236.99,236.99,4,12
2381,2021-01-04,1,2,4,4,96.75,387.0,4,14
2382,2021-01-22,13,9,4,1,78.99,78.99,4,12
2383,2021-01-26,2,3,4,1,114.3,114.3,4,14
2384,2021-01-21,19,19,4,3,32.99,98.97,4,14
2385,2021-01-25,21,18,4,1,10.71,10.71,4,12
2386,2021-01-27,4,15,4,1,73.0,73.0,4,12
2387,2021-01-25,6,8,4,1,77.2,77.2,4,12
2388,2021-01-19,27,7,4,1,147.99,147.99,4,12
2389,2021-01-29,14,15,4,1,29.78,29.78,4,13
2390,2021-01-10,23,18,4,3,17.7,53.1,4,12
2391,2021-01-01,18,17,4,1,41.11,41.11,4,13
2392,2021-01-25,2,13,4,2,68.38,136.76,4,14
2393,2021-01-14,10,11,4,1,436.0,436.0,4,14
2394,2021-01-06,15,7,4,2,108.39,216.78,4,12
2395,2021-01-21,16,12,4,5,729.21,3646.05,4,14
2396,2021-01-12,26,2,4,2,78.04,156.08,4,14
2397,2021-01-29,23,7,4,1,50.99,50.99,4,14
2398,2021-01-23,12,16,5,4,18.1,72.4,4,16
2399,2021-01-06,10,7,5,2,49.64,99.28,4,15
2400,2021-01-12,3,19,5,1,26.76,26.76,4,16
2401,2021-01-16,23,9,5,3,85.99,257.97,4,15
2402,2021-01-26,18,2,5,3,99.99,299.97,3,17
2403,2021-01-19,5,8,5,1,35.41,35.41,4,16
2404,2021-01-17,15,13,5,3,109.53,328.59,4,15
2405,2021-01-24,30,7,5,1,109.89,109.89,4,15
2406,2021-01-27,11,18,5,3,8.52,25.56,4,16
2407,2021-01-28,16,18,5,3,7.22,21.66,2,15
2408,2021-01-08,29,19,5,2,37.77,75.54,4,16
2409,2021-01-05,28,6,5,5,22.08,110.4,4,16
2410,2021-01-29,26,16,5,1,9.42,9.42,4,16
2411,2021-01-27,6,10,5,1,46.99,46.99,4,17
2412,2021-01-03,30,7,5,4,135.99,543.96,4,17
2413,2021-01-02,18,17,5,3,52.99,158.97,4,17
2414,2021-01-01,28,13,5,4,47.74,190.96,1,16
2415,2021-01-14,29,2,5,3,67.19,201.57,4,15
2416,2021-01-02,5,17,5,1,35.65,35.65,4,15
2417,2021-01-22,16,1,5,4,1296.99,5187.96,4,16
2418,2021-01-19,18,17,5,1,29.55,29.55,4,17
2419,2021-01-19,14,10,5,2,37.53,75.06,4,17
2420,2021-01-20,16,5,5,2,23.65,47.3,4,15
2421,2021-01-17,16,19,5,3,33.99,101.97,4,15
2422,2021-01-24,2,17,5,1,24.53,24.53,4,16
2423,2021-01-13,6,5,5,2,14.94,29.88,4,15
2424,2021-01-24,9,7,5,3,138.99,416.97,4,17
2425,2021-01-14,13,10,5,5,46.42,232.1,4,16
2426,2021-01-19,23,11,5,4,574.83,2299.32,4,16
2427,2021-01-31,26,4,6,2,295.28,590.56,4,18
2428,2021-01-10,5,8,6,1,46.38,46.38,4,20
2429,2021-01-09,13,16,6,2,12.99,25.98,4,19
2430,2021-01-06,6,5,6,3,20.88,62.64,4,20
2431,2021-01-25,2,6,6,2,16.99,33.98,4,19
2432,2021-01-04,4,18,6,5,12.55,62.75,4,18
2433,2021-01-20,1,20,6,1,22.26,22.26,4,18
2434,2021-01-02,6,15,6,2,53.37,106.74,4,18
2435,2021-01-11,30,17,6,3,20.99,62.97,1,19
2436,2021-01-22,15,3,6,3,148.99,446.97,4,19
2437,2021-01-01,14,4,6,4,113.99,455.96,4,20
2438,2021-01-24,30,19,6,5,30.37,151.85,4,19
2439,2021-01-21,11,18,6,2,7.53,15.06,2,18
2440,2021-01-23,5,4,6,2,107.99,215.98,4,19
2441,2021-01-22,1,7,6,3,139.99,419.97,4,18
2442,2021-01-10,20,20,6,5,34.99,174.95,4,18
2443,2021-01-19,9,3,6,1,61.99,61.99,3,19
2444,2021-01-23,10,20,6,1,22.4,22.4,1,18
2445,2021-01-21,20,6,6,4,32.99,131.96,4,20
2446,2021-01-08,22,19,6,1,14.99,14.99,2,20
2447,2021-01-31,19,9,6,2,120.71,241.42,4,18
2448,2021-01-27,3,11,6,2,401.99,803.98,4,20
2449,2021-01-29,16,5,6,1,22.6,22.6,4,20
2450,2021-01-22,28,5,6,1,22.98,22.98,4,19
2451,2021-01-01,16,1,6,1,1306.99,1306.99,4,19
2452,2021-01-07,12,4,6,1,140.99,140.99,4,18
2453,2021-01-29,10,7,6,2,77.02,154.04,4,18
2454,2021-01-22,23,19,6,1,18.99,18.99,1,18
2455,2021-01-24,19,17,6,2,51.12,102.24,1,18
2456,2021-01-01,18,14,6,4,174.99,699.96,4,20
2457,2021-01-29,13,3,6,2,138.46,276.92,3,19
2458,2021-01-11,30,20,6,1,38.54,38.54,4,19
2459,2021-01-18,28,9,6,4,80.4,321.6,4,20
2460,2021-01-14,13,6,7,1,30.92,30.92,4,21
2461,2021-01-06,29,17,7,1,32.32,32.32,2,23
2462,2021-01-15,23,18,7,1,16.99,16.99,4,23
2463,2021-01-27,23,4,7,1,136.81,136.81,4,23
2464,2021-01-21,24,17,7,1,31.69,31.69,4,23
2465,2021-01-17,16,12,7,1,581.99,581.99,1,23
2466,2021-01-17,18,8,7,1,60.24,60.24,4,22
2467,2021-01-19,23,16,7,1,18.99,18.99,4,22
2468,2021-01-23,25,2,7,4,87.3,349.2,4,22
2469,2021-01-28,18,5,7,2,12.09,24.18,4,22
2470,2021-01-06,9,17,7,5,29.99,149.95,3,22
2471,2021-01-05,25,4,7,1,109.79,109.79,4,22
2472,2021-01-18,30,3,7,1,152.99,152.99,2,21
2473,2021-01-16,21,20,7,3,39.89,119.67,4,21
2474,2021-01-03,12,8,7,2,36.99,73.98,4,23
2475,2021-01-21,5,16,7,2,22.99,45.98,4,21
2476,2021-01-05,5,5,7,3,18.96,56.88,4,21
2477,2021-01-29,12,3,7,1,148.85,148.85,4,23
2478,2021-01-14,2,6,7,1,14.12,14.12,4,22
2479,2021-01-12,20,16,7,4,15.04,60.16,4,21
2480,2021-01-19,18,3,7,1,65.99,65.99,4,21
2481,2021-01-20,22,3,7,5,65.99,329.95,4,23
2482,2021-01-02,6,18,7,3,12.99,38.97,4,23
2483,2021-01-09,24,5,7,3,9.99,29.97,4,23
2484,2021-01-19,28,2,7,4,81.99,327.96,2,21
2485,2021-01-18,27,18,7,4,17.89,71.56,4,22
2486,2021-01-29,8,2,7,2,61.24,122.48,4,23
2487,2021-01-12,10,7,7,1,131.99,131.99,4,23
2488,2021-01-15,13,20,7,3,29.99,89.97,4,21
2489,2021-01-14,10,7,7,2,66.99,133.98,4,23
2490,2021-01-13,29,3,8,1,154.99,154.99,4,24
2491,2021-01-22,27,3,8,5,113.99,569.95,4,25
2492,2021-01-04,28,15,8,2,58.58,117.16,4,24
2493,2021-01-20,20,3,8,1,82.99,82.99,4,25
2494,2021-01-03,19,15,8,1,40.99,40.99,4,25
2495,2021-01-05,10,16,8,5,9.99,49.95,3,25
2496,2021-01-08,9,5,8,5,9.69,48.45,3,24
2497,2021-01-27,22,7,8,2,90.12,180.24,4,25
2498,2021-01-15,13,17,8,2,47.66,95.32,4,25
2499,2021-01-24,9,17,8,5,30.99,154.95,4,25
2500,2021-01-16,9,20,8,2,34.39,68.78,4,25
2501,2021-01-26,7,2,8,1,62.99,62.99,3,25
2502,2021-01-30,11,1,8,2,1286.99,2573.98,4,25
2503,2021-01-05,12,6,8,2,29.99,59.98,4,25
2504,2021-01-08,28,1,8,1,1019.77,1019.77,4,25
2505,2021-01-09,4,4,8,1,231.99,231.99,4,25
2506,2021-01-07,29,5,8,5,24.99,124.95,4,24
2507,2021-01-10,26,5,8,2,17.25,34.5,4,24
2508,2021-01-04,22,20,8,1,32.08,32.08,4,24
2509,2021-01-17,30,17,8,1,22.99,22.99,4,24
2510,2021-01-03,18,19,8,1,19.23,19.23,4,25
2511,2021-01-24,14,19,8,1,35.1,35.1,4,25
2512,2021-01-02,7,3,8,4,152.38,609.52,4,24
2513,2021-01-14,29,17,8,1,35.01,35.01,4,24
2514,2021-01-13,14,15,8,1,29.0,29.0,1,24
2515,2021-01-30,23,16,9,3,21.02,63.06,2,27
2516,2021-01-11,22,15,9,1,84.25,84.25,4,26
2517,2021-01-24,10,3,9,1,125.26,125.26,4,26
2518,2021-01-01,8,13,9,3,48.87,146.61,4,28
2519,2021-01-17,23,17,9,2,23.99,47.98,4,26
2520,2021-01-13,12,14,9,1,214.99,214.99,4,28
2521,2021-01-20,19,14,9,2,170.99,341.98,4,28
2522,2021-01-12,12,20,9,3,38.99,116.97,4,28
2523,2021-01-23,15,16,9,3,11.04,33.12,4,26
2524,2021-01-01,28,6,9,3,30.54,91.62,4,27
2525,2021-01-12,8,5,9,2,19.15,38.3,4,27
2526,2021-01-03,18,19,9,1,18.69,18.69,4,27
2527,2021-01-04,26,16,9,3,10.99,32.97,1,26
2528,2021-01-05,12,8,9,4,77.71,310.84,4,28
2529,2021-01-18,21,15,9,3,86.82,260.46,4,26
2530,2021-01-21,23,8,9,2,41.53,83.06,4,27
2531,2021-01-15,5,16,9,1,22.99,22.99,4,26
2532,2021-01-05,6,3,9,2,122.47,244.94,4,28
2533,2021-01-05,22,7,9,2,127.91,255.82,4,28
2534,2021-01-28,24,4,9,2,174.41,348.82,4,27
2535,2021-01-11,21,5,9,4,13.84,55.36,4,26
2536,2021-01-16,8,18,9,4,7.99,31.96,4,26
2537,2021-01-26,4,10,9,1,54.99,54.99,4,26
2538,2021-01-10,21,16,9,1,8.22,8.22,4,28
2539,2021-01-13,22,4,9,2,155.99,311.98,4,26
2540,2021-01-24,12,9,9,1,163.96,163.96,2,27
2541,2021-01-09,26,12,9,4,727.99,2911.96,4,26
2542,2021-01-24,3,5,9,3,21.99,65.97,4,28
2543,2021-01-19,3,19,9,3,27.99,83.97,4,28
2544,2021-01-18,26,10,9,1,61.14,61.14,1,26
2545,2021-01-14,22,20,9,1,38.27,38.27,4,26
2546,2021-01-22,10,3,10,5,116.16,580.8,4,29
2547,2021-01-31,15,14,10,2,166.99,333.98,4,31
2548,2021-01-16,6,5,10,2,17.99,35.98,4,30
2549,2021-01-25,15,4,10,2,251.93,503.86,4,31
2550,2021-01-19,18,20,10,2,28.99,57.98,4,31
2551,2021-01-30,21,5,10,2,27.32,54.64,4,31
2552,2021-01-20,25,3,10,1,77.84,77.84,4,30
2553,2021-01-26,11,13,10,1,49.99,49.99,4,29
2554,2021-01-12,25,18,10,2,11.54,23.08,4,30
2555,2021-01-15,10,17,10,1,19.99,19.99,4,30
2556,2021-01-15,10,8,10,3,52.86,158.58,4,31
2557,2021-01-19,10,8,10,2,37.88,75.76,4,29
2558,2021-01-02,11,5,10,1,12.99,12.99,4,29
2559,2021-01-07,24,2,10,5,94.2,471.0,4,30
2560,2021-01-15,29,2,10,2,77.65,155.3,4,31
2561,2021-01-11,23,5,10,2,22.99,45.98,4,30
2562,2021-01-06,15,10,10,3,45.99,137.97,2,30
2563,2021-01-20,17,6,10,4,30.85,123.4,4,31
2564,2021-01-12,14,19,10,2,20.99,41.98,4,31
2565,2021-01-29,10,19,10,1,31.73,31.73,4,31
2566,2021-01-10,13,13,10,4,86.13,344.52,4,31
2567,2021-01-23,9,19,10,2,21.13,42.26,4,30
2568,2021-01-14,17,5,10,3,21.99,65.97,4,31
2569,2021-01-19,14,6,10,2,21.4,42.8,4,29
2570,2021-01-22,21,17,11,1,24.68,24.68,4,33
2571,2021-01-25,5,12,11,3,456.57,1369.71,2,32
2572,2021-01-10,17,19,11,1,29.76,29.76,4,33
2573,2021-01-16,5,17,11,1,19.0,19.0,4,32
2574,2021-01-28,30,6,11,1,24.88,24.88,4,32
2575,2021-01-05,28,19,11,1,32.99,32.99,4,33
2576,2021-01-11,28,18,11,2,13.99,27.98,4,33
2577,2021-01-21,16,15,11,2,54.81,109.62,4,32
2578,2021-01-20,3,5,11,3,19.99,59.97,4,33
2579,2021-01-13,3,7,11,1,107.99,107.99,4,32
2580,2021-01-10,7,18,11,1,14.99,14.99,4,33
2581,2021-01-07,10,6,11,1,13.99,13.99,4,32
2582,2021-01-22,19,9,11,2,159.11,318.22,4,33
2583,2021-01-27,1,10,11,2,65.06,130.12,4,32
2584,2021-01-23,19,19,11,2,27.99,55.98,4,33
2585,2021-01-21,22,3,11,2,87.6,175.2,4,33
2586,2021-01-02,27,6,11,1,14.94,14.94,4,33
2587,2021-01-31,6,2,11,2,76.07,152.14,4,33
2588,2021-01-28,25,16,11,1,10.14,10.14,4,32
2589,2021-01-08,1,1,11,1,1142.99,1142.99,4,32
2590,2021-01-01,8,5,11,1,17.99,17.99,4,32
2591,2021-01-22,26,19,11,1,34.39,34.39,4,33
2592,2021-01-25,20,9,11,3,109.97,329.91,2,33
2593,2021-01-21,2,7,11,5,67.99,339.95,4,32
2594,2021-01-25,16,5,11,1,13.34,13.34,4,32
2595,2021-01-05,18,2,12,2,124.72,249.44,4,35
2596,2021-01-26,25,20,12,1,34.1,34.1,4,34
2597,2021-01-05,29,6,12,1,30.17,30.17,4,35
2598,2021-01-09,18,15,12,3,86.51,259.53,4,35
2599,2021-01-21,11,15,12,2,66.34,132.68,4,35
2600,2021-01-06,2,19,12,1,27.54,27.54,4,35
2601,2021-01-05,16,17,12,1,49.99,49.99,4,34
2602,2021-01-20,19,2,12,2,108.99,217.98,4,35
2603,2021-01-17,5,16,12,2,18.04,36.08,4,34
2604,2021-01-03,4,17,12,1,53.99,53.99,4,34
2605,2021-01-17,23,2,12,5,93.22,466.1,4,35
2606,2021-01-02,29,15,12,2,31.97,63.94,4,34
2607,2021-01-02,30,17,12,2,31.69,63.38,4,34
2608,2021-01-09,6,16,12,3,21.99,65.97,1,35
2609,2021-01-05,13,19,12,1,26.99,26.99,2,35
2610,2021-01-05,13,3,12,1,91.05,91.05,4,34
2611,2021-01-21,7,7,12,3,49.17,147.51,4,34
2612,2021-01-10,15,6,12,1,30.86,30.86,4,34
2613,2021-01-30,9,6,12,1,13.32,13.32,4,35
2614,2021-01-13,22,16,12,1,19.99,19.99,4,35
2615,2021-01-15,20,10,12,2,53.99,107.98,4,34
2616,2021-01-20,14,16,12,1,15.24,15.24,4,34
2617,2021-01-06,12,4,12,1,114.99,114.99,4,34
2618,2021-01-05,5,17,12,2,39.62,79.24,4,34
2619,2021-01-10,11,3,12,1,73.99,73.99,4,35
2620,2021-01-23,8,13,12,1,92.47,92.47,4,35
2621,2021-01-06,24,18,13,3,17.99,53.97,4,37
2622,2021-01-11,20,15,13,1,68.99,68.99,4,38
2623,2021-01-24,21,3,13,3,62.99,188.97,4,38
2624,2021-01-28,28,5,13,1,20.99,20.99,4,36
2625,2021-01-31,26,18,13,1,10.55,10.55,4,36
2626,2021-01-23,5,7,13,2,107.94,215.88,4,37
2627,2021-01-01,19,3,13,2,85.21,170.42,4,36
2628,2021-01-10,27,16,13,1,19.99,19.99,4,38
2629,2021-01-30,15,19,13,2,19.99,39.98,4,38
2630,2021-01-24,21,20,13,1,38.37,38.37,4,37
2631,2021-01-04,24,13,13,1,90.99,90.99,4,36
2632,2021-01-30,5,8,13,1,35.99,35.99,2,36
2633,2021-01-06,18,13,13,3,48.02,144.06,4,36
2634,2021-01-30,25,18,13,4,8.08,32.32,4,38
2635,2021-01-27,19,16,13,2,17.81,35.62,4,38
2636,2021-01-21,23,4,13,1,207.99,207.99,4,36
2637,2021-01-14,24,8,13,3,69.99,209.97,4,38
2638,2021-01-07,18,16,13,1,14.34,14.34,3,37
2639,2021-01-02,6,6,13,1,21.99,21.99,4,37
2640,2021-01-30,23,7,13,4,141.67,566.68,4,36
2641,2021-01-19,2,16,13,2,16.54,33.08,4,36
2642,2021-01-25,8,8,13,1,60.57,60.57,4,36
2643,2021-01-17,13,13,13,3,114.99,344.97,4,38
2644,2021-01-29,17,16,13,2,22.13,44.26,4,37
2645,2021-01-25,13,18,13,2,8.26,16.52,4,36
2646,2021-01-25,3,3,13,1,108.99,108.99,4,36
2647,2021-01-23,4,13,13,2,79.65,159.3,4,38
2648,2021-01-06,20,9,13,4,136.99,547.96,4,38
2649,2021-01-24,1,19,13,5,25.99,129.95,4,37
2650,2021-01-14,24,16,13,3,10.67,32.01,4,37
2651,2021-01-17,21,3,13,1,65.99,65.99,4,37
2652,2021-01-31,15,8,13,3,47.55,142.65,4,38
2653,2021-01-18,18,14,13,1,197.99,197.99,4,38
2654,2021-01-23,5,17,13,2,32.27,64.54,4,38
2655,2021-01-13,20,16,13,2,8.99,17.98,4,37
2656,2021-01-20,19,10,14,1,36.99,36.99,4,39
2657,2021-01-21,15,1,14,4,1146.6,4586.4,4,40
2658,2021-01-21,25,9,14,2,196.99,393.98,4,40
2659,2021-01-19,16,14,14,2,181.99,363.98,4,39
2660,2021-01-22,18,10,14,3,62.99,188.97,4,40
2661,2021-01-31,26,10,14,1,46.99,46.99,4,40
2662,2021-01-31,7,14,14,3,179.47,538.41,4,40
2663,2021-01-10,18,17,14,1,30.38,30.38,4,39
2664,2021-01-21,13,10,14,1,35.84,35.84,4,39
2665,2021-01-06,15,8,14,2,43.55,87.1,3,39
2666,2021-01-06,27,5,14,1,10.99,10.99,4,40
2667,2021-01-18,7,12,14,1,551.56,551.56,4,39
2668,2021-01-20,16,13,14,3,97.99,293.97,4,40
2669,2021-01-28,5,5,14,3,26.99,80.97,4,40
2670,2021-01-22,13,7,14,1,146.75,146.75,4,40
2671,2021-01-07,12,1,14,1,1133.77,1133.77,4,40
2672,2021-01-15,22,20,14,2,29.95,59.9,4,40
2673,2021-01-24,21,19,14,2,18.05,36.1,4,39
2674,2021-01-01,25,3,14,2,146.99,293.98,4,39
2675,2021-01-30,9,6,14,2,32.99,65.98,4,39
2676,2021-01-11,18,20,14,3,23.99,71.97,1,40
2677,2021-01-26,4,17,15,4,41.01,164.04,4,42
2678,2021-01-11,25,19,15,1,34.99,34.99,1,41
2679,2021-01-07,21,19,15,2,14.73,29.46,4,42
2680,2021-01-13,10,6,15,1,14.79,14.79,4,42
2681,2021-01-28,8,17,15,1,35.99,35.99,4,41
2682,2021-01-11,7,16,15,1,21.26,21.26,3,41
2683,2021-01-08,22,7,15,5,150.99,754.95,4,41
2684,2021-01-16,25,5,15,2,17.99,35.98,4,41
2685,2021-01-18,24,14,15,2,182.35,364.7,4,41
2686,2021-01-11,19,4,15,1,266.99,266.99,4,42
2687,2021-01-04,17,8,15,2,64.36,128.72,1,42
2688,2021-01-17,2,18,15,1,8.11,8.11,4,42
2689,2021-01-16,12,5,15,1,11.82,11.82,4,41
2690,2021-01-24,10,18,15,3,16.99,50.97,4,41
2691,2021-01-23,19,17,15,1,29.42,29.42,4,42
2692,2021-01-11,17,5,15,1,10.99,10.99,1,41
2693,2021-01-23,27,5,15,2,9.75,19.5,4,41
2694,2021-01-06,18,17,15,1,25.27,25.27,4,41
2695,2021-01-10,14,18,15,1,7.0,7.0,4,41
2696,2021-01-10,27,8,15,4,71.65,286.6,4,41
2697,2021-01-17,17,2,15,1,102.99,102.99,4,41
2698,2021-01-13,24,10,15,2,43.99,87.98,4,42
2699,2021-01-19,10,19,15,1,23.9,23.9,4,41
2700,2021-01-29,26,7,15,1,147.99,147.99,4,42
2701,2021-02-19,23,17,1,1,38.16,38.16,4,1
2702,2021-02-19,29,1,1,3,1208.99,3626.97,1,2
2703,2021-02-18,22,13,1,4,51.99,207.96,4,3
2704,2021-02-17,10,17,1,2,34.77,69.54,4,4
2705,2021-02-27,16,17,1,2,39.56,79.12,4,3
2706,2021-02-17,27,16,1,1,9.14,9.14,4,1
2707,2021-02-18,29,13,1,3,62.94,188.82,4,1
2708,2021-02-28,3,9,1,1,111.66,111.66,4,4
2709,2021-02-09,26,19,1,3,32.99,98.97,4,1
2710,2021-02-28,13,4,1,1,244.22,244.22,4,1
2711,2021-02-17,14,6,1,3,24.03,72.09,4,1
2712,2021-02-27,9,10,1,2,63.99,127.98,4,3
2713,2021-02-22,27,19,1,3,25.13,75.39,4,2
2714,2021-02-05,14,11,1,2,326.35,652.7,3,4
2715,2021-02-11,18,16,1,3,15.43,46.29,4,1
2716,2021-02-22,5,6,1,1,27.99,27.99,4,4
2717,2021-02-19,8,2,2,4,126.99,507.96,4,6
2718,2021-02-11,8,7,2,1,55.5,55.5,4,8
2719,2021-02-26,17,3,2,1,91.77,91.77,4,5
2720,2021-02-23,13,9,2,4,190.25,761.0,4,5
2721,2021-02-07,13,7,2,4,57.68,230.72,4,6
2722,2021-02-20,8,8,2,1,75.99,75.99,2,6
2723,2021-02-18,28,6,2,1,24.99,24.99,4,8
2724,2021-02-03,28,15,2,3,43.36,130.08,4,8
2725,2021-02-12,4,17,2,1,27.86,27.86,4,5
2726,2021-02-22,17,3,2,2,76.99,153.98,4,6
2727,2021-02-20,25,8,2,2,45.99,91.98,4,8
2728,2021-02-03,9,7,2,1,126.53,126.53,1,7
2729,2021-02-20,15,20,3,2,19.73,39.46,4,10
2730,2021-02-10,9,8,3,5,85.99,429.95,4,9
2731,2021-02-18,16,1,3,1,884.63,884.63,4,9
2732,2021-02-28,4,10,3,2,56.06,112.12,4,10
2733,2021-02-19,11,5,3,4,20.51,82.04,2,9
2734,2021-02-13,25,5,3,4,21.53,86.12,1,11
2735,2021-02-06,25,10,3,4,49.37,197.48,4,10
2736,2021-02-25,4,20,3,1,36.99,36.99,4,11
2737,2021-02-15,16,3,3,2,146.99,293.98,4,9
2738,2021-02-26,18,11,3,3,514.15,1542.45,4,9
2739,2021-02-25,27,16,3,1,23.15,23.15,4,9
2740,2021-02-03,7,10,3,2,54.99,109.98,4,11
2741,2021-02-24,13,5,3,3,17.99,53.97,3,10
2742,2021-02-01,20,13,4,5,66.93,334.65,4,12
2743,2021-02-14,6,20,4,1,16.99,16.99,4,14
2744,2021-02-02,3,19,4,4,34.99,139.96,1,14
2745,2021-02-24,15,15,4,1,44.99,44.99,3,13
2746,2021-02-23,19,10,4,1,50.99,50.99,4,14
2747,2021-02-25,18,5,4,1,21.43,21.43,4,14
2748,2021-02-21,5,19,4,2,25.64,51.28,4,13
2749,2021-02-16,13,4,4,4,212.99,851.96,4,13
2750,2021-02-03,27,20,4,3,18.99,56.97,4,13
2751,2021-02-23,7,14,4,2,115.18,230.36,1,12
2752,2021-02-10,14,7,4,3,72.66,217.98,4,12
2753,2021-02-13,21,8,4,1,84.52,84.52,2,12
2754,2021-02-25,13,17,5,3,20.99,62.97,4,16
2755,2021-02-18,1,13,5,2,86.99,173.98,1,16
2756,2021-02-05,26,6,5,5,9.68,48.4,4,17
2757,2021-02-03,25,4,5,2,132.99,265.98,4,15
2758,2021-02-27,2,7,5,2,146.31,292.62,4,17
2759,2021-02-06,26,3,5,1,151.2,151.2,4,16
2760,2021-02-26,16,3,5,2,113.72,227.44,1,15
2761,2021-02-15,8,5,5,1,28.57,28.57,4,16
2762,2021-02-10,30,18,6,1,8.73,8.73,2,18
2763,2021-02-06,19,5,6,3,11.84,35.52,4,19
2764,2021-02-24,9,1,6,3,1066.65,3199.95,4,19
2765,2021-02-13,7,13,6,1,89.99,89.99,1,20
2766,2021-02-16,21,8,6,2,44.21,88.42,4,19
2767,2021-02-22,12,3,6,1,112.99,112.99,1,20
2768,2021-02-04,4,12,6,5,667.51,3337.55,2,19
2769,2021-02-18,25,18,6,1,14.28,14.28,4,20
2770,2021-02-16,26,11,6,3,293.42,880.26,4,20
2771,2021-02-01,9,10,6,2,29.95,59.9,4,19
2772,2021-02-22,3,11,6,1,259.99,259.99,4,20
2773,2021-02-05,10,3,7,1,116.13,116.13,4,21
2774,2021-02-27,7,16,7,2,18.99,37.98,4,22
2775,2021-02-11,9,20,7,1,26.24,26.24,4,23
2776,2021-02-17,8,4,7,5,180.99,904.95,4,23
2777,2021-02-23,6,18,7,5,9.39,46.95,4,21
2778,2021-02-24,1,4,7,4,99.0,396.0,4,22
2779,2021-02-02,18,1,7,1,1274.97,1274.97,4,23
2780,2021-02-15,4,5,7,1,19.32,19.32,4,23
2781,2021-02-03,4,3,7,3,61.31,183.93,4,22
2782,2021-02-13,24,12,7,1,516.55,516.55,4,23
2783,2021-02-15,19,16,8,3,16.99,50.97,4,25
2784,2021-02-24,18,6,8,5,31.53,157.65,4,24
2785,2021-02-09,2,7,8,1,114.64,114.64,4,24
2786,2021-02-09,8,15,8,1,34.81,34.81,4,25
2787,2021-02-03,17,19,8,1,30.55,30.55,4,24
2788,2021-02-09,5,6,8,1,9.47,9.47,4,25
2789,2021-02-22,12,1,8,1,942.5,942.5,2,24
2790,2021-02-13,20,19,8,1,35.99,35.99,4,25
2791,2021-02-15,2,4,8,1,126.59,126.59,4,24
2792,2021-02-26,25,3,8,3,73.99,221.97,4,24
2793,2021-02-15,25,13,9,5,50.94,254.7,4,27
2794,2021-02-17,29,7,9,2,124.77,249.54,4,26
2795,2021-02-26,21,19,9,2,17.99,35.98,4,26
2796,2021-02-15,10,1,9,1,855.82,855.82,4,26
2797,2021-02-18,4,16,9,1,13.99,13.99,4,28
2798,2021-02-21,12,20,9,1,32.64,32.64,4,28
2799,2021-02-02,20,2,9,1,70.16,70.16,1,26
2800,2021-02-18,5,5,9,1,10.79,10.79,4,27
2801,2021-02-07,5,20,9,3,39.91,119.73,4,28
2802,2021-02-05,29,2,9,5,105.99,529.95,4,27
2803,2021-02-14,8,16,9,4,19.99,79.96,4,28
2804,2021-02-10,29,15,9,5,53.99,269.95,4,26
2805,2021-02-13,1,18,9,2,9.99,19.98,4,26
2806,2021-02-24,7,17,9,1,48.99,48.99,4,28
2807,2021-02-14,14,3,10,1,153.02,153.02,4,31
2808,2021-02-05,22,18,10,2,18.84,37.68,4,29
2809,2021-02-23,30,17,10,4,47.19,188.76,4,30
2810,2021-02-09,30,20,10,4,38.75,155.0,4,31
2811,2021-02-17,9,18,10,1,11.99,11.99,4,31
2812,2021-02-02,12,14,10,1,244.99,244.99,4,29
2813,2021-02-17,10,12,10,1,554.99,554.99,4,29
2814,2021-02-02,14,6,10,3,23.24,69.72,4,31
2815,2021-02-11,14,17,11,2,45.99,91.98,4,33
2816,2021-02-26,13,4,11,3,226.99,680.97,4,33
2817,2021-02-22,16,16,11,2,8.99,17.98,4,32
2818,2021-02-28,8,15,11,1,69.63,69.63,4,33
2819,2021-02-28,6,10,11,2,40.09,80.18,4,32
2820,2021-02-13,28,8,11,1,30.99,30.99,1,32
2821,2021-02-06,12,17,11,1,44.99,44.99,4,33
2822,2021-02-08,4,18,11,1,14.34,14.34,4,33
2823,2021-02-27,16,19,12,1,32.25,32.25,4,34
2824,2021-02-02,2,5,12,1,17.93,17.93,4,34
2825,2021-02-02,26,2,12,1,49.99,49.99,4,35
2826,2021-02-27,4,3,12,3,117.97,353.91,4,35
2827,2021-02-14,24,2,12,4,109.61,438.44,4,34
2828,2021-02-12,20,15,12,3,44.5,133.5,4,34
2829,2021-02-21,17,9,12,4,188.76,755.04,2,35
2830,2021-02-11,17,5,12,3,9.45,28.35,4,34
2831,2021-02-22,15,18,13,3,12.66,37.98,4,38
2832,2021-02-02,15,16,13,5,8.99,44.95,4,36
2833,2021-02-04,16,17,13,1,26.3,26.3,4,36
2834,2021-02-21,9,20,13,2,16.99,33.98,4,37
2835,2021-02-08,29,2,13,2,57.48,114.96,4,37
2836,2021-02-10,22,11,13,3,376.99,1130.97,4,38
2837,2021-02-17,6,2,13,1,117.99,117.99,4,38
2838,2021-02-07,6,18,13,5,8.46,42.3,4,36
2839,2021-02-13,25,13,13,2,105.99,211.98,4,37
2840,2021-02-01,15,7,13,3,56.29,168.87,4,38
2841,2021-02-19,30,18,13,3,18.28,54.84,1,37
2842,2021-02-24,14,3,13,3,96.99,290.97,4,37
2843,2021-02-07,2,5,13,2,14.16,28.32,4,38
2844,2021-02-07,23,16,14,2,21.85,43.7,4,39
2845,2021-02-28,3,6,14,1,15.99,15.99,4,39
2846,2021-02-26,27,17,14,1,26.99,26.99,4,39
2847,2021-02-03,24,7,14,3,127.57,382.71,4,40
2848,2021-02-13,8,16,14,3,22.97,68.91,4,39
2849,2021-02-18,1,3,14,1,70.85,70.85,4,40
2850,2021-02-14,5,5,14,2,25.17,50.34,4,40
2851,2021-02-04,8,6,14,1,28.89,28.89,4,40
2852,2021-02-25,15,2,14,1,55.99,55.99,4,40
2853,2021-02-19,4,10,15,1,35.19,35.19,4,42
2854,2021-02-25,20,15,15,1,72.99,72.99,4,42
2855,2021-02-10,24,8,15,3,52.06,156.18,4,42
2856,2021-02-12,4,2,15,2,53.89,107.78,4,41
2857,2021-02-13,25,17,15,2,41.99,83.98,4,42
2858,2021-02-02,16,5,15,1,12.99,12.99,4,42
2859,2021-02-15,3,6,15,2,17.43,34.86,4,42
2860,2021-02-02,6,4,15,1,249.35,249.35,4,42
2861,2021-02-05,6,19,15,5,25.22,126.1,4,42
2862,2021-02-15,13,15,15,1,85.74,85.74,4,41
2863,2021-02-11,18,5,15,2,21.99,43.98,4,42
2864,2021-02-17,17,8,15,2,51.01,102.02,2,42
2865,2021-02-17,17,19,15,2,18.99,37.98,4,42
2866,2021-03-12,9,17,1,1,19.91,19.91,4,1
2867,2021-03-25,7,3,1,3,153.99,461.97,4,4
2868,2021-03-14,25,20,1,1,33.09,33.09,4,1
2869,2021-03-02,17,16,1,2,12.99,25.98,4,4
2870,2021-03-03,28,13,1,1,100.99,100.99,4,1
2871,2021-03-16,13,5,1,2,12.99,25.98,4,2
2872,2021-03-31,16,14,1,1,110.25,110.25,4,1
2873,2021-03-29,20,9,1,5,81.99,409.95,4,1
2874,2021-03-06,18,13,1,1,60.46,60.46,4,3
2875,2021-03-08,6,2,1,3,124.99,374.97,4,1
2876,2021-03-26,1,4,1,3,297.98,893.94,4,2
2877,2021-03-01,29,3,1,1,98.75,98.75,2,3
2878,2021-03-18,3,1,1,2,1330.99,2661.98,4,4
2879,2021-03-03,7,8,2,4,26.99,107.96,1,8
2880,2021-03-10,7,13,2,2,74.99,149.98,4,6
2881,2021-03-19,4,5,2,1,14.57,14.57,4,8
2882,2021-03-30,18,11,2,5,259.99,1299.95,4,6
2883,2021-03-09,29,2,2,2,98.02,196.04,4,7
2884,2021-03-23,24,13,2,1,95.06,95.06,4,6
2885,2021-03-18,6,18,2,3,9.67,29.01,4,5
2886,2021-03-25,14,11,2,1,399.66,399.66,4,5
2887,2021-03-11,15,17,2,2,29.93,59.86,4,6
2888,2021-03-09,21,14,2,1,207.42,207.42,4,7
2889,2021-03-10,14,17,2,5,46.13,230.65,1,8
2890,2021-03-18,23,1,2,2,1303.99,2607.98,1,5
2891,2021-03-25,12,2,2,4,67.99,271.96,4,7
2892,2021-03-19,19,19,3,1,17.92,17.92,4,9
2893,2021-03-06,6,1,3,1,823.44,823.44,4,9
2894,2021-03-26,28,6,3,1,31.99,31.99,4,9
2895,2021-03-11,22,17,3,1,33.57,33.57,4,9
2896,2021-03-18,26,6,3,2,27.99,55.98,4,9
2897,2021-03-10,13,18,3,2,8.59,17.18,3,9
2898,2021-03-24,21,16,3,1,21.31,21.31,4,9
2899,2021-03-03,19,4,3,2,165.67,331.34,4,9
2900,2021-03-28,20,13,3,5,47.99,239.95,4,9
2901,2021-03-07,15,2,3,2,70.99,141.98,1,10
2902,2021-03-20,9,17,3,1,26.31,26.31,4,11
2903,2021-03-26,5,3,4,2,65.99,131.98,4,12
2904,2021-03-08,5,16,4,4,11.99,47.96,4,13
2905,2021-03-17,13,14,4,2,232.99,465.98,3,13
2906,2021-03-14,26,3,4,1,115.99,115.99,4,12
2907,2021-03-18,11,19,4,1,18.78,18.78,3,12
2908,2021-03-08,12,18,4,1,10.25,10.25,4,12
2909,2021-03-19,10,14,4,3,106.41,319.23,4,12
2910,2021-03-19,5,9,4,2,194.99,389.98,4,13
2911,2021-03-28,3,3,4,2,128.99,257.98,4,14
2912,2021-03-11,18,16,4,2,19.78,39.56,4,12
2913,2021-03-18,2,9,5,2,118.69,237.38,4,16
2914,2021-03-29,6,5,5,2,19.99,39.98,4,17
2915,2021-03-20,6,19,5,2,26.99,53.98,4,16
2916,2021-03-02,11,18,5,2,16.41,32.82,4,17
2917,2021-03-27,6,16,5,3,19.37,58.11,4,16
2918,2021-03-06,17,1,5,2,874.2,1748.4,4,16
2919,2021-03-10,28,19,5,4,31.99,127.96,4,17
2920,2021-03-06,6,11,5,4,251.99,1007.96,4,15
2921,2021-03-24,30,17,6,2,46.25,92.5,4,20
2922,2021-03-18,19,8,6,4,65.99,263.96,4,19
2923,2021-03-26,30,4,6,1,211.99,211.99,1,19
2924,2021-03-20,14,16,6,1,18.99,18.99,4,19
2925,2021-03-01,27,5,6,3,10.05,30.15,4,19
2926,2021-03-06,27,2,6,2,49.99,99.98,3,19
2927,2021-03-25,8,3,6,1,79.08,79.08,4,18
2928,2021-03-10,3,18,6,5,9.67,48.35,4,18
2929,2021-03-14,30,20,6,1,26.99,26.99,4,20
2930,2021-03-13,22,3,7,2,143.05,286.1,4,23
2931,2021-03-05,7,7,7,2,151.99,303.98,4,23
2932,2021-03-08,7,9,7,2,126.81,253.62,4,22
2933,2021-03-08,7,15,7,3,35.88,107.64,4,21
2934,2021-03-09,3,6,7,1,33.41,33.41,4,22
2935,2021-03-09,10,19,7,4,17.99,71.96,4,21
2936,2021-03-29,12,7,7,5,147.37,736.85,4,22
2937,2021-03-23,9,5,8,1,28.49,28.49,4,25
2938,2021-03-26,11,2,8,1,92.99,92.99,2,25
2939,2021-03-20,7,13,8,1,53.62,53.62,4,24
2940,2021-03-08,9,8,8,1,55.99,55.99,4,25
2941,2021-03-25,7,6,8,2,20.66,41.32,2,25
2942,2021-03-28,18,6,8,3,18.84,56.52,4,25
2943,2021-03-19,23,2,8,1,90.26,90.26,4,25
2944,2021-03-21,1,1,9,1,1098.99,1098.99,4,28
2945,2021-03-16,9,16,9,1,18.99,18.99,4,26
2946,2021-03-20,26,1,9,2,931.22,1862.44,4,26
2947,2021-03-14,16,2,9,2,106.99,213.98,4,28
2948,2021-03-31,9,19,9,1,15.28,15.28,2,27
2949,2021-03-27,28,15,9,4,44.38,177.52,4,27
2950,2021-03-22,25,18,9,2,18.1,36.2,4,26
2951,2021-03-12,29,15,9,1,51.37,51.37,4,28
2952,2021-03-02,5,19,9,2,31.39,62.78,3,27
2953,2021-03-10,23,6,10,2,29.99,59.98,4,30
2954,2021-03-08,25,7,10,1,146.99,146.99,4,30
2955,2021-03-09,19,19,10,1,14.68,14.68,4,31
2956,2021-03-07,13,1,10,3,1330.99,3992.97,4,30
2957,2021-03-06,14,16,10,4,15.61,62.44,4,30
2958,2021-03-03,25,13,10,2,90.76,181.52,4,31
2959,2021-03-25,20,6,10,2,28.54,57.08,4,29
2960,2021-03-22,23,17,10,3,50.26,150.78,4,31
2961,2021-03-13,28,1,11,3,1181.61,3544.83,4,33
2962,2021-03-21,5,6,11,3,26.99,80.97,4,32
2963,2021-03-18,23,8,11,2,50.69,101.38,2,32
2964,2021-03-07,2,4,11,2,131.57,263.14,4,32
2965,2021-03-29,7,1,11,3,1104.38,3313.14,4,32
2966,2021-03-19,30,17,11,2,39.23,78.46,4,32
2967,2021-03-29,25,16,11,2,15.32,30.64,2,32
2968,2021-03-27,20,18,11,1,13.99,13.99,4,33
2969,2021-03-23,22,13,11,5,45.97,229.85,4,32
2970,2021-03-10,21,15,11,1,50.53,50.53,4,32
2971,2021-03-15,13,2,12,1,76.2,76.2,4,34
2972,2021-03-12,20,5,12,5,14.43,72.15,4,34
2973,2021-03-25,26,6,12,3,27.13,81.39,4,34
2974,2021-03-27,15,16,12,2,16.03,32.06,4,34
2975,2021-03-13,9,20,13,1,17.19,17.19,4,38
2976,2021-03-28,29,16,13,1,17.99,17.99,4,36
2977,2021-03-30,5,16,13,2,12.99,25.98,4,38
2978,2021-03-02,2,3,13,5,99.99,499.95,4,38
2979,2021-03-02,17,5,13,2,19.35,38.7,4,38
2980,2021-03-03,13,9,13,2,147.08,294.16,4,36
2981,2021-03-28,27,16,13,4,13.22,52.88,4,37
2982,2021-03-01,17,9,13,2,194.57,389.14,4,38
2983,2021-03-21,9,9,13,1,139.18,139.18,4,36
2984,2021-03-04,29,16,13,4,10.74,42.96,4,37
2985,2021-03-01,17,11,14,4,332.99,1331.96,1,39
2986,2021-03-30,22,8,14,1,38.97,38.97,4,40
2987,2021-03-21,9,4,14,5,235.09,1175.45,4,40
2988,2021-03-03,24,4,14,3,284.99,854.97,4,40
2989,2021-03-29,14,7,14,2,151.99,303.98,4,39
2990,2021-03-12,6,5,15,2,17.1,34.2,4,42
2991,2021-03-08,21,13,15,1,111.99,111.99,4,42
2992,2021-03-05,29,18,15,1,11.26,11.26,4,42
2993,2021-03-17,23,16,15,3,19.99,59.97,1,42
2994,2021-03-28,23,8,15,4,82.53,330.12,4,42
2995,2021-03-28,15,16,15,1,13.91,13.91,4,42
2996,2021-04-05,5,20,1,2,24.67,49.34,4,2
2997,2021-04-20,14,20,1,2,17.62,35.24,4,3
2998,2021-04-16,28,20,1,1,14.99,14.99,4,2
2999,2021-04-13,14,4,1,1,181.99,181.99,4,2
3000,2021-04-30,14,12,1,1,571.38,571.38,4,2
3001,2021-04-29,22,19,1,2,32.43,64.86,4,2
3002,2021-04-08,25,5,1,4,17.0,68.0,4,4
3003,2021-04-15,12,13,1,1,47.99,47.99,4,4
3004,2021-04-17,26,19,1,4,33.99,135.96,4,3
3005,2021-04-17,25,16,1,1,9.99,9.99,1,1
3006,2021-04-10,21,6,1,4,12.82,51.28,4,4
3007,2021-04-03,10,20,1,4,38.38,153.52,4,2
3008,2021-04-07,1,6,1,2,22.99,45.98,4,2
3009,2021-04-27,5,10,1,2,50.61,101.22,4,1
3010,2021-04-13,24,6,2,1,9.3,9.3,4,6
3011,2021-04-05,6,2,2,1,67.57,67.57,4,6
3012,2021-04-14,26,8,2,2,41.71,83.42,4,5
3013,2021-04-30,27,19,2,2,35.43,70.86,4,5
3014,2021-04-01,22,3,2,1,152.52,152.52,4,7
3015,2021-04-04,14,19,2,5,17.82,89.1,4,7
3016,2021-04-21,10,20,2,1,35.99,35.99,4,5
3017,2021-04-23,8,4,2,2,195.43,390.86,4,5
3018,2021-04-04,16,1,2,2,1183.99,2367.98,4,8
3019,2021-04-12,14,2,2,3,108.99,326.97,3,5
3020,2021-04-11,24,18,2,2,12.99,25.98,4,5
3021,2021-04-07,6,6,3,4,17.07,68.28,4,10
3022,2021-04-20,9,1,3,2,1065.36,2130.72,4,10
3023,2021-04-05,11,17,3,4,50.85,203.4,4,9
3024,2021-04-11,25,2,3,1,85.99,85.99,4,11
3025,2021-04-18,12,18,3,2,9.87,19.74,4,9
3026,2021-04-19,9,7,3,2,154.99,309.98,4,10
3027,2021-04-18,17,17,3,1,37.99,37.99,4,9
3028,2021-04-04,27,6,3,1,27.68,27.68,4,10
3029,2021-04-08,4,13,4,1,78.35,78.35,1,13
3030,2021-04-19,27,5,4,3,14.99,44.97,4,12
3031,2021-04-01,8,20,4,4,32.99,131.96,3,14
3032,2021-04-01,19,15,4,2,38.62,77.24,4,13
3033,2021-04-08,30,10,4,2,55.99,111.98,4,14
3034,2021-04-24,15,1,4,2,888.99,1777.98,4,14
3035,2021-04-11,29,3,4,1,102.73,102.73,4,13
3036,2021-04-24,24,5,4,1,9.99,9.99,4,13
3037,2021-04-10,1,5,5,4,27.0,108.0,4,17
3038,2021-04-16,24,2,5,2,127.99,255.98,4,17
3039,2021-04-22,20,16,5,2,16.65,33.3,4,17
3040,2021-04-29,28,20,5,1,19.59,19.59,4,15
3041,2021-04-13,4,7,5,2,109.89,219.78,4,16
3042,2021-04-26,6,8,5,1,63.02,63.02,4,17
3043,2021-04-15,22,17,5,1,30.29,30.29,4,15
3044,2021-04-01,9,9,5,3,107.51,322.53,4,16
3045,2021-04-02,22,18,5,3,18.02,54.06,1,17
3046,2021-04-10,3,7,6,2,129.21,258.42,4,20
3047,2021-04-26,13,9,6,1,120.99,120.99,4,19
3048,2021-04-19,1,7,6,1,50.5,50.5,3,19
3049,2021-04-10,12,1,6,3,1342.99,4028.97,4,19
3050,2021-04-17,11,8,6,2,26.99,53.98,4,18
3051,2021-04-01,5,7,6,2,119.52,239.04,4,20
3052,2021-04-27,18,1,6,1,1314.75,1314.75,4,20
3053,2021-04-06,24,2,7,2,59.99,119.98,4,21
3054,2021-04-11,7,4,7,3,212.68,638.04,4,22
3055,2021-04-28,21,3,7,5,63.17,315.85,4,21
3056,2021-04-02,15,3,7,4,153.75,615.0,4,22
3057,2021-04-09,21,17,7,5,19.99,99.95,4,23
3058,2021-04-20,10,6,7,1,11.35,11.35,4,22
3059,2021-04-04,20,16,7,1,12.99,12.99,4,22
3060,2021-04-28,11,6,7,5,12.99,64.95,4,22
3061,2021-04-12,16,4,8,1,237.99,237.99,4,25
3062,2021-04-26,26,8,8,4,44.81,179.24,4,25
3063,2021-04-10,21,8,8,3,82.72,248.16,4,24
3064,2021-04-12,3,17,8,2,19.0,38.0,4,25
3065,2021-04-01,8,2,8,2,112.99,225.98,3,24
3066,2021-04-15,12,12,8,1,549.99,549.99,4,24
3067,2021-04-10,9,8,8,3,86.99,260.97,4,24
3068,2021-04-04,11,15,9,4,84.07,336.28,4,28
3069,2021-04-15,30,3,9,1,123.3,123.3,4,28
3070,2021-04-13,24,8,9,4,49.99,199.96,4,27
3071,2021-04-29,8,3,9,4,130.35,521.4,4,26
3072,2021-04-18,18,9,9,1,129.93,129.93,4,26
3073,2021-04-24,28,16,9,3,8.99,26.97,4,27
3074,2021-04-26,19,14,9,1,189.52,189.52,4,26
3075,2021-04-07,5,18,9,3,14.99,44.97,4,28
3076,2021-04-07,28,12,9,1,418.96,418.96,4,27
3077,2021-04-11,6,5,10,4,26.92,107.68,4,30
3078,2021-04-19,9,15,10,2,84.11,168.22,4,29
3079,2021-04-08,28,16,10,2,8.0,16.0,4,30
3080,2021-04-19,23,3,10,1,119.99,119.99,4,29
3081,2021-04-17,5,6,10,5,20.99,104.95,4,29
3082,2021-04-05,1,18,10,2,16.84,33.68,4,31
3083,2021-04-09,5,15,10,1,83.99,83.99,4,30
3084,2021-04-20,7,14,10,5,116.99,584.95,4,31
3085,2021-04-26,8,6,10,3,13.79,41.37,4,29
3086,2021-04-24,30,17,10,2,34.99,69.98,4,29
3087,2021-04-14,17,18,10,5,18.46,92.3,4,31
3088,2021-04-16,26,2,11,1,92.99,92.99,4,33
3089,2021-04-02,11,6,11,2,28.99,57.98,4,32
3090,2021-04-24,21,17,11,3,28.99,86.97,4,33
3091,2021-04-09,21,1,11,2,1254.17,2508.34,4,33
3092,2021-04-14,19,3,11,4,100.99,403.96,4,32
3093,2021-04-08,7,16,11,2,20.7,41.4,4,33
3094,2021-04-26,14,5,11,1,16.99,16.99,4,32
3095,2021-04-19,17,5,11,5,22.98,114.9,4,32
3096,2021-04-19,23,18,12,4,13.99,55.96,4,35
3097,2021-04-23,2,10,12,3,29.0,87.0,4,35
3098,2021-04-22,27,5,12,3,16.99,50.97,4,35
3099,2021-04-08,9,20,12,1,16.82,16.82,4,35
3100,2021-04-30,26,18,13,1,16.99,16.99,4,38
3101,2021-04-18,8,19,13,1,30.99,30.99,4,37
3102,2021-04-24,30,16,13,1,11.09,11.09,4,36
3103,2021-04-30,16,6,13,1,32.13,32.13,4,37
3104,2021-04-23,17,9,13,2,179.14,358.28,4,38
3105,2021-04-30,7,20,13,2,29.29,58.58,4,37
3106,2021-04-18,10,20,13,2,15.39,30.78,4,36
3107,2021-04-07,9,16,13,2,14.41,28.82,4,38
3108,2021-04-20,28,10,13,2,58.99,117.98,4,37
3109,2021-04-15,19,14,13,1,199.99,199.99,3,37
3110,2021-04-28,5,19,14,2,16.98,33.96,1,39
3111,2021-04-14,13,3,14,1,99.99,99.99,4,39
3112,2021-04-15,14,15,14,1,68.93,68.93,4,40
3113,2021-04-11,12,16,14,1,22.99,22.99,4,40
3114,2021-04-09,2,1,14,2,1001.55,2003.1,4,40
3115,2021-04-17,10,18,14,1,10.99,10.99,4,39
3116,2021-04-05,9,4,15,1,252.97,252.97,4,42
3117,2021-04-10,26,1,15,1,1042.92,1042.92,4,41
3118,2021-04-17,27,17,15,3,50.22,150.66,4,42
3119,2021-04-08,2,8,15,3,42.14,126.42,4,42
3120,2021-04-14,2,2,15,3,92.24,276.72,4,42
3121,2021-04-20,9,17,15,1,42.99,42.99,4,41
3122,2021-04-21,20,2,15,2,118.44,236.88,4,42
3123,2021-05-29,27,9,1,1,87.99,87.99,4,3
3124,2021-05-13,17,13,1,1,112.15,112.15,4,1
3125,2021-05-25,23,7,1,1,105.04,105.04,4,4
3126,2021-05-16,8,14,1,3,232.24,696.72,4,3
3127,2021-05-18,22,2,1,1,105.99,105.99,4,4
3128,2021-05-28,2,17,1,5,31.74,158.7,4,2
3129,2021-05-05,9,6,1,2,29.99,59.98,4,1
3130,2021-05-19,22,16,1,2,16.52,33.04,4,4
3131,2021-05-31,22,19,1,1,36.48,36.48,4,3
3132,2021-05-22,6,10,1,1,49.88,49.88,4,2
3133,2021-05-11,17,17,1,3,47.99,143.97,4,4
3134,2021-05-06,25,5,1,1,25.99,25.99,4,2
3135,2021-05-24,23,11,1,1,396.0,396.0,4,3
3136,2021-05-07,15,3,1,3,96.99,290.97,4,2
3137,2021-05-22,30,20,1,1,41.49,41.49,4,1
3138,2021-05-25,18,3,1,1,72.99,72.99,4,2
3139,2021-05-11,14,11,1,4,572.99,2291.96,4,1
3140,2021-05-05,16,5,1,2,19.05,38.1,4,1
3141,2021-05-29,16,4,1,1,261.51,261.51,4,1
3142,2021-05-27,26,6,1,1,31.99,31.99,4,4
3143,2021-05-15,23,13,1,1,102.28,102.28,4,3
3144,2021-05-07,3,13,1,4,98.92,395.68,3,1
3145,2021-05-03,20,6,1,2,16.86,33.72,4,1
3146,2021-05-23,6,14,1,3,129.99,389.97,4,4
3147,2021-05-14,1,5,1,5,21.99,109.95,4,2
3148,2021-05-19,4,8,2,1,65.42,65.42,2,6
3149,2021-05-24,29,3,2,1,115.71,115.71,4,5
3150,2021-05-13,26,18,2,2,8.61,17.22,4,5
3151,2021-05-16,13,1,2,3,1308.89,3926.67,4,8
3152,2021-05-02,5,9,2,2,88.08,176.16,4,6
3153,2021-05-20,8,19,2,4,26.78,107.12,4,7
3154,2021-05-10,15,13,2,1,64.29,64.29,4,5
3155,2021-05-17,28,13,2,5,53.99,269.95,4,6
3156,2021-05-26,8,9,2,3,178.18,534.54,4,5
3157,2021-05-04,11,6,2,3,28.96,86.88,4,5
3158,2021-05-12,3,3,2,2,126.55,253.1,4,8
3159,2021-05-23,9,17,2,1,54.35,54.35,1,5
3160,2021-05-10,29,2,2,5,101.11,505.55,4,8
3161,2021-05-30,21,5,2,4,12.97,51.88,4,7
3162,2021-05-11,13,14,2,3,186.42,559.26,4,5
3163,2021-05-20,2,8,2,1,87.31,87.31,4,6
3164,2021-05-12,10,8,2,2,55.27,110.54,1,7
3165,2021-05-27,24,16,2,5,20.99,104.95,4,8
3166,2021-05-05,16,13,2,3,78.99,236.97,4,6
3167,2021-05-19,12,19,2,3,18.0,54.0,4,8
3168,2021-05-22,4,8,2,5,73.99,369.95,3,8
3169,2021-05-27,18,3,2,4,125.19,500.76,4,7
3170,2021-05-08,10,5,2,1,27.99,27.99,4,5
3171,2021-05-21,18,16,2,2,19.99,39.98,4,6
3172,2021-05-07,26,6,2,4,26.99,107.96,4,8
3173,2021-05-12,19,16,2,2,18.4,36.8,4,7
3174,2021-05-24,30,19,3,1,14.99,14.99,1,11
3175,2021-05-29,17,4,3,1,210.99,210.99,4,11
3176,2021-05-10,4,18,3,3,9.99,29.97,4,9
3177,2021-05-23,23,18,3,1,13.75,13.75,4,11
3178,2021-05-10,5,2,3,3,117.75,353.25,4,11
3179,2021-05-21,7,20,3,3,25.89,77.67,4,9
3180,2021-05-30,19,16,3,2,14.15,28.3,4,11
3181,2021-05-29,13,4,3,2,217.99,435.98,4,10
3182,2021-05-14,1,20,3,5,34.9,174.5,4,9
3183,2021-05-26,2,20,3,3,36.99,110.97,4,9
3184,2021-05-08,19,5,3,1,25.99,25.99,4,11
3185,2021-05-14,29,11,3,2,464.99,929.98,4,10
3186,2021-05-15,11,13,3,2,61.09,122.18,4,9
3187,2021-05-01,7,13,3,3,67.04,201.12,4,9
3188,2021-05-30,29,7,3,1,137.99,137.99,4,10
3189,2021-05-13,25,5,3,1,10.33,10.33,4,9
3190,2021-05-24,13,19,3,2,22.9,45.8,4,11
3191,2021-05-16,13,15,3,3,45.99,137.97,4,10
3192,2021-05-28,30,20,3,1,41.24,41.24,4,11
3193,2021-05-03,7,16,3,3,21.99,65.97,4,10
3194,2021-05-16,18,3,3,1,59.08,59.08,4,11
3195,2021-05-08,30,2,3,1,107.5,107.5,4,10
3196,2021-05-16,27,6,3,1,10.99,10.99,4,9
3197,2021-05-15,15,10,3,3,36.99,110.97,4,11
3198,2021-05-10,11,1,3,1,1096.33,1096.33,1,10
3199,2021-05-02,26,16,4,2,8.96,17.92,4,13
3200,2021-05-31,10,5,4,2,15.49,30.98,4,12
3201,2021-05-14,14,9,4,2,190.99,381.98,4,12
3202,2021-05-03,4,11,4,2,390.89,781.78,4,12
3203,2021-05-05,15,6,4,2,23.25,46.5,4,12
3204,2021-05-14,22,17,4,1,47.99,47.99,4,12
3205,2021-05-06,7,16,4,2,8.0,16.0,4,12
3206,2021-05-17,11,8,4,3,46.45,139.35,4,14
3207,2021-05-30,6,18,4,3,8.15,24.45,2,13
3208,2021-05-16,11,2,4,1,108.08,108.08,2,12
3209,2021-05-14,7,18,4,2,8.54,17.08,4,14
3210,2021-05-02,8,20,4,1,31.99,31.99,4,14
3211,2021-05-21,22,2,4,2,51.99,103.98,4,14
3212,2021-05-09,7,10,4,2,36.7,73.4,4,12
3213,2021-05-17,4,7,4,1,128.99,128.99,4,12
3214,2021-05-14,11,15,4,1,39.99,39.99,4,12
3215,2021-05-10,14,13,4,1,85.69,85.69,4,12
3216,2021-05-06,24,16,4,5,11.96,59.8,4,14
3217,2021-05-16,28,14,4,1,184.93,184.93,4,12
3218,2021-05-20,8,9,4,2,168.99,337.98,4,13
3219,2021-05-13,13,20,4,3,28.99,86.97,4,13
3220,2021-05-29,6,7,4,3,144.96,434.88,4,13
3221,2021-05-14,4,8,4,2,87.99,175.98,4,13
3222,2021-05-19,6,16,4,4,20.44,81.76,4,13
3223,2021-05-13,11,8,5,1,38.34,38.34,4,17
3224,2021-05-30,25,8,5,4,61.9,247.6,4,17
3225,2021-05-05,29,6,5,3,19.09,57.27,4,17
3226,2021-05-04,3,6,5,2,31.45,62.9,4,15
3227,2021-05-07,18,16,5,1,11.4,11.4,4,15
3228,2021-05-11,14,10,5,3,30.05,90.15,4,15
3229,2021-05-18,19,3,5,2,82.64,165.28,4,16
3230,2021-05-18,3,17,5,1,49.98,49.98,4,16
3231,2021-05-04,26,7,5,2,124.99,249.98,4,17
3232,2021-05-16,16,17,5,1,34.99,34.99,4,15
3233,2021-05-01,9,19,5,2,34.36,68.72,4,17
3234,2021-05-01,5,11,5,3,448.99,1346.97,4,16
3235,2021-05-10,7,8,5,3,75.11,225.33,4,17
3236,2021-05-21,5,6,5,2,29.99,59.98,4,17
3237,2021-05-10,13,7,5,4,69.99,279.96,4,15
3238,2021-05-30,26,13,5,2,62.99,125.98,4,17
3239,2021-05-09,22,10,6,5,33.39,166.95,4,18
3240,2021-05-13,19,16,6,1,14.56,14.56,3,19
3241,2021-05-29,7,11,6,1,286.99,286.99,4,19
3242,2021-05-06,25,7,6,1,93.15,93.15,4,20
3243,2021-05-09,2,16,6,1,11.71,11.71,4,18
3244,2021-05-30,27,15,6,2,41.31,82.62,4,19
3245,2021-05-04,27,6,6,2,25.99,51.98,1,20
3246,2021-05-28,20,8,6,1,88.61,88.61,2,18
3247,2021-05-01,19,20,6,3,31.99,95.97,2,20
3248,2021-05-21,6,19,6,1,28.05,28.05,4,18
3249,2021-05-30,30,3,6,5,132.99,664.95,4,20
3250,2021-05-02,5,5,6,5,23.99,119.95,4,18
3251,2021-05-30,18,6,6,4,33.99,135.96,4,19
3252,2021-05-14,16,2,6,5,56.69,283.45,4,20
3253,2021-05-04,18,5,6,1,15.48,15.48,4,19
3254,2021-05-29,16,3,6,1,72.52,72.52,4,18
3255,2021-05-10,27,19,6,5,21.59,107.95,4,18
3256,2021-05-06,17,20,6,3,15.99,47.97,4,20
3257,2021-05-18,21,9,7,1,187.12,187.12,3,22
3258,2021-05-07,16,20,7,1,24.66,24.66,4,23
3259,2021-05-03,26,5,7,1,20.99,20.99,4,21
3260,2021-05-22,4,20,7,5,18.74,93.7,4,23
3261,2021-05-10,3,18,7,1,17.99,17.99,3,23
3262,2021-05-22,22,8,7,2,50.99,101.98,4,21
3263,2021-05-06,6,20,7,2,21.99,43.98,4,23
3264,2021-05-12,24,6,7,4,21.13,84.52,4,21
3265,2021-05-09,30,10,7,2,53.18,106.36,4,22
3266,2021-05-20,2,5,7,1,20.82,20.82,4,21
3267,2021-05-14,22,9,7,1,116.33,116.33,4,22
3268,2021-05-28,15,20,7,3,25.99,77.97,4,23
3269,2021-05-21,12,7,7,1,145.14,145.14,4,21
3270,2021-05-03,21,6,7,1,14.78,14.78,4,22
3271,2021-05-21,14,20,7,1,36.05,36.05,4,21
3272,2021-05-04,1,18,7,5,11.94,59.7,2,23
3273,2021-05-26,16,16,7,2,8.12,16.24,4,21
3274,2021-05-24,12,3,8,1,72.99,72.99,4,24
3275,2021-05-05,18,6,8,2,31.52,63.04,4,25
3276,2021-05-20,10,13,8,1,46.38,46.38,4,24
3277,2021-05-15,4,13,8,1,101.54,101.54,4,24
3278,2021-05-12,27,15,8,1,87.03,87.03,4,25
3279,2021-05-06,17,16,8,4,8.12,32.48,4,24
3280,2021-05-21,22,16,8,5,15.99,79.95,4,25
3281,2021-05-17,5,5,8,4,9.0,36.0,4,24
3282,2021-05-30,11,18,8,1,14.36,14.36,4,24
3283,2021-05-25,30,10,8,4,39.51,158.04,4,24
3284,2021-05-15,29,6,8,2,13.56,27.12,4,24
3285,2021-05-30,1,13,8,1,66.55,66.55,4,25
3286,2021-05-23,22,20,8,2,29.99,59.98,4,24
3287,2021-05-08,20,17,8,1,51.99,51.99,4,25
3288,2021-05-20,11,13,8,2,115.63,231.26,4,25
3289,2021-05-19,23,12,9,2,538.13,1076.26,4,26
3290,2021-05-27,14,8,9,2,68.99,137.98,4,28
3291,2021-05-20,14,17,9,1,44.99,44.99,4,26
3292,2021-05-08,25,5,9,1,25.99,25.99,4,27
3293,2021-05-15,30,8,9,2,59.99,119.98,4,26
3294,2021-05-02,8,3,9,1,87.04,87.04,4,28
3295,2021-05-20,20,4,9,1,159.26,159.26,4,27
3296,2021-05-30,26,4,9,2,233.99,467.98,4,26
3297,2021-05-09,10,4,9,1,104.99,104.99,4,28
3298,2021-05-10,11,3,9,1,146.31,146.31,4,27
3299,2021-05-11,10,6,9,4,18.99,75.96,4,28
3300,2021-05-13,9,1,9,1,835.86,835.86,4,26
3301,2021-05-22,26,3,9,3,87.99,263.97,4,27
3302,2021-05-03,18,6,9,2,13.99,27.98,4,26
3303,2021-05-05,13,13,9,4,94.21,376.84,4,26
3304,2021-05-04,6,9,9,1,85.99,85.99,4,28
3305,2021-05-18,6,19,9,1,19.99,19.99,4,26
3306,2021-05-20,28,5,9,2,28.72,57.44,4,26
3307,2021-05-07,8,3,9,1,63.52,63.52,4,28
3308,2021-05-12,5,1,9,2,1200.99,2401.98,4,26
3309,2021-05-21,12,5,9,1,20.99,20.99,1,28
3310,2021-05-21,23,1,9,2,1056.99,2113.98,4,28
3311,2021-05-11,23,7,9,1,103.15,103.15,4,28
3312,2021-05-20,24,6,9,2,25.16,50.32,4,27
3313,2021-05-10,12,17,9,3,26.82,80.46,2,28
3314,2021-05-21,15,14,9,3,140.99,422.97,4,28
3315,2021-05-10,15,18,9,3,7.99,23.97,4,26
3316,2021-05-07,23,15,9,4,69.2,276.8,4,26
3317,2021-05-14,11,16,9,1,18.54,18.54,4,26
3318,2021-05-03,26,3,10,1,67.65,67.65,4,31
3319,2021-05-18,22,2,10,3,98.99,296.97,4,29
3320,2021-05-22,16,3,10,2,150.99,301.98,4,31
3321,2021-05-16,7,14,10,1,121.68,121.68,4,30
3322,2021-05-12,3,13,10,1,89.86,89.86,4,29
3323,2021-05-12,30,8,10,1,42.99,42.99,4,30
3324,2021-05-01,24,2,10,2,75.93,151.86,4,29
3325,2021-05-18,23,12,10,4,749.99,2999.96,4,29
3326,2021-05-14,22,7,10,2,90.81,181.62,4,31
3327,2021-05-16,18,16,10,1,15.85,15.85,4,31
3328,2021-05-16,19,8,10,4,45.99,183.96,4,29
3329,2021-05-02,25,3,10,3,61.99,185.97,4,30
3330,2021-05-23,10,8,10,2,80.41,160.82,4,29
3331,2021-05-12,5,2,10,1,71.37,71.37,4,30
3332,2021-05-26,16,19,10,3,21.85,65.55,4,30
3333,2021-05-14,15,5,10,1,16.99,16.99,4,31
3334,2021-05-19,12,6,10,1,18.99,18.99,2,29
3335,2021-05-19,19,3,10,1,111.99,111.99,3,30
3336,2021-05-02,25,18,10,3,17.51,52.53,4,29
3337,2021-05-31,11,5,10,1,17.82,17.82,4,31
3338,2021-05-29,5,5,10,1,11.2,11.2,4,29
3339,2021-05-12,6,19,11,3,21.32,63.96,4,32
3340,2021-05-28,28,15,11,1,49.69,49.69,4,32
3341,2021-05-28,12,18,11,4,10.5,42.0,4,32
3342,2021-05-07,20,5,11,1,18.06,18.06,4,32
3343,2021-05-31,8,3,11,2,131.99,263.98,3,32
3344,2021-05-23,11,16,11,3,14.32,42.96,4,32
3345,2021-05-01,14,8,11,3,79.32,237.96,4,32
3346,2021-05-14,4,5,11,5,26.67,133.35,1,32
3347,2021-05-29,22,18,11,2,9.99,19.98,4,33
3348,2021-05-31,7,18,11,5,9.55,47.75,4,32
3349,2021-05-13,26,1,11,4,1213.8,4855.2,4,32
3350,2021-05-24,23,14,11,2,226.77,453.54,4,32
3351,2021-05-30,14,6,11,1,34.62,34.62,4,32
3352,2021-05-23,4,18,11,1,14.46,14.46,3,32
3353,2021-05-30,2,5,12,1,25.99,25.99,2,34
3354,2021-05-26,23,19,12,2,15.22,30.44,4,34
3355,2021-05-19,24,14,12,1,193.99,193.99,1,34
3356,2021-05-03,13,7,12,1,71.99,71.99,4,35
3357,2021-05-21,17,3,12,2,103.99,207.98,1,34
3358,2021-05-20,4,14,12,2,145.99,291.98,2,35
3359,2021-05-18,3,5,12,1,18.25,18.25,3,34
3360,2021-05-17,21,16,12,2,8.99,17.98,4,34
3361,2021-05-30,26,7,12,1,111.56,111.56,4,35
3362,2021-05-15,24,7,12,3,65.99,197.97,4,34
3363,2021-05-24,1,6,12,5,21.99,109.95,4,35
3364,2021-05-21,19,10,12,2,45.99,91.98,4,35
3365,2021-05-12,8,20,12,1,24.86,24.86,3,34
3366,2021-05-16,2,6,12,3,22.99,68.97,4,34
3367,2021-05-18,28,9,12,1,181.99,181.99,4,34
3368,2021-05-17,6,6,12,1,28.6,28.6,4,35
3369,2021-05-21,11,5,12,2,25.22,50.44,4,34
3370,2021-05-05,12,18,13,2,17.99,35.98,4,37
3371,2021-05-27,30,4,13,2,211.86,423.72,4,36
3372,2021-05-27,15,1,13,2,1227.99,2455.98,4,36
3373,2021-05-16,30,9,13,5,84.07,420.35,4,38
3374,2021-05-05,23,6,13,2,21.99,43.98,3,38
3375,2021-05-02,30,1,13,1,826.99,826.99,4,36
3376,2021-05-05,22,4,13,2,276.69,553.38,4,37
3377,2021-05-22,27,9,13,3,196.99,590.97,4,38
3378,2021-05-30,29,17,13,4,43.4,173.6,4,37
3379,2021-05-13,20,7,13,1,92.86,92.86,4,37
3380,2021-05-02,24,13,13,1,106.99,106.99,4,38
3381,2021-05-01,23,1,13,1,1360.7,1360.7,4,37
3382,2021-05-22,23,7,13,1,98.99,98.99,4,37
3383,2021-05-05,19,18,13,3,9.93,29.79,1,36
3384,2021-05-12,16,15,13,1,31.99,31.99,4,38
3385,2021-05-21,3,13,13,1,94.99,94.99,4,37
3386,2021-05-27,14,19,13,1,14.82,14.82,4,36
3387,2021-05-23,9,5,13,4,20.96,83.84,4,37
3388,2021-05-07,10,5,13,2,13.14,26.28,1,38
3389,2021-05-04,13,6,13,2,29.99,59.98,4,37
3390,2021-05-23,14,10,13,2,40.35,80.7,4,38
3391,2021-05-01,3,18,13,3,16.81,50.43,4,37
3392,2021-05-25,10,10,13,2,39.55,79.1,4,37
3393,2021-05-24,5,10,13,1,61.43,61.43,4,37
3394,2021-05-22,18,3,13,3,67.64,202.92,4,37
3395,2021-05-01,19,6,13,2,16.99,33.98,4,36
3396,2021-05-29,21,3,13,3,146.91,440.73,4,36
3397,2021-05-08,14,6,13,4,18.92,75.68,4,38
3398,2021-05-07,3,17,13,1,19.99,19.99,4,36
3399,2021-05-19,18,5,14,2,23.54,47.08,4,40
3400,2021-05-27,2,10,14,2,67.99,135.98,4,39
3401,2021-05-09,18,2,14,2,53.05,106.1,2,39
3402,2021-05-23,15,5,14,2,13.85,27.7,4,40
3403,2021-05-30,17,14,14,1,119.57,119.57,4,39
3404,2021-05-12,28,18,14,3,17.73,53.19,4,40
3405,2021-05-28,12,1,14,1,1295.93,1295.93,2,39
3406,2021-05-22,7,11,14,1,463.51,463.51,4,39
3407,2021-05-15,10,14,14,1,185.99,185.99,4,39
3408,2021-05-22,8,8,14,5,70.99,354.95,3,40
3409,2021-05-04,16,8,14,2,80.47,160.94,4,40
3410,2021-05-28,22,19,14,2,19.9,39.8,4,39
3411,2021-05-22,3,7,14,4,134.99,539.96,4,40
3412,2021-05-06,6,13,14,2,74.51,149.02,4,40
3413,2021-05-19,7,16,14,2,8.99,17.98,4,40
3414,2021-05-06,30,4,14,2,214.99,429.98,4,39
3415,2021-05-18,11,3,14,2,106.99,213.98,4,40
3416,2021-05-20,13,18,14,1,17.06,17.06,4,40
3417,2021-05-24,11,10,14,4,65.74,262.96,4,39
3418,2021-05-25,29,8,15,1,59.99,59.99,1,42
3419,2021-05-19,28,20,15,4,22.99,91.96,4,42
3420,2021-05-03,27,15,15,2,31.36,62.72,4,42
3421,2021-05-02,20,1,15,1,1155.62,1155.62,4,41
3422,2021-05-15,29,11,15,1,410.99,410.99,4,42
3423,2021-05-01,19,17,15,1,22.66,22.66,4,41
3424,2021-05-01,17,2,15,3,50.99,152.97,4,42
3425,2021-05-01,21,8,15,1,35.99,35.99,4,42
3426,2021-05-20,4,5,15,2,25.99,51.98,4,41
3427,2021-05-21,5,5,15,3,27.09,81.27,4,42
3428,2021-05-09,19,16,15,1,15.51,15.51,4,42
3429,2021-05-01,11,16,15,4,19.05,76.2,4,42
3430,2021-06-10,22,7,1,4,123.61,494.44,4,3
3431,2021-06-24,29,7,1,3,87.99,263.97,4,4
3432,2021-06-08,24,5,1,1,22.11,22.11,4,1
3433,2021-06-22,12,17,1,3,50.41,151.23,4,2
3434,2021-06-18,8,16,1,2,23.12,46.24,4,3
3435,2021-06-27,14,10,1,3,48.99,146.97,3,4
3436,2021-06-26,12,9,1,1,135.03,135.03,4,4
3437,2021-06-25,14,18,1,2,13.99,27.98,4,2
3438,2021-06-24,20,8,1,4,26.99,107.96,4,3
3439,2021-06-10,2,6,1,5,9.0,45.0,4,3
3440,2021-06-15,27,4,1,1,137.99,137.99,4,1
3441,2021-06-20,19,16,1,3,15.15,45.45,4,1
3442,2021-06-05,19,18,1,1,15.99,15.99,4,3
3443,2021-06-22,18,1,1,1,881.62,881.62,4,1
3444,2021-06-12,5,2,1,1,76.48,76.48,4,1
3445,2021-06-04,11,6,1,4,12.62,50.48,4,2
3446,2021-06-22,22,15,1,3,74.04,222.12,4,2
3447,2021-06-11,26,4,1,1,145.99,145.99,1,1
3448,2021-06-13,29,7,1,3,65.39,196.17,4,4
3449,2021-06-29,22,4,1,1,108.99,108.99,4,3
3450,2021-06-07,22,11,1,1,367.99,367.99,4,3
3451,2021-06-14,26,20,1,2,22.99,45.98,4,1
3452,2021-06-30,27,6,1,1,26.79,26.79,4,3
3453,2021-06-30,5,16,1,1,21.52,21.52,4,4
3454,2021-06-15,4,5,1,4,22.36,89.44,4,2
3455,2021-06-14,25,16,1,3,11.99,35.97,4,2
3456,2021-06-01,17,10,1,2,60.34,120.68,4,1
3457,2021-06-19,2,14,1,2,111.58,223.16,4,4
3458,2021-06-26,30,18,1,5,12.23,61.15,2,3
3459,2021-06-02,24,16,1,4,10.0,40.0,4,2
3460,2021-06-15,26,5,1,5,27.99,139.95,4,1
3461,2021-06-27,30,17,2,1,31.39,31.39,4,5
3462,2021-06-21,5,4,2,2,146.99,293.98,3,7
3463,2021-06-05,26,11,2,1,338.37,338.37,4,6
3464,2021-06-15,6,7,2,1,85.44,85.44,4,5
3465,2021-06-21,29,5,2,2,23.14,46.28,4,5
3466,2021-06-29,8,13,2,4,93.85,375.4,4,5
3467,2021-06-19,4,9,2,1,122.04,122.04,4,5
3468,2021-06-22,20,19,2,2,32.99,65.98,2,6
3469,2021-06-07,17,18,2,4,8.7,34.8,4,5
3470,2021-06-24,8,10,2,1,51.99,51.99,4,6
3471,2021-06-03,15,17,2,3,34.67,104.01,4,6
3472,2021-06-12,17,3,2,2,102.99,205.98,4,8
3473,2021-06-24,24,14,2,1,127.99,127.99,4,5
3474,2021-06-01,6,17,2,1,42.26,42.26,4,5
3475,2021-06-18,20,10,2,4,57.99,231.96,4,5
3476,2021-06-02,11,4,2,2,177.99,355.98,4,8
3477,2021-06-09,25,1,2,1,1209.91,1209.91,4,6
3478,2021-06-21,23,2,2,1,82.92,82.92,1,6
3479,2021-06-27,5,11,2,1,265.96,265.96,1,8
3480,2021-06-09,4,7,2,1,49.0,49.0,4,7
3481,2021-06-06,8,7,2,1,108.99,108.99,4,6
3482,2021-06-29,13,16,2,3,17.99,53.97,4,5
3483,2021-06-08,22,10,2,2,57.06,114.12,4,5
3484,2021-06-20,24,1,2,2,1055.99,2111.98,2,7
3485,2021-06-05,23,2,2,3,126.32,378.96,4,5
3486,2021-06-14,18,5,2,4,9.55,38.2,4,7
3487,2021-06-20,6,6,2,2,21.99,43.98,4,6
3488,2021-06-25,3,13,2,3,62.99,188.97,4,7
3489,2021-06-20,20,9,2,1,118.99,118.99,4,8
3490,2021-06-14,8,10,2,2,55.99,111.98,4,8
3491,2021-06-17,25,10,2,4,37.99,151.96,3,6
3492,2021-06-13,13,16,2,2,22.99,45.98,4,8
3493,2021-06-15,18,3,2,3,140.99,422.97,4,8
3494,2021-06-07,30,15,2,3,85.99,257.97,4,7
3495,2021-06-29,16,7,2,1,72.99,72.99,4,8
3496,2021-06-03,14,17,2,3,25.27,75.81,4,5
3497,2021-06-10,4,10,3,2,50.27,100.54,4,11
3498,2021-06-14,1,5,3,2,16.54,33.08,4,10
3499,2021-06-17,30,19,3,1,27.78,27.78,4,9
3500,2021-06-01,8,6,3,3,31.99,95.97,4,10
3501,2021-06-23,25,18,3,2,9.17,18.34,4,10
3502,2021-06-23,20,20,3,3,18.69,56.07,4,9
3503,2021-06-20,3,5,3,4,10.0,40.0,4,9
3504,2021-06-19,18,3,3,1,109.99,109.99,4,10
3505,2021-06-07,18,1,3,2,1149.03,2298.06,4,9
3506,2021-06-02,16,18,3,3,13.31,39.93,4,10
3507,2021-06-17,27,15,3,2,46.09,92.18,4,11
3508,2021-06-02,30,6,3,1,11.99,11.99,4,9
3509,2021-06-26,14,6,3,2,11.47,22.94,4,10
3510,2021-06-29,14,20,3,2,31.69,63.38,4,9
3511,2021-06-23,28,6,3,1,19.61,19.61,4,9
3512,2021-06-15,12,20,3,2,18.98,37.96,4,10
3513,2021-06-14,20,13,3,1,112.11,112.11,1,10
3514,2021-06-17,23,18,3,2,16.99,33.98,4,11
3515,2021-06-06,4,16,3,2,8.0,16.0,4,9
3516,2021-06-12,22,4,3,1,176.8,176.8,4,11
3517,2021-06-14,26,19,3,1,29.35,29.35,4,9
3518,2021-06-02,2,16,3,3,20.99,62.97,4,10
3519,2021-06-20,10,7,3,2,84.99,169.98,4,10
3520,2021-06-29,28,20,3,3,39.68,119.04,4,9
3521,2021-06-05,9,9,3,1,150.99,150.99,4,11
3522,2021-06-29,15,6,4,1,24.61,24.61,4,13
3523,2021-06-29,21,18,4,4,17.84,71.36,4,14
3524,2021-06-28,6,8,4,3,88.45,265.35,4,12
3525,2021-06-02,18,3,4,1,117.99,117.99,1,13
3526,2021-06-24,9,17,4,1,29.99,29.99,1,13
3527,2021-06-01,26,19,4,2,27.03,54.06,4,13
3528,2021-06-20,19,2,4,3,73.47,220.41,4,13
3529,2021-06-15,9,3,4,1,157.53,157.53,4,14
3530,2021-06-23,16,3,4,3,77.82,233.46,4,14
3531,2021-06-03,17,8,4,1,38.2,38.2,4,12
3532,2021-06-30,1,8,4,3,32.75,98.25,4,13
3533,2021-06-01,6,16,4,1,9.99,9.99,4,13
3534,2021-06-09,20,3,4,4,141.99,567.96,4,14
3535,2021-06-14,8,15,4,3,54.99,164.97,3,12
3536,2021-06-04,10,15,4,1,46.79,46.79,4,13
3537,2021-06-09,22,4,4,1,154.9,154.9,4,12
3538,2021-06-01,10,16,4,2,19.22,38.44,4,13
3539,2021-06-24,22,10,4,5,44.99,224.95,4,12
3540,2021-06-19,10,6,4,1,25.15,25.15,1,13
3541,2021-06-15,10,2,4,1,116.1,116.1,4,14
3542,2021-06-20,30,2,4,2,55.09,110.18,4,12
3543,2021-06-01,11,14,4,1,139.08,139.08,4,13
3544,2021-06-06,6,2,4,2,105.89,211.78,4,12
3545,2021-06-14,25,13,4,2,57.7,115.4,2,12
3546,2021-06-03,21,18,4,3,9.3,27.9,4,14
3547,2021-06-26,26,5,4,1,22.07,22.07,4,13
3548,2021-06-13,6,8,4,3,41.99,125.97,4,14
3549,2021-06-22,20,10,5,5,39.29,196.45,3,15
3550,2021-06-17,29,7,5,1,53.1,53.1,4,17
3551,2021-06-26,10,6,5,3,13.59,40.77,4,15
3552,2021-06-18,1,6,5,1,17.84,17.84,4,16
3553,2021-06-12,25,4,5,2,286.19,572.38,4,17
3554,2021-06-20,30,5,5,4,25.99,103.96,4,16
3555,2021-06-29,14,13,5,1,63.99,63.99,4,16
3556,2021-06-13,9,6,5,1,22.99,22.99,3,16
3557,2021-06-26,9,13,5,2,113.99,227.98,4,15
3558,2021-06-10,20,16,5,2,14.04,28.08,4,17
3559,2021-06-19,19,10,5,2,44.99,89.98,4,16
3560,2021-06-28,28,14,5,2,110.99,221.98,4,16
3561,2021-06-03,25,2,5,3,69.86,209.58,4,15
3562,2021-06-15,13,3,5,3,100.88,302.64,2,16
3563,2021-06-03,17,10,5,5,55.99,279.95,4,16
3564,2021-06-09,24,11,5,1,347.99,347.99,4,17
3565,2021-06-20,14,18,5,2,7.22,14.44,4,17
3566,2021-06-11,1,16,5,1,14.54,14.54,4,17
3567,2021-06-08,10,9,5,1,161.55,161.55,4,15
3568,2021-06-26,3,11,5,3,435.99,1307.97,4,16
3569,2021-06-15,2,3,5,1,157.03,157.03,4,15
3570,2021-06-11,16,18,5,3,16.07,48.21,4,16
3571,2021-06-26,14,2,5,2,71.99,143.98,4,15
3572,2021-06-28,2,11,5,2,361.99,723.98,1,17
3573,2021-06-01,28,16,5,2,17.25,34.5,3,15
3574,2021-06-21,25,5,6,2,18.99,37.98,4,19
3575,2021-06-29,15,16,6,2,19.99,39.98,4,19
3576,2021-06-11,2,8,6,3,37.99,113.97,4,18
3577,2021-06-21,13,13,6,3,69.2,207.6,4,20
3578,2021-06-04,22,10,6,1,43.83,43.83,3,18
3579,2021-06-27,2,16,6,4,21.41,85.64,4,19
3580,2021-06-28,15,7,6,1,93.99,93.99,4,19
3581,2021-06-13,11,8,6,1,64.31,64.31,4,20
3582,2021-06-20,16,9,6,3,194.6,583.8,4,19
3583,2021-06-22,8,6,6,3,26.99,80.97,4,19
3584,2021-06-07,15,8,6,4,80.63,322.52,4,19
3585,2021-06-16,14,7,6,2,51.75,103.5,2,20
3586,2021-06-14,3,9,6,2,113.99,227.98,2,19
3587,2021-06-25,25,5,6,1,20.77,20.77,4,18
3588,2021-06-02,9,12,6,1,602.99,602.99,4,20
3589,2021-06-05,10,5,6,1,13.88,13.88,4,20
3590,2021-06-21,12,15,6,1,38.99,38.99,4,18
3591,2021-06-14,2,8,6,3,83.59,250.77,4,20
3592,2021-06-02,1,5,6,3,10.4,31.2,4,20
3593,2021-06-19,22,20,6,3,16.18,48.54,4,19
3594,2021-06-17,24,12,7,3,894.99,2684.97,2,22
3595,2021-06-17,15,5,7,2,10.53,21.06,4,22
3596,2021-06-14,17,19,7,3,24.21,72.63,3,23
3597,2021-06-15,14,16,7,3,21.74,65.22,4,22
3598,2021-06-05,1,16,7,1,10.13,10.13,4,23
3599,2021-06-19,17,7,7,2,78.99,157.98,4,23
3600,2021-06-08,6,1,7,3,1096.83,3290.49,4,23
3601,2021-06-11,16,6,7,1,21.99,21.99,4,23
3602,2021-06-09,3,2,7,4,90.99,363.96,4,21
3603,2021-06-10,8,9,7,2,176.99,353.98,4,21
3604,2021-06-17,9,6,7,1,15.99,15.99,4,22
3605,2021-06-20,4,5,7,4,23.93,95.72,4,21
3606,2021-06-08,16,17,7,1,30.99,30.99,4,23
3607,2021-06-22,28,16,7,2,22.81,45.62,4,22
3608,2021-06-04,7,5,7,1,21.99,21.99,4,22
3609,2021-06-12,29,5,7,3,18.99,56.97,4,22
3610,2021-06-20,25,19,7,1,17.99,17.99,4,23
3611,2021-06-11,20,7,7,1,111.99,111.99,4,23
3612,2021-06-26,30,20,7,5,28.99,144.95,4,21
3613,2021-06-17,28,18,7,1,11.14,11.14,4,21
3614,2021-06-07,4,19,7,1,27.31,27.31,3,23
3615,2021-06-25,2,2,8,5,53.99,269.95,4,24
3616,2021-06-09,20,3,8,1,74.7,74.7,4,24
3617,2021-06-19,27,9,8,5,179.11,895.55,4,24
3618,2021-06-04,17,4,8,1,278.99,278.99,4,25
3619,2021-06-10,3,16,8,1,13.32,13.32,4,24
3620,2021-06-28,3,2,8,1,64.18,64.18,4,25
3621,2021-06-15,3,8,8,4,64.46,257.84,4,24
3622,2021-06-20,22,11,8,1,391.37,391.37,4,25
3623,2021-06-24,11,17,8,1,39.1,39.1,4,25
3624,2021-06-04,20,3,8,1,63.99,63.99,3,25
3625,2021-06-30,4,16,9,2,9.67,19.34,4,26
3626,2021-06-21,20,7,9,1,147.47,147.47,4,26
3627,2021-06-24,5,10,9,3,34.36,103.08,4,26
3628,2021-06-05,17,8,9,1,30.36,30.36,4,26
3629,2021-06-21,21,8,9,3,60.99,182.97,4,27
3630,2021-06-17,9,5,9,2,26.99,53.98,2,27
3631,2021-06-19,22,5,9,2,27.74,55.48,4,28
3632,2021-06-25,21,3,9,1,78.99,78.99,3,27
3633,2021-06-22,28,9,9,2,149.04,298.08,4,27
3634,2021-06-07,4,11,9,2,278.99,557.98,4,26
3635,2021-06-26,22,2,9,4,112.99,451.96,4,28
3636,2021-06-30,17,14,9,1,155.99,155.99,1,27
3637,2021-06-09,26,1,9,4,1329.99,5319.96,4,27
3638,2021-06-13,20,15,9,1,62.99,62.99,3,27
3639,2021-06-24,11,13,9,2,93.99,187.98,2,27
3640,2021-06-11,12,14,9,3,132.08,396.24,4,27
3641,2021-06-30,24,10,9,1,56.89,56.89,4,27
3642,2021-06-27,7,5,9,2,10.05,20.1,4,27
3643,2021-06-05,1,18,9,5,16.59,82.95,4,26
3644,2021-06-01,16,19,9,1,32.83,32.83,3,28
3645,2021-06-20,17,1,9,1,871.75,871.75,4,26
3646,2021-06-17,25,13,9,3,83.81,251.43,4,27
3647,2021-06-10,23,2,9,1,113.71,113.71,4,26
3648,2021-06-08,5,6,10,1,17.99,17.99,4,31
3649,2021-06-16,2,5,10,1,13.42,13.42,4,31
3650,2021-06-01,9,17,10,3,33.54,100.62,4,31
3651,2021-06-14,11,18,10,3,8.79,26.37,4,30
3652,2021-06-22,18,19,10,1,36.15,36.15,4,31
3653,2021-06-18,25,19,10,2,16.99,33.98,3,29
3654,2021-06-17,18,6,10,1,33.5,33.5,4,31
3655,2021-06-21,1,10,10,5,40.14,200.7,4,31
3656,2021-06-09,19,16,10,3,14.99,44.97,4,30
3657,2021-06-21,16,5,10,4,22.67,90.68,4,30
3658,2021-06-06,23,19,10,2,27.44,54.88,4,31
3659,2021-06-22,21,2,10,5,79.86,399.3,4,30
3660,2021-06-14,25,8,10,3,66.72,200.16,4,29
3661,2021-06-14,8,5,10,2,15.99,31.98,4,30
3662,2021-06-25,10,14,10,2,165.09,330.18,4,29
3663,2021-06-24,26,1,10,2,922.93,1845.86,4,29
3664,2021-06-02,13,18,10,3,8.03,24.09,4,29
3665,2021-06-21,6,14,10,1,177.65,177.65,4,30
3666,2021-06-07,22,6,10,1,18.92,18.92,4,31
3667,2021-06-17,14,16,10,3,23.28,69.84,4,31
3668,2021-06-02,26,6,10,1,15.99,15.99,4,29
3669,2021-06-11,15,18,10,1,16.53,16.53,4,31
3670,2021-06-24,30,9,11,1,104.43,104.43,4,33
3671,2021-06-19,13,4,11,2,186.48,372.96,4,32
3672,2021-06-27,21,20,11,2,14.99,29.98,4,32
3673,2021-06-30,26,16,11,2,9.01,18.02,4,33
3674,2021-06-17,12,17,11,2,41.56,83.12,4,33
3675,2021-06-12,6,16,11,4,23.19,92.76,4,32
3676,2021-06-28,27,17,11,2,49.99,99.98,4,32
3677,2021-06-28,5,6,11,4,19.04,76.16,4,32
3678,2021-06-20,16,7,11,1,92.5,92.5,4,33
3679,2021-06-27,16,1,11,1,1267.77,1267.77,4,33
3680,2021-06-04,3,13,11,2,67.99,135.98,4,33
3681,2021-06-09,26,6,11,2,12.99,25.98,2,33
3682,2021-06-20,17,10,11,2,54.76,109.52,4,32
3683,2021-06-15,12,8,11,3,61.99,185.97,2,33
3684,2021-06-10,9,16,11,2,12.89,25.78,4,32
3685,2021-06-16,4,15,11,4,76.99,307.96,4,33
3686,2021-06-01,9,18,11,2,18.36,36.72,4,32
3687,2021-06-04,12,7,12,2,158.35,316.7,2,35
3688,2021-06-21,15,5,12,3,20.99,62.97,4,34
3689,2021-06-27,9,19,12,1,21.99,21.99,4,35
3690,2021-06-11,4,8,12,1,66.48,66.48,4,34
3691,2021-06-04,11,7,12,2,116.99,233.98,4,35
3692,2021-06-05,12,10,12,2,62.36,124.72,4,35
3693,2021-06-27,24,7,12,3,88.83,266.49,4,35
3694,2021-06-13,26,2,12,2,57.99,115.98,4,35
3695,2021-06-07,21,16,12,2,12.81,25.62,4,35
3696,2021-06-26,15,13,12,1,117.33,117.33,4,34
3697,2021-06-26,23,17,12,5,22.99,114.95,4,34
3698,2021-06-11,17,20,12,2,21.94,43.88,4,34
3699,2021-06-04,7,9,12,1,78.99,78.99,4,35
3700,2021-06-22,25,18,12,2,7.0,14.0,4,34
3701,2021-06-21,2,5,12,2,22.99,45.98,4,35
3702,2021-06-11,13,15,12,1,76.89,76.89,4,34
3703,2021-06-22,26,11,12,2,484.99,969.98,4,35
3704,2021-06-14,8,9,12,4,172.43,689.72,4,35
3705,2021-06-02,15,9,12,1,137.99,137.99,1,34
3706,2021-06-08,27,17,12,3,40.99,122.97,4,34
3707,2021-06-20,28,9,12,1,151.58,151.58,4,35
3708,2021-06-13,30,18,12,1,15.55,15.55,4,34
3709,2021-06-25,3,17,13,1,52.99,52.99,4,38
3710,2021-06-29,22,15,13,4,68.99,275.96,4,36
3711,2021-06-21,12,8,13,3,48.99,146.97,4,38
3712,2021-06-28,22,6,13,1,27.97,27.97,4,37
3713,2021-06-23,3,17,13,4,50.1,200.4,4,36
3714,2021-06-19,26,3,13,3,154.69,464.07,4,36
3715,2021-06-09,6,14,13,4,218.99,875.96,2,37
3716,2021-06-26,19,14,13,4,220.5,882.0,4,36
3717,2021-06-25,15,16,13,2,12.37,24.74,4,37
3718,2021-06-06,27,7,13,1,149.99,149.99,3,37
3719,2021-06-18,25,15,13,1,41.83,41.83,4,38
3720,2021-06-01,5,15,13,1,78.53,78.53,3,36
3721,2021-06-07,24,8,13,2,74.94,149.88,4,37
3722,2021-06-28,3,10,13,2,33.99,67.98,3,37
3723,2021-06-17,8,5,13,1,9.99,9.99,4,37
3724,2021-06-06,30,10,13,1,29.06,29.06,4,37
3725,2021-06-30,30,6,13,1,23.9,23.9,4,37
3726,2021-06-16,18,8,13,3,49.14,147.42,4,36
3727,2021-06-16,16,8,13,3,64.99,194.97,1,38
3728,2021-06-02,17,6,13,2,9.99,19.98,4,38
3729,2021-06-27,2,12,13,4,733.99,2935.96,4,36
3730,2021-06-11,9,17,14,2,22.93,45.86,4,40
3731,2021-06-11,22,16,14,2,8.33,16.66,4,39
3732,2021-06-26,19,12,14,2,512.99,1025.98,4,40
3733,2021-06-04,20,16,14,3,8.99,26.97,4,40
3734,2021-06-18,7,12,14,5,469.99,2349.95,4,40
3735,2021-06-15,4,6,14,4,9.99,39.96,4,40
3736,2021-06-24,28,3,14,5,98.99,494.95,4,40
3737,2021-06-14,30,12,14,2,653.99,1307.98,4,39
3738,2021-06-01,27,3,14,1,158.37,158.37,4,39
3739,2021-06-27,22,6,14,1,17.99,17.99,4,39
3740,2021-06-28,10,3,14,4,95.99,383.96,4,40
3741,2021-06-12,29,3,14,3,89.43,268.29,4,39
3742,2021-06-05,8,19,14,1,22.26,22.26,4,39
3743,2021-06-23,19,9,14,4,113.05,452.2,4,39
3744,2021-06-04,16,10,14,4,55.99,223.96,4,39
3745,2021-06-17,2,9,14,1,101.97,101.97,4,40
3746,2021-06-11,13,3,14,2,82.19,164.38,4,40
3747,2021-06-11,15,5,14,2,11.31,22.62,4,40
3748,2021-06-13,28,9,15,4,69.99,279.96,4,42
3749,2021-06-21,30,18,15,3,14.99,44.97,2,42
3750,2021-06-25,8,5,15,1,20.6,20.6,4,41
3751,2021-06-24,30,9,15,4,103.32,413.28,4,42
3752,2021-06-01,9,6,15,2,27.22,54.44,4,41
3753,2021-06-07,18,18,15,5,11.64,58.2,4,41
3754,2021-06-06,15,9,15,3,161.99,485.97,4,42
3755,2021-06-27,4,3,15,2,158.32,316.64,4,41
3756,2021-06-15,22,7,15,2,99.75,199.5,4,42
3757,2021-06-05,22,4,15,1,166.57,166.57,4,41
3758,2021-06-25,1,5,15,5,16.6,83.0,4,42
3759,2021-06-01,13,18,15,4,18.45,73.8,4,41
3760,2021-06-07,30,10,15,3,48.05,144.15,4,42
3761,2021-06-29,15,8,15,2,54.98,109.96,4,42
3762,2021-06-19,14,19,15,1,26.43,26.43,4,41
3763,2021-06-26,15,16,15,3,9.37,28.11,4,41
3764,2021-06-12,18,3,15,1,124.99,124.99,4,42
3765,2021-06-29,6,15,15,1,42.91,42.91,4,42
3766,2021-07-02,7,17,1,1,32.65,32.65,4,2
3767,2021-07-29,28,2,1,2,126.94,253.88,4,4
3768,2021-07-01,12,8,1,1,53.01,53.01,4,2
3769,2021-07-05,3,13,1,2,58.4,116.8,2,2
3770,2021-07-28,9,19,1,1,25.97,25.97,4,3
3771,2021-07-04,21,20,1,1,24.14,24.14,4,1
3772,2021-07-17,11,17,1,5,33.77,168.85,4,2
3773,2021-07-12,1,6,1,2,34.24,68.48,4,4
3774,2021-07-31,13,8,1,3,27.69,83.07,4,1
3775,2021-07-06,29,3,1,4,62.42,249.68,4,1
3776,2021-07-23,18,19,1,5,37.06,185.3,4,4
3777,2021-07-22,26,3,1,2,135.99,271.98,4,4
3778,2021-07-16,26,5,1,1,11.99,11.99,4,1
3779,2021-07-14,27,4,1,2,231.99,463.98,4,1
3780,2021-07-14,7,1,1,2,1102.94,2205.88,1,2
3781,2021-07-23,17,2,1,1,102.99,102.99,3,4
3782,2021-07-06,21,16,1,1,21.99,21.99,4,1
3783,2021-07-09,9,2,2,2,101.68,203.36,2,8
3784,2021-07-13,28,8,2,1,72.34,72.34,4,8
3785,2021-07-13,19,15,2,1,38.99,38.99,4,8
3786,2021-07-13,18,2,2,1,92.43,92.43,4,7
3787,2021-07-01,12,12,2,1,517.95,517.95,4,8
3788,2021-07-23,14,14,2,3,227.99,683.97,4,5
3789,2021-07-05,13,5,2,1,23.83,23.83,4,8
3790,2021-07-04,15,14,2,1,104.99,104.99,4,5
3791,2021-07-20,16,20,2,1,16.99,16.99,4,6
3792,2021-07-04,5,18,2,1,8.99,8.99,4,7
3793,2021-07-27,9,1,3,2,917.62,1835.24,4,11
3794,2021-07-06,4,13,3,2,114.03,228.06,4,10
3795,2021-07-26,14,3,3,3,122.99,368.97,4,9
3796,2021-07-01,15,19,3,3,25.49,76.47,4,10
3797,2021-07-26,30,20,3,1,36.7,36.7,4,9
3798,2021-07-06,12,7,3,1,149.99,149.99,2,11
3799,2021-07-21,26,12,3,3,516.82,1550.46,4,10
3800,2021-07-26,6,9,3,1,150.99,150.99,4,10
3801,2021-07-28,29,6,3,2,13.28,26.56,4,10
3802,2021-07-16,29,3,3,3,143.99,431.97,4,10
3803,2021-07-22,27,15,3,2,63.28,126.56,4,9
3804,2021-07-30,1,10,3,1,40.72,40.72,4,11
3805,2021-07-02,24,14,3,2,99.99,199.98,4,9
3806,2021-07-16,14,5,4,1,11.99,11.99,4,12
3807,2021-07-23,5,18,4,1,7.99,7.99,4,13
3808,2021-07-20,20,5,4,3,14.37,43.11,4,12
3809,2021-07-30,11,3,4,2,69.87,139.74,4,12
3810,2021-07-06,13,17,4,4,28.31,113.24,4,13
3811,2021-07-19,1,20,4,2,27.99,55.98,4,12
3812,2021-07-08,11,5,4,2,23.74,47.48,4,14
3813,2021-07-06,21,12,4,3,880.41,2641.23,4,12
3814,2021-07-14,30,15,4,2,57.6,115.2,4,14
3815,2021-07-08,1,18,4,1,15.99,15.99,4,12
3816,2021-07-24,13,17,4,1,43.99,43.99,4,13
3817,2021-07-19,21,2,5,2,116.39,232.78,4,15
3818,2021-07-21,5,6,5,2,15.48,30.96,4,16
3819,2021-07-09,2,15,5,4,38.99,155.96,4,17
3820,2021-07-16,24,13,5,3,97.78,293.34,4,17
3821,2021-07-28,19,5,5,2,14.99,29.98,4,15
3822,2021-07-19,11,1,5,3,1202.12,3606.36,4,15
3823,2021-07-23,17,7,5,2,73.47,146.94,4,16
3824,2021-07-26,4,18,5,1,17.99,17.99,4,15
3825,2021-07-21,22,19,6,1,38.64,38.64,1,18
3826,2021-07-05,16,6,6,1,22.99,22.99,4,19
3827,2021-07-15,8,4,6,1,162.99,162.99,1,18
3828,2021-07-27,4,3,6,2,67.98,135.96,4,18
3829,2021-07-28,26,10,6,5,39.67,198.35,1,20
3830,2021-07-05,27,19,6,3,36.99,110.97,3,20
3831,2021-07-20,27,4,6,4,124.99,499.96,4,19
3832,2021-07-02,25,19,6,1,15.99,15.99,4,20
3833,2021-07-29,1,7,6,3,73.55,220.65,4,19
3834,2021-07-09,3,19,6,3,24.99,74.97,4,20
3835,2021-07-25,16,6,7,4,19.2,76.8,4,21
3836,2021-07-17,5,14,7,2,101.62,203.24,4,22
3837,2021-07-14,28,3,7,3,146.26,438.78,4,21
3838,2021-07-23,11,8,7,1,74.86,74.86,4,21
3839,2021-07-11,5,2,7,1,92.99,92.99,4,21
3840,2021-07-22,20,15,7,2,32.99,65.98,4,22
3841,2021-07-31,30,8,7,1,72.99,72.99,2,23
3842,2021-07-25,24,16,7,4,19.72,78.88,4,21
3843,2021-07-17,18,10,7,2,36.99,73.98,4,21
3844,2021-07-13,13,15,8,2,35.83,71.66,4,24
3845,2021-07-18,3,16,8,4,21.99,87.96,4,25
3846,2021-07-02,13,15,8,5,74.52,372.6,4,25
3847,2021-07-16,2,4,8,2,130.22,260.44,4,24
3848,2021-07-24,18,14,8,3,239.99,719.97,4,24
3849,2021-07-07,12,9,8,1,128.99,128.99,4,25
3850,2021-07-25,18,2,8,1,81.03,81.03,4,24
3851,2021-07-25,21,13,9,1,89.99,89.99,4,28
3852,2021-07-18,15,5,9,1,18.62,18.62,4,26
3853,2021-07-13,24,10,9,2,31.74,63.48,4,27
3854,2021-07-29,14,3,9,1,63.54,63.54,4,27
3855,2021-07-27,10,8,9,4,29.99,119.96,4,26
3856,2021-07-15,30,5,9,1,9.0,9.0,4,26
3857,2021-07-12,25,8,9,1,55.06,55.06,4,26
3858,2021-07-01,4,15,9,2,61.99,123.98,4,27
3859,2021-07-27,12,8,9,2,67.99,135.98,2,27
3860,2021-07-22,12,2,9,1,49.99,49.99,4,27
3861,2021-07-19,17,20,9,3,32.64,97.92,4,28
3862,2021-07-07,16,12,10,2,517.45,1034.9,4,30
3863,2021-07-13,7,3,10,1,137.99,137.99,4,29
3864,2021-07-25,1,15,10,2,45.99,91.98,4,29
3865,2021-07-20,1,19,10,3,30.99,92.97,4,30
3866,2021-07-19,14,20,10,5,24.99,124.95,4,30
3867,2021-07-16,12,15,10,2,75.99,151.98,4,29
3868,2021-07-15,21,17,10,1,23.99,23.99,4,30
3869,2021-07-29,2,20,10,2,27.11,54.22,4,30
3870,2021-07-04,3,4,10,1,210.99,210.99,4,31
3871,2021-07-30,21,10,11,3,49.27,147.81,4,32
3872,2021-07-14,2,8,11,4,37.99,151.96,4,32
3873,2021-07-10,16,16,11,2,13.99,27.98,1,32
3874,2021-07-16,11,7,11,1,65.99,65.99,4,33
3875,2021-07-09,5,16,11,2,20.99,41.98,2,33
3876,2021-07-08,10,9,11,1,191.59,191.59,4,33
3877,2021-07-30,23,10,11,2,44.23,88.46,4,32
3878,2021-07-09,20,17,11,3,32.99,98.97,2,32
3879,2021-07-30,3,17,11,3,48.32,144.96,4,32
3880,2021-07-24,13,6,12,4,27.88,111.52,4,34
3881,2021-07-25,3,5,12,1,9.99,9.99,4,34
3882,2021-07-17,28,3,12,1,152.99,152.99,3,34
3883,2021-07-08,21,4,12,2,215.99,431.98,4,34
3884,2021-07-02,14,10,12,2,39.99,79.98,4,34
3885,2021-07-13,10,9,12,2,77.99,155.98,4,35
3886,2021-07-26,30,7,12,1,101.12,101.12,4,35
3887,2021-07-11,16,15,12,3,55.99,167.97,4,35
3888,2021-07-28,15,20,13,1,31.57,31.57,4,37
3889,2021-07-15,8,1,13,2,1222.99,2445.98,4,36
3890,2021-07-20,6,6,13,2,15.99,31.98,4,38
3891,2021-07-08,25,4,13,1,287.06,287.06,4,37
3892,2021-07-12,13,9,13,1,176.99,176.99,4,36
3893,2021-07-20,11,8,13,2,30.99,61.98,4,37
3894,2021-07-13,1,19,13,1,21.26,21.26,4,36
3895,2021-07-10,13,18,13,2,16.8,33.6,4,38
3896,2021-07-17,1,2,13,1,112.99,112.99,2,38
3897,2021-07-26,25,9,13,2,192.46,384.92,4,36
3898,2021-07-16,30,6,13,2,30.03,60.06,4,37
3899,2021-07-15,4,10,13,2,51.95,103.9,4,36
3900,2021-07-02,1,6,13,4,14.99,59.96,4,36
3901,2021-07-26,28,7,14,2,73.99,147.98,4,40
3902,2021-07-10,24,15,14,5,83.99,419.95,4,40
3903,2021-07-19,16,20,14,3,33.99,101.97,4,39
3904,2021-07-29,2,19,14,2,33.92,67.84,4,40
3905,2021-07-13,7,20,14,3,40.8,122.4,4,40
3906,2021-07-15,15,5,14,5,26.38,131.9,4,39
3907,2021-07-05,16,6,14,4,14.1,56.4,4,39
3908,2021-07-12,13,18,15,5,9.92,49.6,4,42
3909,2021-07-22,18,17,15,3,27.99,83.97,4,42
3910,2021-07-08,7,6,15,4,21.52,86.08,4,41
3911,2021-07-02,12,8,15,2,31.48,62.96,4,42
3912,2021-07-15,4,13,15,2,65.99,131.98,4,41
3913,2021-07-18,30,13,15,3,70.45,211.35,4,42
3914,2021-07-18,15,16,15,1,12.74,12.74,4,41
3915,2021-07-12,28,9,15,2,99.85,199.7,4,41
3916,2021-07-27,24,20,15,2,34.93,69.86,4,42
3917,2021-07-05,28,13,15,1,87.99,87.99,4,41
3918,2021-08-01,3,2,1,3,107.99,323.97,4,1
3919,2021-08-03,28,8,1,1,40.99,40.99,4,4
3920,2021-08-20,3,14,1,5,226.99,1134.95,4,2
3921,2021-08-18,21,10,1,2,41.12,82.24,4,2
3922,2021-08-20,22,2,1,2,64.73,129.46,2,4
3923,2021-08-22,4,5,1,3,27.88,83.64,4,4
3924,2021-08-21,28,20,1,5,33.99,169.95,4,3
3925,2021-08-03,17,16,1,4,8.0,32.0,3,2
3926,2021-08-13,4,17,1,2,41.97,83.94,4,4
3927,2021-08-27,7,2,2,1,58.31,58.31,4,8
3928,2021-08-14,11,10,2,2,46.99,93.98,4,5
3929,2021-08-05,19,5,2,3,23.68,71.04,4,5
3930,2021-08-05,18,17,2,4,41.86,167.44,4,6
3931,2021-08-04,29,4,2,2,151.01,302.02,4,6
3932,2021-08-28,30,18,2,1,17.88,17.88,4,6
3933,2021-08-10,9,15,2,3,73.82,221.46,4,6
3934,2021-08-18,4,8,2,1,74.99,74.99,2,5
3935,2021-08-01,17,13,2,1,77.99,77.99,4,5
3936,2021-08-23,22,7,2,3,149.08,447.24,4,5
3937,2021-08-16,30,10,2,1,42.99,42.99,4,5
3938,2021-08-23,13,16,2,2,8.99,17.98,4,6
3939,2021-08-13,1,8,3,1,44.99,44.99,4,9
3940,2021-08-01,11,4,3,2,216.89,433.78,4,10
3941,2021-08-08,30,16,3,1,21.29,21.29,4,11
3942,2021-08-11,3,16,3,5,20.99,104.95,4,11
3943,2021-08-22,3,3,3,3,157.76,473.28,4,10
3944,2021-08-07,14,16,3,5,14.29,71.45,4,9
3945,2021-08-04,12,3,3,1,143.99,143.99,1,11
3946,2021-08-18,13,2,3,1,124.82,124.82,4,9
3947,2021-08-06,21,14,3,1,168.95,168.95,4,11
3948,2021-08-06,2,17,3,3,36.99,110.97,4,10
3949,2021-08-15,14,5,3,3,13.99,41.97,4,10
3950,2021-08-16,3,3,3,2,60.99,121.98,4,11
3951,2021-08-09,3,18,4,3,8.92,26.76,4,13
3952,2021-08-29,13,5,4,1,21.49,21.49,4,13
3953,2021-08-03,1,15,4,5,81.99,409.95,4,12
3954,2021-08-10,25,15,4,3,36.73,110.19,4,13
3955,2021-08-02,14,1,4,5,878.99,4394.95,3,12
3956,2021-08-21,1,10,4,4,55.79,223.16,4,14
3957,2021-08-21,15,6,4,3,23.93,71.79,4,13
3958,2021-08-05,18,18,4,4,8.34,33.36,4,12
3959,2021-08-04,29,8,4,2,78.51,157.02,4,13
3960,2021-08-01,28,5,4,1,13.99,13.99,4,12
3961,2021-08-13,13,3,5,2,59.43,118.86,4,16
3962,2021-08-26,18,16,5,1,18.99,18.99,4,15
3963,2021-08-05,14,13,5,1,39.0,39.0,2,17
3964,2021-08-01,1,6,5,2,29.96,59.92,4,17
3965,2021-08-14,24,3,5,1,142.65,142.65,4,15
3966,2021-08-23,6,5,5,3,28.59,85.77,4,15
3967,2021-08-27,15,11,5,2,354.99,709.98,4,17
3968,2021-08-02,28,20,5,1,40.99,40.99,4,17
3969,2021-08-28,20,15,6,1,34.99,34.99,4,19
3970,2021-08-06,11,17,6,3,49.05,147.15,4,20
3971,2021-08-18,13,10,6,1,67.99,67.99,4,18
3972,2021-08-08,30,1,6,3,1119.19,3357.57,3,19
3973,2021-08-16,18,3,6,1,147.88,147.88,4,19
3974,2021-08-05,29,4,6,1,239.5,239.5,4,18
3975,2021-08-22,20,16,6,1,18.99,18.99,4,18
3976,2021-08-11,20,8,6,5,30.65,153.25,4,20
3977,2021-08-19,8,17,6,3,46.31,138.93,4,18
3978,2021-08-15,11,18,7,1,17.99,17.99,4,23
3979,2021-08-29,17,18,7,2,18.38,36.76,2,23
3980,2021-08-22,6,19,7,1,18.99,18.99,4,21
3981,2021-08-25,1,7,7,1,99.44,99.44,3,23
3982,2021-08-17,29,14,7,2,206.99,413.98,4,23
3983,2021-08-16,29,6,7,3,28.44,85.32,4,21
3984,2021-08-25,19,14,7,1,114.77,114.77,4,23
3985,2021-08-13,30,19,7,1,30.92,30.92,4,21
3986,2021-08-22,27,7,8,2,129.73,259.46,4,24
3987,2021-08-20,17,10,8,2,59.68,119.36,4,24
3988,2021-08-15,8,8,8,3,81.99,245.97,1,24
3989,2021-08-16,20,13,8,3,64.01,192.03,4,25
3990,2021-08-09,10,18,8,1,18.56,18.56,4,25
3991,2021-08-27,14,4,8,2,252.99,505.98,4,24
3992,2021-08-10,27,16,8,5,8.99,44.95,4,25
3993,2021-08-24,11,5,9,2,19.31,38.62,4,28
3994,2021-08-31,23,14,9,3,168.31,504.93,4,28
3995,2021-08-31,17,8,9,2,73.4,146.8,4,27
3996,2021-08-14,26,15,9,1,56.99,56.99,4,28
3997,2021-08-10,16,15,9,1,88.76,88.76,3,28
3998,2021-08-27,13,9,9,4,158.19,632.76,4,26
3999,2021-08-01,1,14,9,2,131.69,263.38,4,27
4000,2021-08-07,17,16,9,1,10.99,10.99,4,27
4001,2021-08-20,18,6,9,3,9.99,29.97,1,27
4002,2021-08-30,26,17,9,1,23.99,23.99,4,27
4003,2021-08-23,4,6,9,2,13.05,26.1,1,27
4004,2021-08-31,9,3,9,2,88.2,176.4,4,27
4005,2021-08-02,23,13,10,1,66.57,66.57,4,30
4006,2021-08-30,2,20,10,2,26.99,53.98,4,29
4007,2021-08-10,30,5,10,2,24.99,49.98,4,30
4008,2021-08-06,19,3,10,4,118.71,474.84,4,29
4009,2021-08-22,26,16,10,4,13.2,52.8,4,29
4010,2021-08-29,28,4,10,4,206.99,827.96,4,29
4011,2021-08-01,10,7,10,2,124.99,249.98,2,30
4012,2021-08-12,26,7,10,2,54.62,109.24,4,30
4013,2021-08-11,16,8,10,2,59.49,118.98,4,30
4014,2021-08-26,21,5,11,2,25.99,51.98,4,32
4015,2021-08-02,27,5,11,1,19.39,19.39,4,33
4016,2021-08-13,24,12,11,5,611.04,3055.2,3,32
4017,2021-08-06,19,4,11,1,165.99,165.99,3,33
4018,2021-08-02,30,8,11,1,71.16,71.16,4,33
4019,2021-08-06,7,2,11,1,97.93,97.93,4,32
4020,2021-08-29,4,4,11,1,113.78,113.78,4,33
4021,2021-08-25,8,15,12,3,38.45,115.35,4,34
4022,2021-08-20,1,3,12,1,106.99,106.99,4,35
4023,2021-08-02,29,18,12,4,13.13,52.52,4,34
4024,2021-08-09,25,4,12,1,222.99,222.99,4,34
4025,2021-08-18,26,18,12,4,17.99,71.96,4,34
4026,2021-08-06,17,15,12,5,86.99,434.95,4,34
4027,2021-08-18,10,2,12,2,82.53,165.06,4,35
4028,2021-08-24,16,18,12,1,13.81,13.81,4,35
4029,2021-08-21,27,8,13,2,68.99,137.98,4,37
4030,2021-08-11,15,4,13,2,191.99,383.98,4,36
4031,2021-08-29,1,10,13,1,56.88,56.88,4,37
4032,2021-08-16,25,9,13,5,80.23,401.15,4,36
4033,2021-08-20,30,9,13,2,89.16,178.32,4,36
4034,2021-08-05,5,10,13,3,31.85,95.55,4,37
4035,2021-08-04,1,8,13,1,56.53,56.53,4,37
4036,2021-08-02,24,6,13,2,22.4,44.8,3,38
4037,2021-08-13,16,7,13,3,117.99,353.97,4,38
4038,2021-08-07,29,19,13,3,37.99,113.97,4,36
4039,2021-08-08,22,20,13,1,37.48,37.48,3,38
4040,2021-08-03,18,20,14,2,27.99,55.98,4,40
4041,2021-08-16,17,1,14,2,1337.99,2675.98,2,40
4042,2021-08-21,2,3,14,3,63.99,191.97,4,40
4043,2021-08-18,24,13,14,2,74.99,149.98,4,40
4044,2021-08-14,2,3,14,5,68.16,340.8,4,40
4045,2021-08-01,16,2,14,3,88.71,266.13,1,39
4046,2021-08-01,5,7,14,3,110.99,332.97,4,40
4047,2021-08-21,22,5,14,1,9.24,9.24,4,39
4048,2021-08-29,29,9,14,1,128.89,128.89,4,40
4049,2021-08-30,8,6,15,1,31.54,31.54,4,42
4050,2021-08-09,6,18,15,1,14.96,14.96,4,42
4051,2021-08-09,6,15,15,1,52.99,52.99,4,41
4052,2021-08-07,2,8,15,1,81.99,81.99,4,42
4053,2021-08-25,25,20,15,4,36.1,144.4,4,41
4054,2021-08-19,22,16,15,1,9.84,9.84,4,42
4055,2021-08-30,17,1,15,1,1259.09,1259.09,4,42
4056,2021-08-20,26,15,15,2,64.99,129.98,4,42
4057,2021-09-09,20,6,1,2,14.5,29.0,4,1
4058,2021-09-13,24,4,1,3,186.99,560.97,3,1
4059,2021-09-19,7,11,1,1,515.99,515.99,4,2
4060,2021-09-24,4,13,1,1,116.02,116.02,4,1
4061,2021-09-26,3,15,1,2,54.46,108.92,4,3
4062,2021-09-24,8,6,1,1,18.28,18.28,4,2
4063,2021-09-22,27,5,1,3,11.99,35.97,4,4
4064,2021-09-18,25,1,1,4,887.68,3550.72,4,1
4065,2021-09-12,16,13,1,1,106.99,106.99,4,2
4066,2021-09-27,28,12,1,4,672.99,2691.96,4,4
4067,2021-09-03,26,18,1,2,15.2,30.4,4,3
4068,2021-09-15,1,6,1,1,15.45,15.45,3,3
4069,2021-09-18,22,19,1,5,34.99,174.95,4,4
4070,2021-09-15,11,4,1,3,166.99,500.97,4,1
4071,2021-09-06,28,8,1,2,57.22,114.44,4,4
4072,2021-09-18,16,10,1,1,41.99,41.99,4,3
4073,2021-09-10,8,20,1,1,39.71,39.71,4,3
4074,2021-09-30,23,13,1,2,109.99,219.98,4,2
4075,2021-09-20,23,8,1,1,88.43,88.43,4,4
4076,2021-09-09,8,7,1,1,141.43,141.43,4,1
4077,2021-09-26,20,6,1,2,28.99,57.98,4,2
4078,2021-09-29,12,2,1,2,81.17,162.34,4,4
4079,2021-09-08,2,18,1,1,12.03,12.03,4,4
4080,2021-09-28,8,6,1,1,11.99,11.99,4,1
4081,2021-09-10,2,5,1,3,27.99,83.97,4,2
4082,2021-09-21,30,16,1,1,14.62,14.62,4,4
4083,2021-09-15,12,18,1,1,7.75,7.75,4,4
4084,2021-09-03,23,5,1,2,25.95,51.9,4,1
4085,2021-09-25,29,17,1,2,30.48,60.96,4,4
4086,2021-09-28,17,10,1,1,42.99,42.99,4,4
4087,2021-09-03,1,10,1,2,51.04,102.08,4,2
4088,2021-09-03,30,19,1,2,15.04,30.08,4,4
4089,2021-09-20,19,6,1,1,21.99,21.99,4,3
4090,2021-09-18,15,20,1,1,14.99,14.99,4,1
4091,2021-09-22,20,4,1,1,245.72,245.72,4,4
4092,2021-09-06,7,19,1,5,27.07,135.35,4,4
4093,2021-09-15,24,19,1,2,17.4,34.8,4,4
4094,2021-09-25,16,6,1,2,28.21,56.42,4,2
4095,2021-09-05,30,1,1,2,933.99,1867.98,4,4
4096,2021-09-24,6,1,1,3,958.58,2875.74,4,2
4097,2021-09-25,21,16,1,2,13.47,26.94,4,3
4098,2021-09-21,26,3,1,2,129.99,259.98,4,4
4099,2021-09-07,12,6,1,1,33.48,33.48,4,4
4100,2021-09-21,5,15,1,2,77.95,155.9,4,2
4101,2021-09-01,6,6,2,1,26.99,26.99,4,7
4102,2021-09-10,17,19,2,5,33.89,169.45,4,6
4103,2021-09-21,4,2,2,2,126.69,253.38,4,5
4104,2021-09-12,14,17,2,2,41.99,83.98,4,7
4105,2021-09-26,11,20,2,2,22.32,44.64,4,8
4106,2021-09-30,24,19,2,2,18.99,37.98,4,8
4107,2021-09-28,23,2,2,1,96.99,96.99,4,6
4108,2021-09-23,1,8,2,4,40.31,161.24,4,8
4109,2021-09-19,22,18,2,5,11.99,59.95,4,7
4110,2021-09-21,11,11,2,1,294.07,294.07,4,6
4111,2021-09-08,1,13,2,1,114.63,114.63,4,5
4112,2021-09-13,8,3,2,1,112.99,112.99,4,6
4113,2021-09-18,3,17,2,2,19.0,38.0,4,5
4114,2021-09-07,27,9,2,1,127.99,127.99,4,6
4115,2021-09-16,25,4,2,1,161.99,161.99,4,8
4116,2021-09-22,15,14,2,1,173.2,173.2,4,7
4117,2021-09-12,1,20,2,1,32.16,32.16,4,7
4118,2021-09-19,3,16,2,1,16.22,16.22,4,8
4119,2021-09-10,18,19,2,2,37.55,75.1,4,6
4120,2021-09-28,12,15,2,3,32.7,98.1,4,6
4121,2021-09-17,17,14,2,3,110.15,330.45,1,6
4122,2021-09-20,6,14,2,1,235.15,235.15,4,5
4123,2021-09-11,26,4,2,1,259.99,259.99,4,6
4124,2021-09-25,9,14,2,1,175.93,175.93,4,8
4125,2021-09-02,24,4,2,3,147.39,442.17,1,7
4126,2021-09-24,29,20,2,1,33.66,33.66,4,7
4127,2021-09-14,21,5,2,2,10.81,21.62,3,5
4128,2021-09-29,23,2,2,1,94.73,94.73,1,6
4129,2021-09-10,16,19,2,1,34.01,34.01,4,7
4130,2021-09-11,1,6,2,2,24.45,48.9,4,5
4131,2021-09-07,24,17,2,1,36.99,36.99,1,6
4132,2021-09-20,20,16,2,3,22.28,66.84,4,8
4133,2021-09-06,10,10,2,1,32.99,32.99,4,6
4134,2021-09-03,23,18,2,2,17.99,35.98,4,6
4135,2021-09-28,2,6,2,2,32.99,65.98,4,6
4136,2021-09-17,19,16,2,3,11.99,35.97,4,8
4137,2021-09-27,22,12,2,2,433.99,867.98,4,5
4138,2021-09-18,23,16,2,1,22.99,22.99,4,6
4139,2021-09-28,16,14,2,5,245.07,1225.35,4,5
4140,2021-09-03,3,19,2,4,19.44,77.76,4,5
4141,2021-09-20,17,3,2,1,91.11,91.11,4,8
4142,2021-09-24,6,5,2,3,27.99,83.97,4,5
4143,2021-09-19,1,7,2,1,147.38,147.38,4,8
4144,2021-09-02,16,18,3,1,14.99,14.99,4,10
4145,2021-09-15,3,4,3,3,139.99,419.97,4,10
4146,2021-09-22,21,10,3,3,32.71,98.13,4,11
4147,2021-09-25,25,2,3,3,127.12,381.36,4,11
4148,2021-09-25,20,18,3,4,9.47,37.88,4,10
4149,2021-09-01,20,1,3,1,1347.4,1347.4,4,11
4150,2021-09-13,8,15,3,1,73.99,73.99,4,11
4151,2021-09-01,24,10,3,1,61.75,61.75,4,11
4152,2021-09-28,9,19,3,1,23.99,23.99,4,11
4153,2021-09-07,26,18,3,1,13.41,13.41,4,10
4154,2021-09-23,17,10,3,1,63.99,63.99,4,11
4155,2021-09-20,27,16,3,2,10.27,20.54,4,11
4156,2021-09-18,5,18,3,1,18.35,18.35,4,11
4157,2021-09-28,20,3,3,4,154.48,617.92,4,9
4158,2021-09-30,28,6,3,3,15.12,45.36,4,9
4159,2021-09-07,16,11,3,2,445.91,891.82,4,9
4160,2021-09-08,2,10,3,3,45.45,136.35,4,10
4161,2021-09-14,26,8,3,2,72.24,144.48,4,10
4162,2021-09-13,25,5,3,1,16.99,16.99,4,9
4163,2021-09-29,15,4,3,2,122.99,245.98,4,10
4164,2021-09-17,24,3,3,1,66.95,66.95,4,10
4165,2021-09-23,7,6,3,1,10.78,10.78,4,11
4166,2021-09-04,30,6,3,4,30.99,123.96,4,9
4167,2021-09-06,24,8,3,3,46.87,140.61,4,9
4168,2021-09-12,6,19,3,2,37.99,75.98,4,11
4169,2021-09-30,25,18,3,2,7.99,15.98,2,9
4170,2021-09-29,9,17,3,3,28.99,86.97,4,11
4171,2021-09-22,14,8,3,1,88.52,88.52,2,9
4172,2021-09-21,5,20,3,3,40.78,122.34,4,10
4173,2021-09-19,9,9,3,1,81.87,81.87,4,11
4174,2021-09-15,26,16,3,2,16.49,32.98,4,9
4175,2021-09-28,19,2,3,3,98.99,296.97,4,10
4176,2021-09-07,25,5,3,2,10.7,21.4,4,11
4177,2021-09-02,3,10,3,2,55.99,111.98,4,9
4178,2021-09-25,8,19,3,3,29.71,89.13,4,10
4179,2021-09-24,27,20,3,1,32.99,32.99,4,10
4180,2021-09-19,22,6,3,1,26.99,26.99,4,11
4181,2021-09-12,20,5,3,2,19.99,39.98,4,11
4182,2021-09-24,16,16,3,3,13.66,40.98,4,11
4183,2021-09-06,1,10,3,2,66.21,132.42,4,9
4184,2021-09-23,21,18,3,1,10.67,10.67,4,10
4185,2021-09-23,19,16,3,1,18.79,18.79,4,9
4186,2021-09-18,6,5,3,1,23.65,23.65,4,10
4187,2021-09-22,28,20,3,1,26.46,26.46,4,9
4188,2021-09-04,23,3,3,1,124.61,124.61,4,11
4189,2021-09-24,2,16,3,4,20.45,81.8,4,10
4190,2021-09-10,30,3,4,1,129.56,129.56,4,13
4191,2021-09-08,12,6,4,3,32.06,96.18,4,12
4192,2021-09-07,22,9,4,3,161.68,485.04,4,14
4193,2021-09-19,4,20,4,1,39.71,39.71,4,14
4194,2021-09-09,23,14,4,1,111.42,111.42,4,13
4195,2021-09-24,3,16,4,4,23.36,93.44,4,14
4196,2021-09-17,9,17,4,4,52.7,210.8,4,12
4197,2021-09-04,4,20,4,1,24.99,24.99,4,12
4198,2021-09-03,19,20,4,1,35.23,35.23,4,14
4199,2021-09-06,10,16,4,1,19.71,19.71,4,13
4200,2021-09-18,25,18,4,5,9.22,46.1,4,13
4201,2021-09-16,18,20,4,3,34.38,103.14,3,14
4202,2021-09-18,21,18,4,1,9.07,9.07,4,12
4203,2021-09-25,25,15,4,3,61.99,185.97,4,14
4204,2021-09-16,19,12,4,2,731.92,1463.84,3,12
4205,2021-09-14,24,7,4,2,72.65,145.3,4,12
4206,2021-09-15,10,2,4,3,101.99,305.97,3,13
4207,2021-09-01,7,18,4,5,12.67,63.35,4,14
4208,2021-09-27,15,20,4,3,27.65,82.95,4,12
4209,2021-09-17,14,16,4,3,14.95,44.85,4,14
4210,2021-09-06,26,2,4,1,126.11,126.11,4,14
4211,2021-09-17,5,5,4,3,17.7,53.1,4,14
4212,2021-09-28,22,8,4,2,47.25,94.5,4,12
4213,2021-09-22,26,18,4,2,12.3,24.6,4,13
4214,2021-09-22,25,6,4,2,22.06,44.12,4,14
4215,2021-09-16,12,9,4,4,172.99,691.96,4,12
4216,2021-09-05,2,16,4,2,10.87,21.74,4,12
4217,2021-09-02,28,5,4,2,27.99,55.98,4,14
4218,2021-09-30,15,7,4,1,116.3,116.3,2,12
4219,2021-09-25,9,17,4,3,26.99,80.97,4,12
4220,2021-09-05,9,15,4,2,56.99,113.98,4,13
4221,2021-09-18,25,5,4,2,27.99,55.98,4,14
4222,2021-09-27,7,18,4,3,16.2,48.6,4,13
4223,2021-09-05,8,10,4,5,34.18,170.9,4,12
4224,2021-09-13,25,4,4,1,126.96,126.96,4,14
4225,2021-09-08,6,10,4,1,51.99,51.99,4,12
4226,2021-09-08,27,16,4,3,21.99,65.97,4,14
4227,2021-09-10,7,3,4,4,62.4,249.6,1,13
4228,2021-09-07,25,5,4,3,21.65,64.95,4,12
4229,2021-09-07,12,10,4,2,66.99,133.98,4,13
4230,2021-09-29,30,11,4,1,324.99,324.99,4,12
4231,2021-09-23,12,14,4,3,170.63,511.89,4,14
4232,2021-09-18,21,1,5,2,1020.72,2041.44,4,17
4233,2021-09-24,5,18,5,1,14.99,14.99,4,15
4234,2021-09-20,14,15,5,1,40.99,40.99,4,16
4235,2021-09-07,20,15,5,2,49.99,99.98,4,16
4236,2021-09-05,18,10,5,2,50.99,101.98,4,15
4237,2021-09-30,30,13,5,3,108.0,324.0,2,17
4238,2021-09-01,4,5,5,2,24.15,48.3,4,17
4239,2021-09-12,25,17,5,3,44.99,134.97,2,15
4240,2021-09-14,24,18,5,2,14.65,29.3,4,17
4241,2021-09-15,10,5,5,2,9.99,19.98,4,16
4242,2021-09-22,8,10,5,2,43.33,86.66,4,15
4243,2021-09-01,11,5,5,1,25.99,25.99,4,15
4244,2021-09-11,25,7,5,1,122.99,122.99,4,16
4245,2021-09-14,20,5,5,2,26.99,53.98,4,16
4246,2021-09-19,26,7,5,1,88.85,88.85,4,17
4247,2021-09-07,2,2,5,2,50.99,101.98,4,17
4248,2021-09-01,24,15,5,5,50.99,254.95,4,16
4249,2021-09-06,13,7,5,3,71.54,214.62,4,17
4250,2021-09-24,30,5,5,2,20.29,40.58,3,17
4251,2021-09-13,4,1,5,1,1159.99,1159.99,4,17
4252,2021-09-13,24,16,5,3,11.33,33.99,4,15
4253,2021-09-10,25,6,5,3,23.5,70.5,4,16
4254,2021-09-22,12,9,5,1,190.99,190.99,4,17
4255,2021-09-26,27,2,5,3,96.96,290.88,4,17
4256,2021-09-10,25,19,5,2,23.14,46.28,2,17
4257,2021-09-12,27,16,5,3,14.7,44.1,4,15
4258,2021-09-09,26,19,5,3,38.21,114.63,4,15
4259,2021-09-29,25,2,5,1,89.09,89.09,4,17
4260,2021-09-13,30,8,5,2,53.32,106.64,4,15
4261,2021-09-15,19,8,5,4,58.99,235.96,4,17
4262,2021-09-08,12,17,5,2,32.99,65.98,4,15
4263,2021-09-02,24,8,5,1,40.34,40.34,4,16
4264,2021-09-19,13,18,5,2,14.3,28.6,4,16
4265,2021-09-08,28,6,5,1,22.74,22.74,4,15
4266,2021-09-04,4,4,6,1,104.99,104.99,4,20
4267,2021-09-01,2,10,6,1,41.41,41.41,4,18
4268,2021-09-01,19,19,6,1,24.06,24.06,4,18
4269,2021-09-24,4,19,6,3,15.99,47.97,4,20
4270,2021-09-26,25,6,6,3,30.22,90.66,4,18
4271,2021-09-12,14,11,6,2,572.99,1145.98,4,20
4272,2021-09-21,26,2,6,1,89.99,89.99,4,19
4273,2021-09-05,14,18,6,3,10.99,32.97,4,20
4274,2021-09-11,1,6,6,1,17.81,17.81,4,18
4275,2021-09-17,29,1,6,1,1312.34,1312.34,4,18
4276,2021-09-04,3,20,6,2,24.77,49.54,4,19
4277,2021-09-20,19,6,6,1,32.75,32.75,4,20
4278,2021-09-02,11,18,6,2,15.06,30.12,4,18
4279,2021-09-27,14,19,6,2,26.54,53.08,4,20
4280,2021-09-16,1,1,6,1,1367.75,1367.75,4,20
4281,2021-09-06,28,16,6,4,23.27,93.08,4,20
4282,2021-09-01,30,9,6,1,122.99,122.99,4,20
4283,2021-09-07,3,17,6,1,31.71,31.71,2,18
4284,2021-09-02,27,15,6,2,69.57,139.14,4,18
4285,2021-09-12,12,10,6,1,46.96,46.96,4,19
4286,2021-09-04,30,2,6,4,112.12,448.48,4,18
4287,2021-09-21,2,5,6,2,25.6,51.2,4,19
4288,2021-09-16,6,15,6,1,54.9,54.9,1,18
4289,2021-09-29,24,3,6,4,130.05,520.2,4,18
4290,2021-09-20,30,18,6,1,8.99,8.99,4,18
4291,2021-09-17,19,16,6,4,8.95,35.8,4,20
4292,2021-09-26,22,6,6,2,23.43,46.86,4,19
4293,2021-09-28,28,17,6,4,44.34,177.36,4,18
4294,2021-09-13,2,18,6,1,10.99,10.99,4,19
4295,2021-09-02,26,18,6,1,8.47,8.47,4,19
4296,2021-09-23,25,18,6,1,15.97,15.97,4,18
4297,2021-09-29,3,10,6,2,64.99,129.98,4,20
4298,2021-09-18,9,18,6,2,10.16,20.32,4,19
4299,2021-09-27,19,8,6,3,72.37,217.11,4,20
4300,2021-09-02,5,8,6,5,40.99,204.95,4,20
4301,2021-09-08,21,15,7,4,49.9,199.6,4,23
4302,2021-09-05,9,13,7,1,92.21,92.21,4,21
4303,2021-09-12,28,9,7,2,124.99,249.98,4,23
4304,2021-09-25,10,14,7,2,156.99,313.98,4,22
4305,2021-09-12,4,5,7,4,28.34,113.36,4,22
4306,2021-09-21,16,8,7,3,49.02,147.06,4,22
4307,2021-09-01,26,3,7,2,119.88,239.76,4,23
4308,2021-09-04,13,16,7,3,16.64,49.92,4,21
4309,2021-09-10,5,13,7,3,71.0,213.0,4,22
4310,2021-09-26,16,15,7,1,51.99,51.99,4,23
4311,2021-09-24,22,9,7,1,76.99,76.99,4,22
4312,2021-09-05,23,5,7,1,14.47,14.47,4,21
4313,2021-09-11,13,18,7,1,10.85,10.85,4,21
4314,2021-09-10,29,13,7,2,47.64,95.28,1,21
4315,2021-09-01,30,14,7,4,148.57,594.28,4,23
4316,2021-09-04,12,10,7,1,53.5,53.5,4,22
4317,2021-09-22,5,4,7,3,240.99,722.97,1,21
4318,2021-09-30,9,18,7,4,8.99,35.96,4,22
4319,2021-09-30,26,16,7,1,8.5,8.5,4,21
4320,2021-09-16,9,10,7,4,63.32,253.28,4,23
4321,2021-09-29,19,18,7,1,16.99,16.99,4,23
4322,2021-09-30,30,3,7,1,68.27,68.27,4,23
4323,2021-09-28,24,15,7,1,34.99,34.99,3,23
4324,2021-09-19,28,7,7,1,93.92,93.92,4,22
4325,2021-09-20,14,16,7,3,13.79,41.37,4,21
4326,2021-09-25,12,19,7,2,32.99,65.98,4,21
4327,2021-09-18,24,3,7,3,72.99,218.97,4,22
4328,2021-09-05,7,14,7,1,233.86,233.86,4,22
4329,2021-09-25,1,4,7,1,147.99,147.99,4,22
4330,2021-09-24,17,10,7,1,68.48,68.48,4,22
4331,2021-09-13,23,19,7,2,27.51,55.02,4,21
4332,2021-09-23,17,16,7,1,17.99,17.99,4,22
4333,2021-09-07,27,2,7,3,79.99,239.97,4,21
4334,2021-09-12,23,17,7,2,22.43,44.86,4,21
4335,2021-09-10,3,16,7,3,11.99,35.97,4,22
4336,2021-09-01,3,17,7,4,31.8,127.2,4,22
4337,2021-09-13,12,19,7,2,19.99,39.98,3,23
4338,2021-09-28,26,9,7,3,115.99,347.97,4,21
4339,2021-09-09,30,17,8,1,34.56,34.56,1,25
4340,2021-09-25,7,2,8,1,73.12,73.12,4,25
4341,2021-09-23,12,10,8,2,58.35,116.7,2,25
4342,2021-09-17,23,8,8,1,60.99,60.99,4,24
4343,2021-09-07,30,9,8,2,131.99,263.98,4,24
4344,2021-09-30,4,5,8,1,13.58,13.58,4,24
4345,2021-09-02,15,19,8,1,18.99,18.99,4,24
4346,2021-09-29,29,16,8,3,15.99,47.97,4,24
4347,2021-09-28,1,10,8,1,45.11,45.11,4,25
4348,2021-09-25,1,7,8,3,98.42,295.26,4,24
4349,2021-09-28,28,20,8,1,41.08,41.08,4,24
4350,2021-09-05,27,3,8,4,109.34,437.36,4,24
4351,2021-09-16,9,11,8,1,340.5,340.5,4,25
4352,2021-09-07,30,18,8,3,11.32,33.96,4,25
4353,2021-09-19,25,4,8,4,179.18,716.72,2,24
4354,2021-09-18,8,7,8,1,76.76,76.76,4,24
4355,2021-09-11,24,10,8,2,67.99,135.98,4,25
4356,2021-09-22,28,6,8,1,12.99,12.99,4,25
4357,2021-09-28,8,7,8,2,58.72,117.44,3,25
4358,2021-09-23,8,16,8,1,22.99,22.99,4,25
4359,2021-09-24,12,6,8,3,30.33,90.99,4,25
4360,2021-09-19,6,19,8,2,26.49,52.98,4,24
4361,2021-09-07,14,16,8,4,14.3,57.2,4,24
4362,2021-09-13,17,9,8,2,115.99,231.98,4,25
4363,2021-09-14,27,2,8,1,69.55,69.55,4,25
4364,2021-09-08,18,17,8,5,42.48,212.4,4,24
4365,2021-09-26,5,10,8,1,53.28,53.28,4,24
4366,2021-09-13,28,3,9,1,65.99,65.99,2,26
4367,2021-09-17,10,20,9,1,19.57,19.57,4,27
4368,2021-09-06,9,16,9,2,9.39,18.78,4,28
4369,2021-09-13,30,3,9,3,148.99,446.97,4,27
4370,2021-09-20,27,1,9,5,1194.2,5971.0,2,28
4371,2021-09-08,30,10,9,2,53.52,107.04,4,26
4372,2021-09-08,6,7,9,2,91.99,183.98,4,26
4373,2021-09-07,14,9,9,1,90.99,90.99,4,27
4374,2021-09-19,6,12,9,4,709.22,2836.88,4,27
4375,2021-09-25,12,14,9,2,128.32,256.64,4,28
4376,2021-09-01,22,3,9,1,120.86,120.86,4,27
4377,2021-09-16,26,5,9,3,25.99,77.97,4,26
4378,2021-09-14,14,10,9,2,50.44,100.88,4,28
4379,2021-09-25,30,2,9,1,96.99,96.99,4,28
4380,2021-09-13,16,20,9,1,19.95,19.95,4,28
4381,2021-09-28,9,8,9,1,48.99,48.99,4,27
4382,2021-09-16,29,15,9,2,77.51,155.02,4,27
4383,2021-09-17,24,8,9,2,41.59,83.18,4,27
4384,2021-09-15,12,16,9,4,19.99,79.96,4,27
4385,2021-09-30,11,5,9,1,20.99,20.99,4,28
4386,2021-09-08,6,8,9,2,59.99,119.98,4,28
4387,2021-09-17,11,13,9,2,59.7,119.4,4,26
4388,2021-09-26,9,17,9,4,20.17,80.68,4,28
4389,2021-09-12,7,5,9,3,16.44,49.32,4,26
4390,2021-09-24,8,13,9,2,63.24,126.48,2,27
4391,2021-09-26,16,17,9,2,20.99,41.98,4,26
4392,2021-09-12,29,1,9,1,1285.48,1285.48,4,27
4393,2021-09-11,26,3,9,4,99.76,399.04,4,28
4394,2021-09-15,14,14,9,1,141.99,141.99,4,26
4395,2021-09-14,26,5,9,4,22.99,91.96,4,27
4396,2021-09-05,7,19,9,2,19.99,39.98,4,28
4397,2021-09-02,25,16,9,1,20.99,20.99,1,28
4398,2021-09-21,2,9,9,3,83.32,249.96,4,27
4399,2021-09-13,17,6,9,2,21.0,42.0,4,27
4400,2021-09-17,8,5,9,2,13.99,27.98,4,26
4401,2021-09-28,9,15,9,5,59.99,299.95,4,28
4402,2021-09-26,22,19,9,3,23.99,71.97,4,28
4403,2021-09-24,17,8,9,1,72.99,72.99,3,27
4404,2021-09-18,4,15,9,2,43.35,86.7,4,26
4405,2021-09-28,4,5,9,1,17.99,17.99,4,26
4406,2021-09-17,22,20,9,3,41.05,123.15,4,26
4407,2021-09-14,15,19,9,1,31.34,31.34,3,26
4408,2021-09-03,21,16,9,4,13.81,55.24,4,27
4409,2021-09-09,2,2,9,2,109.91,219.82,4,27
4410,2021-09-17,17,16,10,3,11.65,34.95,4,29
4411,2021-09-15,30,5,10,2,21.99,43.98,4,30
4412,2021-09-09,16,14,10,2,190.99,381.98,4,29
4413,2021-09-18,17,18,10,3,16.43,49.29,4,29
4414,2021-09-24,14,19,10,3,22.14,66.42,4,30
4415,2021-09-09,29,20,10,2,32.45,64.9,4,29
4416,2021-09-19,7,5,10,5,9.67,48.35,4,29
4417,2021-09-01,27,18,10,1,14.43,14.43,4,30
4418,2021-09-12,27,4,10,1,125.07,125.07,4,31
4419,2021-09-13,8,7,10,5,138.99,694.95,4,29
4420,2021-09-28,12,20,10,5,40.99,204.95,4,30
4421,2021-09-19,12,3,10,3,143.16,429.48,4,30
4422,2021-09-07,1,19,10,1,38.37,38.37,4,29
4423,2021-09-18,11,20,10,1,16.99,16.99,4,29
4424,2021-09-05,25,16,10,4,21.99,87.96,4,31
4425,2021-09-10,4,10,10,1,38.5,38.5,4,31
4426,2021-09-12,10,6,10,2,31.99,63.98,4,31
4427,2021-09-16,29,13,10,2,81.03,162.06,4,29
4428,2021-09-23,22,6,10,1,29.99,29.99,1,30
4429,2021-09-16,22,3,10,3,146.03,438.09,4,29
4430,2021-09-05,28,13,10,2,52.99,105.98,4,29
4431,2021-09-22,17,8,10,3,30.07,90.21,4,31
4432,2021-09-08,17,2,10,2,107.23,214.46,4,29
4433,2021-09-28,24,6,10,2,11.69,23.38,3,31
4434,2021-09-25,18,6,10,2,11.99,23.98,4,30
4435,2021-09-01,5,10,10,1,44.99,44.99,4,31
4436,2021-09-11,30,2,10,2,77.89,155.78,4,30
4437,2021-09-26,7,17,10,4,36.99,147.96,3,30
4438,2021-09-05,15,15,10,3,47.0,141.0,4,30
4439,2021-09-16,9,19,10,2,17.99,35.98,4,30
4440,2021-09-05,15,5,10,4,23.73,94.92,4,29
4441,2021-09-20,2,9,10,2,161.39,322.78,4,29
4442,2021-09-20,18,20,10,2,34.64,69.28,4,30
4443,2021-09-24,4,18,10,2,9.37,18.74,4,30
4444,2021-09-22,4,18,11,1,13.99,13.99,1,32
4445,2021-09-25,15,8,11,2,74.99,149.98,4,33
4446,2021-09-05,5,19,11,1,25.99,25.99,4,33
4447,2021-09-10,4,17,11,1,36.87,36.87,4,32
4448,2021-09-02,12,6,11,2,28.99,57.98,4,33
4449,2021-09-11,12,18,11,3,18.5,55.5,4,33
4450,2021-09-22,12,5,11,3,26.21,78.63,4,33
4451,2021-09-18,20,17,11,3,29.85,89.55,4,33
4452,2021-09-01,25,10,11,1,31.99,31.99,4,32
4453,2021-09-22,11,9,11,1,162.37,162.37,4,32
4454,2021-09-13,29,11,11,3,464.62,1393.86,4,32
4455,2021-09-22,2,15,11,2,29.99,59.98,4,33
4456,2021-09-26,7,16,11,1,12.99,12.99,2,32
4457,2021-09-10,20,2,11,3,107.69,323.07,4,32
4458,2021-09-14,19,5,11,1,9.05,9.05,4,32
4459,2021-09-18,17,14,11,5,247.99,1239.95,4,32
4460,2021-09-07,10,10,11,2,59.11,118.22,4,33
4461,2021-09-13,29,5,11,4,25.09,100.36,4,33
4462,2021-09-10,3,10,11,1,58.71,58.71,4,32
4463,2021-09-09,27,4,11,1,267.99,267.99,4,33
4464,2021-09-07,25,16,11,3,17.59,52.77,4,32
4465,2021-09-20,11,17,11,3,38.79,116.37,4,32
4466,2021-09-09,6,13,11,2,73.99,147.98,4,33
4467,2021-09-09,20,7,11,5,111.59,557.95,4,32
4468,2021-09-26,26,6,11,2,24.99,49.98,4,33
4469,2021-09-05,26,14,11,4,239.81,959.24,4,32
4470,2021-09-19,14,7,11,5,62.39,311.95,4,32
4471,2021-09-05,26,13,11,1,100.77,100.77,4,32
4472,2021-09-05,18,5,11,1,26.99,26.99,4,33
4473,2021-09-16,25,16,11,1,14.19,14.19,4,33
4474,2021-09-14,10,10,12,2,38.78,77.56,4,35
4475,2021-09-11,22,13,12,3,73.99,221.97,4,35
4476,2021-09-30,12,17,12,2,38.99,77.98,4,35
4477,2021-09-11,24,2,12,4,99.98,399.92,4,34
4478,2021-09-21,20,5,12,1,16.99,16.99,4,35
4479,2021-09-12,9,8,12,1,81.5,81.5,4,35
4480,2021-09-02,3,6,12,2,19.99,39.98,4,35
4481,2021-09-02,3,5,12,2,19.55,39.1,4,34
4482,2021-09-26,12,6,12,1,17.23,17.23,4,34
4483,2021-09-18,9,3,12,4,142.3,569.2,4,34
4484,2021-09-30,14,9,12,3,95.63,286.89,4,35
4485,2021-09-23,25,16,12,1,10.99,10.99,4,35
4486,2021-09-30,26,20,12,3,26.99,80.97,4,34
4487,2021-09-20,9,3,12,2,142.86,285.72,4,35
4488,2021-09-19,14,18,12,2,7.25,14.5,4,35
4489,2021-09-23,20,4,12,1,120.99,120.99,4,35
4490,2021-09-17,2,17,12,5,19.22,96.1,4,35
4491,2021-09-24,4,16,12,1,9.23,9.23,4,34
4492,2021-09-29,4,20,12,2,25.99,51.98,4,35
4493,2021-09-27,10,9,12,1,176.99,176.99,4,35
4494,2021-09-20,10,3,12,3,76.96,230.88,4,34
4495,2021-09-28,8,2,12,2,121.35,242.7,4,34
4496,2021-09-01,5,8,12,2,45.99,91.98,4,35
4497,2021-09-05,22,19,12,2,36.29,72.58,4,34
4498,2021-09-24,1,6,12,4,18.26,73.04,4,34
4499,2021-09-22,18,19,12,1,27.99,27.99,4,35
4500,2021-09-25,6,2,12,3,55.99,167.97,4,34
4501,2021-09-20,6,5,12,1,24.91,24.91,4,34
4502,2021-09-23,1,19,12,1,21.05,21.05,4,35
4503,2021-09-03,14,18,12,2,7.67,15.34,4,35
4504,2021-09-05,23,18,12,1,9.99,9.99,4,34
4505,2021-09-24,11,10,13,4,41.99,167.96,3,38
4506,2021-09-02,28,6,13,4,16.99,67.96,4,38
4507,2021-09-25,2,6,13,1,16.4,16.4,4,38
4508,2021-09-08,7,20,13,1,27.5,27.5,4,36
4509,2021-09-07,28,9,13,1,175.55,175.55,4,36
4510,2021-09-25,8,20,13,4,14.92,59.68,2,37
4511,2021-09-01,24,18,13,2,7.99,15.98,4,37
4512,2021-09-28,18,14,13,3,131.99,395.97,4,38
4513,2021-09-27,16,12,13,2,819.28,1638.56,4,36
4514,2021-09-04,20,9,13,1,114.99,114.99,4,37
4515,2021-09-08,25,20,13,1,34.99,34.99,2,38
4516,2021-09-24,27,7,13,1,90.63,90.63,4,38
4517,2021-09-23,16,15,13,1,81.99,81.99,4,38
4518,2021-09-17,27,13,13,3,41.99,125.97,4,37
4519,2021-09-21,28,6,13,3,33.99,101.97,4,37
4520,2021-09-27,1,7,13,2,151.99,303.98,4,38
4521,2021-09-19,6,5,13,2,25.99,51.98,4,36
4522,2021-09-24,4,4,13,3,130.99,392.97,4,38
4523,2021-09-30,22,18,13,3,15.99,47.97,4,37
4524,2021-09-17,1,18,13,1,18.88,18.88,4,38
4525,2021-09-14,19,18,13,1,10.34,10.34,4,38
4526,2021-09-03,2,15,13,4,88.68,354.72,4,36
4527,2021-09-06,12,10,13,3,49.96,149.88,4,38
4528,2021-09-16,3,17,13,3,35.71,107.13,4,37
4529,2021-09-29,4,20,13,1,32.13,32.13,4,38
4530,2021-09-13,1,6,13,2,25.53,51.06,4,37
4531,2021-09-23,22,17,13,5,47.99,239.95,4,36
4532,2021-09-27,4,19,13,1,20.0,20.0,4,36
4533,2021-09-30,15,16,13,3,20.52,61.56,4,37
4534,2021-09-02,4,10,13,2,39.63,79.26,4,37
4535,2021-09-21,12,9,13,1,84.99,84.99,4,38
4536,2021-09-09,10,10,13,2,38.55,77.1,4,37
4537,2021-09-20,11,15,13,2,40.99,81.98,4,38
4538,2021-09-19,25,13,13,1,49.99,49.99,1,36
4539,2021-09-02,29,16,13,2,16.99,33.98,4,37
4540,2021-09-04,19,13,13,5,84.99,424.95,4,37
4541,2021-09-02,3,5,13,3,17.99,53.97,4,36
4542,2021-09-13,17,10,13,3,47.99,143.97,4,38
4543,2021-09-11,23,4,13,1,217.99,217.99,4,36
4544,2021-09-16,17,5,13,1,20.17,20.17,4,36
4545,2021-09-19,24,5,13,1,13.62,13.62,4,37
4546,2021-09-05,3,13,13,2,78.99,157.98,4,37
4547,2021-09-26,21,5,13,3,25.22,75.66,4,37
4548,2021-09-21,11,15,13,5,70.56,352.8,4,37
4549,2021-09-28,15,11,14,1,569.12,569.12,4,40
4550,2021-09-21,12,6,14,2,26.99,53.98,4,39
4551,2021-09-12,19,2,14,4,84.99,339.96,4,39
4552,2021-09-02,7,16,14,2,21.67,43.34,4,40
4553,2021-09-14,20,4,14,1,214.32,214.32,4,40
4554,2021-09-27,1,17,14,1,33.39,33.39,4,40
4555,2021-09-30,30,13,14,1,47.49,47.49,2,40
4556,2021-09-05,25,18,14,1,8.99,8.99,4,40
4557,2021-09-04,1,19,14,4,33.99,135.96,4,39
4558,2021-09-20,29,8,14,1,34.96,34.96,4,39
4559,2021-09-08,11,7,14,2,136.62,273.24,1,39
4560,2021-09-11,2,16,14,1,12.99,12.99,2,39
4561,2021-09-10,29,18,14,2,10.62,21.24,4,39
4562,2021-09-10,6,8,14,4,86.54,346.16,4,39
4563,2021-09-09,20,17,14,1,27.99,27.99,4,39
4564,2021-09-28,15,3,14,3,80.99,242.97,4,39
4565,2021-09-30,20,20,14,3,21.26,63.78,4,40
4566,2021-09-02,26,8,14,4,58.63,234.52,3,39
4567,2021-09-25,13,7,14,1,57.2,57.2,4,39
4568,2021-09-24,30,4,14,1,225.62,225.62,4,39
4569,2021-09-13,29,10,14,2,54.99,109.98,4,40
4570,2021-09-30,4,6,14,1,13.99,13.99,4,39
4571,2021-09-01,11,3,14,1,102.11,102.11,4,39
4572,2021-09-04,20,8,14,3,71.53,214.59,4,39
4573,2021-09-23,24,6,14,2,13.42,26.84,4,40
4574,2021-09-21,21,15,14,1,63.97,63.97,4,40
4575,2021-09-10,1,3,14,1,109.99,109.99,4,39
4576,2021-09-29,7,13,14,1,51.99,51.99,1,39
4577,2021-09-27,23,4,14,1,158.99,158.99,3,39
4578,2021-09-21,10,6,14,2,22.08,44.16,4,40
4579,2021-09-12,18,14,14,3,120.99,362.97,4,39
4580,2021-09-04,13,5,14,4,15.54,62.16,2,40
4581,2021-09-10,23,20,14,5,40.99,204.95,4,39
4582,2021-09-04,1,11,15,1,269.99,269.99,4,41
4583,2021-09-04,27,7,15,4,73.99,295.96,4,41
4584,2021-09-23,24,20,15,1,34.34,34.34,4,41
4585,2021-09-06,16,19,15,2,37.99,75.98,4,41
4586,2021-09-11,27,5,15,1,19.74,19.74,2,42
4587,2021-09-16,10,7,15,2,129.49,258.98,4,41
4588,2021-09-22,25,15,15,2,83.6,167.2,4,42
4589,2021-09-16,18,6,15,2,11.99,23.98,4,42
4590,2021-09-06,27,17,15,1,48.97,48.97,4,41
4591,2021-09-12,1,18,15,5,8.74,43.7,4,42
4592,2021-09-05,6,7,15,1,146.39,146.39,4,42
4593,2021-09-18,7,13,15,2,106.52,213.04,4,41
4594,2021-09-23,19,16,15,3,11.51,34.53,4,42
4595,2021-09-06,17,17,15,4,42.33,169.32,4,41
4596,2021-09-25,18,18,15,2,12.74,25.48,4,42
4597,2021-09-09,29,4,15,1,281.82,281.82,4,41
4598,2021-09-17,12,13,15,1,45.45,45.45,4,41
4599,2021-09-06,21,15,15,1,47.75,47.75,1,41
4600,2021-09-27,28,9,15,2,117.74,235.48,4,41
4601,2021-09-25,19,19,15,2,29.24,58.48,4,42
4602,2021-09-26,13,7,15,3,94.61,283.83,4,42
4603,2021-09-30,11,1,15,1,1266.99,1266.99,4,42
4604,2021-09-12,6,6,15,4,23.99,95.96,4,41
4605,2021-09-28,23,18,15,3,13.99,41.97,2,41
4606,2021-09-07,12,15,15,4,71.24,284.96,2,41
4607,2021-09-16,4,6,15,5,29.97,149.85,4,41
4608,2021-09-12,1,16,15,3,12.03,36.09,4,42
4609,2021-09-30,5,19,15,1,24.5,24.5,4,41
4610,2021-09-26,28,17,15,5,26.15,130.75,4,41
4611,2021-09-07,18,14,15,1,110.99,110.99,4,41
4612,2021-09-17,21,17,15,1,49.99,49.99,4,41
4613,2021-09-28,29,16,15,5,9.92,49.6,4,41
4614,2021-10-11,14,19,1,3,26.45,79.35,2,2
4615,2021-10-20,7,18,1,5,7.99,39.95,4,2
4616,2021-10-13,8,4,1,3,244.99,734.97,4,1
4617,2021-10-29,27,5,1,1,25.28,25.28,4,1
4618,2021-10-01,14,5,1,2,15.99,31.98,1,3
4619,2021-10-05,5,2,1,1,69.23,69.23,4,3
4620,2021-10-05,14,10,1,2,51.01,102.02,4,1
4621,2021-10-21,25,4,1,1,220.32,220.32,4,1
4622,2021-10-01,5,5,1,1,21.88,21.88,4,1
4623,2021-10-24,10,5,1,1,16.99,16.99,1,2
4624,2021-10-10,1,18,1,1,9.99,9.99,4,1
4625,2021-10-12,24,6,1,2,12.46,24.92,4,4
4626,2021-10-05,5,15,1,2,50.44,100.88,4,2
4627,2021-10-15,3,3,1,1,137.11,137.11,4,4
4628,2021-10-20,18,18,1,3,17.87,53.61,4,4
4629,2021-10-16,30,16,1,4,11.48,45.92,4,3
4630,2021-10-05,20,17,1,2,39.66,79.32,4,1
4631,2021-10-26,9,4,1,1,152.99,152.99,4,4
4632,2021-10-11,14,16,1,2,20.65,41.3,4,1
4633,2021-10-04,29,10,1,2,67.98,135.96,4,1
4634,2021-10-24,8,15,1,1,57.99,57.99,4,1
4635,2021-10-07,4,19,1,1,22.99,22.99,4,3
4636,2021-10-09,20,18,1,3,14.0,42.0,4,2
4637,2021-10-11,14,5,1,2,25.95,51.9,1,2
4638,2021-10-24,21,9,1,3,94.64,283.92,4,1
4639,2021-10-02,12,15,1,3,48.99,146.97,4,3
4640,2021-10-11,30,5,1,2,27.78,55.56,4,1
4641,2021-10-14,23,9,2,2,184.99,369.98,4,6
4642,2021-10-04,2,16,2,2,10.24,20.48,4,5
4643,2021-10-01,20,16,2,2,23.52,47.04,4,7
4644,2021-10-10,23,8,2,1,56.47,56.47,4,8
4645,2021-10-09,29,3,2,5,157.56,787.8,4,5
4646,2021-10-03,9,10,2,1,46.34,46.34,4,7
4647,2021-10-31,2,20,2,2,24.99,49.98,4,7
4648,2021-10-04,15,10,2,1,35.28,35.28,2,5
4649,2021-10-22,26,6,2,2,12.5,25.0,4,5
4650,2021-10-25,20,10,2,2,39.25,78.5,4,8
4651,2021-10-25,25,5,2,1,28.21,28.21,2,5
4652,2021-10-15,29,14,2,1,224.99,224.99,4,6
4653,2021-10-10,4,18,2,4,14.99,59.96,4,5
4654,2021-10-25,8,20,2,1,36.79,36.79,4,6
4655,2021-10-27,17,7,2,1,88.99,88.99,4,5
4656,2021-10-02,9,1,2,4,1074.99,4299.96,4,6
4657,2021-10-12,26,18,2,1,18.67,18.67,4,8
4658,2021-10-11,5,5,2,1,20.99,20.99,4,7
4659,2021-10-27,4,6,2,1,30.74,30.74,4,5
4660,2021-10-01,16,7,2,1,93.22,93.22,1,5
4661,2021-10-12,6,18,2,5,9.99,49.95,4,5
4662,2021-10-26,21,19,2,3,22.99,68.97,4,6
4663,2021-10-05,14,6,2,1,19.64,19.64,4,5
4664,2021-10-25,23,14,2,1,120.25,120.25,2,7
4665,2021-10-28,11,18,2,2,16.29,32.58,4,6
4666,2021-10-05,5,8,2,1,31.81,31.81,4,7
4667,2021-10-28,2,15,2,3,36.99,110.97,4,6
4668,2021-10-08,17,18,3,3,18.39,55.17,4,9
4669,2021-10-29,17,14,3,1,103.2,103.2,4,11
4670,2021-10-28,22,10,3,1,56.45,56.45,4,11
4671,2021-10-26,9,5,3,4,15.99,63.96,4,10
4672,2021-10-16,9,9,3,3,103.99,311.97,4,10
4673,2021-10-08,14,2,3,3,51.99,155.97,4,10
4674,2021-10-28,5,10,3,1,46.38,46.38,4,10
4675,2021-10-12,26,17,3,2,40.37,80.74,4,9
4676,2021-10-18,21,7,3,2,90.78,181.56,4,10
4677,2021-10-01,9,18,3,2,16.99,33.98,4,9
4678,2021-10-24,14,5,3,1,17.68,17.68,4,9
4679,2021-10-28,8,20,3,4,34.81,139.24,4,9
4680,2021-10-05,5,8,3,3,81.99,245.97,4,10
4681,2021-10-07,13,3,3,1,96.17,96.17,4,9
4682,2021-10-22,25,20,3,1,32.87,32.87,4,11
4683,2021-10-09,5,19,3,2,22.94,45.88,4,10
4684,2021-10-03,16,17,3,4,39.52,158.08,4,11
4685,2021-10-26,23,6,3,4,26.99,107.96,4,11
4686,2021-10-17,6,18,3,3,15.71,47.13,4,10
4687,2021-10-22,22,16,3,2,8.99,17.98,4,9
4688,2021-10-30,29,15,3,1,63.99,63.99,4,9
4689,2021-10-30,13,3,4,2,149.99,299.98,3,12
4690,2021-10-09,9,20,4,4,22.99,91.96,3,14
4691,2021-10-13,3,5,4,5,16.0,80.0,4,12
4692,2021-10-26,23,3,4,1,106.68,106.68,4,14
4693,2021-10-11,6,13,4,5,114.79,573.95,4,14
4694,2021-10-14,26,9,4,1,149.99,149.99,4,13
4695,2021-10-30,27,16,4,5,15.31,76.55,4,14
4696,2021-10-15,7,10,4,2,57.99,115.98,4,14
4697,2021-10-12,1,3,4,1,107.97,107.97,1,12
4698,2021-10-29,9,14,4,2,242.46,484.92,4,14
4699,2021-10-26,11,19,4,4,15.71,62.84,4,12
4700,2021-10-04,12,20,4,1,28.99,28.99,4,12
4701,2021-10-08,26,2,4,5,53.14,265.7,4,14
4702,2021-10-15,27,8,4,1,33.33,33.33,4,12
4703,2021-10-31,3,6,4,1,17.84,17.84,4,14
4704,2021-10-22,22,15,4,2,78.77,157.54,4,13
4705,2021-10-14,1,10,4,2,46.99,93.98,4,12
4706,2021-10-21,28,9,4,5,84.76,423.8,4,12
4707,2021-10-09,8,7,4,5,125.96,629.8,4,14
4708,2021-10-05,3,5,4,3,27.14,81.42,4,13
4709,2021-10-15,4,19,4,1,32.99,32.99,4,13
4710,2021-10-01,18,17,4,2,47.6,95.2,4,14
4711,2021-10-10,15,19,5,1,37.87,37.87,4,16
4712,2021-10-08,2,19,5,2,27.66,55.32,4,16
4713,2021-10-23,11,17,5,3,31.17,93.51,4,16
4714,2021-10-19,10,16,5,1,17.9,17.9,4,16
4715,2021-10-08,20,7,5,3,62.99,188.97,4,16
4716,2021-10-11,30,3,5,1,126.99,126.99,4,15
4717,2021-10-30,18,5,5,3,14.99,44.97,4,16
4718,2021-10-09,5,19,5,2,23.65,47.3,4,15
4719,2021-10-20,28,18,5,4,8.28,33.12,4,17
4720,2021-10-23,13,16,5,1,8.54,8.54,4,16
4721,2021-10-22,14,18,5,2,17.01,34.02,4,17
4722,2021-10-31,11,7,5,1,57.29,57.29,3,16
4723,2021-10-26,15,19,5,1,24.72,24.72,4,17
4724,2021-10-20,19,5,5,2,25.99,51.98,4,16
4725,2021-10-03,9,20,5,1,37.62,37.62,4,17
4726,2021-10-22,17,15,5,4,43.99,175.96,4,15
4727,2021-10-18,15,1,5,1,1088.48,1088.48,4,15
4728,2021-10-03,27,17,5,1,46.99,46.99,4,16
4729,2021-10-23,5,19,6,3,33.34,100.02,4,18
4730,2021-10-31,16,16,6,5,19.99,99.95,4,18
4731,2021-10-29,6,9,6,1,100.99,100.99,4,18
4732,2021-10-15,28,15,6,1,63.99,63.99,4,20
4733,2021-10-10,25,4,6,2,100.38,200.76,4,19
4734,2021-10-01,11,18,6,3,9.55,28.65,1,19
4735,2021-10-01,30,5,6,1,26.99,26.99,4,19
4736,2021-10-11,5,15,6,2,55.02,110.04,4,20
4737,2021-10-29,28,15,6,4,77.16,308.64,2,19
4738,2021-10-26,2,2,6,2,123.99,247.98,4,18
4739,2021-10-08,15,5,6,5,24.68,123.4,3,18
4740,2021-10-16,29,20,6,1,28.99,28.99,4,19
4741,2021-10-27,13,18,6,2,15.43,30.86,4,18
4742,2021-10-30,16,7,6,2,81.99,163.98,4,20
4743,2021-10-12,14,18,6,1,8.79,8.79,4,19
4744,2021-10-10,6,2,6,2,119.59,239.18,4,19
4745,2021-10-24,17,16,6,2,14.69,29.38,4,20
4746,2021-10-06,6,3,6,1,80.88,80.88,4,18
4747,2021-10-17,27,19,6,1,27.99,27.99,4,18
4748,2021-10-27,28,3,7,3,59.67,179.01,4,21
4749,2021-10-09,12,19,7,2,32.99,65.98,4,22
4750,2021-10-22,24,5,7,2,15.99,31.98,4,22
4751,2021-10-18,8,13,7,1,46.9,46.9,4,23
4752,2021-10-12,13,8,7,4,77.43,309.72,4,22
4753,2021-10-13,27,19,7,3,23.62,70.86,4,22
4754,2021-10-13,12,2,7,1,102.7,102.7,4,21
4755,2021-10-05,10,13,7,4,112.99,451.96,4,22
4756,2021-10-10,18,12,7,2,466.18,932.36,4,23
4757,2021-10-05,10,9,7,1,90.66,90.66,4,23
4758,2021-10-18,2,7,7,4,67.72,270.88,4,22
4759,2021-10-22,17,5,7,3,13.99,41.97,4,22
4760,2021-10-05,28,6,7,1,9.0,9.0,4,22
4761,2021-10-09,7,5,7,2,12.8,25.6,4,21
4762,2021-10-08,29,17,7,1,23.03,23.03,4,21
4763,2021-10-01,9,8,7,2,46.96,93.92,4,23
4764,2021-10-23,5,6,7,2,16.99,33.98,4,23
4765,2021-10-15,12,19,7,3,26.99,80.97,4,22
4766,2021-10-31,18,12,7,2,627.14,1254.28,4,21
4767,2021-10-11,13,7,8,4,96.52,386.08,4,25
4768,2021-10-07,18,17,8,3,45.8,137.4,4,25
4769,2021-10-15,30,15,8,1,69.95,69.95,4,24
4770,2021-10-20,19,13,8,3,112.29,336.87,4,24
4771,2021-10-14,10,19,8,2,37.72,75.44,4,25
4772,2021-10-29,18,15,8,1,59.99,59.99,4,25
4773,2021-10-31,7,13,8,2,97.15,194.3,4,25
4774,2021-10-03,1,17,8,2,52.5,105.0,4,24
4775,2021-10-20,22,16,8,4,19.86,79.44,4,25
4776,2021-10-07,22,10,8,1,64.99,64.99,4,25
4777,2021-10-12,19,14,8,2,233.86,467.72,4,24
4778,2021-10-27,24,6,8,2,12.99,25.98,4,25
4779,2021-10-14,21,8,8,2,87.99,175.98,4,24
4780,2021-10-10,5,4,8,1,147.12,147.12,4,25
4781,2021-10-01,21,5,9,1,27.89,27.89,4,27
4782,2021-10-10,9,2,9,1,119.73,119.73,4,26
4783,2021-10-31,16,7,9,1,132.6,132.6,4,27
4784,2021-10-28,6,5,9,1,20.69,20.69,4,28
4785,2021-10-26,5,9,9,1,108.3,108.3,3,27
4786,2021-10-01,4,9,9,2,98.99,197.98,4,28
4787,2021-10-31,25,19,9,2,30.08,60.16,4,27
4788,2021-10-09,3,8,9,1,47.85,47.85,4,27
4789,2021-10-10,4,11,9,2,283.06,566.12,4,27
4790,2021-10-04,22,6,9,2,29.76,59.52,4,26
4791,2021-10-20,15,5,9,1,10.99,10.99,3,28
4792,2021-10-04,9,5,9,2,20.39,40.78,4,26
4793,2021-10-28,20,16,9,4,16.07,64.28,4,28
4794,2021-10-16,23,4,9,1,125.32,125.32,4,28
4795,2021-10-08,4,8,9,2,34.47,68.94,4,28
4796,2021-10-19,12,16,9,2,22.72,45.44,4,27
4797,2021-10-03,3,17,9,5,24.99,124.95,4,27
4798,2021-10-23,21,7,9,3,113.99,341.97,4,28
4799,2021-10-27,13,5,9,4,15.99,63.96,4,27
4800,2021-10-06,19,16,9,2,11.99,23.98,4,27
4801,2021-10-30,21,16,9,2,10.4,20.8,4,26
4802,2021-10-13,8,16,9,1,16.14,16.14,4,27
4803,2021-10-29,30,19,9,1,25.99,25.99,4,28
4804,2021-10-07,12,10,9,1,29.99,29.99,2,26
4805,2021-10-07,5,14,9,2,228.07,456.14,4,27
4806,2021-10-15,10,18,9,1,11.96,11.96,4,27
4807,2021-10-10,21,20,9,1,21.68,21.68,4,26
4808,2021-10-06,27,16,9,1,20.62,20.62,4,27
4809,2021-10-28,27,10,10,1,58.94,58.94,4,29
4810,2021-10-15,7,6,10,5,28.66,143.3,4,30
4811,2021-10-04,27,17,10,2,42.99,85.98,4,30
4812,2021-10-12,14,19,10,3,14.32,42.96,4,30
4813,2021-10-25,8,19,10,1,31.99,31.99,4,31
4814,2021-10-13,17,16,10,2,9.41,18.82,4,30
4815,2021-10-29,3,3,10,1,94.31,94.31,4,31
4816,2021-10-27,15,16,10,1,15.75,15.75,4,31
4817,2021-10-10,14,3,10,1,77.49,77.49,1,30
4818,2021-10-08,5,17,10,2,23.99,47.98,4,29
4819,2021-10-12,5,14,10,4,199.68,798.72,4,30
4820,2021-10-21,3,7,10,5,122.38,611.9,4,31
4821,2021-10-29,9,3,10,2,102.25,204.5,4,29
4822,2021-10-11,2,5,10,2,27.68,55.36,4,31
4823,2021-10-25,15,10,10,2,31.01,62.02,4,31
4824,2021-10-10,14,6,10,1,17.02,17.02,4,30
4825,2021-10-22,22,17,11,1,32.99,32.99,4,33
4826,2021-10-12,1,19,11,1,18.52,18.52,4,33
4827,2021-10-19,6,9,11,2,165.99,331.98,4,33
4828,2021-10-25,15,3,11,2,121.99,243.98,4,32
4829,2021-10-14,27,19,11,2,15.37,30.74,4,32
4830,2021-10-07,22,17,11,1,28.05,28.05,4,32
4831,2021-10-13,12,3,11,4,88.83,355.32,4,32
4832,2021-10-18,13,2,11,1,113.99,113.99,4,33
4833,2021-10-17,16,16,11,1,12.01,12.01,4,32
4834,2021-10-01,22,16,11,1,23.31,23.31,4,33
4835,2021-10-26,22,3,11,1,144.01,144.01,4,33
4836,2021-10-21,4,5,11,2,11.43,22.86,4,32
4837,2021-10-16,3,8,11,2,74.99,149.98,4,32
4838,2021-10-20,8,20,11,1,31.99,31.99,4,32
4839,2021-10-01,7,2,12,2,77.99,155.98,4,34
4840,2021-10-08,12,13,12,1,112.99,112.99,4,34
4841,2021-10-21,7,16,12,1,8.08,8.08,2,34
4842,2021-10-02,4,4,12,2,104.99,209.98,4,35
4843,2021-10-20,28,1,12,1,1262.97,1262.97,4,34
4844,2021-10-29,23,12,12,1,400.99,400.99,4,34
4845,2021-10-25,15,16,12,4,21.49,85.96,4,35
4846,2021-10-06,28,19,12,2,19.99,39.98,4,35
4847,2021-10-30,4,17,12,4,30.25,121.0,4,35
4848,2021-10-20,15,3,12,4,128.0,512.0,4,34
4849,2021-10-05,6,10,12,4,31.13,124.52,4,34
4850,2021-10-24,1,16,12,1,19.41,19.41,4,34
4851,2021-10-07,13,4,12,1,271.22,271.22,4,34
4852,2021-10-09,18,16,12,1,18.99,18.99,4,34
4853,2021-10-13,5,4,12,4,115.99,463.96,4,34
4854,2021-10-19,10,7,12,2,147.99,295.98,4,34
4855,2021-10-16,4,15,12,2,58.99,117.98,4,34
4856,2021-10-30,27,9,13,2,164.79,329.58,2,38
4857,2021-10-04,17,6,13,4,28.6,114.4,4,37
4858,2021-10-01,2,4,13,2,115.73,231.46,4,38
4859,2021-10-11,28,5,13,1,21.99,21.99,4,36
4860,2021-10-20,25,10,13,1,42.71,42.71,4,36
4861,2021-10-01,17,10,13,1,40.65,40.65,4,37
4862,2021-10-08,17,17,13,2,39.99,79.98,3,37
4863,2021-10-24,1,5,13,2,13.99,27.98,3,38
4864,2021-10-08,23,6,13,1,32.47,32.47,4,36
4865,2021-10-20,8,20,13,1,18.99,18.99,4,38
4866,2021-10-18,5,19,13,1,15.99,15.99,4,36
4867,2021-10-09,29,2,13,4,90.99,363.96,4,36
4868,2021-10-02,6,7,13,1,82.99,82.99,4,37
4869,2021-10-23,28,18,13,3,15.63,46.89,4,37
4870,2021-10-09,26,10,13,2,65.49,130.98,4,37
4871,2021-10-21,6,15,13,3,55.87,167.61,3,37
4872,2021-10-10,3,10,13,2,54.99,109.98,1,36
4873,2021-10-04,28,20,13,3,23.39,70.17,4,37
4874,2021-10-13,14,9,13,2,111.99,223.98,4,36
4875,2021-10-01,2,3,13,1,68.46,68.46,4,38
4876,2021-10-30,28,19,13,3,15.0,45.0,4,37
4877,2021-10-18,23,1,13,5,982.2,4911.0,4,37
4878,2021-10-15,11,15,13,3,32.56,97.68,4,36
4879,2021-10-21,18,15,13,2,62.34,124.68,4,37
4880,2021-10-17,15,10,14,2,63.99,127.98,4,39
4881,2021-10-11,29,16,14,1,21.99,21.99,4,39
4882,2021-10-08,13,12,14,1,702.21,702.21,4,40
4883,2021-10-10,9,10,14,3,38.94,116.82,4,39
4884,2021-10-25,22,7,14,1,74.99,74.99,4,40
4885,2021-10-14,13,15,14,3,37.99,113.97,4,39
4886,2021-10-28,8,5,14,4,27.78,111.12,1,40
4887,2021-10-14,8,8,14,3,32.47,97.41,4,40
4888,2021-10-12,7,8,14,4,87.99,351.96,4,40
4889,2021-10-07,26,8,14,1,37.99,37.99,2,40
4890,2021-10-09,26,7,14,3,146.24,438.72,4,39
4891,2021-10-28,5,6,14,1,20.99,20.99,4,39
4892,2021-10-10,11,20,14,2,18.67,37.34,4,40
4893,2021-10-18,6,16,14,1,16.09,16.09,3,40
4894,2021-10-04,30,3,14,1,108.11,108.11,4,40
4895,2021-10-22,6,7,14,1,96.99,96.99,4,40
4896,2021-10-30,17,14,14,1,195.77,195.77,4,40
4897,2021-10-28,15,1,15,3,955.65,2866.95,4,42
4898,2021-10-26,28,10,15,2,51.75,103.5,4,42
4899,2021-10-02,15,6,15,1,28.24,28.24,3,41
4900,2021-10-03,13,3,15,4,82.86,331.44,4,42
4901,2021-10-27,6,20,15,1,15.33,15.33,2,42
4902,2021-10-21,14,8,15,3,61.99,185.97,3,42
4903,2021-10-21,24,8,15,4,63.86,255.44,4,42
4904,2021-10-28,17,17,15,2,43.99,87.98,4,42
4905,2021-10-14,25,2,15,2,76.99,153.98,1,42
4906,2021-10-11,24,1,15,1,825.46,825.46,4,41
4907,2021-10-06,16,19,15,2,34.28,68.56,4,41
4908,2021-10-31,8,18,15,1,9.07,9.07,4,41
4909,2021-10-09,20,16,15,1,8.59,8.59,4,42
4910,2021-10-13,27,13,15,2,58.99,117.98,1,42
4911,2021-10-10,27,3,15,1,98.23,98.23,4,42
4912,2021-10-16,23,4,15,1,294.95,294.95,4,42
4913,2021-11-23,11,19,1,2,22.09,44.18,4,3
4914,2021-11-29,16,16,1,2,8.0,16.0,4,2
4915,2021-11-16,20,15,1,2,55.07,110.14,4,2
4916,2021-11-04,19,2,1,2,107.38,214.76,4,2
4917,2021-11-25,28,6,1,2,33.99,67.98,4,2
4918,2021-11-24,5,1,1,3,1178.6,3535.8,4,3
4919,2021-11-14,28,16,1,1,12.92,12.92,4,4
4920,2021-11-01,11,19,1,3,15.99,47.97,4,1
4921,2021-11-13,5,4,1,1,230.08,230.08,4,4
4922,2021-11-29,28,17,1,1,29.56,29.56,4,3
4923,2021-11-20,11,14,1,1,149.45,149.45,4,4
4924,2021-11-16,25,17,1,1,35.1,35.1,4,3
4925,2021-11-30,25,7,1,2,73.59,147.18,4,3
4926,2021-11-26,24,16,1,3,19.99,59.97,4,3
4927,2021-11-11,24,19,1,2,33.83,67.66,3,3
4928,2021-11-16,25,17,1,4,49.67,198.68,4,2
4929,2021-11-06,19,14,1,1,123.32,123.32,4,4
4930,2021-11-09,19,15,1,1,78.2,78.2,4,1
4931,2021-11-02,2,8,1,3,46.92,140.76,4,3
4932,2021-11-10,19,3,1,2,91.02,182.04,4,3
4933,2021-11-03,7,16,1,1,10.99,10.99,4,4
4934,2021-11-03,24,6,1,3,9.0,27.0,4,4
4935,2021-11-01,8,8,1,1,50.99,50.99,4,2
4936,2021-11-17,15,10,1,2,55.03,110.06,4,2
4937,2021-11-29,22,18,1,3,7.0,21.0,4,2
4938,2021-11-03,26,9,1,1,100.88,100.88,4,4
4939,2021-11-22,17,5,1,1,10.74,10.74,4,3
4940,2021-11-21,14,17,1,3,43.37,130.11,4,1
4941,2021-11-03,30,5,1,3,21.99,65.97,4,1
4942,2021-11-30,24,8,1,2,54.29,108.58,4,4
4943,2021-11-14,15,6,1,1,17.99,17.99,4,4
4944,2021-11-07,17,5,1,2,25.12,50.24,4,1
4945,2021-11-25,4,16,1,4,10.24,40.96,4,1
4946,2021-11-12,27,5,1,2,22.99,45.98,4,1
4947,2021-11-07,29,15,1,1,69.72,69.72,4,1
4948,2021-11-21,11,10,2,2,33.99,67.98,4,5
4949,2021-11-26,1,17,2,2,43.99,87.98,4,8
4950,2021-11-24,10,18,2,2,8.29,16.58,4,8
4951,2021-11-10,8,11,2,3,407.61,1222.83,4,7
4952,2021-11-15,6,5,2,1,20.34,20.34,4,7
4953,2021-11-12,2,4,2,1,258.52,258.52,4,6
4954,2021-11-07,25,9,2,1,140.01,140.01,4,5
4955,2021-11-25,29,11,2,2,560.62,1121.24,4,5
4956,2021-11-10,12,18,2,2,15.7,31.4,3,5
4957,2021-11-23,11,13,2,2,61.99,123.98,4,8
4958,2021-11-11,27,3,2,1,65.99,65.99,4,5
4959,2021-11-05,29,20,2,2,23.99,47.98,4,8
4960,2021-11-26,19,2,2,3,95.99,287.97,3,8
4961,2021-11-10,2,7,2,2,64.76,129.52,4,6
4962,2021-11-02,30,16,2,1,19.06,19.06,4,5
4963,2021-11-29,27,16,2,1,19.22,19.22,4,8
4964,2021-11-04,8,8,2,1,56.19,56.19,4,7
4965,2021-11-24,29,3,2,1,90.99,90.99,4,7
4966,2021-11-21,17,4,2,4,251.06,1004.24,4,6
4967,2021-11-29,30,10,2,5,56.2,281.0,4,5
4968,2021-11-17,3,19,2,1,25.7,25.7,4,7
4969,2021-11-14,3,15,2,2,88.15,176.3,4,8
4970,2021-11-19,30,5,2,2,16.99,33.98,4,6
4971,2021-11-12,23,6,2,1,31.99,31.99,4,8
4972,2021-11-14,6,20,2,1,23.99,23.99,4,6
4973,2021-11-13,3,13,2,1,50.63,50.63,4,6
4974,2021-11-15,29,18,2,2,16.12,32.24,4,7
4975,2021-11-18,16,6,2,3,11.22,33.66,4,8
4976,2021-11-12,21,4,2,1,139.97,139.97,4,5
4977,2021-11-06,12,4,3,3,182.99,548.97,1,11
4978,2021-11-05,13,9,3,4,167.99,671.96,4,11
4979,2021-11-04,3,16,3,3,20.99,62.97,4,11
4980,2021-11-21,17,1,3,3,933.99,2801.97,4,10
4981,2021-11-05,1,4,3,1,181.99,181.99,4,10
4982,2021-11-16,13,9,3,3,90.61,271.83,4,11
4983,2021-11-03,10,1,3,3,1223.99,3671.97,4,9
4984,2021-11-16,7,5,3,1,19.48,19.48,4,9
4985,2021-11-23,7,20,3,3,17.57,52.71,4,11
4986,2021-11-27,4,8,3,2,72.99,145.98,4,11
4987,2021-11-18,27,1,3,4,1202.56,4810.24,4,10
4988,2021-11-22,5,20,3,1,23.38,23.38,4,11
4989,2021-11-28,4,2,3,2,62.09,124.18,4,9
4990,2021-11-26,26,13,3,2,71.99,143.98,4,9
4991,2021-11-24,10,19,3,1,14.99,14.99,4,10
4992,2021-11-28,17,6,3,1,14.0,14.0,4,10
4993,2021-11-02,22,16,3,2,22.99,45.98,4,11
4994,2021-11-12,21,5,3,1,23.85,23.85,4,11
4995,2021-11-09,5,16,3,2,19.02,38.04,4,11
4996,2021-11-19,2,14,3,1,154.37,154.37,4,11
4997,2021-11-15,5,17,3,4,32.99,131.96,4,11
4998,2021-11-20,18,6,3,1,18.24,18.24,4,11
4999,2021-11-17,17,5,3,4,26.99,107.96,4,9
5000,2021-11-19,16,9,3,1,79.99,79.99,2,10
5001,2021-11-15,12,8,3,2,88.69,177.38,4,9
5002,2021-11-26,4,16,3,2,18.5,37.0,4,11
5003,2021-11-27,28,1,3,2,1135.99,2271.98,4,9
5004,2021-11-07,24,15,3,3,48.19,144.57,4,10
5005,2021-11-14,3,18,3,4,18.02,72.08,4,11
5006,2021-11-21,25,6,4,5,32.81,164.05,4,14
5007,2021-11-03,20,16,4,3,19.92,59.76,4,13
5008,2021-11-07,21,12,4,3,581.3,1743.9,4,14
5009,2021-11-07,1,7,4,2,79.99,159.98,4,12
5010,2021-11-14,18,7,4,3,94.07,282.21,4,13
5011,2021-11-02,15,20,4,1,17.92,17.92,4,12
5012,2021-11-30,7,14,4,4,113.99,455.96,3,14
5013,2021-11-20,28,8,4,2,38.99,77.98,3,13
5014,2021-11-15,25,5,4,2,27.99,55.98,4,13
5015,2021-11-01,4,9,4,2,69.33,138.66,4,14
5016,2021-11-16,27,17,4,2,35.99,71.98,4,12
5017,2021-11-27,20,8,4,1,41.08,41.08,4,12
5018,2021-11-24,9,20,4,4,32.31,129.24,4,13
5019,2021-11-23,25,15,4,2,59.16,118.32,1,13
5020,2021-11-11,4,5,4,5,25.02,125.1,4,12
5021,2021-11-05,16,6,4,4,26.85,107.4,4,14
5022,2021-11-10,3,1,4,2,1298.19,2596.38,4,13
5023,2021-11-24,1,1,4,4,1201.91,4807.64,4,12
5024,2021-11-15,17,5,4,1,17.82,17.82,4,13
5025,2021-11-10,10,16,4,4,19.99,79.96,4,12
5026,2021-11-02,9,11,4,1,449.99,449.99,4,12
5027,2021-11-16,8,2,4,1,124.99,124.99,4,12
5028,2021-11-22,9,10,4,3,36.01,108.03,3,14
5029,2021-11-21,25,2,4,2,116.99,233.98,4,13
5030,2021-11-22,3,13,5,1,74.88,74.88,4,15
5031,2021-11-02,8,16,5,1,16.68,16.68,4,15
5032,2021-11-15,14,7,5,5,90.99,454.95,4,15
5033,2021-11-19,29,19,5,4,33.53,134.12,1,15
5034,2021-11-19,16,13,5,1,74.99,74.99,4,17
5035,2021-11-07,4,1,5,1,942.29,942.29,4,17
5036,2021-11-07,28,14,5,3,203.99,611.97,4,17
5037,2021-11-08,29,10,5,2,41.99,83.98,2,15
5038,2021-11-04,27,5,5,1,18.4,18.4,4,15
5039,2021-11-27,27,8,5,2,62.95,125.9,4,16
5040,2021-11-27,18,15,5,1,30.99,30.99,4,17
5041,2021-11-17,15,20,5,3,20.99,62.97,4,16
5042,2021-11-30,22,4,5,1,101.59,101.59,4,15
5043,2021-11-04,21,13,5,1,86.77,86.77,4,15
5044,2021-11-11,29,6,5,1,32.99,32.99,4,16
5045,2021-11-16,23,19,5,1,31.99,31.99,4,16
5046,2021-11-25,15,4,5,1,260.35,260.35,4,17
5047,2021-11-17,28,10,5,1,45.77,45.77,4,16
5048,2021-11-02,27,16,5,1,9.67,9.67,4,17
5049,2021-11-11,16,16,5,3,15.99,47.97,4,15
5050,2021-11-14,14,6,5,5,24.99,124.95,4,16
5051,2021-11-28,18,18,5,5,13.54,67.7,4,15
5052,2021-11-03,8,18,5,2,14.99,29.98,4,16
5053,2021-11-17,2,20,5,4,22.38,89.52,4,15
5054,2021-11-07,28,15,5,3,62.99,188.97,4,15
5055,2021-11-29,9,7,5,2,85.99,171.98,4,16
5056,2021-11-11,28,16,5,4,18.21,72.84,4,17
5057,2021-11-01,7,17,5,5,54.83,274.15,4,15
5058,2021-11-15,4,3,6,2,126.17,252.34,4,20
5059,2021-11-23,21,10,6,2,47.51,95.02,4,19
5060,2021-11-24,29,17,6,2,19.89,39.78,4,18
5061,2021-11-09,25,9,6,3,159.36,478.08,1,19
5062,2021-11-30,20,3,6,1,115.99,115.99,4,18
5063,2021-11-23,30,20,6,1,28.29,28.29,4,20
5064,2021-11-25,13,20,6,1,32.99,32.99,4,18
5065,2021-11-30,9,10,6,1,31.58,31.58,4,19
5066,2021-11-18,29,19,6,1,32.99,32.99,4,18
5067,2021-11-13,7,5,6,2,16.99,33.98,4,18
5068,2021-11-28,10,13,6,2,99.4,198.8,4,19
5069,2021-11-04,26,8,6,2,51.99,103.98,4,20
5070,2021-11-25,12,16,6,2,10.76,21.52,4,18
5071,2021-11-11,21,7,6,1,91.53,91.53,4,18
5072,2021-11-28,6,19,6,1,17.99,17.99,4,18
5073,2021-11-17,21,13,6,1,76.35,76.35,4,20
5074,2021-11-07,7,2,6,1,92.99,92.99,1,18
5075,2021-11-24,29,7,6,2,50.57,101.14,4,18
5076,2021-11-13,2,6,6,3,16.38,49.14,4,20
5077,2021-11-19,3,2,6,3,68.16,204.48,4,19
5078,2021-11-28,2,20,6,5,15.71,78.55,2,18
5079,2021-11-08,14,16,6,5,23.54,117.7,4,18
5080,2021-11-11,10,6,6,2,17.61,35.22,4,18
5081,2021-11-13,29,4,6,1,250.99,250.99,2,20
5082,2021-11-17,2,8,7,3,74.54,223.62,4,22
5083,2021-11-26,28,2,7,4,72.7,290.8,4,22
5084,2021-11-15,22,5,7,1,25.59,25.59,4,22
5085,2021-11-24,27,7,7,4,79.52,318.08,4,21
5086,2021-11-21,18,10,7,1,47.83,47.83,4,22
5087,2021-11-05,14,19,7,1,18.44,18.44,4,22
5088,2021-11-07,19,17,7,1,45.73,45.73,1,21
5089,2021-11-26,30,2,7,3,109.48,328.44,4,21
5090,2021-11-06,22,5,7,5,21.77,108.85,4,21
5091,2021-11-14,9,8,7,1,84.53,84.53,4,23
5092,2021-11-16,9,16,7,2,12.99,25.98,4,22
5093,2021-11-06,26,11,7,3,351.45,1054.35,4,23
5094,2021-11-01,6,17,7,5,50.99,254.95,4,23
5095,2021-11-06,19,2,7,1,57.85,57.85,4,23
5096,2021-11-01,27,3,7,2,101.99,203.98,2,21
5097,2021-11-25,24,2,7,5,59.87,299.35,4,21
5098,2021-11-08,10,18,7,1,16.82,16.82,4,21
5099,2021-11-02,6,16,7,1,13.99,13.99,4,22
5100,2021-11-18,10,5,7,1,27.25,27.25,4,22
5101,2021-11-27,21,5,7,1,13.21,13.21,4,22
5102,2021-11-27,25,16,8,3,8.0,24.0,2,25
5103,2021-11-21,4,5,8,2,22.11,44.22,4,25
5104,2021-11-02,26,10,8,1,31.29,31.29,4,24
5105,2021-11-17,22,18,8,1,7.0,7.0,4,24
5106,2021-11-30,16,5,8,1,21.29,21.29,4,24
5107,2021-11-16,8,12,8,3,634.83,1904.49,4,24
5108,2021-11-23,7,1,8,1,1115.72,1115.72,4,25
5109,2021-11-30,13,19,8,3,25.99,77.97,4,25
5110,2021-11-09,13,13,8,5,73.99,369.95,4,25
5111,2021-11-02,28,16,8,1,10.37,10.37,4,25
5112,2021-11-07,20,8,8,2,34.85,69.7,4,24
5113,2021-11-18,19,15,8,1,40.99,40.99,4,25
5114,2021-11-13,13,1,8,2,1062.99,2125.98,4,25
5115,2021-11-14,18,11,8,1,508.2,508.2,4,24
5116,2021-11-17,11,2,8,1,99.99,99.99,4,24
5117,2021-11-16,9,7,8,2,145.71,291.42,4,24
5118,2021-11-08,20,1,8,1,1019.02,1019.02,4,25
5119,2021-11-13,21,2,8,1,97.01,97.01,4,25
5120,2021-11-08,28,6,8,1,15.6,15.6,4,24
5121,2021-11-24,11,6,8,3,14.24,42.72,4,25
5122,2021-11-15,25,2,9,5,52.19,260.95,4,28
5123,2021-11-03,12,13,9,5,65.91,329.55,4,27
5124,2021-11-20,25,7,9,3,133.99,401.97,4,26
5125,2021-11-07,13,19,9,4,31.99,127.96,3,28
5126,2021-11-01,4,6,9,3,33.99,101.97,4,28
5127,2021-11-09,2,18,9,4,17.94,71.76,4,27
5128,2021-11-17,17,15,9,3,77.11,231.33,4,27
5129,2021-11-30,4,13,9,1,75.99,75.99,4,27
5130,2021-11-25,2,2,9,2,75.55,151.1,4,27
5131,2021-11-14,30,8,9,5,49.64,248.2,4,26
5132,2021-11-18,18,18,9,4,13.99,55.96,4,26
5133,2021-11-25,21,11,9,2,567.99,1135.98,4,28
5134,2021-11-22,20,13,9,1,80.99,80.99,4,27
5135,2021-11-22,25,20,9,4,19.41,77.64,2,27
5136,2021-11-07,14,9,9,1,110.71,110.71,4,26
5137,2021-11-01,4,10,9,3,61.99,185.97,4,27
5138,2021-11-28,24,3,9,1,64.91,64.91,2,27
5139,2021-11-12,5,8,9,3,87.99,263.97,4,26
5140,2021-11-25,25,2,9,2,95.74,191.48,4,28
5141,2021-11-24,22,11,9,3,355.93,1067.79,4,27
5142,2021-11-09,19,5,9,2,25.46,50.92,4,28
5143,2021-11-12,28,3,9,4,106.99,427.96,4,28
5144,2021-11-21,11,17,9,2,52.83,105.66,4,27
5145,2021-11-27,22,11,9,1,482.39,482.39,4,28
5146,2021-11-27,7,16,9,3,10.29,30.87,4,28
5147,2021-11-26,26,8,9,2,59.99,119.98,4,27
5148,2021-11-25,16,14,9,4,203.99,815.96,4,27
5149,2021-11-06,26,7,9,1,62.3,62.3,4,26
5150,2021-11-13,15,18,9,1,15.99,15.99,4,27
5151,2021-11-05,19,18,9,3,12.62,37.86,4,28
5152,2021-11-11,28,1,10,1,1215.99,1215.99,4,30
5153,2021-11-30,10,1,10,2,1176.44,2352.88,4,29
5154,2021-11-15,30,8,10,4,52.99,211.96,4,29
5155,2021-11-08,13,20,10,5,19.99,99.95,4,31
5156,2021-11-14,16,6,10,1,9.99,9.99,4,29
5157,2021-11-29,21,10,10,3,45.99,137.97,4,29
5158,2021-11-04,26,6,10,1,25.99,25.99,4,31
5159,2021-11-08,23,5,10,4,17.99,71.96,4,31
5160,2021-11-26,2,16,10,2,15.02,30.04,4,31
5161,2021-11-21,8,1,10,2,965.63,1931.26,4,31
5162,2021-11-23,19,18,10,1,8.99,8.99,4,30
5163,2021-11-24,3,8,10,2,25.77,51.54,3,30
5164,2021-11-02,15,20,10,1,20.26,20.26,4,29
5165,2021-11-18,30,16,10,2,11.99,23.98,4,31
5166,2021-11-14,4,3,10,2,157.99,315.98,4,29
5167,2021-11-16,6,1,10,5,819.99,4099.95,4,31
5168,2021-11-26,3,5,10,3,15.87,47.61,4,29
5169,2021-11-28,18,20,10,2,18.85,37.7,4,31
5170,2021-11-20,13,4,10,1,102.99,102.99,4,29
5171,2021-11-22,12,7,10,2,132.75,265.5,4,29
5172,2021-11-23,3,20,10,1,37.99,37.99,4,31
5173,2021-11-03,6,18,10,3,10.21,30.63,4,30
5174,2021-11-11,1,10,10,1,68.74,68.74,4,31
5175,2021-11-07,14,19,11,2,30.99,61.98,4,32
5176,2021-11-23,14,17,11,1,47.99,47.99,4,33
5177,2021-11-09,25,19,11,1,29.99,29.99,4,33
5178,2021-11-04,23,5,11,1,22.99,22.99,4,32
5179,2021-11-09,27,2,11,1,110.44,110.44,4,33
5180,2021-11-25,21,19,11,3,36.36,109.08,4,32
5181,2021-11-30,1,13,11,2,40.45,80.9,4,32
5182,2021-11-20,11,18,11,2,9.99,19.98,4,32
5183,2021-11-27,2,1,11,3,1333.99,4001.97,4,32
5184,2021-11-23,21,5,11,3,19.99,59.97,4,33
5185,2021-11-04,3,17,11,2,32.99,65.98,1,32
5186,2021-11-21,30,2,11,4,126.02,504.08,4,33
5187,2021-11-05,5,10,11,2,62.99,125.98,4,33
5188,2021-11-15,9,17,11,2,42.99,85.98,1,33
5189,2021-11-13,19,1,11,1,933.46,933.46,4,32
5190,2021-11-14,22,7,11,2,147.99,295.98,4,33
5191,2021-11-12,28,9,11,1,106.1,106.1,4,32
5192,2021-11-02,30,6,11,1,10.99,10.99,2,33
5193,2021-11-05,23,18,11,1,17.65,17.65,4,33
5194,2021-11-01,5,9,12,4,196.27,785.08,4,35
5195,2021-11-09,6,3,12,1,80.76,80.76,4,35
5196,2021-11-27,12,19,12,1,26.99,26.99,4,35
5197,2021-11-23,17,6,12,2,17.12,34.24,4,34
5198,2021-11-12,27,5,12,4,22.51,90.04,4,35
5199,2021-11-19,17,11,12,2,254.31,508.62,4,34
5200,2021-11-20,12,5,12,3,28.04,84.12,4,35
5201,2021-11-08,8,8,12,3,54.99,164.97,4,34
5202,2021-11-18,24,5,12,5,21.7,108.5,4,35
5203,2021-11-24,2,17,12,4,47.2,188.8,4,34
5204,2021-11-29,3,10,12,2,55.99,111.98,4,35
5205,2021-11-10,30,7,12,1,91.52,91.52,4,34
5206,2021-11-15,12,5,12,1,28.88,28.88,4,34
5207,2021-11-08,1,14,12,1,134.75,134.75,4,34
5208,2021-11-14,24,18,12,5,17.28,86.4,4,35
5209,2021-11-14,24,14,12,2,194.99,389.98,1,35
5210,2021-11-03,2,15,12,1,41.99,41.99,4,35
5211,2021-11-28,13,11,12,3,473.84,1421.52,4,34
5212,2021-11-26,12,14,12,1,238.98,238.98,4,34
5213,2021-11-11,8,5,13,1,13.99,13.99,4,38
5214,2021-11-16,6,9,13,2,116.07,232.14,1,37
5215,2021-11-22,17,17,13,1,22.59,22.59,4,37
5216,2021-11-14,8,20,13,1,28.87,28.87,4,38
5217,2021-11-25,18,10,13,4,36.05,144.2,4,38
5218,2021-11-26,15,15,13,4,66.55,266.2,4,37
5219,2021-11-08,17,7,13,1,130.99,130.99,4,38
5220,2021-11-23,27,20,13,3,17.99,53.97,4,36
5221,2021-11-21,30,2,13,1,55.5,55.5,4,37
5222,2021-11-21,10,9,13,3,126.86,380.58,4,37
5223,2021-11-03,25,10,13,2,46.38,92.76,4,38
5224,2021-11-03,28,18,13,1,15.62,15.62,4,38
5225,2021-11-26,23,13,13,1,83.82,83.82,4,36
5226,2021-11-21,21,6,13,1,15.99,15.99,4,36
5227,2021-11-14,22,3,13,2,136.99,273.98,4,36
5228,2021-11-10,19,16,13,4,18.86,75.44,4,38
5229,2021-11-18,5,14,13,1,181.52,181.52,1,36
5230,2021-11-04,6,16,13,3,18.68,56.04,4,38
5231,2021-11-11,16,3,13,2,69.77,139.54,4,37
5232,2021-11-25,23,2,13,2,99.6,199.2,4,37
5233,2021-11-01,1,15,13,3,65.99,197.97,4,36
5234,2021-11-29,6,4,13,1,270.56,270.56,4,38
5235,2021-11-24,13,15,13,1,68.55,68.55,4,37
5236,2021-11-07,12,18,13,2,13.99,27.98,4,36
5237,2021-11-06,28,15,13,1,84.99,84.99,4,37
5238,2021-11-15,15,7,13,2,96.99,193.98,4,38
5239,2021-11-27,26,3,13,2,106.99,213.98,4,37
5240,2021-11-01,21,6,13,2,10.99,21.98,4,38
5241,2021-11-03,22,14,13,1,175.5,175.5,4,38
5242,2021-11-22,20,20,14,2,20.99,41.98,4,39
5243,2021-11-14,16,13,14,2,102.49,204.98,4,40
5244,2021-11-15,30,3,14,1,81.99,81.99,4,39
5245,2021-11-26,24,5,14,1,14.99,14.99,4,39
5246,2021-11-28,12,19,14,4,22.15,88.6,4,39
5247,2021-11-13,11,9,14,2,140.99,281.98,2,39
5248,2021-11-06,8,10,14,3,61.99,185.97,4,40
5249,2021-11-24,3,15,14,3,34.29,102.87,4,39
5250,2021-11-20,13,5,14,1,19.99,19.99,4,39
5251,2021-11-15,23,6,14,1,24.08,24.08,4,40
5252,2021-11-03,27,14,14,2,246.99,493.98,3,40
5253,2021-11-13,5,5,14,3,10.08,30.24,4,39
5254,2021-11-02,15,8,14,4,78.71,314.84,3,39
5255,2021-11-21,28,7,14,4,124.66,498.64,4,39
5256,2021-11-22,20,14,14,1,123.01,123.01,4,40
5257,2021-11-25,11,17,14,2,34.99,69.98,4,40
5258,2021-11-17,23,13,14,2,117.86,235.72,4,39
5259,2021-11-13,20,13,14,1,94.99,94.99,4,39
5260,2021-11-16,22,1,14,2,929.13,1858.26,1,39
5261,2021-11-13,7,10,15,3,44.99,134.97,4,42
5262,2021-11-25,18,11,15,1,422.99,422.99,4,42
5263,2021-11-20,17,20,15,1,30.99,30.99,4,42
5264,2021-11-12,25,17,15,2,42.99,85.98,4,41
5265,2021-11-20,8,4,15,1,124.93,124.93,4,42
5266,2021-11-22,29,2,15,1,110.99,110.99,4,42
5267,2021-11-25,6,18,15,3,10.99,32.97,4,41
5268,2021-11-17,4,13,15,3,54.51,163.53,4,42
5269,2021-11-14,6,6,15,2,17.05,34.1,4,42
5270,2021-11-09,11,15,15,2,38.05,76.1,1,41
5271,2021-11-30,18,20,15,3,15.38,46.14,4,42
5272,2021-11-16,24,6,15,3,33.49,100.47,4,42
5273,2021-11-11,21,10,15,1,29.0,29.0,4,41
5274,2021-11-18,27,18,15,2,12.9,25.8,4,42
5275,2021-11-14,7,2,15,2,110.76,221.52,4,42
5276,2021-11-07,26,18,15,2,10.97,21.94,4,42
5277,2021-11-27,9,8,15,5,37.71,188.55,4,42
5278,2021-11-05,28,4,15,4,132.99,531.96,4,42
5279,2021-12-12,7,1,1,1,1128.65,1128.65,4,4
5280,2021-12-11,6,2,1,2,49.69,99.38,2,1
5281,2021-12-05,1,16,1,4,18.27,73.08,4,4
5282,2021-12-09,19,7,1,2,156.42,312.84,3,4
5283,2021-12-25,11,16,1,2,9.49,18.98,4,1
5284,2021-12-24,14,5,1,1,17.82,17.82,4,3
5285,2021-12-15,17,17,1,4,50.4,201.6,4,3
5286,2021-12-26,18,14,1,5,138.59,692.95,4,3
5287,2021-12-13,14,2,1,4,73.99,295.96,4,2
5288,2021-12-16,8,9,1,2,78.99,157.98,4,4
5289,2021-12-15,13,8,1,3,82.99,248.97,4,1
5290,2021-12-19,16,18,1,1,14.11,14.11,4,3
5291,2021-12-08,6,3,2,2,60.99,121.98,4,5
5292,2021-12-11,24,6,2,2,18.87,37.74,4,5
5293,2021-12-11,3,16,2,1,21.99,21.99,4,6
5294,2021-12-22,16,16,2,5,10.99,54.95,4,5
5295,2021-12-30,25,2,2,1,65.17,65.17,4,8
5296,2021-12-23,16,7,2,4,139.33,557.32,2,7
5297,2021-12-26,6,4,2,2,282.25,564.5,4,5
5298,2021-12-25,21,14,2,2,226.99,453.98,4,8
5299,2021-12-16,15,20,2,1,30.46,30.46,4,8
5300,2021-12-21,24,17,3,4,49.44,197.76,4,9
5301,2021-12-22,16,12,3,3,863.97,2591.91,4,11
5302,2021-12-25,21,2,3,1,77.99,77.99,4,10
5303,2021-12-20,20,8,3,5,73.99,369.95,2,11
5304,2021-12-20,6,5,3,5,16.99,84.95,4,11
5305,2021-12-12,8,6,3,1,15.99,15.99,4,9
5306,2021-12-16,15,3,3,1,117.41,117.41,4,10
5307,2021-12-31,6,17,3,3,29.99,89.97,4,10
5308,2021-12-26,18,18,4,3,18.79,56.37,4,13
5309,2021-12-16,11,6,4,3,28.99,86.97,4,12
5310,2021-12-11,16,13,4,2,56.35,112.7,4,12
5311,2021-12-25,23,9,4,1,172.68,172.68,4,12
5312,2021-12-14,3,8,4,2,45.32,90.64,4,12
5313,2021-12-26,30,2,4,2,124.55,249.1,4,12
5314,2021-12-19,18,18,4,1,18.74,18.74,4,12
5315,2021-12-03,4,5,4,1,26.42,26.42,4,13
5316,2021-12-02,17,18,5,2,7.4,14.8,4,16
5317,2021-12-17,28,5,5,3,24.26,72.78,4,16
5318,2021-12-06,13,5,5,1,17.28,17.28,4,16
5319,2021-12-12,12,20,5,1,35.97,35.97,4,17
5320,2021-12-11,26,6,5,1,28.37,28.37,4,15
5321,2021-12-16,5,19,5,5,20.99,104.95,4,16
5322,2021-12-26,21,16,5,3,15.99,47.97,4,17
5323,2021-12-11,17,17,5,1,31.33,31.33,4,16
5324,2021-12-26,5,9,6,2,88.88,177.76,2,18
5325,2021-12-03,26,7,6,3,151.99,455.97,4,19
5326,2021-12-13,17,7,6,1,133.32,133.32,3,20
5327,2021-12-12,14,14,6,1,141.68,141.68,4,18
5328,2021-12-21,2,7,6,4,83.31,333.24,3,18
5329,2021-12-18,5,13,6,2,71.49,142.98,4,20
5330,2021-12-02,13,19,6,2,20.99,41.98,4,19
5331,2021-12-12,28,16,6,3,23.13,69.39,4,20
5332,2021-12-21,18,7,7,2,102.6,205.2,4,21
5333,2021-12-11,30,16,7,1,8.61,8.61,4,23
5334,2021-12-03,25,17,7,4,42.99,171.96,4,22
5335,2021-12-28,21,17,7,2,44.28,88.56,1,23
5336,2021-12-24,12,2,7,2,124.85,249.7,4,21
5337,2021-12-28,18,19,7,3,24.43,73.29,4,23
5338,2021-12-04,22,6,7,1,27.99,27.99,4,23
5339,2021-12-31,3,8,7,3,85.95,257.85,4,22
5340,2021-12-13,18,20,7,1,38.99,38.99,4,23
5341,2021-12-10,4,7,8,2,88.99,177.98,4,24
5342,2021-12-09,13,19,8,1,18.99,18.99,4,24
5343,2021-12-14,15,3,8,2,103.99,207.98,4,25
5344,2021-12-26,29,16,8,4,20.67,82.68,4,25
5345,2021-12-16,2,6,8,2,25.84,51.68,4,24
5346,2021-12-15,21,19,8,1,22.42,22.42,4,24
5347,2021-12-02,6,19,8,4,33.99,135.96,4,25
5348,2021-12-09,29,8,8,1,78.99,78.99,1,25
5349,2021-12-14,12,5,9,2,22.99,45.98,4,28
5350,2021-12-14,10,16,9,5,12.11,60.55,4,28
5351,2021-12-26,27,18,9,4,16.81,67.24,4,26
5352,2021-12-17,14,9,9,1,93.62,93.62,4,26
5353,2021-12-08,30,13,9,3,63.99,191.97,4,27
5354,2021-12-14,26,1,9,1,1203.99,1203.99,4,27
5355,2021-12-25,1,19,9,2,16.99,33.98,4,26
5356,2021-12-11,13,7,9,2,64.77,129.54,4,26
5357,2021-12-27,18,3,9,4,144.99,579.96,1,27
5358,2021-12-19,9,15,10,4,66.71,266.84,4,29
5359,2021-12-11,13,1,10,2,836.06,1672.12,4,31
5360,2021-12-17,23,19,10,2,24.99,49.98,4,29
5361,2021-12-10,22,2,10,2,65.95,131.9,1,29
5362,2021-12-05,6,8,10,1,34.9,34.9,4,30
5363,2021-12-30,15,16,10,2,17.83,35.66,4,30
5364,2021-12-28,21,3,10,3,112.74,338.22,4,30
5365,2021-12-25,22,6,10,5,16.53,82.65,4,29
5366,2021-12-03,16,5,11,2,18.9,37.8,4,33
5367,2021-12-25,14,18,11,3,14.24,42.72,4,33
5368,2021-12-11,21,5,11,4,20.99,83.96,4,33
5369,2021-12-07,4,2,11,4,87.69,350.76,4,32
5370,2021-12-10,7,2,11,1,56.99,56.99,4,32
5371,2021-12-31,4,18,11,1,11.83,11.83,1,32
5372,2021-12-14,2,3,12,4,81.21,324.84,4,34
5373,2021-12-30,28,13,12,5,43.99,219.95,4,35
5374,2021-12-22,19,19,12,2,16.36,32.72,4,35
5375,2021-12-03,19,18,12,1,11.53,11.53,4,34
5376,2021-12-28,23,4,12,1,155.99,155.99,4,35
5377,2021-12-30,6,20,12,1,40.65,40.65,4,34
5378,2021-12-05,11,19,13,2,27.76,55.52,4,36
5379,2021-12-29,21,8,13,5,73.99,369.95,4,36
5380,2021-12-05,17,2,13,1,74.85,74.85,4,37
5381,2021-12-19,21,10,13,2,57.36,114.72,3,36
5382,2021-12-20,12,9,13,4,122.99,491.96,4,36
5383,2021-12-02,7,20,13,2,35.36,70.72,4,37
5384,2021-12-30,10,4,13,2,144.21,288.42,3,36
5385,2021-12-15,9,3,13,2,77.99,155.98,4,36
5386,2021-12-05,2,2,13,4,107.99,431.96,4,37
5387,2021-12-02,21,9,14,5,190.65,953.25,4,39
5388,2021-12-11,15,18,14,1,8.99,8.99,4,39
5389,2021-12-11,5,19,14,1,28.37,28.37,4,39
5390,2021-12-25,2,6,14,1,26.44,26.44,4,39
5391,2021-12-31,10,18,14,3,10.99,32.97,3,40
5392,2021-12-13,12,17,14,2,20.88,41.76,4,40
5393,2021-12-27,24,12,14,3,507.34,1522.02,4,40
5394,2021-12-17,27,5,15,1,20.99,20.99,2,42
5395,2021-12-18,16,5,15,1,26.49,26.49,4,42
5396,2021-12-02,2,13,15,1,101.99,101.99,4,41
5397,2021-12-26,12,5,15,1,12.99,12.99,4,41
5398,2021-12-22,14,8,15,1,27.99,27.99,3,42
5399,2021-12-22,30,5,15,1,9.14,9.14,4,41
5400,2022-01-06,13,17,1,3,26.45,79.35,4,1
5401,2022-01-05,13,16,1,1,13.99,13.99,4,2
5402,2022-01-31,4,4,1,1,116.14,116.14,4,1
5403,2022-01-19,15,6,1,1,28.82,28.82,4,3
5404,2022-01-12,3,2,1,1,115.4,115.4,4,1
5405,2022-01-15,8,17,1,1,33.99,33.99,4,3
5406,2022-01-03,14,9,1,1,102.99,102.99,4,2
5407,2022-01-05,26,16,1,2,8.99,17.98,4,4
5408,2022-01-14,10,1,1,5,1018.8,5094.0,4,2
5409,2022-01-03,19,15,1,1,33.99,33.99,4,1
5410,2022-01-23,22,10,1,3,55.99,167.97,4,4
5411,2022-01-04,15,6,1,2,27.95,55.9,1,1
5412,2022-01-11,4,18,1,1,7.99,7.99,4,1
5413,2022-01-23,10,17,1,4,53.78,215.12,3,3
5414,2022-01-30,3,5,1,4,25.99,103.96,4,4
5415,2022-01-30,14,1,1,2,985.16,1970.32,4,4
5416,2022-01-18,24,7,1,1,49.0,49.0,4,1
5417,2022-01-03,13,19,1,2,22.99,45.98,4,1
5418,2022-01-04,5,3,1,1,80.99,80.99,4,4
5419,2022-01-21,3,18,1,1,18.25,18.25,4,4
5420,2022-01-13,27,7,1,1,52.37,52.37,4,4
5421,2022-01-28,24,15,1,1,35.99,35.99,2,3
5422,2022-01-18,5,17,1,1,33.99,33.99,4,3
5423,2022-01-23,22,4,1,3,149.7,449.1,4,1
5424,2022-01-10,14,15,1,1,73.99,73.99,4,2
5425,2022-01-27,14,2,1,1,53.99,53.99,4,3
5426,2022-01-09,8,8,1,1,69.91,69.91,4,3
5427,2022-01-30,13,15,1,1,79.73,79.73,4,3
5428,2022-01-11,30,4,1,1,185.63,185.63,4,2
5429,2022-01-11,2,1,1,2,970.99,1941.98,4,3
5430,2022-01-16,30,20,1,4,30.99,123.96,4,1
5431,2022-01-29,21,17,1,3,19.43,58.29,4,1
5432,2022-01-22,16,2,1,2,102.99,205.98,4,4
5433,2022-01-02,26,3,2,5,86.43,432.15,4,6
5434,2022-01-28,21,20,2,2,36.99,73.98,4,7
5435,2022-01-08,21,7,2,1,132.5,132.5,2,8
5436,2022-01-17,5,16,2,3,9.22,27.66,4,7
5437,2022-01-26,2,18,2,5,15.99,79.95,3,7
5438,2022-01-04,20,10,2,2,55.99,111.98,3,8
5439,2022-01-12,1,4,2,3,229.99,689.97,4,7
5440,2022-01-16,5,19,2,2,24.99,49.98,4,5
5441,2022-01-02,7,8,2,1,52.27,52.27,2,6
5442,2022-01-28,26,5,2,1,18.76,18.76,4,8
5443,2022-01-01,18,10,2,2,59.99,119.98,4,5
5444,2022-01-31,4,15,2,4,47.99,191.96,4,8
5445,2022-01-25,6,18,2,1,7.0,7.0,4,6
5446,2022-01-05,27,7,2,2,86.84,173.68,4,6
5447,2022-01-14,15,4,2,5,150.99,754.95,4,5
5448,2022-01-16,16,15,2,1,47.93,47.93,4,6
5449,2022-01-28,30,5,2,3,14.99,44.97,4,5
5450,2022-01-06,20,2,2,4,68.99,275.96,4,6
5451,2022-01-03,20,13,2,1,43.03,43.03,4,7
5452,2022-01-19,28,3,2,1,145.99,145.99,4,7
5453,2022-01-28,12,16,2,3,19.83,59.49,4,7
5454,2022-01-26,20,20,2,2,31.99,63.98,4,6
5455,2022-01-19,5,7,2,2,117.95,235.9,4,6
5456,2022-01-29,19,2,2,1,73.99,73.99,4,6
5457,2022-01-03,7,5,2,1,17.99,17.99,4,5
5458,2022-01-22,28,2,2,2,95.14,190.28,4,7
5459,2022-01-27,24,6,2,1,12.63,12.63,4,5
5460,2022-01-28,2,4,2,3,202.99,608.97,4,8
5461,2022-01-26,25,9,2,1,176.99,176.99,4,7
5462,2022-01-17,18,20,2,5,19.74,98.7,4,8
5463,2022-01-31,14,20,2,1,32.19,32.19,4,6
5464,2022-01-26,15,13,2,1,87.99,87.99,4,5
5465,2022-01-18,23,6,2,2,14.13,28.26,4,6
5466,2022-01-15,26,18,2,2,8.15,16.3,4,6
5467,2022-01-22,9,5,3,1,24.99,24.99,2,10
5468,2022-01-29,1,20,3,4,38.99,155.96,4,10
5469,2022-01-17,7,3,3,2,68.99,137.98,4,10
5470,2022-01-22,6,11,3,2,330.32,660.64,1,11
5471,2022-01-24,9,19,3,2,38.38,76.76,4,10
5472,2022-01-17,12,9,3,2,197.97,395.94,4,9
5473,2022-01-11,26,18,3,1,7.4,7.4,4,9
5474,2022-01-14,16,15,3,2,68.75,137.5,4,9
5475,2022-01-08,19,3,3,3,128.7,386.1,4,9
5476,2022-01-19,24,6,3,1,14.99,14.99,4,9
5477,2022-01-07,2,5,3,2,21.46,42.92,1,9
5478,2022-01-16,21,12,3,1,447.76,447.76,4,9
5479,2022-01-02,10,19,3,2,14.99,29.98,1,10
5480,2022-01-27,23,5,3,1,16.99,16.99,4,10
5481,2022-01-05,26,7,3,1,94.99,94.99,4,10
5482,2022-01-22,11,13,3,4,69.77,279.08,4,11
5483,2022-01-21,1,3,3,5,149.65,748.25,2,10
5484,2022-01-16,22,11,3,1,330.95,330.95,4,11
5485,2022-01-01,18,19,3,2,32.84,65.68,4,9
5486,2022-01-18,30,18,3,1,9.99,9.99,4,11
5487,2022-01-24,18,16,3,3,14.99,44.97,4,9
5488,2022-01-11,30,5,3,1,10.7,10.7,4,11
5489,2022-01-23,14,15,3,3,45.84,137.52,4,10
5490,2022-01-04,21,16,3,3,17.62,52.86,4,10
5491,2022-01-30,3,20,3,4,37.99,151.96,4,9
5492,2022-01-12,18,16,4,2,15.66,31.32,4,12
5493,2022-01-26,14,17,4,1,28.27,28.27,2,13
5494,2022-01-02,23,1,4,1,1014.27,1014.27,4,13
5495,2022-01-26,24,5,4,3,15.99,47.97,3,14
5496,2022-01-19,28,13,4,2,49.76,99.52,1,13
5497,2022-01-17,16,2,4,1,55.33,55.33,4,14
5498,2022-01-22,26,18,4,1,14.99,14.99,4,13
5499,2022-01-04,11,7,4,1,74.99,74.99,1,14
5500,2022-01-25,3,10,4,2,39.98,79.96,4,14
5501,2022-01-25,22,20,4,4,36.92,147.68,1,13
5502,2022-01-23,8,20,4,3,17.41,52.23,4,12
5503,2022-01-06,13,7,4,2,75.99,151.98,4,12
5504,2022-01-14,25,6,4,2,31.99,63.98,4,14
5505,2022-01-03,18,19,4,1,35.99,35.99,1,12
5506,2022-01-28,5,8,4,5,67.99,339.95,4,13
5507,2022-01-23,23,13,4,3,75.6,226.8,4,12
5508,2022-01-03,9,16,4,5,22.55,112.75,4,13
5509,2022-01-29,22,1,4,2,1309.44,2618.88,4,13
5510,2022-01-13,26,5,4,1,23.98,23.98,4,14
5511,2022-01-17,1,10,4,5,59.08,295.4,4,14
5512,2022-01-22,14,17,4,4,34.99,139.96,4,13
5513,2022-01-11,28,5,4,1,20.26,20.26,4,12
5514,2022-01-14,18,3,4,2,103.15,206.3,4,14
5515,2022-01-23,25,20,4,3,15.99,47.97,4,12
5516,2022-01-12,27,4,4,1,214.37,214.37,4,13
5517,2022-01-15,19,8,5,4,79.2,316.8,4,16
5518,2022-01-25,11,18,5,1,14.54,14.54,4,17
5519,2022-01-26,29,5,5,2,22.42,44.84,4,17
5520,2022-01-22,9,6,5,2,21.51,43.02,4,16
5521,2022-01-02,15,7,5,5,55.09,275.45,4,16
5522,2022-01-24,3,1,5,1,968.26,968.26,3,16
5523,2022-01-23,18,14,5,2,146.99,293.98,4,16
5524,2022-01-07,30,9,5,4,139.99,559.96,4,16
5525,2022-01-23,16,15,5,5,85.37,426.85,4,16
5526,2022-01-27,9,6,5,1,31.99,31.99,4,15
5527,2022-01-29,7,6,5,3,13.17,39.51,4,15
5528,2022-01-17,23,14,5,2,184.77,369.54,4,15
5529,2022-01-16,23,2,5,2,70.82,141.64,4,17
5530,2022-01-29,14,14,5,1,160.46,160.46,4,16
5531,2022-01-01,6,17,5,2,49.99,99.98,4,16
5532,2022-01-29,27,16,5,1,12.99,12.99,4,16
5533,2022-01-27,4,8,5,1,55.6,55.6,4,16
5534,2022-01-17,9,5,5,1,28.88,28.88,1,16
5535,2022-01-13,22,4,5,2,103.34,206.68,4,16
5536,2022-01-06,6,6,5,1,18.99,18.99,4,16
5537,2022-01-16,16,10,5,2,37.33,74.66,3,17
5538,2022-01-03,25,5,5,1,22.99,22.99,4,17
5539,2022-01-25,8,9,5,3,125.19,375.57,4,15
5540,2022-01-25,10,6,6,2,10.99,21.98,4,18
5541,2022-01-12,20,19,6,1,31.36,31.36,4,18
5542,2022-01-29,8,5,6,5,19.85,99.25,4,18
5543,2022-01-29,14,3,6,2,67.99,135.98,4,19
5544,2022-01-26,8,4,6,3,247.99,743.97,4,20
5545,2022-01-31,14,7,6,2,111.99,223.98,4,20
5546,2022-01-30,7,6,6,3,26.99,80.97,4,20
5547,2022-01-24,10,18,6,2,9.99,19.98,4,18
5548,2022-01-08,18,6,6,3,9.99,29.97,4,20
5549,2022-01-24,15,4,6,3,234.99,704.97,4,19
5550,2022-01-07,13,17,6,1,52.99,52.99,4,18
5551,2022-01-14,20,8,6,1,78.88,78.88,4,18
5552,2022-01-23,23,10,6,1,67.17,67.17,4,19
5553,2022-01-16,8,13,6,2,92.28,184.56,4,20
5554,2022-01-20,6,2,6,5,84.4,422.0,4,20
5555,2022-01-16,13,17,6,1,29.6,29.6,4,20
5556,2022-01-28,20,17,6,4,52.99,211.96,4,19
5557,2022-01-24,24,6,6,2,10.93,21.86,4,19
5558,2022-01-10,3,1,6,4,1074.99,4299.96,3,20
5559,2022-01-25,8,17,6,1,21.02,21.02,4,20
5560,2022-01-15,4,10,7,2,36.99,73.98,3,22
5561,2022-01-07,29,7,7,3,51.99,155.97,4,21
5562,2022-01-10,15,7,7,5,58.99,294.95,1,21
5563,2022-01-24,3,16,7,3,11.99,35.97,4,23
5564,2022-01-15,1,7,7,5,49.75,248.75,4,22
5565,2022-01-23,28,20,7,1,19.97,19.97,4,22
5566,2022-01-21,3,15,7,1,80.99,80.99,4,21
5567,2022-01-06,26,2,7,2,61.65,123.3,4,23
5568,2022-01-22,1,19,7,2,18.99,37.98,4,21
5569,2022-01-23,30,13,7,1,111.99,111.99,2,22
5570,2022-01-08,24,6,7,3,29.99,89.97,4,21
5571,2022-01-23,26,18,7,5,10.99,54.95,4,21
5572,2022-01-08,23,19,7,2,22.2,44.4,4,21
5573,2022-01-30,14,17,7,3,24.44,73.32,4,21
5574,2022-01-26,28,18,7,3,18.77,56.31,4,22
5575,2022-01-14,28,8,7,1,57.16,57.16,4,22
5576,2022-01-11,1,9,7,1,109.25,109.25,4,22
5577,2022-01-13,9,13,7,3,79.02,237.06,4,23
5578,2022-01-25,28,10,7,4,57.99,231.96,4,22
5579,2022-01-04,10,17,7,2,46.99,93.98,4,23
5580,2022-01-18,3,1,8,3,1315.99,3947.97,4,25
5581,2022-01-18,16,4,8,4,163.99,655.96,4,25
5582,2022-01-10,10,3,8,3,121.41,364.23,4,25
5583,2022-01-24,26,8,8,2,27.99,55.98,2,24
5584,2022-01-27,15,3,8,5,147.2,736.0,4,25
5585,2022-01-20,15,19,8,1,20.37,20.37,4,24
5586,2022-01-17,5,3,8,2,97.22,194.44,4,24
5587,2022-01-01,18,2,8,4,65.99,263.96,4,24
5588,2022-01-22,20,19,8,2,32.43,64.86,4,25
5589,2022-01-04,26,18,8,1,7.35,7.35,3,24
5590,2022-01-27,12,18,8,3,12.99,38.97,4,24
5591,2022-01-30,9,9,8,2,194.99,389.98,4,24
5592,2022-01-17,30,14,8,2,105.86,211.72,4,25
5593,2022-01-03,6,13,8,2,57.6,115.2,4,24
5594,2022-01-07,21,1,8,1,894.06,894.06,4,24
5595,2022-01-20,8,9,8,2,176.74,353.48,4,24
5596,2022-01-23,17,2,8,1,109.99,109.99,4,24
5597,2022-01-09,23,17,8,2,46.84,93.68,4,25
5598,2022-01-28,3,10,9,3,35.61,106.83,4,26
5599,2022-01-02,14,10,9,3,63.39,190.17,4,26
5600,2022-01-16,2,17,9,4,49.99,199.96,3,26
5601,2022-01-13,15,16,9,1,12.99,12.99,4,26
5602,2022-01-29,11,14,9,2,233.85,467.7,4,26
5603,2022-01-14,19,4,9,4,292.65,1170.6,4,27
5604,2022-01-28,13,16,9,1,13.76,13.76,4,26
5605,2022-01-16,5,4,9,2,134.56,269.12,4,26
5606,2022-01-26,30,11,9,2,342.88,685.76,4,26
5607,2022-01-30,7,9,9,4,132.99,531.96,4,28
5608,2022-01-30,29,5,9,4,24.09,96.36,4,27
5609,2022-01-14,18,7,9,2,158.15,316.3,4,27
5610,2022-01-23,26,16,9,1,8.0,8.0,4,28
5611,2022-01-08,11,16,9,3,8.02,24.06,4,28
5612,2022-01-31,29,14,9,2,183.78,367.56,4,26
5613,2022-01-12,1,14,9,1,231.54,231.54,4,27
5614,2022-01-31,18,6,9,1,20.99,20.99,4,26
5615,2022-01-19,28,1,9,2,1020.0,2040.0,1,27
5616,2022-01-11,26,19,9,4,16.96,67.84,4,26
5617,2022-01-11,11,19,9,2,36.57,73.14,2,27
5618,2022-01-06,1,9,9,1,89.99,89.99,1,27
5619,2022-01-12,6,6,9,1,12.64,12.64,2,26
5620,2022-01-29,7,2,9,1,85.99,85.99,4,27
5621,2022-01-17,25,9,9,1,114.99,114.99,4,27
5622,2022-01-24,29,15,9,2,33.99,67.98,4,28
5623,2022-01-27,5,6,10,5,32.99,164.95,4,29
5624,2022-01-30,9,2,10,5,54.42,272.1,4,31
5625,2022-01-27,26,5,10,2,22.99,45.98,4,29
5626,2022-01-18,30,12,10,1,512.06,512.06,4,31
5627,2022-01-02,5,12,10,1,824.39,824.39,4,31
5628,2022-01-02,7,7,10,3,96.99,290.97,4,30
5629,2022-01-28,16,3,10,2,87.99,175.98,4,29
5630,2022-01-18,3,20,10,1,26.05,26.05,4,31
5631,2022-01-14,14,6,10,3,14.07,42.21,4,30
5632,2022-01-31,20,6,10,1,19.94,19.94,4,30
5633,2022-01-25,11,10,10,4,43.99,175.96,4,29
5634,2022-01-04,20,10,10,2,64.1,128.2,4,31
5635,2022-01-22,5,16,10,1,10.49,10.49,4,29
5636,2022-01-08,17,15,10,3,35.22,105.66,1,31
5637,2022-01-11,24,2,10,2,87.99,175.98,2,31
5638,2022-01-08,18,17,10,4,33.99,135.96,2,30
5639,2022-01-21,2,4,10,1,161.9,161.9,4,31
5640,2022-01-31,14,8,10,1,38.13,38.13,4,31
5641,2022-01-02,25,18,10,5,7.99,39.95,4,31
5642,2022-01-19,3,9,11,1,134.0,134.0,4,32
5643,2022-01-04,30,10,11,1,29.13,29.13,4,33
5644,2022-01-26,29,15,11,3,53.23,159.69,4,33
5645,2022-01-06,21,10,11,4,50.78,203.12,2,32
5646,2022-01-25,13,18,11,4,8.92,35.68,4,32
5647,2022-01-28,6,4,11,1,198.99,198.99,4,33
5648,2022-01-03,20,15,11,1,46.13,46.13,4,32
5649,2022-01-15,15,20,11,1,14.99,14.99,4,32
5650,2022-01-18,20,16,11,4,12.14,48.56,4,33
5651,2022-01-18,27,12,11,4,664.99,2659.96,4,33
5652,2022-01-26,13,6,11,4,24.99,99.96,4,33
5653,2022-01-07,17,2,11,2,82.8,165.6,4,32
5654,2022-01-11,20,19,11,2,21.59,43.18,4,33
5655,2022-01-24,27,11,11,2,309.54,619.08,4,32
5656,2022-01-23,8,19,11,1,24.46,24.46,4,33
5657,2022-01-16,29,1,11,1,1371.81,1371.81,4,32
5658,2022-01-04,24,5,11,1,10.56,10.56,4,33
5659,2022-01-04,22,18,11,2,8.65,17.3,4,33
5660,2022-01-31,8,16,11,3,15.95,47.85,4,32
5661,2022-01-24,12,17,12,2,23.86,47.72,4,35
5662,2022-01-30,17,19,12,3,24.02,72.06,4,35
5663,2022-01-11,10,8,12,5,33.89,169.45,4,35
5664,2022-01-17,27,15,12,1,36.51,36.51,4,35
5665,2022-01-10,11,4,12,2,132.99,265.98,4,35
5666,2022-01-15,23,4,12,2,153.26,306.52,2,35
5667,2022-01-25,8,5,12,2,26.99,53.98,4,34
5668,2022-01-18,8,10,12,3,62.37,187.11,4,34
5669,2022-01-13,12,3,12,2,109.1,218.2,4,35
5670,2022-01-29,3,8,12,1,50.69,50.69,4,34
5671,2022-01-02,10,11,12,2,573.12,1146.24,4,34
5672,2022-01-19,5,4,12,1,172.13,172.13,3,35
5673,2022-01-03,14,4,12,4,270.07,1080.28,2,35
5674,2022-01-03,26,6,12,2,30.99,61.98,4,34
5675,2022-01-14,27,7,12,1,152.7,152.7,4,35
5676,2022-01-02,29,3,12,4,72.03,288.12,4,35
5677,2022-01-10,21,18,12,3,7.05,21.15,4,34
5678,2022-01-23,22,3,13,2,109.64,219.28,4,38
5679,2022-01-27,16,5,13,1,16.99,16.99,4,36
5680,2022-01-29,29,8,13,1,53.64,53.64,4,36
5681,2022-01-13,3,16,13,3,9.49,28.47,4,36
5682,2022-01-21,2,3,13,2,76.61,153.22,4,36
5683,2022-01-30,8,17,13,3,42.27,126.81,4,37
5684,2022-01-05,22,19,13,4,14.99,59.96,4,38
5685,2022-01-16,22,18,13,1,17.99,17.99,4,37
5686,2022-01-23,12,12,13,3,890.15,2670.45,4,36
5687,2022-01-16,20,6,13,4,20.99,83.96,4,38
5688,2022-01-06,24,2,13,3,118.99,356.97,4,36
5689,2022-01-17,27,16,13,3,8.8,26.4,4,36
5690,2022-01-31,8,6,13,4,15.4,61.6,4,36
5691,2022-01-31,23,10,13,1,58.99,58.99,4,37
5692,2022-01-05,10,13,13,3,81.02,243.06,4,37
5693,2022-01-23,10,14,13,1,248.57,248.57,4,38
5694,2022-01-05,21,5,13,3,27.27,81.81,4,37
5695,2022-01-26,17,16,13,3,12.73,38.19,2,36
5696,2022-01-21,22,19,13,1,28.91,28.91,4,36
5697,2022-01-06,6,13,13,2,44.28,88.56,4,38
5698,2022-01-05,14,10,13,2,67.42,134.84,4,37
5699,2022-01-31,25,19,13,1,27.99,27.99,4,36
5700,2022-01-16,19,11,13,1,546.02,546.02,4,36
5701,2022-01-09,12,15,13,1,35.99,35.99,4,37
5702,2022-01-10,9,5,13,1,26.38,26.38,4,37
5703,2022-01-01,21,8,13,1,71.96,71.96,4,36
5704,2022-01-10,30,5,13,2,24.67,49.34,4,37
5705,2022-01-20,16,1,13,5,1234.99,6174.95,4,36
5706,2022-01-03,26,14,13,1,144.99,144.99,4,36
5707,2022-01-17,9,2,14,3,126.97,380.91,4,40
5708,2022-01-15,15,14,14,2,153.99,307.98,2,39
5709,2022-01-31,1,14,14,4,155.99,623.96,4,40
5710,2022-01-06,23,19,14,1,21.99,21.99,4,39
5711,2022-01-16,2,13,14,3,42.21,126.63,4,40
5712,2022-01-24,8,18,14,2,13.21,26.42,4,40
5713,2022-01-23,7,20,14,3,19.46,58.38,3,40
5714,2022-01-10,9,7,14,4,137.71,550.84,4,39
5715,2022-01-17,15,19,14,2,22.99,45.98,4,39
5716,2022-01-04,30,8,14,1,63.61,63.61,4,40
5717,2022-01-30,28,6,14,5,17.99,89.95,4,40
5718,2022-01-31,21,5,14,2,23.99,47.98,4,40
5719,2022-01-21,16,6,14,4,31.88,127.52,4,40
5720,2022-01-04,13,18,14,2,8.71,17.42,4,40
5721,2022-01-26,16,2,14,1,97.86,97.86,4,40
5722,2022-01-27,30,10,14,1,29.0,29.0,4,40
5723,2022-01-11,29,5,14,4,23.99,95.96,4,39
5724,2022-01-01,7,6,14,3,18.96,56.88,4,40
5725,2022-01-18,19,9,14,3,189.32,567.96,4,39
5726,2022-01-26,6,7,14,2,105.72,211.44,4,39
5727,2022-01-03,29,2,14,1,69.81,69.81,4,40
5728,2022-01-05,1,18,15,1,14.23,14.23,4,42
5729,2022-01-21,21,6,15,3,29.78,89.34,4,42
5730,2022-01-22,22,5,15,1,13.99,13.99,4,42
5731,2022-01-31,30,12,15,3,622.38,1867.14,4,41
5732,2022-01-15,8,18,15,2,7.07,14.14,4,42
5733,2022-01-04,5,19,15,1,36.7,36.7,4,42
5734,2022-01-03,14,15,15,1,29.99,29.99,2,42
5735,2022-01-27,14,16,15,5,9.23,46.15,4,42
5736,2022-01-15,26,15,15,5,71.99,359.95,4,41
5737,2022-01-09,25,20,15,1,19.19,19.19,4,41
5738,2022-01-13,15,16,15,2,18.28,36.56,4,42
5739,2022-01-12,29,16,15,3,17.41,52.23,4,41
5740,2022-01-03,11,16,15,2,12.99,25.98,4,41
5741,2022-01-24,8,4,15,2,158.39,316.78,4,41
5742,2022-01-06,23,3,15,2,145.38,290.76,4,42
5743,2022-01-31,8,18,15,1,16.99,16.99,4,42
5744,2022-01-29,6,18,15,5,14.99,74.95,4,41
5745,2022-01-14,7,4,15,4,258.99,1035.96,4,41
5746,2022-01-02,28,9,15,2,84.83,169.66,4,41
5747,2022-01-28,2,18,15,2,9.99,19.98,4,42
5748,2022-01-19,22,14,15,2,162.99,325.98,4,42
5749,2022-01-10,2,8,15,3,59.99,179.97,4,42
5750,2022-02-03,5,18,1,1,15.03,15.03,4,2
5751,2022-02-23,28,9,1,1,96.99,96.99,4,2
5752,2022-02-17,18,16,1,5,14.99,74.95,4,4
5753,2022-02-23,28,5,1,2,17.81,35.62,4,1
5754,2022-02-27,12,6,1,1,34.85,34.85,4,1
5755,2022-02-07,28,7,1,3,58.66,175.98,4,2
5756,2022-02-25,3,16,1,1,10.55,10.55,4,3
5757,2022-02-25,10,18,1,2,12.39,24.78,4,1
5758,2022-02-19,21,6,1,3,29.35,88.05,4,2
5759,2022-02-19,8,8,1,5,29.99,149.95,4,4
5760,2022-02-27,12,13,1,2,43.99,87.98,4,1
5761,2022-02-26,9,1,1,2,981.32,1962.64,4,4
5762,2022-02-09,12,2,1,1,96.99,96.99,4,1
5763,2022-02-05,19,10,1,5,57.13,285.65,4,1
5764,2022-02-22,26,4,1,1,199.11,199.11,4,1
5765,2022-02-02,27,14,1,4,222.99,891.96,3,1
5766,2022-02-14,13,18,1,1,16.11,16.11,4,1
5767,2022-02-09,1,4,1,4,192.76,771.04,3,4
5768,2022-02-17,12,16,1,1,17.99,17.99,4,2
5769,2022-02-16,19,16,2,3,10.83,32.49,1,7
5770,2022-02-07,3,3,2,1,93.75,93.75,4,8
5771,2022-02-25,10,4,2,2,191.99,383.98,4,7
5772,2022-02-20,27,5,2,4,26.99,107.96,4,7
5773,2022-02-20,3,12,2,1,829.6,829.6,4,5
5774,2022-02-20,5,18,2,4,12.84,51.36,2,8
5775,2022-02-19,22,6,2,2,13.48,26.96,4,6
5776,2022-02-24,7,7,2,1,134.99,134.99,4,7
5777,2022-02-01,11,3,2,2,119.2,238.4,4,7
5778,2022-02-12,4,18,2,2,15.99,31.98,4,6
5779,2022-02-08,30,4,2,2,101.78,203.56,4,6
5780,2022-02-08,11,3,2,3,73.97,221.91,4,6
5781,2022-02-09,23,5,2,1,12.99,12.99,4,6
5782,2022-02-26,14,13,2,5,51.99,259.95,4,7
5783,2022-02-08,1,7,2,3,142.99,428.97,4,8
5784,2022-02-17,29,2,2,3,62.66,187.98,3,7
5785,2022-02-18,13,4,2,1,168.46,168.46,4,6
5786,2022-02-07,24,18,2,1,12.13,12.13,4,8
5787,2022-02-12,15,18,2,2,12.99,25.98,4,6
5788,2022-02-27,14,15,2,3,85.22,255.66,4,6
5789,2022-02-15,1,7,2,1,69.99,69.99,4,5
5790,2022-02-24,25,1,2,3,1259.19,3777.57,4,6
5791,2022-02-15,11,9,3,4,139.83,559.32,4,10
5792,2022-02-24,8,9,3,5,145.42,727.1,4,10
5793,2022-02-28,28,17,3,1,25.64,25.64,4,10
5794,2022-02-03,23,17,3,2,46.96,93.92,4,9
5795,2022-02-13,11,17,3,3,31.99,95.97,4,10
5796,2022-02-26,9,16,3,1,9.99,9.99,4,10
5797,2022-02-06,18,4,3,1,155.13,155.13,4,11
5798,2022-02-09,5,17,3,2,44.99,89.98,4,11
5799,2022-02-15,22,2,3,1,107.31,107.31,4,10
5800,2022-02-07,9,13,3,1,115.09,115.09,4,10
5801,2022-02-17,20,16,3,1,10.33,10.33,4,9
5802,2022-02-13,23,1,3,2,1022.95,2045.9,4,9
5803,2022-02-25,14,2,3,1,49.99,49.99,4,11
5804,2022-02-21,30,16,3,1,8.55,8.55,4,9
5805,2022-02-03,11,3,3,2,113.63,227.26,4,9
5806,2022-02-01,18,15,3,3,59.99,179.97,1,11
5807,2022-02-03,1,18,3,1,13.99,13.99,4,10
5808,2022-02-23,8,8,3,2,56.99,113.98,4,10
5809,2022-02-17,26,6,4,1,29.99,29.99,4,13
5810,2022-02-07,28,4,4,3,297.72,893.16,4,14
5811,2022-02-18,8,17,4,3,21.73,65.19,2,12
5812,2022-02-08,10,10,4,1,59.85,59.85,4,14
5813,2022-02-16,25,6,4,2,28.99,57.98,4,13
5814,2022-02-18,2,16,4,3,21.57,64.71,4,12
5815,2022-02-20,23,3,4,1,73.99,73.99,4,12
5816,2022-02-15,1,6,4,1,25.99,25.99,3,12
5817,2022-02-04,25,8,4,1,70.01,70.01,4,12
5818,2022-02-11,18,10,4,4,50.32,201.28,4,12
5819,2022-02-14,28,5,4,1,15.88,15.88,4,13
5820,2022-02-13,29,3,4,1,115.99,115.99,4,14
5821,2022-02-01,27,20,4,2,31.99,63.98,4,12
5822,2022-02-08,21,8,4,1,58.99,58.99,4,12
5823,2022-02-15,6,20,4,4,32.27,129.08,4,12
5824,2022-02-27,1,13,4,4,98.99,395.96,4,12
5825,2022-02-28,27,16,4,1,14.99,14.99,4,13
5826,2022-02-02,10,14,4,1,205.95,205.95,3,13
5827,2022-02-27,23,19,4,4,21.99,87.96,4,14
5828,2022-02-01,13,3,4,1,72.2,72.2,3,14
5829,2022-02-09,4,7,4,1,144.99,144.99,3,13
5830,2022-02-11,8,3,5,1,118.17,118.17,3,17
5831,2022-02-27,26,19,5,1,14.0,14.0,4,15
5832,2022-02-07,21,6,5,2,16.99,33.98,2,17
5833,2022-02-08,17,15,5,2,41.04,82.08,4,16
5834,2022-02-28,23,10,5,1,50.99,50.99,4,15
5835,2022-02-13,2,9,5,3,123.99,371.97,4,15
5836,2022-02-13,27,7,5,1,77.12,77.12,4,15
5837,2022-02-28,17,18,5,3,14.99,44.97,4,17
5838,2022-02-10,2,14,5,2,213.42,426.84,1,15
5839,2022-02-06,13,1,5,1,1112.38,1112.38,3,16
5840,2022-02-01,4,18,5,3,7.39,22.17,4,16
5841,2022-02-24,6,13,5,3,75.92,227.76,4,16
5842,2022-02-09,29,8,5,2,67.36,134.72,4,16
5843,2022-02-21,7,19,6,2,24.78,49.56,4,20
5844,2022-02-28,27,14,6,2,241.99,483.98,4,20
5845,2022-02-09,18,18,6,1,7.0,7.0,4,19
5846,2022-02-11,16,5,6,3,9.99,29.97,4,19
5847,2022-02-23,16,18,6,3,13.98,41.94,4,18
5848,2022-02-07,10,2,6,2,77.41,154.82,4,19
5849,2022-02-02,20,3,6,5,129.99,649.95,4,18
5850,2022-02-11,30,8,6,1,52.99,52.99,4,19
5851,2022-02-14,2,14,6,1,176.99,176.99,4,20
5852,2022-02-21,9,10,6,2,39.99,79.98,4,20
5853,2022-02-14,10,1,6,2,1268.99,2537.98,4,18
5854,2022-02-06,30,6,6,3,10.99,32.97,2,18
5855,2022-02-06,18,20,6,4,23.7,94.8,4,18
5856,2022-02-09,4,15,7,1,87.67,87.67,4,22
5857,2022-02-18,6,5,7,1,11.99,11.99,4,23
5858,2022-02-20,20,16,7,4,8.42,33.68,4,23
5859,2022-02-18,19,4,7,2,294.12,588.24,1,22
5860,2022-02-26,13,18,7,2,15.65,31.3,4,22
5861,2022-02-13,18,5,7,2,14.99,29.98,4,22
5862,2022-02-12,22,2,7,2,128.9,257.8,4,21
5863,2022-02-27,19,20,7,1,26.99,26.99,4,23
5864,2022-02-06,4,10,7,1,41.99,41.99,4,21
5865,2022-02-09,22,5,7,1,14.99,14.99,4,21
5866,2022-02-22,18,18,7,1,13.77,13.77,4,22
5867,2022-02-28,26,18,7,1,11.19,11.19,4,23
5868,2022-02-20,29,16,8,4,12.99,51.96,4,24
5869,2022-02-08,24,18,8,3,9.72,29.16,4,24
5870,2022-02-04,21,16,8,2,13.99,27.98,4,25
5871,2022-02-03,21,13,8,3,65.27,195.81,4,24
5872,2022-02-19,20,9,8,5,107.12,535.6,4,25
5873,2022-02-23,28,6,8,2,33.99,67.98,4,25
5874,2022-02-17,14,9,8,1,151.99,151.99,4,25
5875,2022-02-21,26,6,8,2,19.99,39.98,4,25
5876,2022-02-20,13,4,9,3,144.32,432.96,4,26
5877,2022-02-09,16,19,9,1,35.54,35.54,4,26
5878,2022-02-02,13,6,9,3,34.37,103.11,4,27
5879,2022-02-22,7,5,9,4,16.94,67.76,4,26
5880,2022-02-19,15,17,9,3,38.7,116.1,4,27
5881,2022-02-02,26,19,9,2,28.58,57.16,3,28
5882,2022-02-09,8,4,9,3,187.29,561.87,4,27
5883,2022-02-08,3,10,9,5,49.99,249.95,4,26
5884,2022-02-07,22,7,9,3,137.53,412.59,4,27
5885,2022-02-04,24,2,9,2,122.99,245.98,4,27
5886,2022-02-09,16,9,9,3,108.99,326.97,4,26
5887,2022-02-12,14,17,9,2,51.99,103.98,4,27
5888,2022-02-25,18,8,9,2,49.99,99.98,4,27
5889,2022-02-01,28,1,9,2,1160.99,2321.98,4,28
5890,2022-02-04,22,6,9,2,28.13,56.26,4,27
5891,2022-02-14,17,1,9,4,1273.99,5095.96,3,26
5892,2022-02-20,22,2,10,1,124.84,124.84,4,29
5893,2022-02-17,14,17,10,2,27.99,55.98,4,29
5894,2022-02-26,7,11,10,3,276.37,829.11,4,30
5895,2022-02-17,15,3,10,3,116.99,350.97,4,29
5896,2022-02-01,1,6,10,1,29.18,29.18,4,31
5897,2022-02-08,4,6,10,1,16.44,16.44,4,31
5898,2022-02-24,18,9,10,5,140.99,704.95,4,31
5899,2022-02-24,5,9,10,1,132.36,132.36,4,31
5900,2022-02-18,12,2,10,2,63.83,127.66,4,29
5901,2022-02-02,3,19,10,2,14.99,29.98,4,29
5902,2022-02-17,30,6,10,2,22.55,45.1,4,31
5903,2022-02-16,1,6,10,1,32.75,32.75,4,30
5904,2022-02-03,23,1,10,1,851.85,851.85,3,29
5905,2022-02-17,15,15,11,2,61.4,122.8,4,32
5906,2022-02-25,25,20,11,5,36.2,181.0,4,32
5907,2022-02-17,14,3,11,1,90.67,90.67,4,33
5908,2022-02-17,8,16,11,1,9.99,9.99,4,32
5909,2022-02-04,3,18,11,2,17.67,35.34,4,33
5910,2022-02-06,2,5,11,2,9.59,19.18,4,33
5911,2022-02-16,3,2,11,3,54.99,164.97,4,33
5912,2022-02-01,15,5,11,5,25.99,129.95,4,32
5913,2022-02-07,5,16,11,2,11.99,23.98,4,33
5914,2022-02-27,21,8,11,3,54.99,164.97,4,33
5915,2022-02-26,14,9,11,3,194.99,584.97,4,32
5916,2022-02-22,3,6,11,2,23.79,47.58,4,32
5917,2022-02-25,3,9,11,2,100.99,201.98,4,33
5918,2022-02-13,8,19,12,2,33.99,67.98,4,34
5919,2022-02-28,12,10,12,1,47.12,47.12,4,34
5920,2022-02-12,23,11,12,5,425.79,2128.95,4,35
5921,2022-02-22,17,19,12,2,21.8,43.6,4,34
5922,2022-02-07,29,16,12,1,9.99,9.99,2,35
5923,2022-02-27,16,18,12,1,18.83,18.83,4,34
5924,2022-02-11,19,17,12,4,46.32,185.28,4,34
5925,2022-02-15,7,16,12,2,8.04,16.08,4,34
5926,2022-02-27,1,16,12,1,12.09,12.09,4,35
5927,2022-02-27,1,11,12,1,548.99,548.99,4,35
5928,2022-02-28,27,3,12,4,59.31,237.24,4,35
5929,2022-02-17,26,5,12,3,13.7,41.1,3,34
5930,2022-02-16,19,17,13,1,50.99,50.99,4,37
5931,2022-02-12,12,8,13,2,57.99,115.98,4,37
5932,2022-02-03,22,20,13,2,33.99,67.98,4,38
5933,2022-02-02,11,18,13,2,13.28,26.56,4,37
5934,2022-02-10,19,3,13,1,61.87,61.87,4,37
5935,2022-02-04,26,8,13,4,66.99,267.96,2,38
5936,2022-02-13,23,1,13,1,1214.99,1214.99,4,36
5937,2022-02-19,3,3,13,1,134.91,134.91,4,37
5938,2022-02-28,15,14,13,2,225.99,451.98,4,37
5939,2022-02-01,7,7,13,3,67.99,203.97,4,37
5940,2022-02-28,6,10,13,1,57.18,57.18,4,38
5941,2022-02-13,18,16,13,3,23.0,69.0,4,38
5942,2022-02-15,17,16,13,1,9.73,9.73,4,38
5943,2022-02-08,17,19,13,1,16.63,16.63,4,37
5944,2022-02-19,28,18,13,2,16.99,33.98,4,37
5945,2022-02-20,1,5,13,2,13.99,27.98,4,38
5946,2022-02-22,26,4,13,1,267.99,267.99,4,36
5947,2022-02-20,1,13,13,2,65.99,131.98,4,36
5948,2022-02-25,5,11,13,1,473.22,473.22,4,36
5949,2022-02-28,7,10,13,3,53.99,161.97,4,37
5950,2022-02-02,8,6,13,2,20.99,41.98,4,37
5951,2022-02-12,22,17,14,3,43.99,131.97,4,39
5952,2022-02-13,15,9,14,2,129.99,259.98,4,39
5953,2022-02-04,1,17,14,1,43.12,43.12,4,40
5954,2022-02-20,9,18,14,1,18.11,18.11,4,40
5955,2022-02-19,19,8,14,5,39.99,199.95,4,40
5956,2022-02-25,14,11,14,2,251.85,503.7,4,40
5957,2022-02-08,3,12,14,1,744.99,744.99,3,40
5958,2022-02-20,2,6,14,3,14.99,44.97,4,40
5959,2022-02-15,10,3,14,1,74.06,74.06,3,40
5960,2022-02-11,27,5,14,2,13.99,27.98,4,39
5961,2022-02-03,8,18,14,4,10.99,43.96,4,39
5962,2022-02-06,29,20,14,1,25.59,25.59,4,39
5963,2022-02-04,1,15,14,2,56.99,113.98,4,40
5964,2022-02-12,7,2,14,3,96.99,290.97,4,39
5965,2022-02-15,30,18,15,3,10.65,31.95,4,42
5966,2022-02-08,16,3,15,1,99.33,99.33,4,42
5967,2022-02-24,17,16,15,1,22.43,22.43,4,42
5968,2022-02-13,18,5,15,1,26.99,26.99,4,41
5969,2022-02-05,27,6,15,1,24.86,24.86,4,42
5970,2022-02-27,16,6,15,1,16.99,16.99,4,42
5971,2022-02-26,9,5,15,1,11.64,11.64,4,42
5972,2022-02-02,21,19,15,4,31.52,126.08,4,41
5973,2022-02-09,6,19,15,4,33.75,135.0,4,41
5974,2022-02-12,13,5,15,1,20.99,20.99,4,42
5975,2022-03-14,2,13,1,2,108.99,217.98,4,1
5976,2022-03-11,10,3,1,5,147.99,739.95,4,1
5977,2022-03-15,23,6,1,3,12.78,38.34,4,3
5978,2022-03-28,26,3,1,2,140.42,280.84,4,2
5979,2022-03-24,26,18,1,1,16.95,16.95,4,2
5980,2022-03-10,1,19,1,2,19.99,39.98,4,1
5981,2022-03-13,28,3,1,4,143.12,572.48,4,2
5982,2022-03-02,10,16,1,1,8.99,8.99,4,1
5983,2022-03-31,16,18,1,3,13.99,41.97,4,2
5984,2022-03-09,14,14,1,3,232.99,698.97,4,3
5985,2022-03-05,26,17,1,1,45.99,45.99,4,1
5986,2022-03-15,14,15,2,1,32.11,32.11,4,7
5987,2022-03-25,6,10,2,4,56.19,224.76,4,5
5988,2022-03-11,21,18,2,3,11.11,33.33,4,7
5989,2022-03-05,18,18,2,3,14.76,44.28,4,8
5990,2022-03-03,8,18,2,5,11.99,59.95,3,7
5991,2022-03-25,2,5,2,3,21.37,64.11,4,8
5992,2022-03-01,29,7,2,3,53.99,161.97,4,6
5993,2022-03-25,23,5,2,1,10.19,10.19,4,7
5994,2022-03-21,4,8,2,3,54.08,162.24,4,7
5995,2022-03-08,8,17,2,1,27.99,27.99,4,5
5996,2022-03-20,9,17,2,2,42.99,85.98,3,6
5997,2022-03-06,24,17,2,1,31.78,31.78,4,6
5998,2022-03-18,1,10,3,3,52.27,156.81,4,10
5999,2022-03-09,25,14,3,1,126.93,126.93,4,11
6000,2022-03-05,11,1,3,1,1224.4,1224.4,4,11
6001,2022-03-24,27,20,3,4,22.44,89.76,4,9
6002,2022-03-12,15,16,3,3,21.35,64.05,4,11
6003,2022-03-20,10,13,3,1,84.99,84.99,4,9
6004,2022-03-17,25,10,3,2,49.99,99.98,4,10
6005,2022-03-31,22,18,3,1,9.16,9.16,4,11
6006,2022-03-20,7,8,4,3,29.56,88.68,4,12
6007,2022-03-12,19,14,4,2,159.63,319.26,4,14
6008,2022-03-01,25,18,4,1,12.03,12.03,4,13
6009,2022-03-13,1,14,4,4,166.13,664.52,4,12
6010,2022-03-17,17,8,4,3,28.42,85.26,4,13
6011,2022-03-22,16,3,4,4,124.99,499.96,4,13
6012,2022-03-26,30,19,4,4,37.99,151.96,2,12
6013,2022-03-27,18,5,4,2,18.9,37.8,2,13
6014,2022-03-21,27,17,4,1,36.2,36.2,4,13
6015,2022-03-03,21,19,4,3,14.0,42.0,1,14
6016,2022-03-25,30,8,4,2,86.99,173.98,4,12
6017,2022-03-26,30,14,4,4,111.38,445.52,4,12
6018,2022-03-14,9,15,5,1,30.75,30.75,4,16
6019,2022-03-06,14,8,5,1,68.99,68.99,4,16
6020,2022-03-31,29,15,5,1,29.31,29.31,3,15
6021,2022-03-08,11,4,5,5,284.99,1424.95,4,15
6022,2022-03-10,24,2,5,4,104.99,419.96,4,16
6023,2022-03-18,26,7,5,1,142.99,142.99,4,16
6024,2022-03-05,28,5,5,2,23.79,47.58,4,16
6025,2022-03-02,26,7,5,1,98.96,98.96,4,16
6026,2022-03-15,29,10,5,1,39.23,39.23,2,17
6027,2022-03-06,1,17,5,3,35.95,107.85,4,17
6028,2022-03-24,4,2,6,1,52.99,52.99,4,20
6029,2022-03-15,22,14,6,3,178.99,536.97,4,19
6030,2022-03-15,29,13,6,3,56.99,170.97,4,18
6031,2022-03-11,25,14,6,4,214.23,856.92,4,20
6032,2022-03-27,27,20,6,3,34.05,102.15,4,20
6033,2022-03-24,16,18,6,1,15.59,15.59,4,20
6034,2022-03-25,1,2,6,1,65.99,65.99,4,19
6035,2022-03-09,18,13,6,1,75.99,75.99,2,18
6036,2022-03-31,12,16,7,1,13.56,13.56,4,22
6037,2022-03-14,26,17,7,1,34.28,34.28,4,23
6038,2022-03-04,27,9,7,3,150.99,452.97,4,21
6039,2022-03-12,3,10,7,3,35.99,107.97,4,22
6040,2022-03-08,18,18,7,3,14.99,44.97,4,21
6041,2022-03-27,21,17,7,2,43.89,87.78,4,21
6042,2022-03-03,25,3,8,2,89.26,178.52,4,25
6043,2022-03-13,22,20,8,4,16.99,67.96,4,25
6044,2022-03-23,4,8,8,2,82.6,165.2,4,24
6045,2022-03-28,14,9,8,5,186.99,934.95,4,25
6046,2022-03-30,7,8,8,1,25.8,25.8,4,25
6047,2022-03-18,21,8,8,1,88.49,88.49,2,25
6048,2022-03-29,28,5,8,2,19.99,39.98,4,25
6049,2022-03-06,11,6,8,2,18.88,37.76,4,25
6050,2022-03-23,16,9,9,3,142.99,428.97,4,26
6051,2022-03-13,24,2,9,5,101.07,505.35,4,26
6052,2022-03-01,22,3,9,1,120.5,120.5,4,28
6053,2022-03-22,21,8,9,1,87.99,87.99,4,26
6054,2022-03-13,21,16,9,1,11.58,11.58,4,28
6055,2022-03-16,23,4,9,2,238.99,477.98,4,28
6056,2022-03-20,12,20,9,3,37.99,113.97,4,28
6057,2022-03-25,13,6,9,4,34.69,138.76,4,26
6058,2022-03-30,1,19,9,1,32.38,32.38,4,27
6059,2022-03-23,13,16,9,3,19.99,59.97,4,26
6060,2022-03-19,12,10,10,2,37.62,75.24,4,29
6061,2022-03-19,8,5,10,2,10.22,20.44,4,30
6062,2022-03-15,30,13,10,1,50.6,50.6,4,29
6063,2022-03-23,13,8,10,1,59.35,59.35,4,29
6064,2022-03-20,16,8,10,1,64.99,64.99,4,30
6065,2022-03-24,16,6,10,2,32.99,65.98,4,29
6066,2022-03-04,6,8,10,3,26.99,80.97,4,31
6067,2022-03-26,5,4,10,2,139.99,279.98,4,30
6068,2022-03-11,5,10,10,3,62.66,187.98,4,31
6069,2022-03-13,1,5,10,3,21.46,64.38,4,30
6070,2022-03-09,15,19,11,1,18.55,18.55,4,33
6071,2022-03-28,17,13,11,5,48.19,240.95,2,33
6072,2022-03-03,8,9,11,3,87.67,263.01,4,33
6073,2022-03-21,23,9,11,1,71.99,71.99,4,33
6074,2022-03-22,17,6,11,2,19.91,39.82,4,32
6075,2022-03-04,22,5,11,1,17.99,17.99,4,32
6076,2022-03-08,20,5,12,2,21.74,43.48,4,35
6077,2022-03-09,10,7,12,2,49.99,99.98,4,34
6078,2022-03-08,16,6,12,3,18.17,54.51,4,35
6079,2022-03-04,25,3,12,1,68.98,68.98,4,34
6080,2022-03-08,22,12,12,2,813.16,1626.32,4,34
6081,2022-03-31,17,17,12,1,54.4,54.4,4,35
6082,2022-03-05,3,9,13,4,196.35,785.4,4,36
6083,2022-03-13,11,15,13,3,65.09,195.27,2,36
6084,2022-03-10,19,5,13,1,19.52,19.52,3,37
6085,2022-03-20,6,16,13,2,20.99,41.98,3,38
6086,2022-03-25,18,7,13,1,66.0,66.0,4,38
6087,2022-03-09,27,6,13,2,23.43,46.86,4,37
6088,2022-03-30,18,4,13,1,134.68,134.68,4,37
6089,2022-03-18,19,1,13,1,1320.3,1320.3,4,38
6090,2022-03-17,23,1,13,1,997.99,997.99,4,36
6091,2022-03-18,28,20,13,3,31.63,94.89,4,38
6092,2022-03-21,30,4,14,1,113.1,113.1,4,39
6093,2022-03-29,19,16,14,4,11.28,45.12,4,39
6094,2022-03-31,6,15,14,1,33.15,33.15,4,39
6095,2022-03-19,2,20,14,1,35.8,35.8,4,40
6096,2022-03-05,6,14,14,4,238.82,955.28,4,40
6097,2022-03-11,28,10,14,1,35.7,35.7,4,39
6098,2022-03-19,21,16,14,2,11.99,23.98,4,40
6099,2022-03-02,25,13,15,5,67.76,338.8,4,41
6100,2022-03-15,5,18,15,1,14.86,14.86,4,41
6101,2022-03-04,3,18,15,1,18.52,18.52,4,41
6102,2022-03-01,5,16,15,1,19.51,19.51,4,42
6103,2022-03-26,28,18,15,1,11.99,11.99,4,42
6104,2022-03-21,15,2,15,1,117.06,117.06,1,41
6105,2022-04-18,4,20,1,2,27.99,55.98,4,4
6106,2022-04-18,9,16,1,1,8.71,8.71,4,3
6107,2022-04-18,17,19,1,1,26.99,26.99,4,4
6108,2022-04-22,1,4,1,2,230.99,461.98,4,1
6109,2022-04-03,16,12,1,4,881.21,3524.84,4,3
6110,2022-04-15,5,6,1,1,34.86,34.86,4,2
6111,2022-04-28,17,14,1,3,181.09,543.27,4,1
6112,2022-04-01,11,1,1,1,925.64,925.64,4,1
6113,2022-04-06,21,6,1,3,25.99,77.97,4,3
6114,2022-04-12,23,3,1,2,124.09,248.18,4,1
6115,2022-04-09,2,17,1,3,36.03,108.09,4,3
6116,2022-04-10,16,10,1,2,38.71,77.42,3,3
6117,2022-04-18,15,5,1,3,21.06,63.18,3,2
6118,2022-04-02,23,2,1,1,99.99,99.99,4,4
6119,2022-04-03,27,10,1,4,34.38,137.52,4,3
6120,2022-04-01,28,6,1,4,19.99,79.96,4,4
6121,2022-04-14,25,20,1,4,36.99,147.96,4,2
6122,2022-04-12,12,16,1,1,13.99,13.99,4,2
6123,2022-04-18,24,7,2,3,78.41,235.23,4,8
6124,2022-04-06,10,15,2,1,30.99,30.99,4,8
6125,2022-04-09,9,8,2,4,40.27,161.08,4,7
6126,2022-04-05,21,13,2,1,39.48,39.48,4,7
6127,2022-04-10,11,7,2,1,69.99,69.99,4,8
6128,2022-04-11,28,15,2,2,64.43,128.86,4,5
6129,2022-04-21,28,8,2,2,47.29,94.58,4,7
6130,2022-04-19,4,10,2,1,65.99,65.99,3,6
6131,2022-04-20,29,9,2,3,78.99,236.97,3,8
6132,2022-04-13,26,8,2,1,76.99,76.99,4,8
6133,2022-04-18,1,14,2,2,164.77,329.54,4,7
6134,2022-04-14,9,12,2,1,701.23,701.23,4,8
6135,2022-04-16,17,7,2,3,93.99,281.97,4,6
6136,2022-04-23,22,19,3,3,23.58,70.74,4,10
6137,2022-04-22,10,2,3,1,98.46,98.46,4,9
6138,2022-04-03,15,19,3,3,29.99,89.97,4,11
6139,2022-04-22,14,2,3,1,104.75,104.75,3,9
6140,2022-04-26,30,10,3,4,53.85,215.4,4,10
6141,2022-04-15,11,8,3,2,78.76,157.52,4,10
6142,2022-04-03,16,5,3,1,25.99,25.99,4,11
6143,2022-04-23,19,5,3,1,23.73,23.73,4,10
6144,2022-04-11,6,13,3,1,68.58,68.58,4,9
6145,2022-04-06,11,6,3,1,10.99,10.99,4,10
6146,2022-04-23,25,9,3,1,186.99,186.99,4,9
6147,2022-04-27,5,8,3,3,33.99,101.97,4,10
6148,2022-04-29,5,20,3,3,14.99,44.97,4,11
6149,2022-04-28,8,9,3,1,95.99,95.99,3,10
6150,2022-04-29,7,16,4,3,13.99,41.97,4,12
6151,2022-04-06,18,13,4,5,41.99,209.95,4,14
6152,2022-04-12,29,16,4,1,18.24,18.24,4,12
6153,2022-04-28,16,18,4,2,15.02,30.04,4,12
6154,2022-04-09,26,16,4,1,12.99,12.99,4,14
6155,2022-04-25,24,3,4,1,123.99,123.99,4,12
6156,2022-04-02,30,18,4,4,16.63,66.52,2,14
6157,2022-04-29,4,2,4,2,49.0,98.0,4,12
6158,2022-04-20,12,3,4,1,85.8,85.8,2,14
6159,2022-04-14,29,11,4,1,366.06,366.06,4,14
6160,2022-04-17,18,7,4,2,64.99,129.98,4,12
6161,2022-04-19,10,17,4,3,38.99,116.97,4,14
6162,2022-04-23,23,7,4,3,141.5,424.5,3,12
6163,2022-04-24,13,20,5,2,29.99,59.98,4,17
6164,2022-04-15,12,18,5,1,15.99,15.99,4,15
6165,2022-04-27,26,7,5,2,133.19,266.38,4,16
6166,2022-04-21,18,8,5,4,56.8,227.2,4,16
6167,2022-04-05,6,4,5,1,148.99,148.99,4,16
6168,2022-04-23,4,2,5,3,117.21,351.63,4,15
6169,2022-04-24,13,18,5,1,7.94,7.94,4,15
6170,2022-04-28,23,6,5,3,33.99,101.97,4,15
6171,2022-04-05,7,17,5,2,43.46,86.92,4,15
6172,2022-04-09,25,1,5,2,1355.99,2711.98,4,15
6173,2022-04-24,6,13,5,1,50.89,50.89,4,16
6174,2022-04-02,4,1,5,1,1114.86,1114.86,4,15
6175,2022-04-22,22,4,6,1,227.14,227.14,4,18
6176,2022-04-23,11,19,6,3,29.1,87.3,4,18
6177,2022-04-16,6,20,6,1,34.62,34.62,4,20
6178,2022-04-16,10,17,6,4,38.34,153.36,4,18
6179,2022-04-28,19,9,6,1,76.99,76.99,4,19
6180,2022-04-01,2,14,6,1,135.9,135.9,4,20
6181,2022-04-05,7,9,6,3,112.47,337.41,4,18
6182,2022-04-14,24,2,6,2,95.99,191.98,4,18
6183,2022-04-22,16,11,6,2,408.21,816.42,4,20
6184,2022-04-23,17,6,6,1,20.24,20.24,4,18
6185,2022-04-06,28,19,6,1,31.99,31.99,4,18
6186,2022-04-30,24,6,6,1,23.99,23.99,4,18
6187,2022-04-22,19,2,6,1,127.94,127.94,4,20
6188,2022-04-22,9,3,7,1,90.15,90.15,4,22
6189,2022-04-05,12,5,7,2,9.53,19.06,4,22
6190,2022-04-08,8,12,7,2,416.3,832.6,4,23
6191,2022-04-20,7,15,7,5,44.99,224.95,4,23
6192,2022-04-11,26,11,7,4,550.99,2203.96,4,23
6193,2022-04-17,19,14,7,3,110.95,332.85,4,22
6194,2022-04-01,25,6,7,2,27.99,55.98,4,21
6195,2022-04-19,17,7,7,5,86.99,434.95,4,23
6196,2022-04-06,22,16,7,1,15.71,15.71,4,21
6197,2022-04-03,20,11,8,2,353.29,706.58,4,25
6198,2022-04-24,12,14,8,3,113.7,341.1,4,24
6199,2022-04-21,12,7,8,2,133.82,267.64,4,24
6200,2022-04-05,28,9,8,3,111.99,335.97,4,24
6201,2022-04-26,22,17,8,4,21.99,87.96,4,25
6202,2022-04-29,12,16,8,3,9.99,29.97,2,25
6203,2022-04-22,14,8,8,3,84.75,254.25,4,24
6204,2022-04-24,13,6,8,2,15.46,30.92,4,25
6205,2022-04-27,25,6,9,3,33.99,101.97,4,27
6206,2022-04-09,24,18,9,1,10.99,10.99,4,26
6207,2022-04-10,23,18,9,4,17.09,68.36,4,28
6208,2022-04-03,29,7,9,1,135.99,135.99,3,28
6209,2022-04-27,18,19,9,2,14.75,29.5,4,26
6210,2022-04-08,3,16,9,5,9.99,49.95,4,28
6211,2022-04-25,19,8,9,1,59.99,59.99,4,27
6212,2022-04-21,10,15,9,1,53.81,53.81,4,27
6213,2022-04-15,24,20,9,2,15.99,31.98,1,26
6214,2022-04-04,27,3,9,2,59.0,118.0,4,27
6215,2022-04-05,24,3,9,2,130.65,261.3,2,28
6216,2022-04-19,2,2,9,5,106.85,534.25,4,28
6217,2022-04-23,27,2,9,4,61.99,247.96,4,27
6218,2022-04-07,14,1,9,1,956.99,956.99,1,27
6219,2022-04-22,22,18,9,1,15.99,15.99,1,26
6220,2022-04-12,17,16,9,2,8.62,17.24,4,27
6221,2022-04-15,12,20,10,1,17.25,17.25,4,31
6222,2022-04-03,1,6,10,1,14.99,14.99,4,31
6223,2022-04-02,3,15,10,3,60.99,182.97,4,30
6224,2022-04-04,30,3,10,2,145.5,291.0,1,31
6225,2022-04-25,7,7,10,1,92.22,92.22,4,30
6226,2022-04-11,9,1,10,4,910.99,3643.96,4,31
6227,2022-04-28,16,16,10,2,8.99,17.98,4,29
6228,2022-04-11,18,16,10,5,13.13,65.65,4,31
6229,2022-04-30,17,1,10,3,819.69,2459.07,4,30
6230,2022-04-05,8,6,10,2,10.99,21.98,4,29
6231,2022-04-24,19,15,10,3,78.99,236.97,3,29
6232,2022-04-27,2,5,10,3,21.22,63.66,4,29
6233,2022-04-24,15,18,11,5,14.05,70.25,4,32
6234,2022-04-21,17,4,11,4,159.99,639.96,4,33
6235,2022-04-28,20,19,11,3,19.99,59.97,4,32
6236,2022-04-27,13,2,11,1,61.99,61.99,4,33
6237,2022-04-14,28,14,11,3,233.14,699.42,4,33
6238,2022-04-02,25,6,11,2,27.97,55.94,4,32
6239,2022-04-27,1,5,11,2,18.95,37.9,4,33
6240,2022-04-15,3,9,11,2,135.39,270.78,4,32
6241,2022-04-02,26,10,11,2,32.33,64.66,4,32
6242,2022-04-07,4,16,12,2,10.85,21.7,4,35
6243,2022-04-26,3,8,12,2,26.03,52.06,4,35
6244,2022-04-05,11,13,12,3,69.51,208.53,4,34
6245,2022-04-29,30,15,12,5,53.99,269.95,1,35
6246,2022-04-18,22,5,12,2,22.99,45.98,4,34
6247,2022-04-16,16,7,12,3,51.27,153.81,4,34
6248,2022-04-26,27,5,12,1,16.82,16.82,4,35
6249,2022-04-14,23,1,12,1,1113.99,1113.99,1,35
6250,2022-04-22,18,13,12,1,88.99,88.99,3,34
6251,2022-04-19,27,16,12,1,22.99,22.99,4,34
6252,2022-04-10,3,6,12,3,29.99,89.97,4,35
6253,2022-04-13,1,2,13,1,99.86,99.86,4,38
6254,2022-04-02,3,8,13,1,64.99,64.99,4,38
6255,2022-04-10,18,13,13,2,80.75,161.5,4,36
6256,2022-04-27,15,19,13,1,34.84,34.84,4,37
6257,2022-04-25,15,9,13,1,194.98,194.98,4,37
6258,2022-04-09,16,4,13,2,138.82,277.64,4,37
6259,2022-04-15,22,7,13,4,116.99,467.96,4,36
6260,2022-04-27,2,11,13,5,269.61,1348.05,4,36
6261,2022-04-14,12,8,13,2,47.99,95.98,4,37
6262,2022-04-03,8,18,13,3,18.77,56.31,4,37
6263,2022-04-30,1,3,13,1,64.67,64.67,4,38
6264,2022-04-23,16,2,13,1,49.0,49.0,4,38
6265,2022-04-26,17,18,13,4,9.99,39.96,4,36
6266,2022-04-01,20,13,13,2,66.8,133.6,4,36
6267,2022-04-26,29,7,14,2,110.88,221.76,4,40
6268,2022-04-10,20,5,14,1,23.99,23.99,4,39
6269,2022-04-29,23,18,14,2,13.99,27.98,4,39
6270,2022-04-15,29,15,14,1,34.99,34.99,4,40
6271,2022-04-26,2,18,14,3,7.23,21.69,4,39
6272,2022-04-10,14,18,14,3,14.02,42.06,4,40
6273,2022-04-19,18,6,14,4,31.71,126.84,4,40
6274,2022-04-28,19,4,14,5,169.46,847.3,4,40
6275,2022-04-18,8,2,14,2,81.85,163.7,4,40
6276,2022-04-09,23,5,14,3,24.37,73.11,4,39
6277,2022-04-21,20,14,14,2,163.99,327.98,4,39
6278,2022-04-20,13,6,14,1,27.6,27.6,4,39
6279,2022-04-19,6,1,15,4,898.56,3594.24,4,42
6280,2022-04-11,7,4,15,2,288.99,577.98,1,42
6281,2022-04-04,14,16,15,2,8.07,16.14,4,42
6282,2022-04-02,13,3,15,4,109.57,438.28,4,42
6283,2022-04-06,5,16,15,4,12.99,51.96,4,42
6284,2022-04-18,9,17,15,2,28.99,57.98,4,41
6285,2022-04-23,19,5,15,1,25.99,25.99,4,42
6286,2022-04-13,1,13,15,5,62.54,312.7,4,41
6287,2022-04-05,13,13,15,5,53.66,268.3,4,42
6288,2022-05-28,22,2,1,1,50.33,50.33,4,2
6289,2022-05-04,26,13,1,3,94.68,284.04,4,3
6290,2022-05-03,17,7,1,4,75.26,301.04,4,2
6291,2022-05-03,17,4,1,2,227.99,455.98,4,2
6292,2022-05-03,7,10,1,2,33.32,66.64,4,4
6293,2022-05-23,29,6,1,1,28.99,28.99,4,3
6294,2022-05-05,7,2,1,3,53.77,161.31,3,3
6295,2022-05-14,28,8,1,1,26.99,26.99,4,3
6296,2022-05-11,30,9,1,3,152.99,458.97,4,4
6297,2022-05-07,3,20,1,1,20.99,20.99,4,3
6298,2022-05-25,27,18,1,3,7.99,23.97,4,4
6299,2022-05-03,17,14,1,5,137.99,689.95,4,2
6300,2022-05-11,17,2,1,3,103.5,310.5,4,2
6301,2022-05-02,3,16,1,4,13.99,55.96,4,3
6302,2022-05-25,13,3,1,1,130.99,130.99,4,3
6303,2022-05-05,22,6,1,4,26.6,106.4,4,2
6304,2022-05-14,15,18,1,2,18.57,37.14,4,2
6305,2022-05-11,5,5,1,1,28.95,28.95,4,2
6306,2022-05-04,15,18,1,2,7.0,14.0,4,3
6307,2022-05-06,12,8,1,5,35.99,179.95,4,4
6308,2022-05-16,6,7,1,1,76.7,76.7,4,4
6309,2022-05-08,19,17,1,2,31.99,63.98,4,2
6310,2022-05-22,6,6,1,3,30.99,92.97,2,2
6311,2022-05-29,28,5,1,1,26.53,26.53,4,4
6312,2022-05-25,1,16,1,5,19.66,98.3,4,1
6313,2022-05-28,27,13,1,1,107.61,107.61,4,4
6314,2022-05-24,28,3,1,1,146.6,146.6,4,4
6315,2022-05-09,21,15,1,1,36.89,36.89,4,3
6316,2022-05-15,8,19,1,1,34.99,34.99,4,3
6317,2022-05-05,25,13,1,3,80.99,242.97,4,3
6318,2022-05-17,23,10,1,2,46.99,93.98,4,1
6319,2022-05-09,6,19,1,1,24.98,24.98,4,4
6320,2022-05-15,7,11,1,3,435.99,1307.97,4,4
6321,2022-05-27,6,18,1,3,9.54,28.62,4,1
6322,2022-05-08,24,16,1,1,12.67,12.67,4,4
6323,2022-05-29,23,2,1,2,82.23,164.46,4,1
6324,2022-05-06,22,6,2,2,23.18,46.36,4,8
6325,2022-05-14,30,9,2,1,164.75,164.75,4,8
6326,2022-05-15,21,12,2,1,646.02,646.02,4,6
6327,2022-05-18,2,8,2,1,77.99,77.99,4,8
6328,2022-05-22,15,12,2,1,667.39,667.39,4,6
6329,2022-05-11,20,20,2,5,14.72,73.6,4,5
6330,2022-05-03,15,5,2,1,14.39,14.39,4,6
6331,2022-05-28,4,17,2,1,30.33,30.33,4,5
6332,2022-05-31,4,2,2,1,56.37,56.37,1,7
6333,2022-05-14,21,9,2,5,147.74,738.7,4,8
6334,2022-05-04,13,17,2,1,37.99,37.99,4,7
6335,2022-05-06,1,7,2,5,75.93,379.65,4,6
6336,2022-05-24,27,20,2,1,18.49,18.49,4,5
6337,2022-05-15,28,6,2,1,24.31,24.31,4,5
6338,2022-05-25,15,18,2,1,8.14,8.14,2,8
6339,2022-05-18,5,15,2,2,39.99,79.98,4,7
6340,2022-05-30,10,5,2,2,26.99,53.98,4,7
6341,2022-05-16,17,13,2,2,73.69,147.38,4,6
6342,2022-05-10,10,20,2,4,27.99,111.96,4,7
6343,2022-05-30,25,20,2,3,38.06,114.18,4,6
6344,2022-05-21,27,2,2,1,118.4,118.4,4,5
6345,2022-05-20,25,18,2,1,15.99,15.99,4,5
6346,2022-05-07,26,14,2,1,189.31,189.31,4,7
6347,2022-05-02,24,13,2,2,48.99,97.98,4,6
6348,2022-05-01,5,5,2,2,25.41,50.82,4,6
6349,2022-05-02,29,3,2,3,154.06,462.18,4,5
6350,2022-05-12,16,19,2,1,27.97,27.97,4,8
6351,2022-05-13,8,10,2,1,66.99,66.99,4,5
6352,2022-05-11,23,15,2,4,59.99,239.96,4,7
6353,2022-05-07,28,3,2,1,82.99,82.99,4,7
6354,2022-05-09,4,5,2,1,27.99,27.99,4,5
6355,2022-05-21,21,16,2,2,20.14,40.28,4,6
6356,2022-05-04,27,13,3,3,42.78,128.34,4,11
6357,2022-05-10,21,2,3,1,103.99,103.99,4,10
6358,2022-05-27,19,7,3,2,70.99,141.98,4,10
6359,2022-05-01,3,18,3,3,7.16,21.48,4,10
6360,2022-05-27,24,15,3,1,51.99,51.99,4,10
6361,2022-05-21,7,18,3,1,13.99,13.99,3,11
6362,2022-05-14,4,2,3,1,65.12,65.12,4,10
6363,2022-05-01,6,7,3,5,130.95,654.75,4,10
6364,2022-05-18,28,11,3,2,489.95,979.9,2,11
6365,2022-05-20,9,10,3,1,63.99,63.99,4,10
6366,2022-05-04,19,15,3,1,71.99,71.99,4,11
6367,2022-05-25,15,14,3,5,141.99,709.95,4,11
6368,2022-05-07,19,7,3,2,74.79,149.58,4,9
6369,2022-05-23,25,8,3,2,68.98,137.96,4,10
6370,2022-05-12,17,4,3,3,268.99,806.97,4,10
6371,2022-05-02,7,5,3,1,19.99,19.99,4,11
6372,2022-05-22,19,15,3,1,83.7,83.7,4,9
6373,2022-05-16,7,10,3,3,66.99,200.97,4,11
6374,2022-05-07,7,9,3,1,116.87,116.87,4,9
6375,2022-05-19,10,14,3,1,202.79,202.79,4,11
6376,2022-05-31,26,11,3,1,256.85,256.85,4,9
6377,2022-05-04,1,19,3,1,14.99,14.99,4,10
6378,2022-05-23,16,7,4,1,155.52,155.52,4,12
6379,2022-05-24,24,15,4,1,39.99,39.99,4,14
6380,2022-05-01,19,18,4,3,7.99,23.97,4,13
6381,2022-05-19,11,7,4,2,77.99,155.98,4,13
6382,2022-05-31,23,16,4,5,15.99,79.95,4,14
6383,2022-05-02,22,13,4,1,49.99,49.99,4,12
6384,2022-05-14,4,3,4,2,81.99,163.98,4,13
6385,2022-05-20,11,8,4,4,50.99,203.96,4,12
6386,2022-05-27,23,17,4,1,22.17,22.17,4,14
6387,2022-05-01,6,2,4,1,126.99,126.99,4,14
6388,2022-05-19,11,18,4,2,11.68,23.36,4,13
6389,2022-05-08,21,11,4,2,355.99,711.98,4,12
6390,2022-05-13,6,18,4,1,12.84,12.84,4,14
6391,2022-05-11,17,20,4,5,34.45,172.25,3,14
6392,2022-05-20,20,7,4,5,66.8,334.0,4,14
6393,2022-05-08,11,8,4,2,30.49,60.98,4,13
6394,2022-05-15,30,6,4,5,29.99,149.95,2,12
6395,2022-05-24,28,9,4,2,177.85,355.7,4,14
6396,2022-05-11,10,3,4,1,155.99,155.99,4,14
6397,2022-05-09,11,5,4,1,17.99,17.99,4,12
6398,2022-05-09,16,17,4,3,38.99,116.97,4,14
6399,2022-05-29,3,4,4,4,295.99,1183.96,4,14
6400,2022-05-21,24,15,4,1,46.99,46.99,4,13
6401,2022-05-25,8,3,4,1,154.88,154.88,4,12
6402,2022-05-12,7,5,5,4,13.99,55.96,1,15
6403,2022-05-04,10,5,5,1,14.99,14.99,4,16
6404,2022-05-21,22,9,5,1,178.99,178.99,4,17
6405,2022-05-05,29,16,5,5,8.38,41.9,4,16
6406,2022-05-24,15,6,5,2,25.91,51.82,4,16
6407,2022-05-17,23,19,5,1,30.8,30.8,4,15
6408,2022-05-03,12,2,5,4,104.28,417.12,4,15
6409,2022-05-13,23,9,5,3,93.7,281.1,4,16
6410,2022-05-31,4,2,5,2,70.99,141.98,4,15
6411,2022-05-25,6,7,5,1,56.27,56.27,4,15
6412,2022-05-16,1,17,5,1,23.63,23.63,4,17
6413,2022-05-24,21,5,5,4,13.2,52.8,4,17
6414,2022-05-08,14,5,5,2,17.12,34.24,4,15
6415,2022-05-16,10,6,5,2,9.99,19.98,4,16
6416,2022-05-17,19,17,5,4,46.99,187.96,4,16
6417,2022-05-29,8,9,5,1,93.99,93.99,4,17
6418,2022-05-30,13,19,5,1,20.99,20.99,4,15
6419,2022-05-24,11,18,5,2,18.76,37.52,4,17
6420,2022-05-28,3,5,5,2,19.99,39.98,3,16
6421,2022-05-01,23,7,5,2,56.42,112.84,4,16
6422,2022-05-17,10,5,5,1,12.12,12.12,4,16
6423,2022-05-17,6,13,6,1,57.48,57.48,4,19
6424,2022-05-13,2,8,6,1,73.37,73.37,4,19
6425,2022-05-04,17,3,6,2,111.61,223.22,4,18
6426,2022-05-21,27,5,6,2,20.76,41.52,4,19
6427,2022-05-10,5,7,6,4,124.99,499.96,4,19
6428,2022-05-04,27,14,6,1,160.99,160.99,4,20
6429,2022-05-27,11,5,6,2,25.99,51.98,4,19
6430,2022-05-20,26,9,6,3,147.15,441.45,4,18
6431,2022-05-15,27,14,6,2,154.99,309.98,1,19
6432,2022-05-03,4,9,6,1,130.2,130.2,4,19
6433,2022-05-04,19,14,6,2,156.28,312.56,4,20
6434,2022-05-12,26,7,6,4,66.88,267.52,2,20
6435,2022-05-10,12,14,6,1,237.47,237.47,4,19
6436,2022-05-25,9,18,6,2,8.85,17.7,4,18
6437,2022-05-01,2,4,6,1,182.68,182.68,4,19
6438,2022-05-15,11,4,6,3,289.79,869.37,2,18
6439,2022-05-17,2,9,6,2,192.58,385.16,4,20
6440,2022-05-02,6,12,6,3,570.24,1710.72,4,18
6441,2022-05-07,2,17,6,3,33.99,101.97,4,19
6442,2022-05-19,21,7,6,3,132.99,398.97,4,18
6443,2022-05-09,12,6,6,1,15.5,15.5,3,18
6444,2022-05-01,26,17,6,1,37.99,37.99,4,20
6445,2022-05-02,26,6,6,1,32.99,32.99,4,19
6446,2022-05-23,15,20,7,1,24.54,24.54,4,22
6447,2022-05-19,11,8,7,2,40.0,80.0,4,23
6448,2022-05-07,6,5,7,1,25.54,25.54,4,21
6449,2022-05-26,30,15,7,2,38.96,77.92,4,22
6450,2022-05-30,28,19,7,4,28.16,112.64,4,22
6451,2022-05-10,24,4,7,1,195.99,195.99,4,22
6452,2022-05-21,28,9,7,2,96.75,193.5,4,23
6453,2022-05-02,3,3,7,1,94.01,94.01,4,21
6454,2022-05-31,8,5,7,4,11.99,47.96,4,22
6455,2022-05-02,26,5,7,3,15.99,47.97,4,23
6456,2022-05-09,20,11,7,2,391.99,783.98,3,22
6457,2022-05-06,13,8,7,3,44.99,134.97,4,23
6458,2022-05-08,19,5,7,2,11.65,23.3,4,23
6459,2022-05-13,13,2,7,3,108.99,326.97,4,23
6460,2022-05-03,20,2,7,3,100.88,302.64,4,22
6461,2022-05-03,2,13,7,1,75.99,75.99,4,22
6462,2022-05-14,29,9,8,1,95.73,95.73,4,24
6463,2022-05-06,15,5,8,5,14.48,72.4,4,24
6464,2022-05-26,10,8,8,4,30.44,121.76,4,25
6465,2022-05-11,24,16,8,1,10.98,10.98,4,24
6466,2022-05-25,27,3,8,2,69.99,139.98,4,25
6467,2022-05-22,26,9,8,2,105.99,211.98,4,24
6468,2022-05-29,5,18,8,1,10.09,10.09,4,25
6469,2022-05-28,30,9,8,1,121.68,121.68,4,25
6470,2022-05-22,30,5,8,4,26.96,107.84,4,25
6471,2022-05-08,1,8,8,2,38.84,77.68,4,25
6472,2022-05-17,27,5,8,2,13.36,26.72,4,24
6473,2022-05-27,6,14,8,2,159.87,319.74,1,25
6474,2022-05-16,14,13,8,1,40.99,40.99,4,25
6475,2022-05-12,7,1,8,2,808.45,1616.9,1,25
6476,2022-05-18,29,2,8,2,54.99,109.98,4,24
6477,2022-05-26,15,9,8,2,142.94,285.88,4,24
6478,2022-05-22,24,8,8,4,44.99,179.96,4,25
6479,2022-05-24,20,18,8,3,16.13,48.39,4,24
6480,2022-05-28,7,20,9,3,14.83,44.49,4,26
6481,2022-05-17,20,3,9,2,69.48,138.96,4,27
6482,2022-05-03,1,15,9,3,77.99,233.97,4,28
6483,2022-05-24,1,2,9,1,79.99,79.99,4,28
6484,2022-05-09,11,17,9,1,30.99,30.99,4,26
6485,2022-05-08,23,17,9,3,35.99,107.97,4,28
6486,2022-05-26,12,6,9,1,9.99,9.99,4,26
6487,2022-05-19,28,4,9,2,279.99,559.98,3,26
6488,2022-05-22,27,8,9,5,75.01,375.05,4,28
6489,2022-05-06,10,17,9,3,49.99,149.97,4,28
6490,2022-05-14,1,17,9,5,47.99,239.95,4,28
6491,2022-05-19,24,8,9,4,55.65,222.6,1,27
6492,2022-05-07,5,19,9,1,17.88,17.88,4,28
6493,2022-05-23,9,3,9,1,94.99,94.99,4,27
6494,2022-05-07,23,8,9,4,46.77,187.08,2,28
6495,2022-05-15,28,18,9,2,11.33,22.66,4,27
6496,2022-05-19,20,2,9,5,82.0,410.0,1,27
6497,2022-05-05,9,5,9,2,20.47,40.94,4,27
6498,2022-05-28,15,6,9,1,15.99,15.99,4,28
6499,2022-05-05,4,6,9,1,14.14,14.14,4,27
6500,2022-05-09,9,16,9,1,8.99,8.99,4,26
6501,2022-05-31,26,14,9,3,224.99,674.97,4,28
6502,2022-05-22,26,16,9,2,21.99,43.98,4,28
6503,2022-05-15,2,6,9,1,33.13,33.13,4,28
6504,2022-05-11,24,1,9,1,1082.99,1082.99,4,26
6505,2022-05-24,3,20,9,1,24.99,24.99,4,26
6506,2022-05-10,3,20,10,2,16.18,32.36,4,31
6507,2022-05-03,13,19,10,4,17.99,71.96,4,29
6508,2022-05-03,28,16,10,4,11.38,45.52,4,30
6509,2022-05-31,11,19,10,1,34.02,34.02,4,30
6510,2022-05-23,2,15,10,4,36.98,147.92,4,30
6511,2022-05-24,25,5,10,3,12.47,37.41,4,31
6512,2022-05-15,18,3,10,2,126.99,253.98,4,30
6513,2022-05-21,3,10,10,3,42.99,128.97,4,30
6514,2022-05-04,11,19,10,3,21.99,65.97,4,29
6515,2022-05-31,26,8,10,2,69.31,138.62,1,29
6516,2022-05-14,11,18,10,1,11.99,11.99,4,30
6517,2022-05-26,8,16,10,2,10.03,20.06,4,30
6518,2022-05-14,30,13,10,5,102.99,514.95,4,30
6519,2022-05-17,20,17,10,4,41.99,167.96,4,30
6520,2022-05-05,14,20,10,5,36.99,184.95,4,30
6521,2022-05-06,3,13,11,2,110.11,220.22,4,32
6522,2022-05-15,23,6,11,3,20.99,62.97,4,33
6523,2022-05-29,27,3,11,2,93.45,186.9,4,32
6524,2022-05-11,1,6,11,2,10.99,21.98,4,33
6525,2022-05-18,29,18,11,1,14.24,14.24,4,33
6526,2022-05-16,12,6,11,2,23.99,47.98,4,33
6527,2022-05-09,30,3,11,2,98.23,196.46,4,32
6528,2022-05-07,21,10,11,1,58.99,58.99,4,33
6529,2022-05-07,20,4,11,2,142.24,284.48,4,33
6530,2022-05-30,23,7,11,2,60.89,121.78,4,33
6531,2022-05-15,17,8,11,2,50.08,100.16,4,33
6532,2022-05-05,21,6,11,1,26.99,26.99,4,33
6533,2022-05-17,3,10,11,3,67.6,202.8,4,33
6534,2022-05-31,20,14,11,1,127.99,127.99,4,33
6535,2022-05-02,19,8,12,2,67.07,134.14,4,35
6536,2022-05-08,2,17,12,3,36.99,110.97,4,35
6537,2022-05-04,7,8,12,4,30.45,121.8,4,35
6538,2022-05-09,3,4,12,1,243.44,243.44,2,35
6539,2022-05-15,5,18,12,4,13.6,54.4,4,35
6540,2022-05-02,25,6,12,1,26.41,26.41,4,35
6541,2022-05-30,7,17,12,1,34.99,34.99,4,35
6542,2022-05-27,15,5,12,2,20.99,41.98,4,35
6543,2022-05-01,13,13,12,3,115.99,347.97,4,35
6544,2022-05-01,27,9,12,1,172.99,172.99,4,34
6545,2022-05-09,24,3,13,2,110.34,220.68,4,36
6546,2022-05-19,11,3,13,3,79.99,239.97,4,36
6547,2022-05-23,3,7,13,1,97.53,97.53,4,38
6548,2022-05-15,19,4,13,3,297.99,893.97,4,36
6549,2022-05-17,20,4,13,1,291.03,291.03,4,36
6550,2022-05-25,13,6,13,1,11.99,11.99,4,38
6551,2022-05-27,25,19,13,2,36.29,72.58,4,38
6552,2022-05-11,30,2,13,1,71.99,71.99,1,36
6553,2022-05-10,2,3,13,2,63.9,127.8,4,36
6554,2022-05-22,9,18,13,1,11.39,11.39,4,38
6555,2022-05-10,4,19,13,3,32.48,97.44,4,37
6556,2022-05-10,21,16,13,4,18.99,75.96,4,36
6557,2022-05-27,15,19,13,2,34.45,68.9,3,36
6558,2022-05-06,13,3,13,1,101.99,101.99,4,38
6559,2022-05-08,30,2,13,2,99.78,199.56,4,37
6560,2022-05-22,1,17,13,3,51.99,155.97,4,38
6561,2022-05-30,8,10,13,5,56.2,281.0,4,37
6562,2022-05-05,22,17,13,2,49.99,99.98,4,37
6563,2022-05-10,3,5,13,2,21.99,43.98,4,36
6564,2022-05-15,17,16,13,1,23.68,23.68,4,37
6565,2022-05-26,6,1,13,2,956.46,1912.92,1,36
6566,2022-05-16,20,14,14,1,99.99,99.99,4,39
6567,2022-05-21,22,4,14,3,126.69,380.07,4,40
6568,2022-05-20,19,6,14,1,31.1,31.1,4,39
6569,2022-05-30,15,10,14,5,40.99,204.95,4,40
6570,2022-05-18,28,15,14,3,62.99,188.97,4,39
6571,2022-05-23,18,4,14,2,243.91,487.82,1,40
6572,2022-05-22,21,19,14,3,20.99,62.97,4,40
6573,2022-05-16,1,13,14,1,68.32,68.32,4,40
6574,2022-05-18,15,18,14,5,14.99,74.95,4,39
6575,2022-05-15,20,9,14,1,170.06,170.06,4,39
6576,2022-05-31,8,20,14,1,40.99,40.99,4,39
6577,2022-05-04,8,16,14,1,19.99,19.99,4,40
6578,2022-05-25,15,18,14,2,16.81,33.62,4,39
6579,2022-05-29,5,20,14,1,14.99,14.99,4,40
6580,2022-05-14,30,16,14,1,8.0,8.0,4,39
6581,2022-05-15,14,7,14,1,66.99,66.99,4,39
6582,2022-05-28,10,5,14,2,23.34,46.68,4,40
6583,2022-05-31,13,7,14,2,56.03,112.06,4,40
6584,2022-05-24,20,6,15,2,27.99,55.98,4,41
6585,2022-05-25,12,6,15,3,19.99,59.97,4,41
6586,2022-05-18,27,19,15,1,23.99,23.99,4,41
6587,2022-05-18,10,8,15,2,62.35,124.7,4,42
6588,2022-05-16,1,9,15,1,120.99,120.99,4,42
6589,2022-05-13,24,9,15,4,180.99,723.96,4,42
6590,2022-05-21,20,1,15,4,1304.98,5219.92,4,41
6591,2022-05-10,14,18,15,1,14.32,14.32,3,42
6592,2022-05-18,25,2,15,3,80.99,242.97,4,42
6593,2022-05-13,23,5,15,2,9.0,18.0,4,41
6594,2022-05-25,1,9,15,1,147.99,147.99,4,41
6595,2022-05-06,27,16,15,2,10.79,21.58,4,41
6596,2022-05-09,13,16,15,4,13.99,55.96,4,41
6597,2022-05-29,17,18,15,1,17.24,17.24,4,42
6598,2022-05-04,20,3,15,1,134.38,134.38,4,42
6599,2022-05-18,29,6,15,1,30.99,30.99,4,41
6600,2022-05-27,20,13,15,2,66.8,133.6,4,41
6601,2022-05-21,23,15,15,1,62.01,62.01,4,42
6602,2022-06-03,1,3,1,1,67.98,67.98,4,1
6603,2022-06-15,3,5,1,1,26.87,26.87,4,1
6604,2022-06-28,18,1,1,4,831.28,3325.12,4,1
6605,2022-06-25,25,6,1,2,11.65,23.3,4,4
6606,2022-06-09,28,2,1,2,78.36,156.72,4,3
6607,2022-06-22,12,20,1,1,14.0,14.0,3,3
6608,2022-06-29,3,6,1,2,33.08,66.16,4,2
6609,2022-06-02,18,18,1,1,10.95,10.95,4,4
6610,2022-06-11,4,20,1,2,26.82,53.64,4,1
6611,2022-06-01,28,20,1,3,29.99,89.97,4,4
6612,2022-06-28,3,15,1,2,35.76,71.52,4,4
6613,2022-06-06,9,17,1,1,40.63,40.63,4,2
6614,2022-06-19,18,18,1,2,15.84,31.68,4,2
6615,2022-06-28,5,3,1,2,124.63,249.26,4,4
6616,2022-06-22,9,15,1,2,30.25,60.5,4,1
6617,2022-06-14,1,3,1,3,93.99,281.97,4,2
6618,2022-06-30,28,14,1,1,186.95,186.95,4,3
6619,2022-06-11,16,20,1,3,30.83,92.49,4,2
6620,2022-06-30,14,14,1,1,152.78,152.78,4,2
6621,2022-06-09,3,13,1,3,97.84,293.52,4,2
6622,2022-06-28,18,1,1,2,1196.39,2392.78,4,1
6623,2022-06-04,8,16,1,2,22.04,44.08,4,4
6624,2022-06-04,6,5,1,1,26.99,26.99,4,3
6625,2022-06-25,5,16,1,2,20.35,40.7,4,4
6626,2022-06-17,27,9,1,4,162.99,651.96,4,1
6627,2022-06-06,27,16,1,1,8.0,8.0,4,2
6628,2022-06-27,28,16,1,1,15.85,15.85,4,3
6629,2022-06-04,9,8,1,2,75.99,151.98,4,3
6630,2022-06-05,11,15,1,1,75.9,75.9,4,1
6631,2022-06-06,25,3,1,2,129.65,259.3,4,1
6632,2022-06-27,8,19,1,1,25.99,25.99,4,1
6633,2022-06-08,30,20,1,3,34.69,104.07,4,1
6634,2022-06-23,3,17,1,1,26.99,26.99,4,4
6635,2022-06-14,25,10,2,1,53.99,53.99,4,6
6636,2022-06-30,20,15,2,2,88.96,177.92,2,8
6637,2022-06-15,2,1,2,1,1107.49,1107.49,4,8
6638,2022-06-09,27,1,2,2,1230.42,2460.84,4,8
6639,2022-06-07,27,7,2,1,125.57,125.57,4,6
6640,2022-06-21,4,18,2,1,17.99,17.99,4,6
6641,2022-06-29,11,17,2,2,47.99,95.98,4,5
6642,2022-06-10,19,10,2,1,55.74,55.74,4,7
6643,2022-06-20,12,8,2,2,34.39,68.78,2,7
6644,2022-06-09,10,17,2,3,34.99,104.97,4,6
6645,2022-06-09,9,13,2,1,107.99,107.99,4,8
6646,2022-06-23,16,17,2,2,47.74,95.48,4,7
6647,2022-06-05,17,16,2,1,12.99,12.99,4,8
6648,2022-06-08,9,19,2,5,25.89,129.45,4,6
6649,2022-06-08,4,19,2,3,31.57,94.71,4,6
6650,2022-06-09,20,10,2,2,48.35,96.7,4,6
6651,2022-06-15,12,16,2,3,9.99,29.97,4,7
6652,2022-06-25,1,20,2,4,31.99,127.96,2,6
6653,2022-06-16,8,3,2,4,62.99,251.96,2,8
6654,2022-06-12,16,5,2,5,10.04,50.2,4,5
6655,2022-06-20,20,19,2,4,19.24,76.96,4,8
6656,2022-06-01,30,10,2,5,46.99,234.95,4,6
6657,2022-06-29,6,17,2,5,23.99,119.95,4,8
6658,2022-06-26,25,20,2,4,34.36,137.44,4,7
6659,2022-06-17,23,11,2,2,568.17,1136.34,4,5
6660,2022-06-09,4,4,2,3,240.99,722.97,4,8
6661,2022-06-21,9,1,2,1,1349.94,1349.94,4,6
6662,2022-06-11,26,6,2,1,16.38,16.38,4,7
6663,2022-06-25,5,13,2,1,105.29,105.29,4,5
6664,2022-06-07,5,4,2,3,264.59,793.77,4,7
6665,2022-06-02,20,18,2,3,18.59,55.77,4,5
6666,2022-06-07,10,5,2,1,19.32,19.32,4,6
6667,2022-06-06,16,6,2,3,28.16,84.48,4,6
6668,2022-06-05,29,3,2,1,120.94,120.94,4,6
6669,2022-06-30,3,13,2,1,107.11,107.11,4,5
6670,2022-06-27,16,15,2,5,46.45,232.25,4,6
6671,2022-06-02,19,8,2,1,77.23,77.23,3,5
6672,2022-06-15,19,10,2,1,45.23,45.23,1,7
6673,2022-06-29,2,10,3,1,67.94,67.94,4,10
6674,2022-06-13,22,2,3,1,79.99,79.99,4,9
6675,2022-06-03,2,1,3,1,1315.16,1315.16,4,9
6676,2022-06-28,19,6,3,5,14.99,74.95,4,10
6677,2022-06-21,3,17,3,3,28.7,86.1,4,11
6678,2022-06-28,28,7,3,4,60.79,243.16,1,9
6679,2022-06-07,28,8,3,5,45.99,229.95,4,10
6680,2022-06-22,2,10,3,4,67.2,268.8,2,11
6681,2022-06-05,1,5,3,1,24.65,24.65,4,10
6682,2022-06-30,12,4,3,4,128.99,515.96,4,9
6683,2022-06-29,11,17,3,3,35.99,107.97,3,11
6684,2022-06-03,12,6,3,5,9.99,49.95,4,11
6685,2022-06-24,29,19,3,1,37.28,37.28,4,10
6686,2022-06-09,15,8,3,3,33.04,99.12,4,10
6687,2022-06-13,10,2,3,2,49.95,99.9,4,11
6688,2022-06-11,25,19,3,1,32.92,32.92,4,9
6689,2022-06-26,5,8,3,1,52.99,52.99,4,10
6690,2022-06-16,27,3,3,4,63.0,252.0,4,11
6691,2022-06-25,20,17,3,4,26.99,107.96,2,10
6692,2022-06-13,8,18,3,2,8.99,17.98,4,11
6693,2022-06-21,22,16,3,1,9.99,9.99,4,10
6694,2022-06-22,7,16,3,2,22.99,45.98,4,11
6695,2022-06-27,17,11,4,1,433.56,433.56,4,14
6696,2022-06-17,8,14,4,1,138.44,138.44,4,13
6697,2022-06-20,19,8,4,2,33.51,67.02,4,14
6698,2022-06-21,2,13,4,3,62.99,188.97,4,14
6699,2022-06-16,17,6,4,2,21.86,43.72,4,13
6700,2022-06-26,30,15,4,2,67.45,134.9,4,13
6701,2022-06-30,11,4,4,1,200.99,200.99,2,12
6702,2022-06-15,25,10,4,1,33.33,33.33,4,14
6703,2022-06-29,29,5,4,3,16.99,50.97,4,12
6704,2022-06-19,5,13,4,1,56.31,56.31,1,13
6705,2022-06-24,26,3,4,5,95.82,479.1,4,14
6706,2022-06-11,25,2,4,4,76.99,307.96,4,14
6707,2022-06-06,23,2,4,1,66.7,66.7,2,12
6708,2022-06-26,26,8,4,2,55.87,111.74,4,12
6709,2022-06-22,22,6,4,1,21.82,21.82,3,12
6710,2022-06-25,5,16,4,3,20.37,61.11,4,14
6711,2022-06-02,3,2,4,1,63.99,63.99,4,13
6712,2022-06-23,20,9,4,1,103.38,103.38,4,13
6713,2022-06-18,26,9,4,1,97.1,97.1,4,14
6714,2022-06-26,5,12,5,1,482.99,482.99,4,16
6715,2022-06-03,13,2,5,2,101.15,202.3,4,17
6716,2022-06-01,15,13,5,1,55.99,55.99,4,15
6717,2022-06-26,24,8,5,2,48.99,97.98,4,15
6718,2022-06-26,15,5,5,1,9.99,9.99,1,15
6719,2022-06-25,24,3,5,1,98.58,98.58,4,15
6720,2022-06-20,4,2,5,1,122.82,122.82,4,17
6721,2022-06-29,3,11,5,1,316.99,316.99,4,17
6722,2022-06-01,30,17,5,2,37.65,75.3,1,16
6723,2022-06-10,3,13,5,3,114.21,342.63,4,15
6724,2022-06-06,24,11,5,1,446.99,446.99,4,15
6725,2022-06-30,11,13,5,2,48.72,97.44,2,17
6726,2022-06-01,5,18,5,1,10.62,10.62,4,16
6727,2022-06-11,6,2,5,1,108.11,108.11,3,17
6728,2022-06-22,5,20,5,3,21.37,64.11,4,16
6729,2022-06-15,20,19,5,1,35.99,35.99,4,16
6730,2022-06-21,14,16,5,1,13.99,13.99,4,15
6731,2022-06-21,17,6,5,2,12.25,24.5,4,16
6732,2022-06-01,13,4,5,3,222.12,666.36,1,15
6733,2022-06-25,15,10,5,3,60.43,181.29,4,16
6734,2022-06-29,17,4,5,2,101.18,202.36,4,17
6735,2022-06-02,29,19,5,2,19.76,39.52,4,16
6736,2022-06-14,15,7,6,1,90.62,90.62,4,19
6737,2022-06-23,14,13,6,1,86.99,86.99,4,20
6738,2022-06-02,23,5,6,1,17.3,17.3,4,19
6739,2022-06-28,27,5,6,2,25.97,51.94,4,19
6740,2022-06-12,23,9,6,1,174.98,174.98,4,18
6741,2022-06-07,15,5,6,3,13.24,39.72,4,20
6742,2022-06-28,7,9,6,4,169.99,679.96,4,18
6743,2022-06-14,9,20,6,2,22.11,44.22,4,20
6744,2022-06-20,10,16,6,3,12.99,38.97,3,19
6745,2022-06-01,5,16,6,1,11.99,11.99,4,20
6746,2022-06-28,19,18,6,1,17.98,17.98,4,19
6747,2022-06-07,8,3,6,3,91.99,275.97,4,19
6748,2022-06-14,6,10,6,3,49.95,149.85,4,18
6749,2022-06-27,16,7,6,1,115.53,115.53,4,20
6750,2022-06-26,27,20,6,2,14.0,28.0,4,20
6751,2022-06-15,3,14,6,1,153.81,153.81,4,20
6752,2022-06-04,29,19,6,1,15.97,15.97,4,18
6753,2022-06-21,5,7,6,1,74.99,74.99,4,18
6754,2022-06-04,15,7,6,4,86.17,344.68,1,20
6755,2022-06-29,29,13,6,1,68.53,68.53,4,20
6756,2022-06-25,5,17,6,4,31.99,127.96,4,18
6757,2022-06-18,2,18,6,2,16.99,33.98,1,18
6758,2022-06-15,5,9,6,3,112.67,338.01,4,18
6759,2022-06-21,7,8,6,1,64.99,64.99,4,20
6760,2022-06-30,13,4,7,2,144.27,288.54,1,22
6761,2022-06-03,15,16,7,1,17.55,17.55,4,22
6762,2022-06-16,9,20,7,1,40.99,40.99,4,21
6763,2022-06-10,8,3,7,3,126.03,378.09,4,21
6764,2022-06-29,7,3,7,3,142.37,427.11,4,23
6765,2022-06-03,10,8,7,3,69.19,207.57,4,23
6766,2022-06-30,2,6,7,2,25.99,51.98,4,22
6767,2022-06-19,29,6,7,1,22.22,22.22,4,22
6768,2022-06-06,11,15,7,2,62.84,125.68,4,23
6769,2022-06-06,10,19,7,1,21.38,21.38,4,22
6770,2022-06-05,1,3,7,1,117.99,117.99,2,21
6771,2022-06-15,26,10,7,1,51.63,51.63,2,22
6772,2022-06-15,18,16,7,2,10.05,20.1,4,22
6773,2022-06-28,8,17,7,1,27.68,27.68,4,23
6774,2022-06-02,21,16,7,2,19.81,39.62,4,21
6775,2022-06-28,28,15,7,1,70.59,70.59,4,23
6776,2022-06-22,4,16,7,3,9.99,29.97,4,21
6777,2022-06-16,4,17,7,5,44.99,224.95,4,21
6778,2022-06-04,22,9,7,1,93.99,93.99,4,21
6779,2022-06-19,4,14,7,1,162.99,162.99,4,22
6780,2022-06-16,16,18,7,2,7.0,14.0,4,21
6781,2022-06-20,29,5,8,4,27.28,109.12,4,24
6782,2022-06-29,6,16,8,2,19.55,39.1,4,25
6783,2022-06-26,22,6,8,4,20.19,80.76,3,24
6784,2022-06-20,18,3,8,3,125.12,375.36,4,25
6785,2022-06-05,16,15,8,1,46.99,46.99,4,25
6786,2022-06-05,19,2,8,4,107.99,431.96,4,25
6787,2022-06-13,4,13,8,5,82.72,413.6,4,24
6788,2022-06-17,28,6,8,1,19.93,19.93,4,25
6789,2022-06-04,3,16,8,1,20.11,20.11,4,24
6790,2022-06-01,24,4,8,1,107.26,107.26,4,24
6791,2022-06-01,25,16,8,1,10.99,10.99,4,25
6792,2022-06-11,5,18,8,2,10.99,21.98,4,24
6793,2022-06-02,24,18,8,3,13.19,39.57,4,24
6794,2022-06-10,22,10,9,5,41.32,206.6,2,27
6795,2022-06-21,11,6,9,3,34.14,102.42,4,28
6796,2022-06-10,29,3,9,4,141.18,564.72,4,27
6797,2022-06-28,7,3,9,2,78.99,157.98,4,26
6798,2022-06-28,29,17,9,3,25.99,77.97,4,26
6799,2022-06-15,27,15,9,2,32.35,64.7,4,27
6800,2022-06-30,1,18,9,3,11.58,34.74,4,27
6801,2022-06-19,12,14,9,2,152.99,305.98,1,26
6802,2022-06-14,14,10,9,1,61.99,61.99,4,27
6803,2022-06-09,28,10,9,2,38.99,77.98,4,26
6804,2022-06-22,9,16,9,2,16.33,32.66,4,26
6805,2022-06-19,13,17,9,1,50.75,50.75,4,26
6806,2022-06-01,16,19,9,2,19.42,38.84,4,26
6807,2022-06-07,19,16,9,2,15.63,31.26,4,28
6808,2022-06-19,18,17,9,5,38.23,191.15,4,26
6809,2022-06-14,4,6,9,5,20.99,104.95,4,28
6810,2022-06-01,2,3,9,2,102.95,205.9,4,28
6811,2022-06-05,10,8,9,3,46.36,139.08,4,28
6812,2022-06-06,30,10,9,4,42.48,169.92,4,27
6813,2022-06-16,7,5,9,4,24.36,97.44,4,26
6814,2022-06-08,11,3,9,3,138.31,414.93,4,26
6815,2022-06-26,26,4,9,1,148.41,148.41,4,27
6816,2022-06-03,17,3,9,1,134.35,134.35,4,26
6817,2022-06-04,20,7,9,2,100.57,201.14,4,26
6818,2022-06-23,6,5,9,1,23.76,23.76,4,28
6819,2022-06-08,1,17,9,1,33.48,33.48,4,26
6820,2022-06-19,21,8,10,2,53.53,107.06,4,31
6821,2022-06-23,23,6,10,2,11.99,23.98,4,30
6822,2022-06-16,18,5,10,1,24.16,24.16,4,31
6823,2022-06-17,16,10,10,1,30.6,30.6,1,30
6824,2022-06-11,10,2,10,1,53.31,53.31,4,31
6825,2022-06-23,19,8,10,3,39.03,117.09,4,30
6826,2022-06-16,3,18,10,1,8.98,8.98,4,29
6827,2022-06-17,30,18,10,1,16.99,16.99,4,31
6828,2022-06-25,29,9,10,2,163.24,326.48,4,29
6829,2022-06-14,12,18,10,3,18.39,55.17,4,30
6830,2022-06-27,2,10,10,4,38.32,153.28,4,29
6831,2022-06-22,9,9,10,4,73.35,293.4,4,30
6832,2022-06-18,19,5,10,4,23.99,95.96,4,30
6833,2022-06-23,1,2,10,3,121.99,365.97,4,29
6834,2022-06-11,17,16,10,2,18.95,37.9,4,29
6835,2022-06-22,5,16,10,1,18.63,18.63,4,29
6836,2022-06-29,12,8,10,4,56.99,227.96,4,29
6837,2022-06-17,29,10,10,2,50.04,100.08,4,31
6838,2022-06-28,23,10,10,2,57.99,115.98,4,31
6839,2022-06-16,10,3,11,2,155.19,310.38,4,32
6840,2022-06-21,2,18,11,2,16.99,33.98,4,33
6841,2022-06-23,12,12,11,1,829.15,829.15,4,32
6842,2022-06-24,5,19,11,3,37.99,113.97,4,33
6843,2022-06-18,20,20,11,1,14.0,14.0,4,33
6844,2022-06-26,21,6,11,5,31.83,159.15,4,32
6845,2022-06-04,6,6,11,3,33.99,101.97,1,32
6846,2022-06-07,27,6,11,2,20.99,41.98,4,33
6847,2022-06-21,14,16,11,5,16.64,83.2,4,32
6848,2022-06-22,25,12,11,1,784.99,784.99,4,33
6849,2022-06-18,3,8,11,3,61.34,184.02,4,32
6850,2022-06-04,28,19,11,1,29.78,29.78,2,32
6851,2022-06-24,28,5,11,1,12.95,12.95,4,32
6852,2022-06-07,10,15,11,1,83.99,83.99,4,33
6853,2022-06-02,25,2,11,2,51.99,103.98,4,33
6854,2022-06-28,4,4,11,1,178.99,178.99,4,33
6855,2022-06-26,8,9,11,1,107.86,107.86,4,32
6856,2022-06-10,15,18,11,3,13.87,41.61,4,32
6857,2022-06-06,25,18,11,3,12.63,37.89,4,33
6858,2022-06-24,10,16,11,5,17.99,89.95,1,32
6859,2022-06-16,29,3,11,2,72.34,144.68,4,33
6860,2022-06-29,11,9,11,3,132.74,398.22,4,32
6861,2022-06-08,22,3,12,3,130.99,392.97,4,34
6862,2022-06-03,14,14,12,1,157.99,157.99,2,35
6863,2022-06-16,14,2,12,4,91.5,366.0,4,35
6864,2022-06-14,25,4,12,2,173.41,346.82,4,34
6865,2022-06-22,15,18,12,1,13.9,13.9,4,34
6866,2022-06-23,20,15,12,2,72.28,144.56,4,34
6867,2022-06-25,21,20,12,1,18.8,18.8,4,34
6868,2022-06-25,9,4,12,1,187.49,187.49,4,35
6869,2022-06-07,1,1,12,2,1097.19,2194.38,2,34
6870,2022-06-14,11,19,12,3,16.19,48.57,4,35
6871,2022-06-18,27,14,12,2,175.68,351.36,4,35
6872,2022-06-07,1,16,12,3,9.99,29.97,4,34
6873,2022-06-13,1,10,12,2,43.89,87.78,4,34
6874,2022-06-18,28,7,12,1,126.57,126.57,4,35
6875,2022-06-07,5,1,12,3,1049.99,3149.97,4,35
6876,2022-06-04,5,5,12,1,17.99,17.99,1,34
6877,2022-06-14,25,7,12,3,90.08,270.24,4,34
6878,2022-06-27,12,19,12,1,21.16,21.16,4,35
6879,2022-06-14,5,8,13,1,52.99,52.99,4,38
6880,2022-06-05,17,17,13,2,20.99,41.98,4,36
6881,2022-06-17,23,17,13,3,33.99,101.97,4,38
6882,2022-06-19,20,5,13,2,21.06,42.12,4,37
6883,2022-06-26,25,14,13,3,134.99,404.97,4,38
6884,2022-06-15,18,17,13,1,43.99,43.99,4,38
6885,2022-06-17,17,4,13,5,141.08,705.4,4,36
6886,2022-06-18,13,3,13,1,72.99,72.99,4,37
6887,2022-06-27,27,14,13,2,134.34,268.68,4,38
6888,2022-06-24,5,14,13,2,176.99,353.98,4,36
6889,2022-06-30,13,19,13,3,37.24,111.72,4,36
6890,2022-06-30,20,18,13,1,13.49,13.49,4,38
6891,2022-06-05,21,8,13,1,29.99,29.99,4,37
6892,2022-06-15,15,16,13,4,23.39,93.56,4,38
6893,2022-06-20,18,9,13,5,74.9,374.5,4,36
6894,2022-06-30,26,8,13,4,38.99,155.96,4,38
6895,2022-06-16,22,6,13,1,14.99,14.99,1,37
6896,2022-06-08,18,4,13,2,135.99,271.98,4,38
6897,2022-06-09,4,17,13,2,32.99,65.98,4,38
6898,2022-06-19,13,6,13,5,33.99,169.95,4,36
6899,2022-06-28,18,5,13,2,10.99,21.98,4,37
6900,2022-06-11,15,2,13,2,102.99,205.98,4,36
6901,2022-06-21,12,16,13,3,19.99,59.97,4,38
6902,2022-06-19,14,19,14,4,37.32,149.28,4,40
6903,2022-06-09,29,14,14,3,237.99,713.97,4,40
6904,2022-06-01,25,6,14,3,17.96,53.88,4,40
6905,2022-06-08,26,18,14,1,10.99,10.99,4,40
6906,2022-06-04,16,16,14,3,17.18,51.54,4,40
6907,2022-06-05,23,4,14,1,280.49,280.49,2,40
6908,2022-06-30,2,5,14,1,9.22,9.22,4,39
6909,2022-06-02,16,18,14,3,18.8,56.4,4,40
6910,2022-06-23,19,8,14,4,69.28,277.12,2,39
6911,2022-06-08,13,18,14,1,12.22,12.22,1,39
6912,2022-06-16,1,6,14,1,24.91,24.91,4,39
6913,2022-06-03,12,20,14,4,20.13,80.52,4,40
6914,2022-06-28,9,3,14,1,152.99,152.99,4,40
6915,2022-06-05,24,3,14,1,67.39,67.39,4,40
6916,2022-06-19,3,7,14,2,113.99,227.98,3,40
6917,2022-06-03,19,6,14,2,9.99,19.98,4,40
6918,2022-06-22,20,16,14,3,8.21,24.63,4,40
6919,2022-06-14,21,19,14,3,26.97,80.91,3,39
6920,2022-06-21,15,3,15,5,127.68,638.4,4,41
6921,2022-06-27,3,10,15,1,50.81,50.81,4,42
6922,2022-06-19,19,13,15,1,85.1,85.1,3,42
6923,2022-06-06,2,11,15,1,423.99,423.99,4,42
6924,2022-06-02,7,11,15,2,301.42,602.84,4,41
6925,2022-06-24,24,11,15,1,463.64,463.64,4,42
6926,2022-06-09,1,5,15,2,27.81,55.62,4,41
6927,2022-06-15,25,2,15,4,100.32,401.28,4,41
6928,2022-06-12,15,5,15,2,9.0,18.0,4,42
6929,2022-06-01,30,18,15,3,10.99,32.97,4,41
6930,2022-06-10,13,5,15,1,25.99,25.99,4,41
6931,2022-06-25,24,15,15,4,31.99,127.96,4,41
6932,2022-06-13,2,8,15,1,46.99,46.99,4,42
6933,2022-06-12,23,14,15,2,171.71,343.42,4,42
6934,2022-06-26,23,9,15,2,188.99,377.98,4,41
6935,2022-07-15,19,4,1,3,163.99,491.97,4,1
6936,2022-07-25,24,17,1,3,19.0,57.0,4,4
6937,2022-07-14,9,19,1,1,33.11,33.11,4,4
6938,2022-07-22,6,15,1,1,77.8,77.8,4,1
6939,2022-07-21,22,8,1,1,53.8,53.8,4,2
6940,2022-07-04,28,17,1,1,51.62,51.62,2,2
6941,2022-07-12,8,20,1,2,34.99,69.98,4,4
6942,2022-07-07,24,17,1,2,27.99,55.98,4,2
6943,2022-07-11,29,8,1,2,59.01,118.02,4,4
6944,2022-07-30,2,11,1,3,566.6,1699.8,4,1
6945,2022-07-29,7,16,2,1,21.31,21.31,1,5
6946,2022-07-28,8,6,2,2,11.77,23.54,4,7
6947,2022-07-15,30,14,2,2,206.99,413.98,4,7
6948,2022-07-17,28,20,2,1,35.22,35.22,4,5
6949,2022-07-04,9,20,2,2,38.88,77.76,4,8
6950,2022-07-04,2,9,2,4,120.99,483.96,4,5
6951,2022-07-30,14,8,2,1,75.16,75.16,4,7
6952,2022-07-28,13,14,2,2,219.4,438.8,4,6
6953,2022-07-20,20,18,2,1,8.99,8.99,4,5
6954,2022-07-05,26,5,2,3,11.99,35.97,4,5
6955,2022-07-17,20,18,2,2,10.99,21.98,4,5
6956,2022-07-18,13,10,3,3,49.99,149.97,4,9
6957,2022-07-07,22,5,3,1,12.99,12.99,4,10
6958,2022-07-14,4,3,3,4,75.39,301.56,4,10
6959,2022-07-10,27,6,3,3,20.59,61.77,4,11
6960,2022-07-20,24,18,3,2,11.56,23.12,4,9
6961,2022-07-14,29,11,3,1,440.2,440.2,4,9
6962,2022-07-31,9,19,3,1,19.39,19.39,4,11
6963,2022-07-22,10,15,4,2,46.99,93.98,4,12
6964,2022-07-07,5,13,4,2,47.35,94.7,4,14
6965,2022-07-15,19,9,4,2,133.99,267.98,4,12
6966,2022-07-05,3,6,4,1,16.99,16.99,3,14
6967,2022-07-05,12,6,4,2,19.99,39.98,4,12
6968,2022-07-03,28,20,4,3,15.34,46.02,4,12
6969,2022-07-09,4,13,4,1,54.99,54.99,4,13
6970,2022-07-12,1,18,4,3,10.99,32.97,4,12
6971,2022-07-22,22,3,5,5,94.07,470.35,4,16
6972,2022-07-14,17,19,5,1,28.99,28.99,2,16
6973,2022-07-17,20,2,5,2,94.91,189.82,2,15
6974,2022-07-29,10,7,5,1,79.78,79.78,4,17
6975,2022-07-11,7,10,5,2,37.51,75.02,4,17
6976,2022-07-15,13,4,5,3,267.98,803.94,4,16
6977,2022-07-08,17,19,6,2,27.52,55.04,4,18
6978,2022-07-23,7,4,6,4,263.64,1054.56,4,20
6979,2022-07-01,24,17,6,1,30.99,30.99,4,19
6980,2022-07-13,9,15,6,3,36.46,109.38,1,19
6981,2022-07-27,8,10,6,1,36.09,36.09,4,18
6982,2022-07-23,26,20,6,1,19.79,19.79,4,19
6983,2022-07-20,2,18,7,3,8.75,26.25,4,22
6984,2022-07-11,9,13,7,1,55.87,55.87,4,22
6985,2022-07-25,30,18,7,1,9.47,9.47,4,22
6986,2022-07-12,19,18,7,4,16.23,64.92,3,22
6987,2022-07-22,20,7,7,2,63.99,127.98,4,23
6988,2022-07-02,20,16,7,2,15.33,30.66,4,23
6989,2022-07-23,9,6,8,1,30.99,30.99,4,24
6990,2022-07-20,3,13,8,2,72.59,145.18,4,24
6991,2022-07-25,12,4,8,4,132.99,531.96,4,25
6992,2022-07-18,19,16,8,1,15.99,15.99,4,24
6993,2022-07-20,7,19,8,4,21.52,86.08,4,25
6994,2022-07-06,3,4,9,2,271.99,543.98,4,28
6995,2022-07-20,12,8,9,1,31.54,31.54,4,27
6996,2022-07-17,20,15,9,1,55.14,55.14,4,28
6997,2022-07-14,25,8,9,1,29.99,29.99,4,27
6998,2022-07-21,8,2,9,3,104.99,314.97,4,28
6999,2022-07-07,22,14,9,1,144.2,144.2,4,27
7000,2022-07-26,22,6,9,3,20.81,62.43,4,27
7001,2022-07-21,14,5,9,5,19.99,99.95,4,28
7002,2022-07-28,2,6,10,4,33.39,133.56,4,31
7003,2022-07-11,3,4,10,1,138.14,138.14,4,30
7004,2022-07-14,1,19,10,5,32.09,160.45,4,30
7005,2022-07-24,24,20,10,2,40.95,81.9,4,30
7006,2022-07-29,18,3,10,3,66.68,200.04,4,29
7007,2022-07-06,4,4,10,1,215.43,215.43,1,31
7008,2022-07-28,20,17,11,1,23.99,23.99,4,32
7009,2022-07-09,30,20,11,2,19.99,39.98,4,32
7010,2022-07-24,10,3,11,1,148.99,148.99,4,33
7011,2022-07-09,27,6,11,2,31.41,62.82,4,33
7012,2022-07-02,3,16,11,2,19.99,39.98,4,32
7013,2022-07-18,7,6,11,3,18.99,56.97,4,32
7014,2022-07-14,2,13,11,1,69.95,69.95,4,32
7015,2022-07-03,29,2,11,2,93.99,187.98,4,33
7016,2022-07-18,10,3,12,1,104.41,104.41,4,35
7017,2022-07-16,25,8,12,2,25.0,50.0,4,34
7018,2022-07-14,22,6,12,1,24.91,24.91,4,34
7019,2022-07-20,20,20,12,1,33.48,33.48,4,35
7020,2022-07-13,20,12,12,3,874.35,2623.05,4,34
7021,2022-07-04,21,18,13,1,18.64,18.64,4,38
7022,2022-07-13,8,3,13,1,127.99,127.99,4,38
7023,2022-07-03,4,7,13,4,84.96,339.84,4,37
7024,2022-07-29,15,19,13,1,19.07,19.07,3,36
7025,2022-07-25,20,17,13,2,34.64,69.28,4,37
7026,2022-07-18,18,7,13,1,55.99,55.99,4,38
7027,2022-07-02,23,16,13,1,20.99,20.99,4,37
7028,2022-07-09,7,18,14,3,14.99,44.97,4,40
7029,2022-07-01,15,6,14,1,9.99,9.99,3,40
7030,2022-07-25,11,3,14,1,151.07,151.07,4,40
7031,2022-07-11,20,11,14,2,595.03,1190.06,4,40
7032,2022-07-09,7,19,14,1,19.99,19.99,4,39
7033,2022-07-06,28,7,14,1,64.28,64.28,3,40
7034,2022-07-29,18,10,15,3,30.91,92.73,4,41
7035,2022-07-24,20,16,15,1,19.99,19.99,1,41
7036,2022-07-12,18,17,15,1,20.99,20.99,4,42
7037,2022-07-21,6,6,15,4,28.99,115.96,4,42
7038,2022-07-06,10,17,15,1,43.92,43.92,4,42
7039,2022-08-24,10,18,1,1,17.99,17.99,4,3
7040,2022-08-05,18,5,1,2,22.99,45.98,4,1
7041,2022-08-08,23,19,1,2,22.44,44.88,4,4
7042,2022-08-27,14,19,1,1,16.45,16.45,1,2
7043,2022-08-10,25,17,1,2,52.69,105.38,4,4
7044,2022-08-18,26,2,2,1,49.64,49.64,4,8
7045,2022-08-23,14,1,2,1,1347.3,1347.3,4,6
7046,2022-08-20,16,2,2,2,67.86,135.72,4,7
7047,2022-08-28,7,7,2,2,101.14,202.28,3,6
7048,2022-08-08,16,9,2,2,91.99,183.98,4,7
7049,2022-08-16,22,3,3,1,82.99,82.99,4,9
7050,2022-08-28,13,4,3,4,182.14,728.56,4,11
7051,2022-08-29,30,2,3,1,56.99,56.99,4,9
7052,2022-08-08,18,13,3,1,50.28,50.28,4,11
7053,2022-08-12,7,6,3,2,29.99,59.98,4,9
7054,2022-08-31,10,15,4,2,42.99,85.98,4,14
7055,2022-08-11,27,5,4,1,17.99,17.99,4,14
7056,2022-08-29,7,19,4,1,36.99,36.99,4,13
7057,2022-08-25,7,14,5,4,202.04,808.16,4,15
7058,2022-08-11,27,16,5,2,20.2,40.4,4,17
7059,2022-08-20,12,18,5,2,13.6,27.2,4,16
7060,2022-08-06,20,3,6,1,126.99,126.99,4,19
7061,2022-08-10,7,3,6,5,131.99,659.95,4,20
7062,2022-08-05,15,6,6,1,31.97,31.97,4,20
7063,2022-08-04,5,8,7,2,86.35,172.7,4,22
7064,2022-08-09,1,3,7,1,97.04,97.04,4,23
7065,2022-08-27,30,19,8,1,37.31,37.31,4,25
7066,2022-08-28,9,8,8,5,37.97,189.85,4,25
7067,2022-08-31,20,16,9,2,12.89,25.78,4,27
7068,2022-08-06,17,7,9,3,49.52,148.56,4,27
7069,2022-08-07,16,5,9,3,23.73,71.19,4,28
7070,2022-08-05,27,17,9,1,42.08,42.08,4,27
7071,2022-08-04,13,13,9,1,87.23,87.23,4,26
7072,2022-08-12,24,3,10,1,154.09,154.09,4,30
7073,2022-08-26,10,5,10,5,27.99,139.95,2,31
7074,2022-08-17,27,18,10,5,11.99,59.95,4,29
7075,2022-08-10,25,17,10,2,31.99,63.98,4,29
7076,2022-08-20,29,4,11,1,166.47,166.47,4,32
7077,2022-08-02,17,19,11,3,15.08,45.24,4,33
7078,2022-08-27,25,16,11,1,19.98,19.98,4,32
7079,2022-08-24,24,20,12,1,15.38,15.38,3,34
7080,2022-08-05,28,19,12,2,34.81,69.62,4,35
7081,2022-08-23,19,15,12,5,30.99,154.95,4,34
7082,2022-08-26,12,5,13,2,13.45,26.9,4,38
7083,2022-08-12,23,2,13,5,99.12,495.6,4,36
7084,2022-08-25,30,16,13,2,18.58,37.16,4,36
7085,2022-08-15,15,7,13,3,75.99,227.97,4,38
7086,2022-08-10,19,4,14,3,250.59,751.77,4,40
7087,2022-08-10,9,5,14,1,13.99,13.99,4,40
7088,2022-08-27,17,1,14,1,1204.75,1204.75,4,39
7089,2022-08-26,21,12,14,2,749.99,1499.98,4,39
7090,2022-08-19,3,10,15,1,29.0,29.0,4,41
7091,2022-08-07,10,13,15,2,82.98,165.96,3,41
7092,2022-08-15,8,13,15,1,65.99,65.99,4,41
7093,2022-09-09,11,12,1,4,540.44,2161.76,4,1
7094,2022-09-04,19,18,1,2,17.64,35.28,4,2
7095,2022-09-17,21,6,1,3,11.9,35.7,2,3
7096,2022-09-19,22,5,1,3,13.99,41.97,4,4
7097,2022-09-25,28,6,1,5,26.02,130.1,4,1
7098,2022-09-17,16,3,1,5,132.61,663.05,4,1
7099,2022-09-03,16,2,1,4,63.02,252.08,4,4
7100,2022-09-09,11,3,1,1,146.7,146.7,4,2
7101,2022-09-03,8,17,1,2,21.64,43.28,4,3
7102,2022-09-26,23,17,1,2,37.02,74.04,1,4
7103,2022-09-06,20,15,1,3,34.99,104.97,4,1
7104,2022-09-20,11,15,1,3,79.34,238.02,4,3
7105,2022-09-30,2,3,1,1,62.99,62.99,4,1
7106,2022-09-08,21,18,1,2,12.99,25.98,4,4
7107,2022-09-02,28,10,1,3,41.99,125.97,2,2
7108,2022-09-27,2,7,1,2,92.67,185.34,4,2
7109,2022-09-29,18,14,1,4,175.89,703.56,4,3
7110,2022-09-03,28,11,1,4,434.99,1739.96,4,2
7111,2022-09-15,12,16,1,1,21.09,21.09,4,1
7112,2022-09-08,21,20,1,1,28.48,28.48,4,1
7113,2022-09-23,10,2,1,1,118.99,118.99,4,2
7114,2022-09-24,9,5,1,1,20.34,20.34,4,3
7115,2022-09-05,19,17,1,1,39.87,39.87,1,4
7116,2022-09-30,15,3,1,2,131.99,263.98,4,4
7117,2022-09-01,4,2,1,1,55.93,55.93,4,3
7118,2022-09-15,28,17,1,1,19.15,19.15,3,4
7119,2022-09-24,24,8,1,4,44.89,179.56,4,3
7120,2022-09-05,1,17,1,1,30.14,30.14,4,4
7121,2022-09-03,18,10,1,2,52.99,105.98,4,4
7122,2022-09-29,11,5,1,2,25.99,51.98,4,3
7123,2022-09-06,8,3,1,4,124.01,496.04,3,4
7124,2022-09-03,22,8,1,2,83.97,167.94,4,3
7125,2022-09-23,7,4,1,4,104.72,418.88,4,1
7126,2022-09-13,27,8,1,1,52.99,52.99,4,4
7127,2022-09-12,19,17,1,4,36.99,147.96,4,2
7128,2022-09-25,26,15,1,2,75.74,151.48,4,3
7129,2022-09-03,26,18,1,3,10.81,32.43,4,2
7130,2022-09-30,4,15,1,1,52.39,52.39,4,4
7131,2022-09-25,4,17,1,3,24.05,72.15,3,1
7132,2022-09-23,23,15,1,2,74.99,149.98,4,3
7133,2022-09-14,19,9,1,3,182.99,548.97,4,2
7134,2022-09-11,15,3,1,1,61.83,61.83,4,4
7135,2022-09-29,12,5,1,2,25.81,51.62,4,3
7136,2022-09-22,23,16,2,3,20.99,62.97,4,6
7137,2022-09-06,28,13,2,2,56.35,112.7,4,8
7138,2022-09-23,23,1,2,1,1148.76,1148.76,4,6
7139,2022-09-19,1,1,2,1,1358.38,1358.38,4,5
7140,2022-09-10,30,18,2,1,10.65,10.65,4,5
7141,2022-09-24,27,1,2,2,1092.07,2184.14,4,7
7142,2022-09-20,11,2,2,1,122.37,122.37,4,5
7143,2022-09-09,13,7,2,3,132.9,398.7,4,5
7144,2022-09-07,14,16,2,2,15.99,31.98,4,7
7145,2022-09-30,3,19,2,3,23.72,71.16,4,8
7146,2022-09-29,30,2,2,1,96.82,96.82,4,8
7147,2022-09-23,22,6,2,3,24.99,74.97,4,6
7148,2022-09-18,15,14,2,3,138.72,416.16,4,5
7149,2022-09-27,15,4,2,1,106.63,106.63,4,8
7150,2022-09-11,2,19,2,2,20.64,41.28,4,7
7151,2022-09-18,26,16,2,2,23.37,46.74,4,8
7152,2022-09-04,19,5,2,4,13.02,52.08,4,5
7153,2022-09-09,3,18,2,4,7.0,28.0,4,7
7154,2022-09-27,18,15,2,1,88.09,88.09,4,7
7155,2022-09-25,30,19,2,1,22.99,22.99,4,7
7156,2022-09-22,26,16,2,4,21.99,87.96,4,7
7157,2022-09-06,8,9,2,1,153.99,153.99,4,6
7158,2022-09-25,13,6,2,3,15.47,46.41,4,7
7159,2022-09-24,2,19,2,1,29.03,29.03,2,7
7160,2022-09-26,7,16,2,3,15.56,46.68,4,5
7161,2022-09-03,24,16,2,2,14.71,29.42,4,7
7162,2022-09-12,25,3,2,1,143.0,143.0,4,5
7163,2022-09-11,13,9,2,1,196.31,196.31,4,6
7164,2022-09-05,12,10,2,3,63.43,190.29,4,8
7165,2022-09-01,2,1,2,1,843.22,843.22,4,7
7166,2022-09-25,8,7,2,5,90.18,450.9,4,5
7167,2022-09-12,26,8,2,1,31.99,31.99,4,6
7168,2022-09-27,7,19,2,1,24.99,24.99,4,5
7169,2022-09-16,23,16,2,5,17.99,89.95,4,5
7170,2022-09-07,24,4,2,2,220.57,441.14,4,7
7171,2022-09-21,30,9,3,4,123.66,494.64,4,10
7172,2022-09-30,28,7,3,1,139.99,139.99,4,11
7173,2022-09-10,5,10,3,2,51.46,102.92,4,10
7174,2022-09-02,15,18,3,2,13.99,27.98,4,10
7175,2022-09-17,24,6,3,2,18.99,37.98,3,10
7176,2022-09-19,5,4,3,2,152.07,304.14,4,10
7177,2022-09-21,18,13,3,1,65.99,65.99,4,10
7178,2022-09-29,4,5,3,2,17.99,35.98,4,9
7179,2022-09-21,10,2,3,4,102.21,408.84,4,11
7180,2022-09-14,19,17,3,2,21.78,43.56,1,10
7181,2022-09-17,28,10,3,2,63.95,127.9,4,9
7182,2022-09-28,18,8,3,3,67.87,203.61,4,11
7183,2022-09-10,6,16,3,1,19.25,19.25,4,9
7184,2022-09-16,10,10,3,1,61.92,61.92,4,10
7185,2022-09-14,18,6,3,2,16.99,33.98,4,11
7186,2022-09-05,29,2,3,3,67.68,203.04,4,9
7187,2022-09-17,16,14,3,1,211.31,211.31,4,11
7188,2022-09-14,4,6,3,1,30.79,30.79,4,11
7189,2022-09-04,26,10,3,1,38.48,38.48,3,11
7190,2022-09-11,28,7,3,1,82.91,82.91,4,9
7191,2022-09-13,12,20,3,1,32.43,32.43,4,10
7192,2022-09-16,26,11,3,4,289.16,1156.64,4,9
7193,2022-09-27,26,4,3,3,115.51,346.53,4,10
7194,2022-09-02,24,3,3,2,64.15,128.3,4,10
7195,2022-09-09,22,8,3,3,46.3,138.9,4,10
7196,2022-09-10,7,15,3,2,42.73,85.46,4,9
7197,2022-09-22,3,16,3,3,18.15,54.45,4,11
7198,2022-09-24,20,20,3,1,30.45,30.45,4,11
7199,2022-09-13,27,13,4,1,85.21,85.21,4,13
7200,2022-09-17,11,6,4,1,11.78,11.78,4,13
7201,2022-09-21,30,3,4,2,119.99,239.98,4,13
7202,2022-09-20,20,16,4,1,21.99,21.99,4,12
7203,2022-09-17,2,5,4,1,24.99,24.99,4,13
7204,2022-09-11,18,10,4,2,48.99,97.98,4,14
7205,2022-09-10,8,7,4,1,106.99,106.99,4,12
7206,2022-09-30,6,2,4,1,68.65,68.65,3,13
7207,2022-09-03,5,15,4,1,85.99,85.99,4,12
7208,2022-09-05,17,14,4,1,155.99,155.99,4,13
7209,2022-09-27,13,3,4,1,158.62,158.62,3,14
7210,2022-09-28,16,19,4,1,29.36,29.36,4,13
7211,2022-09-06,14,20,4,2,22.03,44.06,4,12
7212,2022-09-10,14,5,4,5,25.99,129.95,4,13
7213,2022-09-21,25,5,4,3,27.99,83.97,4,12
7214,2022-09-18,26,19,4,3,20.07,60.21,4,13
7215,2022-09-16,24,5,4,2,18.99,37.98,4,13
7216,2022-09-24,11,6,4,5,18.99,94.95,4,14
7217,2022-09-03,22,19,4,4,17.73,70.92,4,14
7218,2022-09-17,17,10,4,3,34.99,104.97,4,12
7219,2022-09-04,5,5,4,2,22.26,44.52,2,13
7220,2022-09-27,22,14,4,5,196.79,983.95,4,14
7221,2022-09-10,23,5,4,1,25.51,25.51,4,13
7222,2022-09-15,8,2,4,1,109.38,109.38,4,12
7223,2022-09-27,4,9,4,1,106.99,106.99,4,14
7224,2022-09-20,14,16,4,2,12.48,24.96,4,12
7225,2022-09-17,4,5,4,3,9.29,27.87,4,12
7226,2022-09-12,16,10,4,1,56.25,56.25,4,12
7227,2022-09-02,16,18,4,1,7.99,7.99,4,14
7228,2022-09-01,18,4,4,3,284.87,854.61,4,13
7229,2022-09-01,14,9,4,4,184.81,739.24,4,13
7230,2022-09-16,21,2,4,3,95.3,285.9,4,14
7231,2022-09-22,19,14,4,3,220.99,662.97,4,13
7232,2022-09-23,14,5,4,1,14.99,14.99,1,12
7233,2022-09-28,30,3,4,2,127.65,255.3,1,14
7234,2022-09-06,2,3,5,1,132.99,132.99,4,16
7235,2022-09-19,13,16,5,2,15.99,31.98,4,15
7236,2022-09-28,27,8,5,4,43.3,173.2,4,15
7237,2022-09-26,12,9,5,2,80.99,161.98,4,17
7238,2022-09-19,13,2,5,1,107.9,107.9,4,16
7239,2022-09-17,23,7,5,3,69.11,207.33,4,16
7240,2022-09-14,27,1,5,1,1212.23,1212.23,4,16
7241,2022-09-13,7,17,5,3,47.25,141.75,4,15
7242,2022-09-23,5,15,5,4,68.66,274.64,4,16
7243,2022-09-09,21,17,5,1,50.99,50.99,4,17
7244,2022-09-15,21,8,5,3,41.28,123.84,4,17
7245,2022-09-09,17,4,5,1,100.01,100.01,3,16
7246,2022-09-04,15,5,5,1,19.21,19.21,2,16
7247,2022-09-08,6,10,5,5,34.89,174.45,4,15
7248,2022-09-22,8,10,5,2,60.22,120.44,4,15
7249,2022-09-05,7,18,5,1,9.99,9.99,4,17
7250,2022-09-16,12,10,5,2,45.86,91.72,3,16
7251,2022-09-21,1,2,5,2,116.99,233.98,4,16
7252,2022-09-06,9,14,5,2,133.99,267.98,4,16
7253,2022-09-10,19,10,5,1,34.14,34.14,4,15
7254,2022-09-13,29,20,5,1,22.96,22.96,4,15
7255,2022-09-22,21,10,5,2,43.82,87.64,4,15
7256,2022-09-04,7,19,5,2,33.06,66.12,4,15
7257,2022-09-07,22,9,5,2,103.99,207.98,4,17
7258,2022-09-11,22,1,5,2,851.58,1703.16,4,15
7259,2022-09-29,28,15,5,2,47.52,95.04,4,15
7260,2022-09-13,11,16,5,1,15.52,15.52,4,16
7261,2022-09-15,27,5,6,3,10.34,31.02,4,19
7262,2022-09-02,26,7,6,3,101.99,305.97,4,20
7263,2022-09-03,18,14,6,4,123.75,495.0,4,18
7264,2022-09-14,30,18,6,2,15.44,30.88,4,20
7265,2022-09-01,17,6,6,2,19.09,38.18,4,19
7266,2022-09-13,4,18,6,3,16.99,50.97,4,18
7267,2022-09-28,1,3,6,1,101.99,101.99,4,19
7268,2022-09-08,16,1,6,1,916.99,916.99,4,19
7269,2022-09-09,5,13,6,2,71.65,143.3,4,20
7270,2022-09-13,16,3,6,2,112.99,225.98,4,19
7271,2022-09-22,19,6,6,4,25.99,103.96,3,19
7272,2022-09-29,22,16,6,1,13.49,13.49,1,18
7273,2022-09-26,18,18,6,3,15.5,46.5,4,18
7274,2022-09-21,8,20,6,3,31.28,93.84,4,19
7275,2022-09-17,27,10,6,1,51.3,51.3,4,18
7276,2022-09-29,25,13,6,2,118.08,236.16,4,18
7277,2022-09-26,17,19,6,1,26.42,26.42,4,18
7278,2022-09-07,17,3,6,4,67.89,271.56,2,18
7279,2022-09-15,4,15,6,1,30.99,30.99,4,18
7280,2022-09-28,3,5,6,1,18.1,18.1,3,19
7281,2022-09-20,9,2,6,2,49.99,99.98,4,20
7282,2022-09-29,8,18,6,1,17.06,17.06,4,18
7283,2022-09-09,19,18,6,1,7.0,7.0,4,18
7284,2022-09-08,25,18,6,2,8.31,16.62,4,20
7285,2022-09-24,19,18,7,2,11.99,23.98,4,21
7286,2022-09-21,14,8,7,1,29.83,29.83,4,22
7287,2022-09-30,18,6,7,4,18.71,74.84,4,23
7288,2022-09-27,30,5,7,5,21.42,107.1,4,22
7289,2022-09-02,21,19,7,1,26.88,26.88,4,23
7290,2022-09-20,22,4,7,3,272.14,816.42,4,23
7291,2022-09-17,27,18,7,1,12.06,12.06,4,23
7292,2022-09-26,13,17,7,4,23.88,95.52,4,23
7293,2022-09-19,24,3,7,4,146.23,584.92,4,23
7294,2022-09-28,1,9,7,3,174.54,523.62,4,23
7295,2022-09-12,29,9,7,4,163.99,655.96,4,22
7296,2022-09-15,11,15,7,4,56.84,227.36,4,23
7297,2022-09-22,21,17,7,1,50.99,50.99,4,23
7298,2022-09-14,7,10,7,3,59.99,179.97,4,23
7299,2022-09-19,15,5,7,3,27.53,82.59,4,22
7300,2022-09-18,27,10,7,2,46.87,93.74,4,22
7301,2022-09-12,13,5,7,3,23.99,71.97,4,21
7302,2022-09-29,5,19,7,1,14.0,14.0,4,21
7303,2022-09-22,6,11,7,2,559.54,1119.08,4,23
7304,2022-09-25,6,15,7,2,49.79,99.58,4,23
7305,2022-09-16,25,8,7,1,57.99,57.99,4,21
7306,2022-09-02,24,8,7,3,78.28,234.84,4,23
7307,2022-09-01,7,8,7,3,30.32,90.96,4,23
7308,2022-09-10,3,6,7,3,17.07,51.21,3,23
7309,2022-09-29,24,6,7,2,11.91,23.82,4,22
7310,2022-09-10,21,13,7,3,68.99,206.97,4,22
7311,2022-09-27,24,17,8,5,28.02,140.1,4,24
7312,2022-09-23,25,17,8,5,24.99,124.95,4,25
7313,2022-09-06,16,11,8,1,497.99,497.99,2,24
7314,2022-09-14,3,8,8,2,31.99,63.98,4,24
7315,2022-09-11,19,16,8,3,8.72,26.16,4,24
7316,2022-09-28,30,13,8,1,44.99,44.99,4,24
7317,2022-09-21,11,8,8,1,44.99,44.99,4,24
7318,2022-09-03,10,9,8,4,131.72,526.88,4,24
7319,2022-09-09,12,8,8,1,30.5,30.5,4,25
7320,2022-09-28,11,5,8,2,17.3,34.6,4,25
7321,2022-09-20,21,3,8,2,60.99,121.98,4,25
7322,2022-09-17,10,8,8,1,28.49,28.49,4,25
7323,2022-09-11,26,4,8,4,99.29,397.16,2,25
7324,2022-09-08,15,8,8,3,66.68,200.04,4,24
7325,2022-09-21,16,17,8,2,22.57,45.14,4,25
7326,2022-09-10,5,17,8,5,28.92,144.6,4,25
7327,2022-09-19,27,2,8,1,122.39,122.39,4,25
7328,2022-09-07,24,20,8,3,21.76,65.28,4,24
7329,2022-09-07,20,13,8,2,70.99,141.98,4,25
7330,2022-09-05,3,19,8,1,29.46,29.46,4,24
7331,2022-09-14,29,16,8,5,11.77,58.85,4,25
7332,2022-09-23,20,2,9,1,113.07,113.07,4,28
7333,2022-09-30,13,13,9,1,93.09,93.09,4,26
7334,2022-09-27,13,20,9,1,40.99,40.99,4,26
7335,2022-09-12,26,9,9,1,159.27,159.27,4,26
7336,2022-09-10,24,20,9,1,35.54,35.54,4,26
7337,2022-09-29,6,2,9,3,57.99,173.97,4,26
7338,2022-09-21,9,14,9,1,172.99,172.99,4,27
7339,2022-09-04,19,15,9,1,65.99,65.99,4,27
7340,2022-09-20,28,19,9,1,37.65,37.65,4,26
7341,2022-09-08,12,16,9,1,12.99,12.99,4,26
7342,2022-09-25,15,10,9,1,40.99,40.99,4,28
7343,2022-09-01,23,16,9,1,11.99,11.99,4,28
7344,2022-09-16,27,3,9,2,112.19,224.38,4,27
7345,2022-09-18,10,15,9,2,38.66,77.32,4,27
7346,2022-09-13,16,3,9,1,102.13,102.13,4,26
7347,2022-09-23,29,20,9,2,25.99,51.98,4,28
7348,2022-09-06,5,5,9,1,25.99,25.99,4,26
7349,2022-09-18,13,16,9,3,9.99,29.97,4,28
7350,2022-09-05,25,19,9,5,27.54,137.7,4,27
7351,2022-09-09,10,5,9,1,16.99,16.99,4,28
7352,2022-09-01,19,7,9,3,52.7,158.1,4,27
7353,2022-09-12,19,5,9,2,14.36,28.72,4,26
7354,2022-09-25,24,5,9,1,27.99,27.99,4,27
7355,2022-09-25,23,11,9,2,360.35,720.7,4,28
7356,2022-09-23,4,10,9,1,47.02,47.02,4,28
7357,2022-09-12,1,17,9,3,51.99,155.97,4,26
7358,2022-09-22,15,18,9,1,17.39,17.39,4,26
7359,2022-09-10,19,10,9,2,42.94,85.88,4,26
7360,2022-09-22,8,20,9,1,24.99,24.99,3,26
7361,2022-09-28,6,2,9,3,100.31,300.93,4,26
7362,2022-09-17,6,19,9,2,16.99,33.98,4,26
7363,2022-09-21,19,16,9,3,10.99,32.97,4,27
7364,2022-09-19,2,3,9,1,145.53,145.53,4,28
7365,2022-09-19,11,1,9,1,1276.16,1276.16,4,26
7366,2022-09-20,26,11,9,4,542.13,2168.52,4,26
7367,2022-09-27,17,10,9,1,53.49,53.49,4,26
7368,2022-09-30,14,5,9,1,24.99,24.99,4,26
7369,2022-09-28,16,15,9,1,42.98,42.98,1,28
7370,2022-09-26,29,7,9,2,64.99,129.98,4,27
7371,2022-09-29,26,20,9,1,30.13,30.13,2,28
7372,2022-09-04,3,19,9,1,35.5,35.5,4,26
7373,2022-09-02,19,1,9,2,1073.03,2146.06,4,28
7374,2022-09-30,25,3,9,1,158.24,158.24,4,27
7375,2022-09-10,17,18,9,2,12.65,25.3,4,28
7376,2022-09-26,1,15,10,1,65.13,65.13,4,29
7377,2022-09-23,25,5,10,3,28.72,86.16,4,29
7378,2022-09-18,14,19,10,2,22.38,44.76,4,31
7379,2022-09-28,27,4,10,3,236.98,710.94,4,31
7380,2022-09-30,25,18,10,3,7.98,23.94,4,30
7381,2022-09-28,2,15,10,2,34.3,68.6,4,29
7382,2022-09-23,2,16,10,1,11.5,11.5,4,29
7383,2022-09-20,21,4,10,1,152.14,152.14,4,30
7384,2022-09-03,18,7,10,4,120.03,480.12,4,31
7385,2022-09-30,22,3,10,1,81.12,81.12,4,31
7386,2022-09-03,5,6,10,1,32.4,32.4,4,29
7387,2022-09-26,9,6,10,3,10.99,32.97,4,31
7388,2022-09-11,11,15,10,2,42.97,85.94,4,29
7389,2022-09-18,8,3,10,1,103.99,103.99,4,29
7390,2022-09-24,3,1,10,2,1333.35,2666.7,2,31
7391,2022-09-08,6,11,10,3,330.99,992.97,4,30
7392,2022-09-30,24,12,10,1,655.92,655.92,4,30
7393,2022-09-21,17,13,10,3,106.99,320.97,4,31
7394,2022-09-04,28,7,10,2,110.39,220.78,4,29
7395,2022-09-29,12,5,10,3,19.68,59.04,2,31
7396,2022-09-20,17,6,10,2,10.81,21.62,4,29
7397,2022-09-11,18,8,10,2,68.99,137.98,4,29
7398,2022-09-29,13,4,10,2,249.99,499.98,4,30
7399,2022-09-01,27,16,10,1,8.0,8.0,4,31
7400,2022-09-27,1,12,10,5,538.04,2690.2,2,31
7401,2022-09-04,4,2,10,2,77.99,155.98,4,30
7402,2022-09-11,27,13,10,2,65.25,130.5,4,29
7403,2022-09-09,12,7,10,2,113.99,227.98,4,31
7404,2022-09-27,13,16,10,3,12.1,36.3,4,31
7405,2022-09-30,17,9,10,3,168.97,506.91,4,29
7406,2022-09-24,16,3,10,4,122.02,488.08,4,31
7407,2022-09-23,8,14,10,1,187.99,187.99,4,29
7408,2022-09-01,25,9,10,1,164.99,164.99,4,31
7409,2022-09-06,30,6,10,2,11.21,22.42,4,31
7410,2022-09-21,24,3,11,2,67.99,135.98,1,33
7411,2022-09-15,28,20,11,1,21.37,21.37,4,33
7412,2022-09-26,2,20,11,4,40.4,161.6,4,33
7413,2022-09-15,11,18,11,1,10.99,10.99,4,33
7414,2022-09-10,15,17,11,1,32.99,32.99,4,33
7415,2022-09-20,28,1,11,5,1193.99,5969.95,4,32
7416,2022-09-19,11,20,11,4,22.42,89.68,4,33
7417,2022-09-21,12,16,11,3,13.99,41.97,4,32
7418,2022-09-20,25,9,11,3,195.9,587.7,4,32
7419,2022-09-15,13,19,11,2,31.54,63.08,4,33
7420,2022-09-06,27,1,11,1,1384.99,1384.99,4,32
7421,2022-09-16,30,1,11,3,838.42,2515.26,4,33
7422,2022-09-25,16,2,11,2,82.99,165.98,4,33
7423,2022-09-20,17,8,11,4,61.4,245.6,4,32
7424,2022-09-25,14,17,11,1,51.68,51.68,4,32
7425,2022-09-29,3,8,11,5,85.99,429.95,4,33
7426,2022-09-11,27,10,11,1,66.99,66.99,4,32
7427,2022-09-26,5,5,11,4,25.99,103.96,4,33
7428,2022-09-27,7,11,11,2,545.74,1091.48,4,32
7429,2022-09-02,28,4,11,1,265.0,265.0,4,32
7430,2022-09-24,25,6,11,1,33.03,33.03,4,33
7431,2022-09-08,25,5,11,1,14.9,14.9,4,32
7432,2022-09-14,27,4,11,1,236.29,236.29,4,33
7433,2022-09-30,8,19,11,1,27.99,27.99,4,32
7434,2022-09-23,19,18,11,1,18.41,18.41,2,33
7435,2022-09-07,7,15,11,1,35.99,35.99,4,32
7436,2022-09-18,17,16,11,2,8.99,17.98,4,32
7437,2022-09-27,29,16,12,1,12.21,12.21,4,35
7438,2022-09-29,26,3,12,1,69.38,69.38,4,35
7439,2022-09-23,1,5,12,2,23.27,46.54,4,34
7440,2022-09-23,21,16,12,4,22.33,89.32,4,35
7441,2022-09-25,5,16,12,1,14.99,14.99,4,35
7442,2022-09-24,8,3,12,5,128.0,640.0,4,35
7443,2022-09-21,15,20,12,2,41.43,82.86,4,35
7444,2022-09-06,1,5,12,4,12.7,50.8,4,34
7445,2022-09-15,13,3,12,1,80.72,80.72,4,35
7446,2022-09-28,12,20,12,3,31.43,94.29,4,34
7447,2022-09-30,3,2,12,1,127.99,127.99,4,35
7448,2022-09-01,20,18,12,3,12.06,36.18,4,34
7449,2022-09-05,23,2,12,3,56.47,169.41,4,34
7450,2022-09-28,3,20,12,1,30.99,30.99,4,34
7451,2022-09-25,2,5,12,3,12.72,38.16,4,34
7452,2022-09-11,29,18,12,2,10.99,21.98,3,35
7453,2022-09-27,7,13,12,3,53.53,160.59,4,35
7454,2022-09-17,19,5,12,3,9.0,27.0,4,34
7455,2022-09-10,18,5,12,2,28.95,57.9,4,34
7456,2022-09-14,16,7,12,1,71.99,71.99,4,35
7457,2022-09-06,4,11,12,2,514.99,1029.98,4,35
7458,2022-09-10,8,6,12,2,24.13,48.26,4,35
7459,2022-09-03,13,19,12,3,20.63,61.89,4,34
7460,2022-09-04,5,11,12,1,498.78,498.78,4,34
7461,2022-09-26,15,6,12,2,22.66,45.32,4,35
7462,2022-09-20,24,17,12,1,30.83,30.83,4,35
7463,2022-09-21,5,7,12,1,89.99,89.99,1,34
7464,2022-09-26,9,13,12,4,49.37,197.48,4,34
7465,2022-09-13,25,3,13,1,118.99,118.99,4,36
7466,2022-09-30,30,20,13,4,34.28,137.12,4,36
7467,2022-09-15,1,4,13,3,187.28,561.84,4,37
7468,2022-09-20,15,20,13,1,37.88,37.88,4,38
7469,2022-09-13,6,11,13,3,369.28,1107.84,4,36
7470,2022-09-04,3,17,13,3,38.99,116.97,4,38
7471,2022-09-17,19,19,13,2,32.03,64.06,4,36
7472,2022-09-01,20,8,13,1,64.99,64.99,1,38
7473,2022-09-13,12,10,13,3,38.99,116.97,4,36
7474,2022-09-11,21,8,13,1,55.05,55.05,4,37
7475,2022-09-30,15,4,13,1,145.01,145.01,4,38
7476,2022-09-29,28,6,13,2,29.99,59.98,4,37
7477,2022-09-28,20,5,13,1,21.99,21.99,4,37
7478,2022-09-24,18,5,13,1,14.68,14.68,3,37
7479,2022-09-05,30,3,13,5,138.98,694.9,4,38
7480,2022-09-18,3,3,13,5,154.96,774.8,4,36
7481,2022-09-18,20,12,13,1,897.6,897.6,4,38
7482,2022-09-06,2,4,13,3,283.55,850.65,4,36
7483,2022-09-14,26,8,13,2,77.49,154.98,4,38
7484,2022-09-28,23,10,13,1,35.59,35.59,4,38
7485,2022-09-02,1,15,13,1,85.7,85.7,4,38
7486,2022-09-11,10,15,13,2,40.12,80.24,4,38
7487,2022-09-19,4,1,13,1,1017.55,1017.55,1,36
7488,2022-09-11,22,5,13,2,14.17,28.34,4,36
7489,2022-09-02,21,8,13,4,43.99,175.96,4,37
7490,2022-09-09,6,10,13,1,58.09,58.09,4,36
7491,2022-09-25,6,16,13,4,12.99,51.96,4,36
7492,2022-09-04,30,8,13,3,83.0,249.0,4,38
7493,2022-09-11,12,18,13,1,11.65,11.65,4,37
7494,2022-09-12,17,1,13,3,830.99,2492.97,4,36
7495,2022-09-17,19,6,13,1,32.99,32.99,4,38
7496,2022-09-18,18,14,13,3,158.99,476.97,4,38
7497,2022-09-01,13,3,13,3,153.06,459.18,4,38
7498,2022-09-17,10,7,13,1,83.54,83.54,4,38
7499,2022-09-14,9,3,13,2,137.74,275.48,4,36
7500,2022-09-01,6,9,14,4,160.71,642.84,3,40
7501,2022-09-29,28,17,14,1,41.99,41.99,4,40
7502,2022-09-29,19,19,14,2,25.07,50.14,4,39
7503,2022-09-03,9,2,14,2,124.07,248.14,2,40
7504,2022-09-28,29,5,14,2,16.99,33.98,1,40
7505,2022-09-25,4,6,14,1,22.32,22.32,4,40
7506,2022-09-15,19,9,14,4,79.08,316.32,4,40
7507,2022-09-19,5,18,14,4,9.39,37.56,4,39
7508,2022-09-21,18,2,14,3,73.65,220.95,4,40
7509,2022-09-08,25,5,14,2,20.99,41.98,2,40
7510,2022-09-21,19,20,14,3,37.99,113.97,4,39
7511,2022-09-13,27,9,14,1,124.99,124.99,4,40
7512,2022-09-30,13,8,14,2,76.99,153.98,4,40
7513,2022-09-13,13,6,14,2,26.99,53.98,4,39
7514,2022-09-17,26,7,14,5,63.99,319.95,4,40
7515,2022-09-14,10,10,14,2,41.58,83.16,4,40
7516,2022-09-24,11,5,14,1,25.99,25.99,4,39
7517,2022-09-26,17,19,14,3,33.62,100.86,4,39
7518,2022-09-09,3,2,14,3,51.99,155.97,4,39
7519,2022-09-10,23,9,14,5,158.25,791.25,3,39
7520,2022-09-28,29,17,14,1,36.99,36.99,2,39
7521,2022-09-11,18,17,14,1,47.07,47.07,4,39
7522,2022-09-01,2,16,14,2,17.99,35.98,4,39
7523,2022-09-07,10,8,15,1,35.99,35.99,4,41
7524,2022-09-06,29,7,15,2,139.63,279.26,4,41
7525,2022-09-14,5,13,15,2,94.92,189.84,4,41
7526,2022-09-26,8,16,15,3,16.37,49.11,2,41
7527,2022-09-23,27,5,15,3,13.99,41.97,4,42
7528,2022-09-12,2,18,15,2,14.85,29.7,4,41
7529,2022-09-24,13,20,15,5,28.99,144.95,4,41
7530,2022-09-05,7,9,15,3,154.67,464.01,4,42
7531,2022-09-30,29,6,15,1,31.76,31.76,4,42
7532,2022-09-15,9,13,15,2,44.99,89.98,4,42
7533,2022-09-20,29,4,15,3,185.26,555.78,4,41
7534,2022-09-28,22,3,15,1,126.99,126.99,4,41
7535,2022-09-20,1,9,15,2,164.0,328.0,4,42
7536,2022-09-14,11,6,15,1,11.99,11.99,4,41
7537,2022-09-05,4,10,15,2,37.19,74.38,4,42
7538,2022-09-27,29,5,15,3,10.99,32.97,4,41
7539,2022-09-10,9,5,15,4,26.62,106.48,4,41
7540,2022-09-18,21,10,15,1,50.73,50.73,4,41
7541,2022-09-22,22,4,15,1,289.99,289.99,4,41
7542,2022-09-24,25,6,15,1,24.18,24.18,3,42
7543,2022-09-04,13,16,15,1,21.99,21.99,4,41
7544,2022-09-15,23,19,15,3,30.99,92.97,4,42
7545,2022-09-12,27,15,15,1,36.87,36.87,4,42
7546,2022-09-28,17,5,15,3,23.99,71.97,4,42
7547,2022-09-11,28,13,15,1,55.99,55.99,4,42
7548,2022-09-12,17,15,15,3,54.99,164.97,4,41
7549,2022-09-24,29,2,15,2,49.35,98.7,4,41
7550,2022-09-01,15,14,15,1,164.21,164.21,4,42
7551,2022-09-12,12,20,15,4,40.74,162.96,4,42
7552,2022-10-11,8,9,1,1,198.46,198.46,4,2
7553,2022-10-19,6,20,1,2,40.05,80.1,4,2
7554,2022-10-10,2,17,1,2,45.33,90.66,4,3
7555,2022-10-25,20,3,1,2,132.84,265.68,4,2
7556,2022-10-22,15,19,1,1,27.52,27.52,4,4
7557,2022-10-12,9,4,1,3,163.99,491.97,4,2
7558,2022-10-08,15,19,1,1,25.9,25.9,4,2
7559,2022-10-01,15,2,1,2,74.99,149.98,4,3
7560,2022-10-10,12,9,1,1,123.42,123.42,4,1
7561,2022-10-09,26,15,1,3,57.99,173.97,4,1
7562,2022-10-21,29,10,1,1,61.4,61.4,4,1
7563,2022-10-19,8,18,1,5,7.0,35.0,4,1
7564,2022-10-29,26,10,1,3,57.27,171.81,1,1
7565,2022-10-20,2,14,1,2,226.99,453.98,4,2
7566,2022-10-09,27,5,1,2,12.99,25.98,4,2
7567,2022-10-12,1,17,1,2,37.53,75.06,4,3
7568,2022-10-18,20,3,1,3,115.52,346.56,4,4
7569,2022-10-05,21,16,1,4,14.99,59.96,4,2
7570,2022-10-30,29,10,1,1,52.12,52.12,4,4
7571,2022-10-01,14,6,1,2,32.68,65.36,4,4
7572,2022-10-18,13,2,1,4,109.36,437.44,4,1
7573,2022-10-15,23,15,1,4,77.99,311.96,4,4
7574,2022-10-03,12,3,1,1,93.3,93.3,4,1
7575,2022-10-06,29,6,1,1,28.15,28.15,4,4
7576,2022-10-17,11,10,1,1,36.99,36.99,4,3
7577,2022-10-16,30,19,1,2,35.99,71.98,4,2
7578,2022-10-12,6,18,1,3,15.76,47.28,4,4
7579,2022-10-08,4,2,1,1,53.99,53.99,4,3
7580,2022-10-08,14,10,1,2,43.62,87.24,4,4
7581,2022-10-15,21,9,1,2,114.83,229.66,4,3
7582,2022-10-13,11,19,1,1,31.99,31.99,4,4
7583,2022-10-18,23,5,1,3,20.91,62.73,4,4
7584,2022-10-10,13,16,1,2,17.04,34.08,4,2
7585,2022-10-07,1,7,1,1,138.99,138.99,4,3
7586,2022-10-18,3,19,1,1,26.05,26.05,4,1
7587,2022-10-29,27,3,1,3,79.34,238.02,3,2
7588,2022-10-16,2,15,1,4,39.99,159.96,4,2
7589,2022-10-20,20,5,1,1,27.99,27.99,4,2
7590,2022-10-12,23,5,1,3,13.99,41.97,4,3
7591,2022-10-06,30,8,1,3,77.99,233.97,4,4
7592,2022-10-27,22,15,1,4,32.99,131.96,4,4
7593,2022-10-13,15,11,1,1,251.01,251.01,4,3
7594,2022-10-16,18,8,1,1,49.05,49.05,4,2
7595,2022-10-24,29,13,1,4,82.57,330.28,4,2
7596,2022-10-19,3,2,1,2,55.14,110.28,4,2
7597,2022-10-29,11,8,1,1,54.99,54.99,4,1
7598,2022-10-13,23,4,1,3,246.22,738.66,4,3
7599,2022-10-14,25,3,1,1,106.99,106.99,4,3
7600,2022-10-29,9,19,1,3,15.99,47.97,4,1
7601,2022-10-05,9,2,1,1,93.99,93.99,4,2
7602,2022-10-25,5,15,1,2,66.07,132.14,4,3
7603,2022-10-26,17,15,1,1,87.29,87.29,4,2
7604,2022-10-09,20,2,1,4,86.99,347.96,4,2
7605,2022-10-29,18,18,1,2,10.64,21.28,4,3
7606,2022-10-24,19,7,1,2,137.99,275.98,4,1
7607,2022-10-17,9,16,1,1,19.99,19.99,4,4
7608,2022-10-09,30,2,1,2,108.99,217.98,4,4
7609,2022-10-19,23,18,1,1,16.99,16.99,4,3
7610,2022-10-28,15,4,2,1,271.75,271.75,4,8
7611,2022-10-24,11,15,2,1,39.48,39.48,4,5
7612,2022-10-26,6,3,2,5,74.99,374.95,4,6
7613,2022-10-25,12,12,2,2,521.99,1043.98,4,7
7614,2022-10-18,9,3,2,2,102.99,205.98,4,8
7615,2022-10-22,7,9,2,5,109.99,549.95,4,5
7616,2022-10-01,6,8,2,3,63.99,191.97,4,8
7617,2022-10-19,2,18,2,1,14.99,14.99,4,8
7618,2022-10-04,9,10,2,1,31.76,31.76,4,5
7619,2022-10-10,22,5,2,2,27.26,54.52,4,6
7620,2022-10-01,11,15,2,2,33.26,66.52,4,7
7621,2022-10-26,8,3,2,3,61.99,185.97,4,7
7622,2022-10-08,29,20,2,1,26.99,26.99,4,5
7623,2022-10-17,7,14,2,2,237.84,475.68,4,8
7624,2022-10-09,2,7,2,1,153.02,153.02,4,8
7625,2022-10-22,16,16,2,2,8.99,17.98,4,7
7626,2022-10-03,2,18,2,1,9.41,9.41,4,7
7627,2022-10-09,19,8,2,1,35.99,35.99,4,8
7628,2022-10-23,16,13,2,5,78.99,394.95,4,7
7629,2022-10-19,16,13,2,2,72.54,145.08,4,5
7630,2022-10-11,19,2,2,1,73.22,73.22,4,8
7631,2022-10-03,15,9,2,1,128.98,128.98,4,7
7632,2022-10-15,2,1,2,3,1130.27,3390.81,4,7
7633,2022-10-18,28,17,2,1,51.99,51.99,4,8
7634,2022-10-15,10,16,2,5,9.13,45.65,4,5
7635,2022-10-05,2,9,2,4,113.76,455.04,4,5
7636,2022-10-13,25,8,2,2,76.99,153.98,4,5
7637,2022-10-19,2,4,2,1,145.99,145.99,4,7
7638,2022-10-25,23,6,2,1,34.36,34.36,4,8
7639,2022-10-25,6,5,2,2,15.58,31.16,4,6
7640,2022-10-17,26,5,2,1,10.78,10.78,4,6
7641,2022-10-12,17,18,2,4,15.23,60.92,4,7
7642,2022-10-21,1,4,2,2,162.99,325.98,4,8
7643,2022-10-30,3,16,2,2,8.34,16.68,4,5
7644,2022-10-01,7,2,2,3,80.93,242.79,4,6
7645,2022-10-01,17,10,2,3,41.34,124.02,4,8
7646,2022-10-29,5,2,2,3,110.99,332.97,4,8
7647,2022-10-24,10,13,2,1,98.99,98.99,4,6
7648,2022-10-19,7,3,2,1,91.77,91.77,4,7
7649,2022-10-16,19,2,2,4,108.62,434.48,4,8
7650,2022-10-10,25,3,2,1,61.49,61.49,2,6
7651,2022-10-29,4,15,2,2,83.99,167.98,4,8
7652,2022-10-18,18,5,2,1,11.34,11.34,3,8
7653,2022-10-25,7,18,3,4,17.99,71.96,4,9
7654,2022-10-28,9,15,3,2,39.38,78.76,4,11
7655,2022-10-21,25,2,3,1,75.99,75.99,4,11
7656,2022-10-18,14,16,3,2,18.96,37.92,4,11
7657,2022-10-07,15,13,3,4,54.41,217.64,4,11
7658,2022-10-13,26,2,3,1,98.95,98.95,4,11
7659,2022-10-07,12,18,3,2,17.99,35.98,3,10
7660,2022-10-22,26,17,3,1,43.36,43.36,4,9
7661,2022-10-11,29,4,3,2,145.99,291.98,4,10
7662,2022-10-13,19,7,3,2,86.04,172.08,4,11
7663,2022-10-09,22,7,3,2,76.99,153.98,4,11
7664,2022-10-01,21,3,3,2,124.99,249.98,4,9
7665,2022-10-08,21,18,3,1,9.99,9.99,4,10
7666,2022-10-30,29,3,3,1,99.72,99.72,4,9
7667,2022-10-05,29,2,3,2,92.99,185.98,4,9
7668,2022-10-22,23,19,3,5,26.93,134.65,4,10
7669,2022-10-20,24,2,3,1,70.3,70.3,4,11
7670,2022-10-01,28,7,3,2,114.99,229.98,4,10
7671,2022-10-28,14,17,3,3,34.99,104.97,4,11
7672,2022-10-22,16,10,3,3,42.38,127.14,4,9
7673,2022-10-25,7,16,3,2,17.21,34.42,4,11
7674,2022-10-03,12,9,3,1,108.54,108.54,3,11
7675,2022-10-07,22,16,3,2,14.99,29.98,4,10
7676,2022-10-11,6,5,3,4,15.14,60.56,4,10
7677,2022-10-27,26,8,3,4,46.59,186.36,4,9
7678,2022-10-10,15,10,3,4,55.99,223.96,4,9
7679,2022-10-28,9,1,3,1,1088.65,1088.65,4,10
7680,2022-10-08,26,10,3,5,58.59,292.95,2,11
7681,2022-10-23,7,4,3,2,267.96,535.92,4,11
7682,2022-10-30,25,1,3,1,820.51,820.51,4,10
7683,2022-10-02,19,17,3,3,20.48,61.44,4,9
7684,2022-10-01,17,2,3,4,80.99,323.96,4,10
7685,2022-10-12,22,6,3,1,18.14,18.14,4,10
7686,2022-10-17,11,7,3,3,141.56,424.68,4,10
7687,2022-10-05,16,13,3,1,44.99,44.99,4,10
7688,2022-10-05,27,16,3,1,12.47,12.47,4,10
7689,2022-10-06,13,3,3,2,147.99,295.98,4,9
7690,2022-10-04,20,20,3,2,32.99,65.98,3,11
7691,2022-10-08,15,15,3,2,41.99,83.98,3,10
7692,2022-10-08,23,10,3,1,59.18,59.18,4,9
7693,2022-10-11,7,14,3,3,128.99,386.97,4,9
7694,2022-10-15,7,15,3,4,72.02,288.08,4,9
7695,2022-10-12,15,10,3,5,41.0,205.0,4,10
7696,2022-10-28,20,20,4,5,23.67,118.35,4,14
7697,2022-10-16,1,5,4,1,18.83,18.83,4,14
7698,2022-10-17,30,19,4,3,30.91,92.73,4,13
7699,2022-10-28,19,3,4,4,78.94,315.76,4,14
7700,2022-10-20,11,1,4,1,846.14,846.14,4,12
7701,2022-10-25,26,7,4,1,151.39,151.39,4,12
7702,2022-10-04,13,11,4,4,557.99,2231.96,4,14
7703,2022-10-20,16,2,4,3,83.99,251.97,4,12
7704,2022-10-01,24,17,4,4,37.25,149.0,4,12
7705,2022-10-13,28,4,4,1,176.99,176.99,4,13
7706,2022-10-03,13,17,4,3,36.33,108.99,4,14
7707,2022-10-08,5,6,4,4,29.47,117.88,4,13
7708,2022-10-20,10,17,4,2,38.99,77.98,4,14
7709,2022-10-08,23,4,4,1,262.15,262.15,4,12
7710,2022-10-11,12,20,4,3,16.99,50.97,4,14
7711,2022-10-26,28,20,4,2,29.78,59.56,2,13
7712,2022-10-23,26,5,4,5,26.51,132.55,4,12
7713,2022-10-03,21,16,4,1,22.99,22.99,4,14
7714,2022-10-26,23,2,4,3,107.42,322.26,4,13
7715,2022-10-19,18,10,4,1,55.99,55.99,4,12
7716,2022-10-20,18,4,4,1,117.99,117.99,4,12
7717,2022-10-01,19,20,4,2,20.99,41.98,4,14
7718,2022-10-28,30,17,4,1,19.23,19.23,4,13
7719,2022-10-25,4,18,4,2,15.18,30.36,4,14
7720,2022-10-09,18,4,4,1,116.63,116.63,4,14
7721,2022-10-31,20,5,4,2,9.17,18.34,4,13
7722,2022-10-01,15,17,4,4,44.99,179.96,4,14
7723,2022-10-09,10,6,4,1,13.2,13.2,4,12
7724,2022-10-22,4,1,4,5,1053.13,5265.65,4,14
7725,2022-10-11,19,4,4,3,244.99,734.97,4,12
7726,2022-10-12,4,18,4,3,7.46,22.38,4,14
7727,2022-10-05,27,2,4,4,125.99,503.96,4,12
7728,2022-10-24,7,6,4,2,9.5,19.0,4,14
7729,2022-10-11,24,8,4,5,35.99,179.95,4,13
7730,2022-10-11,9,5,4,4,10.99,43.96,4,14
7731,2022-10-17,17,14,4,2,239.99,479.98,4,14
7732,2022-10-11,28,18,5,1,9.21,9.21,4,15
7733,2022-10-15,13,5,5,2,12.85,25.7,4,17
7734,2022-10-04,16,5,5,1,26.63,26.63,4,15
7735,2022-10-24,6,6,5,3,31.08,93.24,4,15
7736,2022-10-24,2,19,5,1,28.99,28.99,4,17
7737,2022-10-05,2,20,5,1,37.17,37.17,4,15
7738,2022-10-10,25,7,5,1,51.99,51.99,3,15
7739,2022-10-24,18,8,5,2,50.99,101.98,4,15
7740,2022-10-14,17,18,5,3,18.04,54.12,4,16
7741,2022-10-16,29,10,5,4,32.99,131.96,4,16
7742,2022-10-10,11,6,5,1,27.1,27.1,4,17
7743,2022-10-07,11,10,5,1,64.53,64.53,3,17
7744,2022-10-18,13,10,5,2,44.99,89.98,4,15
7745,2022-10-06,26,17,5,2,21.99,43.98,4,15
7746,2022-10-17,20,4,5,2,250.23,500.46,4,16
7747,2022-10-19,30,3,5,4,84.99,339.96,4,17
7748,2022-10-12,16,14,5,1,245.58,245.58,4,16
7749,2022-10-22,21,14,5,1,187.99,187.99,4,17
7750,2022-10-08,7,7,5,1,151.96,151.96,4,17
7751,2022-10-07,22,5,5,1,24.99,24.99,4,17
7752,2022-10-05,29,4,5,4,217.78,871.12,4,15
7753,2022-10-02,14,6,5,2,27.99,55.98,4,16
7754,2022-10-03,19,4,5,3,145.03,435.09,4,17
7755,2022-10-10,26,7,5,4,112.96,451.84,4,17
7756,2022-10-19,22,4,5,4,118.99,475.96,4,15
7757,2022-10-30,7,9,5,2,154.52,309.04,4,16
7758,2022-10-08,24,3,5,3,127.84,383.52,4,15
7759,2022-10-09,9,18,5,2,12.24,24.48,4,16
7760,2022-10-05,3,1,5,1,857.28,857.28,4,17
7761,2022-10-04,5,15,5,3,58.89,176.67,3,16
7762,2022-10-25,2,9,6,1,98.68,98.68,4,20
7763,2022-10-09,1,20,6,3,15.99,47.97,4,19
7764,2022-10-25,10,13,6,4,87.13,348.52,4,20
7765,2022-10-04,30,18,6,1,10.99,10.99,4,19
7766,2022-10-15,10,6,6,1,12.99,12.99,4,19
7767,2022-10-28,26,18,6,2,15.99,31.98,4,20
7768,2022-10-18,24,3,6,1,126.99,126.99,3,18
7769,2022-10-04,10,2,6,4,122.99,491.96,1,20
7770,2022-10-29,5,18,6,2,10.11,20.22,4,20
7771,2022-10-26,15,20,6,2,37.99,75.98,4,18
7772,2022-10-17,18,2,6,2,115.99,231.98,4,19
7773,2022-10-05,12,16,6,2,8.0,16.0,4,20
7774,2022-10-02,13,18,6,1,13.99,13.99,4,19
7775,2022-10-19,9,18,6,2,12.82,25.64,4,20
7776,2022-10-18,14,16,6,5,23.22,116.1,4,19
7777,2022-10-06,8,2,6,2,51.79,103.58,4,19
7778,2022-10-25,23,10,6,1,33.99,33.99,4,19
7779,2022-10-23,7,20,6,1,20.88,20.88,4,19
7780,2022-10-29,2,10,6,1,33.11,33.11,4,20
7781,2022-10-20,16,10,6,1,41.09,41.09,1,20
7782,2022-10-19,14,8,6,1,60.99,60.99,4,18
7783,2022-10-26,28,17,6,1,44.99,44.99,4,20
7784,2022-10-17,30,6,6,2,29.41,58.82,4,19
7785,2022-10-24,20,3,6,3,138.89,416.67,3,19
7786,2022-10-13,28,19,6,2,18.99,37.98,3,20
7787,2022-10-30,24,19,6,5,29.81,149.05,4,19
7788,2022-10-26,5,20,6,1,24.99,24.99,4,20
7789,2022-10-01,15,15,6,2,60.99,121.98,4,18
7790,2022-10-01,13,9,6,3,74.11,222.33,4,18
7791,2022-10-11,14,7,6,1,91.4,91.4,4,19
7792,2022-10-23,25,11,6,1,465.65,465.65,4,18
7793,2022-10-29,28,4,6,4,291.99,1167.96,2,18
7794,2022-10-20,19,16,6,3,21.99,65.97,4,20
7795,2022-10-19,24,19,6,2,15.15,30.3,4,18
7796,2022-10-07,15,6,6,2,32.99,65.98,4,20
7797,2022-10-16,12,16,6,1,9.99,9.99,4,20
7798,2022-10-20,5,3,6,1,78.99,78.99,4,18
7799,2022-10-29,9,9,6,1,139.99,139.99,4,20
7800,2022-10-30,10,9,6,2,188.99,377.98,4,20
7801,2022-10-05,7,10,6,2,58.95,117.9,4,19
7802,2022-10-05,18,17,6,1,38.76,38.76,4,18
7803,2022-10-07,18,19,6,3,36.95,110.85,4,18
7804,2022-10-27,23,20,7,1,33.99,33.99,4,22
7805,2022-10-14,10,2,7,4,82.65,330.6,4,22
7806,2022-10-18,4,3,7,1,98.8,98.8,4,23
7807,2022-10-22,26,19,7,1,36.99,36.99,4,23
7808,2022-10-24,23,10,7,3,49.9,149.7,4,22
7809,2022-10-05,30,2,7,5,93.76,468.8,4,21
7810,2022-10-30,6,1,7,1,1277.48,1277.48,4,21
7811,2022-10-22,16,19,7,5,24.99,124.95,3,22
7812,2022-10-29,9,16,7,1,22.99,22.99,4,21
7813,2022-10-09,11,5,7,2,11.77,23.54,4,21
7814,2022-10-26,11,10,7,1,57.99,57.99,4,23
7815,2022-10-05,21,10,7,1,52.99,52.99,4,21
7816,2022-10-20,1,18,7,2,15.87,31.74,4,22
7817,2022-10-26,8,4,7,4,104.63,418.52,4,22
7818,2022-10-28,12,6,7,1,25.99,25.99,2,21
7819,2022-10-25,27,4,7,1,278.13,278.13,4,23
7820,2022-10-26,14,9,7,4,147.99,591.96,4,23
7821,2022-10-14,15,14,7,1,241.99,241.99,4,23
7822,2022-10-10,19,4,7,1,240.88,240.88,1,22
7823,2022-10-23,10,20,7,1,14.81,14.81,4,21
7824,2022-10-30,6,13,7,1,65.99,65.99,4,21
7825,2022-10-06,11,18,7,1,8.82,8.82,4,21
7826,2022-10-01,10,20,7,4,40.37,161.48,4,23
7827,2022-10-19,27,1,7,2,1184.93,2369.86,4,21
7828,2022-10-03,30,9,7,4,84.99,339.96,4,21
7829,2022-10-07,29,18,7,3,13.71,41.13,4,23
7830,2022-10-05,6,7,7,4,105.99,423.96,4,21
7831,2022-10-08,11,15,7,2,80.7,161.4,1,23
7832,2022-10-16,1,16,7,1,20.99,20.99,4,21
7833,2022-10-11,28,17,7,2,35.86,71.72,4,21
7834,2022-10-27,16,17,7,4,52.8,211.2,4,21
7835,2022-10-06,13,10,7,1,43.99,43.99,4,21
7836,2022-10-09,23,5,7,2,11.25,22.5,4,22
7837,2022-10-19,10,4,7,3,188.99,566.97,4,22
7838,2022-10-10,7,16,7,1,20.99,20.99,4,21
7839,2022-10-22,30,15,7,1,75.65,75.65,4,23
7840,2022-10-17,8,20,7,1,37.99,37.99,4,22
7841,2022-10-31,22,18,7,3,14.16,42.48,4,21
7842,2022-10-31,28,12,7,3,619.99,1859.97,4,22
7843,2022-10-06,27,17,7,4,43.99,175.96,4,23
7844,2022-10-12,25,6,7,1,26.1,26.1,4,23
7845,2022-10-01,1,14,7,1,205.0,205.0,4,22
7846,2022-10-22,29,15,7,1,63.99,63.99,4,23
7847,2022-10-31,9,17,7,1,38.66,38.66,4,22
7848,2022-10-20,14,3,7,2,63.46,126.92,2,21
7849,2022-10-19,30,19,8,1,14.14,14.14,4,24
7850,2022-10-26,14,15,8,1,30.87,30.87,4,24
7851,2022-10-25,30,3,8,3,89.9,269.7,4,25
7852,2022-10-07,12,4,8,1,251.24,251.24,4,25
7853,2022-10-28,7,19,8,2,22.18,44.36,4,24
7854,2022-10-18,26,7,8,4,66.44,265.76,4,24
7855,2022-10-21,2,15,8,1,40.84,40.84,4,24
7856,2022-10-18,8,3,8,1,62.99,62.99,4,25
7857,2022-10-24,22,5,8,1,21.9,21.9,4,25
7858,2022-10-09,30,18,8,1,14.54,14.54,1,24
7859,2022-10-26,6,8,8,2,62.47,124.94,4,24
7860,2022-10-10,24,2,8,5,105.76,528.8,4,24
7861,2022-10-21,6,13,8,2,72.29,144.58,4,25
7862,2022-10-28,22,5,8,1,15.99,15.99,4,24
7863,2022-10-12,15,16,8,3,21.01,63.03,4,24
7864,2022-10-24,10,5,8,1,13.99,13.99,4,24
7865,2022-10-18,27,19,8,3,25.99,77.97,4,24
7866,2022-10-22,7,10,8,5,53.99,269.95,4,24
7867,2022-10-08,2,20,8,3,35.99,107.97,1,24
7868,2022-10-21,16,6,8,1,23.85,23.85,4,25
7869,2022-10-03,30,18,8,1,10.67,10.67,4,24
7870,2022-10-31,7,2,8,4,123.5,494.0,4,25
7871,2022-10-11,1,18,8,4,13.66,54.64,4,24
7872,2022-10-04,3,19,8,5,30.32,151.6,4,24
7873,2022-10-17,25,10,8,2,60.65,121.3,4,24
7874,2022-10-04,8,6,9,1,11.99,11.99,4,27
7875,2022-10-27,25,8,9,3,74.64,223.92,4,28
7876,2022-10-07,6,20,9,2,35.4,70.8,4,26
7877,2022-10-10,8,13,9,2,93.99,187.98,4,26
7878,2022-10-11,20,11,9,1,443.99,443.99,4,26
7879,2022-10-24,1,5,9,1,15.99,15.99,4,28
7880,2022-10-01,24,17,9,3,28.11,84.33,4,28
7881,2022-10-06,16,9,9,3,103.65,310.95,4,28
7882,2022-10-09,16,15,9,2,85.69,171.38,4,26
7883,2022-10-28,7,2,9,1,51.99,51.99,2,26
7884,2022-10-14,7,3,9,1,77.91,77.91,4,27
7885,2022-10-06,11,18,9,1,16.86,16.86,4,27
7886,2022-10-21,29,11,9,1,555.99,555.99,4,27
7887,2022-10-22,18,3,9,3,150.52,451.56,4,26
7888,2022-10-22,29,14,9,2,162.99,325.98,4,26
7889,2022-10-12,21,16,9,1,8.0,8.0,4,27
7890,2022-10-25,9,20,9,2,21.7,43.4,4,27
7891,2022-10-19,20,15,9,5,30.07,150.35,4,26
7892,2022-10-08,23,9,9,2,178.99,357.98,4,26
7893,2022-10-08,6,10,9,1,38.76,38.76,4,26
7894,2022-10-02,11,13,9,1,39.99,39.99,4,28
7895,2022-10-18,13,19,9,1,14.99,14.99,4,26
7896,2022-10-11,16,19,9,2,31.07,62.14,4,27
7897,2022-10-16,5,5,9,2,18.99,37.98,4,26
7898,2022-10-27,15,10,9,3,53.71,161.13,4,27
7899,2022-10-07,20,5,9,4,16.82,67.28,4,28
7900,2022-10-30,8,5,9,3,26.34,79.02,4,28
7901,2022-10-04,10,16,9,3,14.67,44.01,4,26
7902,2022-10-03,18,20,9,3,38.97,116.91,4,28
7903,2022-10-02,14,3,9,2,100.24,200.48,4,26
7904,2022-10-05,24,3,9,2,135.96,271.92,4,28
7905,2022-10-09,10,17,9,2,44.99,89.98,4,27
7906,2022-10-08,15,18,9,3,14.07,42.21,4,28
7907,2022-10-23,15,8,9,1,76.99,76.99,4,27
7908,2022-10-29,13,2,9,1,128.0,128.0,4,26
7909,2022-10-06,7,5,9,3,23.55,70.65,3,28
7910,2022-10-16,22,16,9,1,14.7,14.7,3,28
7911,2022-10-31,29,9,9,3,87.46,262.38,4,26
7912,2022-10-17,8,9,9,3,83.99,251.97,4,27
7913,2022-10-26,20,17,9,1,29.8,29.8,4,27
7914,2022-10-26,2,20,9,1,30.99,30.99,4,28
7915,2022-10-25,6,18,9,1,14.77,14.77,4,28
7916,2022-10-21,28,3,9,4,149.77,599.08,4,27
7917,2022-10-02,19,10,9,2,50.59,101.18,4,26
7918,2022-10-26,24,18,9,2,15.99,31.98,4,28
7919,2022-10-08,5,18,9,1,7.14,7.14,4,27
7920,2022-10-12,1,1,9,2,866.99,1733.98,4,28
7921,2022-10-25,2,10,10,1,40.99,40.99,4,29
7922,2022-10-05,29,1,10,2,806.21,1612.42,4,31
7923,2022-10-30,17,13,10,3,92.99,278.97,4,31
7924,2022-10-12,3,8,10,2,26.99,53.98,4,30
7925,2022-10-05,18,18,10,1,16.99,16.99,4,29
7926,2022-10-27,3,7,10,2,59.17,118.34,4,31
7927,2022-10-14,6,8,10,1,55.99,55.99,4,30
7928,2022-10-18,7,17,10,3,25.32,75.96,4,29
7929,2022-10-17,20,5,10,3,11.99,35.97,4,31
7930,2022-10-15,9,8,10,2,53.66,107.32,4,31
7931,2022-10-15,11,5,10,2,13.99,27.98,4,31
7932,2022-10-29,1,18,10,3,10.86,32.58,3,31
7933,2022-10-05,28,8,10,3,76.61,229.83,4,30
7934,2022-10-23,9,13,10,1,87.34,87.34,4,30
7935,2022-10-14,16,10,10,4,33.58,134.32,1,29
7936,2022-10-30,16,8,10,2,84.99,169.98,4,30
7937,2022-10-01,30,1,10,3,1057.05,3171.15,4,29
7938,2022-10-06,11,3,10,1,60.99,60.99,4,30
7939,2022-10-09,21,20,10,2,30.99,61.98,4,31
7940,2022-10-29,12,1,10,5,1186.99,5934.95,4,30
7941,2022-10-03,19,18,10,1,10.99,10.99,4,30
7942,2022-10-15,11,17,10,3,39.18,117.54,4,30
7943,2022-10-31,27,6,10,2,12.99,25.98,4,31
7944,2022-10-26,22,9,10,1,194.9,194.9,4,30
7945,2022-10-29,23,3,10,4,98.99,395.96,4,29
7946,2022-10-17,12,10,10,2,39.99,79.98,4,31
7947,2022-10-27,14,20,10,2,33.99,67.98,4,31
7948,2022-10-08,16,17,10,1,28.99,28.99,1,29
7949,2022-10-08,9,15,10,2,65.86,131.72,4,30
7950,2022-10-18,15,19,10,1,36.99,36.99,3,31
7951,2022-10-26,28,9,10,2,72.99,145.98,4,30
7952,2022-10-24,3,10,10,3,56.78,170.34,4,31
7953,2022-10-25,6,5,10,2,27.99,55.98,4,31
7954,2022-10-15,26,16,10,1,22.99,22.99,1,30
7955,2022-10-09,27,15,11,1,83.46,83.46,4,32
7956,2022-10-22,20,14,11,2,116.99,233.98,4,33
7957,2022-10-05,27,19,11,4,14.84,59.36,4,32
7958,2022-10-18,12,20,11,1,38.99,38.99,4,33
7959,2022-10-18,3,9,11,1,89.99,89.99,4,32
7960,2022-10-15,13,14,11,1,232.99,232.99,4,33
7961,2022-10-03,9,16,11,1,14.72,14.72,4,32
7962,2022-10-03,8,4,11,1,215.24,215.24,4,32
7963,2022-10-16,23,17,11,5,34.99,174.95,4,33
7964,2022-10-23,2,5,11,3,27.2,81.6,4,32
7965,2022-10-28,16,8,11,1,50.02,50.02,4,32
7966,2022-10-11,8,5,11,2,22.99,45.98,4,32
7967,2022-10-22,26,19,11,4,36.77,147.08,4,33
7968,2022-10-19,20,3,11,1,73.99,73.99,4,32
7969,2022-10-29,9,9,11,3,74.4,223.2,4,33
7970,2022-10-01,20,10,11,1,45.41,45.41,4,33
7971,2022-10-09,5,6,11,3,24.98,74.94,4,33
7972,2022-10-18,11,16,11,2,18.99,37.98,4,33
7973,2022-10-02,5,14,11,2,128.43,256.86,4,33
7974,2022-10-30,14,8,11,3,87.51,262.53,4,33
7975,2022-10-27,30,2,11,2,120.49,240.98,4,33
7976,2022-10-06,4,18,11,3,13.99,41.97,1,32
7977,2022-10-11,13,7,11,3,124.34,373.02,4,33
7978,2022-10-07,4,5,11,2,21.64,43.28,4,32
7979,2022-10-01,28,5,11,2,22.41,44.82,4,32
7980,2022-10-20,23,8,11,1,47.75,47.75,4,33
7981,2022-10-09,29,10,11,2,63.23,126.46,4,33
7982,2022-10-25,2,16,11,2,12.89,25.78,4,33
7983,2022-10-17,20,10,11,2,62.31,124.62,4,33
7984,2022-10-09,13,18,11,1,11.66,11.66,3,32
7985,2022-10-12,2,13,11,3,49.62,148.86,4,33
7986,2022-10-20,30,1,12,3,1097.23,3291.69,3,34
7987,2022-10-29,8,3,12,1,115.99,115.99,4,34
7988,2022-10-26,15,19,12,1,28.11,28.11,4,34
7989,2022-10-18,23,6,12,4,27.1,108.4,1,34
7990,2022-10-05,30,7,12,1,88.32,88.32,4,34
7991,2022-10-09,25,16,12,1,8.99,8.99,4,34
7992,2022-10-05,22,3,12,1,143.01,143.01,4,34
7993,2022-10-21,21,5,12,1,22.55,22.55,4,35
7994,2022-10-01,3,15,12,3,33.99,101.97,2,35
7995,2022-10-16,28,15,12,1,85.42,85.42,4,35
7996,2022-10-04,21,16,12,1,11.04,11.04,1,35
7997,2022-10-08,22,14,12,1,143.99,143.99,4,35
7998,2022-10-15,14,11,12,4,512.99,2051.96,2,34
7999,2022-10-12,3,17,12,2,27.99,55.98,4,34
8000,2022-10-14,14,10,12,2,41.99,83.98,4,35
8001,2022-10-31,17,17,12,2,26.43,52.86,2,34
8002,2022-10-17,14,16,12,1,22.14,22.14,4,35
8003,2022-10-01,16,15,12,1,46.99,46.99,4,34
8004,2022-10-29,26,20,12,2,37.01,74.02,4,34
8005,2022-10-26,18,7,12,1,155.59,155.59,4,34
8006,2022-10-11,17,16,12,1,20.38,20.38,4,34
8007,2022-10-27,28,12,12,5,734.71,3673.55,4,35
8008,2022-10-31,16,4,12,1,275.71,275.71,4,34
8009,2022-10-06,8,15,12,1,85.89,85.89,2,34
8010,2022-10-22,10,13,12,1,70.69,70.69,4,35
8011,2022-10-15,12,5,12,4,23.43,93.72,4,34
8012,2022-10-17,3,4,13,3,116.99,350.97,4,37
8013,2022-10-25,25,10,13,1,42.56,42.56,4,36
8014,2022-10-28,3,7,13,2,100.99,201.98,4,38
8015,2022-10-02,9,6,13,1,27.02,27.02,4,36
8016,2022-10-14,13,2,13,1,71.99,71.99,4,36
8017,2022-10-15,15,4,13,4,292.99,1171.96,4,37
8018,2022-10-25,3,16,13,2,15.69,31.38,4,36
8019,2022-10-16,26,7,13,2,73.67,147.34,4,38
8020,2022-10-26,25,4,13,1,150.39,150.39,4,38
8021,2022-10-23,28,2,13,3,100.23,300.69,4,38
8022,2022-10-04,24,3,13,1,155.99,155.99,4,38
8023,2022-10-19,27,13,13,2,87.74,175.48,4,38
8024,2022-10-27,3,18,13,1,17.25,17.25,4,38
8025,2022-10-06,12,18,13,5,14.99,74.95,2,37
8026,2022-10-16,7,18,13,1,12.99,12.99,4,36
8027,2022-10-17,13,2,13,1,54.94,54.94,4,36
8028,2022-10-13,21,13,13,3,81.84,245.52,4,38
8029,2022-10-30,11,4,13,1,257.31,257.31,4,37
8030,2022-10-17,25,8,13,2,54.99,109.98,4,37
8031,2022-10-13,30,20,13,4,17.99,71.96,4,36
8032,2022-10-16,13,20,13,3,31.99,95.97,4,37
8033,2022-10-18,13,13,13,1,54.99,54.99,4,38
8034,2022-10-21,6,19,13,5,21.79,108.95,4,38
8035,2022-10-14,18,5,13,3,26.99,80.97,4,37
8036,2022-10-02,2,6,13,1,16.99,16.99,4,36
8037,2022-10-01,21,16,13,3,8.2,24.6,2,37
8038,2022-10-19,9,4,13,2,290.71,581.42,4,36
8039,2022-10-17,8,14,13,1,155.2,155.2,4,36
8040,2022-10-04,24,8,13,2,66.99,133.98,4,37
8041,2022-10-20,23,15,13,2,79.99,159.98,4,36
8042,2022-10-13,29,19,13,4,28.74,114.96,4,37
8043,2022-10-16,25,11,13,5,485.51,2427.55,4,37
8044,2022-10-13,24,17,13,1,38.99,38.99,4,36
8045,2022-10-25,25,14,13,1,128.51,128.51,4,37
8046,2022-10-02,21,5,13,2,27.86,55.72,4,36
8047,2022-10-26,13,6,13,3,30.99,92.97,4,37
8048,2022-10-12,21,8,13,4,83.88,335.52,4,36
8049,2022-10-22,15,2,14,4,82.4,329.6,4,40
8050,2022-10-03,18,9,14,3,149.96,449.88,4,39
8051,2022-10-10,16,16,14,1,12.68,12.68,2,39
8052,2022-10-20,23,10,14,5,64.99,324.95,4,39
8053,2022-10-19,14,19,14,2,23.32,46.64,4,40
8054,2022-10-16,12,6,14,1,24.13,24.13,4,40
8055,2022-10-07,14,17,14,3,49.33,147.99,2,40
8056,2022-10-29,4,10,14,1,63.99,63.99,4,40
8057,2022-10-24,24,17,14,1,49.99,49.99,4,40
8058,2022-10-15,20,13,14,2,80.99,161.98,4,40
8059,2022-10-07,5,15,14,4,75.99,303.96,4,39
8060,2022-10-20,13,19,14,3,26.48,79.44,4,40
8061,2022-10-15,15,7,14,1,147.99,147.99,4,40
8062,2022-10-04,27,10,14,3,48.29,144.87,4,39
8063,2022-10-19,21,8,14,3,77.99,233.97,4,40
8064,2022-10-11,7,8,14,3,27.99,83.97,4,40
8065,2022-10-19,13,3,14,2,100.53,201.06,4,39
8066,2022-10-06,15,16,14,1,19.99,19.99,4,39
8067,2022-10-16,19,5,14,3,11.99,35.97,4,40
8068,2022-10-31,5,2,14,1,86.82,86.82,4,39
8069,2022-10-14,12,9,14,2,151.99,303.98,4,40
8070,2022-10-31,6,1,14,5,1259.65,6298.25,4,39
8071,2022-10-12,29,6,14,1,9.71,9.71,4,40
8072,2022-10-01,23,8,14,1,34.99,34.99,4,40
8073,2022-10-02,12,5,14,3,19.18,57.54,4,40
8074,2022-10-11,5,13,14,4,108.26,433.04,2,39
8075,2022-10-30,24,17,14,2,29.99,59.98,4,40
8076,2022-10-21,17,2,14,1,70.99,70.99,4,39
8077,2022-10-24,15,19,14,1,25.99,25.99,4,39
8078,2022-10-14,16,10,14,5,61.14,305.7,4,39
8079,2022-10-26,13,9,14,1,193.23,193.23,4,39
8080,2022-10-02,23,5,14,2,27.99,55.98,4,40
8081,2022-10-20,24,10,15,2,45.61,91.22,4,41
8082,2022-10-27,26,5,15,3,12.34,37.02,4,42
8083,2022-10-28,18,18,15,4,14.99,59.96,4,42
8084,2022-10-01,12,16,15,4,22.83,91.32,4,41
8085,2022-10-09,7,9,15,2,77.99,155.98,3,42
8086,2022-10-25,9,11,15,1,595.81,595.81,4,42
8087,2022-10-10,10,19,15,1,16.82,16.82,4,42
8088,2022-10-13,13,8,15,3,62.99,188.97,4,41
8089,2022-10-08,6,13,15,1,112.36,112.36,4,42
8090,2022-10-26,2,7,15,1,59.99,59.99,4,41
8091,2022-10-23,18,1,15,1,1200.35,1200.35,4,42
8092,2022-10-11,24,15,15,2,79.7,159.4,4,41
8093,2022-10-02,9,13,15,2,46.0,92.0,4,42
8094,2022-10-06,3,13,15,1,49.33,49.33,3,41
8095,2022-10-12,25,13,15,1,56.99,56.99,4,42
8096,2022-10-29,28,7,15,2,68.99,137.98,4,42
8097,2022-10-13,24,19,15,3,38.02,114.06,4,41
8098,2022-10-04,19,19,15,3,28.52,85.56,4,42
8099,2022-10-06,19,4,15,3,153.27,459.81,4,41
8100,2022-10-23,14,16,15,4,16.99,67.96,4,41
8101,2022-10-02,16,18,15,3,10.33,30.99,1,42
8102,2022-10-24,6,19,15,3,22.44,67.32,4,42
8103,2022-10-06,26,17,15,3,24.99,74.97,4,41
8104,2022-10-25,17,7,15,1,119.23,119.23,4,41
8105,2022-10-31,17,9,15,2,187.99,375.98,4,41
8106,2022-10-17,15,16,15,1,12.24,12.24,4,41
8107,2022-11-23,15,20,1,3,26.06,78.18,4,1
8108,2022-11-06,1,6,1,3,29.53,88.59,4,4
8109,2022-11-19,1,4,1,3,248.18,744.54,4,3
8110,2022-11-25,30,18,1,4,16.99,67.96,4,1
8111,2022-11-30,8,3,1,1,129.23,129.23,4,4
8112,2022-11-03,23,7,1,1,102.99,102.99,4,4
8113,2022-11-03,6,2,1,1,49.99,49.99,4,4
8114,2022-11-27,25,4,1,1,143.99,143.99,4,1
8115,2022-11-18,29,17,1,4,47.15,188.6,4,3
8116,2022-11-03,23,15,1,1,56.99,56.99,4,2
8117,2022-11-15,18,3,1,3,111.91,335.73,3,4
8118,2022-11-02,28,6,1,2,26.44,52.88,3,2
8119,2022-11-01,16,1,1,2,968.03,1936.06,4,4
8120,2022-11-24,29,2,1,2,77.99,155.98,4,4
8121,2022-11-25,3,13,1,4,63.99,255.96,1,2
8122,2022-11-28,21,16,1,1,17.99,17.99,4,3
8123,2022-11-26,9,13,1,5,91.99,459.95,4,3
8124,2022-11-06,18,7,1,3,148.99,446.97,4,3
8125,2022-11-05,4,14,1,1,99.21,99.21,4,4
8126,2022-11-18,3,6,1,2,25.41,50.82,4,3
8127,2022-11-14,27,6,1,3,23.54,70.62,4,4
8128,2022-11-27,16,6,1,5,17.6,88.0,4,4
8129,2022-11-18,15,3,1,2,94.99,189.98,4,4
8130,2022-11-03,23,17,1,1,52.14,52.14,4,1
8131,2022-11-05,20,3,1,1,158.83,158.83,4,4
8132,2022-11-07,18,3,1,3,146.18,438.54,4,1
8133,2022-11-22,10,2,1,3,49.99,149.97,4,1
8134,2022-11-09,20,6,1,1,22.99,22.99,4,4
8135,2022-11-13,14,16,1,4,22.99,91.96,4,1
8136,2022-11-09,28,17,1,1,29.99,29.99,4,3
8137,2022-11-30,4,19,1,1,31.87,31.87,4,2
8138,2022-11-27,30,20,1,3,14.69,44.07,4,2
8139,2022-11-11,19,10,1,1,38.99,38.99,4,2
8140,2022-11-30,27,19,1,4,37.99,151.96,4,3
8141,2022-11-03,30,19,1,3,22.99,68.97,4,4
8142,2022-11-06,19,6,1,1,12.21,12.21,4,2
8143,2022-11-26,30,5,1,3,18.47,55.41,4,4
8144,2022-11-10,19,5,1,4,19.04,76.16,4,4
8145,2022-11-15,24,18,1,3,12.11,36.33,4,4
8146,2022-11-12,26,16,1,2,8.0,16.0,4,2
8147,2022-11-14,13,19,1,3,31.34,94.02,4,3
8148,2022-11-14,20,7,1,1,72.84,72.84,4,3
8149,2022-11-08,21,1,1,1,1187.59,1187.59,4,1
8150,2022-11-04,19,15,1,3,83.99,251.97,2,2
8151,2022-11-14,11,14,1,4,122.99,491.96,4,4
8152,2022-11-04,2,8,1,2,52.5,105.0,4,1
8153,2022-11-08,25,19,1,3,38.4,115.2,4,4
8154,2022-11-18,12,2,1,2,72.99,145.98,4,1
8155,2022-11-16,2,5,1,3,19.25,57.75,4,2
8156,2022-11-27,13,6,1,1,33.99,33.99,4,2
8157,2022-11-30,27,19,1,2,34.64,69.28,1,2
8158,2022-11-08,28,6,1,2,22.99,45.98,4,1
8159,2022-11-04,6,18,1,1,15.99,15.99,2,1
8160,2022-11-03,12,13,1,1,118.87,118.87,4,1
8161,2022-11-02,13,16,1,1,21.99,21.99,4,2
8162,2022-11-19,23,16,1,2,15.99,31.98,4,4
8163,2022-11-09,13,17,2,1,23.99,23.99,4,7
8164,2022-11-07,28,20,2,1,19.99,19.99,4,8
8165,2022-11-01,4,6,2,3,29.99,89.97,4,8
8166,2022-11-21,8,4,2,5,280.77,1403.85,4,5
8167,2022-11-26,10,3,2,3,68.99,206.97,4,5
8168,2022-11-02,24,9,2,2,163.99,327.98,4,5
8169,2022-11-12,14,8,2,2,56.59,113.18,4,6
8170,2022-11-08,16,14,2,3,166.99,500.97,4,6
8171,2022-11-12,28,20,2,1,21.36,21.36,4,7
8172,2022-11-22,23,10,2,2,64.99,129.98,2,7
8173,2022-11-10,29,17,2,2,50.99,101.98,4,5
8174,2022-11-04,12,13,2,1,62.8,62.8,4,5
8175,2022-11-20,10,18,2,1,18.44,18.44,4,5
8176,2022-11-11,18,8,2,2,48.61,97.22,4,7
8177,2022-11-11,24,19,2,5,23.01,115.05,4,8
8178,2022-11-03,10,4,2,1,115.38,115.38,4,5
8179,2022-11-20,10,2,2,2,77.59,155.18,4,5
8180,2022-11-23,6,17,2,1,45.84,45.84,4,5
8181,2022-11-02,8,13,2,1,40.96,40.96,4,7
8182,2022-11-28,22,20,2,2,34.37,68.74,4,7
8183,2022-11-22,15,16,2,1,19.48,19.48,4,6
8184,2022-11-04,13,14,2,2,168.95,337.9,4,5
8185,2022-11-28,7,13,2,4,52.04,208.16,4,7
8186,2022-11-26,21,6,2,1,16.03,16.03,4,7
8187,2022-11-30,8,2,2,1,70.99,70.99,4,8
8188,2022-11-10,13,11,2,2,340.99,681.98,4,5
8189,2022-11-10,12,16,2,2,18.84,37.68,4,5
8190,2022-11-16,16,6,2,1,33.87,33.87,4,5
8191,2022-11-01,7,18,2,2,9.99,19.98,4,7
8192,2022-11-29,21,16,2,5,16.99,84.95,4,6
8193,2022-11-28,9,18,2,2,12.99,25.98,4,8
8194,2022-11-28,8,8,2,1,31.26,31.26,4,7
8195,2022-11-01,12,4,2,1,196.99,196.99,4,7
8196,2022-11-06,19,18,2,1,14.56,14.56,4,7
8197,2022-11-18,2,5,2,4,10.99,43.96,4,6
8198,2022-11-19,21,10,2,2,43.99,87.98,4,7
8199,2022-11-19,20,5,2,2,17.74,35.48,4,8
8200,2022-11-04,28,8,2,1,45.69,45.69,4,5
8201,2022-11-24,9,12,2,1,546.89,546.89,4,7
8202,2022-11-08,20,4,2,1,129.99,129.99,1,6
8203,2022-11-04,2,15,2,2,57.28,114.56,4,6
8204,2022-11-30,29,11,2,5,508.26,2541.3,4,5
8205,2022-11-26,4,17,2,2,52.25,104.5,4,8
8206,2022-11-14,14,18,2,4,16.87,67.48,4,7
8207,2022-11-02,7,13,2,4,43.99,175.96,4,6
8208,2022-11-10,2,13,2,4,59.99,239.96,4,5
8209,2022-11-20,13,5,2,2,13.9,27.8,4,7
8210,2022-11-11,28,17,2,1,32.23,32.23,2,8
8211,2022-11-25,30,5,2,2,19.99,39.98,1,7
8212,2022-11-06,2,18,2,1,17.95,17.95,4,6
8213,2022-11-18,28,20,3,1,16.99,16.99,4,10
8214,2022-11-23,12,7,3,1,116.99,116.99,4,9
8215,2022-11-29,22,9,3,4,79.99,319.96,4,10
8216,2022-11-05,8,6,3,2,27.99,55.98,4,10
8217,2022-11-25,3,16,3,2,8.85,17.7,4,9
8218,2022-11-13,20,19,3,1,22.04,22.04,4,9
8219,2022-11-17,13,13,3,1,50.99,50.99,4,10
8220,2022-11-15,19,9,3,1,169.89,169.89,4,9
8221,2022-11-14,8,7,3,2,153.99,307.98,4,9
8222,2022-11-18,20,13,3,1,105.49,105.49,4,9
8223,2022-11-06,1,5,3,3,16.99,50.97,2,9
8224,2022-11-29,22,3,3,1,134.89,134.89,4,11
8225,2022-11-04,24,3,3,1,86.99,86.99,4,11
8226,2022-11-06,16,20,3,3,40.99,122.97,4,10
8227,2022-11-20,22,5,3,4,28.65,114.6,4,11
8228,2022-11-28,3,20,3,2,16.99,33.98,4,9
8229,2022-11-10,22,16,3,2,22.41,44.82,1,11
8230,2022-11-13,23,18,3,3,8.52,25.56,4,11
8231,2022-11-10,30,7,3,1,100.22,100.22,4,10
8232,2022-11-29,30,2,3,2,66.74,133.48,4,11
8233,2022-11-09,30,18,3,2,15.99,31.98,4,11
8234,2022-11-15,8,14,3,1,144.87,144.87,4,10
8235,2022-11-26,13,15,3,2,63.16,126.32,4,10
8236,2022-11-08,1,3,3,5,96.23,481.15,4,9
8237,2022-11-28,3,14,3,4,186.73,746.92,4,10
8238,2022-11-06,26,5,3,2,16.99,33.98,4,11
8239,2022-11-06,8,5,3,1,13.93,13.93,4,10
8240,2022-11-06,9,6,3,3,16.44,49.32,4,11
8241,2022-11-16,22,8,3,1,77.99,77.99,4,9
8242,2022-11-07,9,18,3,1,11.99,11.99,1,10
8243,2022-11-09,8,4,3,1,289.0,289.0,4,10
8244,2022-11-27,28,16,3,1,23.02,23.02,4,11
8245,2022-11-21,3,5,3,1,28.68,28.68,4,10
8246,2022-11-12,3,8,3,3,28.99,86.97,4,10
8247,2022-11-29,11,17,3,3,22.35,67.05,4,11
8248,2022-11-13,3,5,3,2,26.81,53.62,2,9
8249,2022-11-30,29,18,3,3,8.51,25.53,4,9
8250,2022-11-26,7,6,3,2,26.99,53.98,4,9
8251,2022-11-26,27,6,3,2,9.0,18.0,4,9
8252,2022-11-01,24,10,3,2,60.99,121.98,4,9
8253,2022-11-09,1,16,3,3,13.99,41.97,4,10
8254,2022-11-02,20,18,3,2,16.52,33.04,4,10
8255,2022-11-23,4,2,3,2,88.97,177.94,4,9
8256,2022-11-17,24,9,4,1,187.08,187.08,4,12
8257,2022-11-04,16,8,4,2,45.52,91.04,4,12
8258,2022-11-17,14,19,4,3,26.99,80.97,4,13
8259,2022-11-18,7,4,4,5,263.99,1319.95,4,14
8260,2022-11-15,26,13,4,1,107.9,107.9,4,12
8261,2022-11-23,12,3,4,2,137.51,275.02,3,12
8262,2022-11-18,3,14,4,3,214.31,642.93,4,13
8263,2022-11-16,17,5,4,2,15.41,30.82,4,12
8264,2022-11-13,15,18,4,2,8.2,16.4,4,13
8265,2022-11-10,7,1,4,5,1383.15,6915.75,4,12
8266,2022-11-06,18,15,4,2,74.99,149.98,4,12
8267,2022-11-15,8,3,4,2,140.91,281.82,2,14
8268,2022-11-18,12,20,4,2,17.99,35.98,4,12
8269,2022-11-02,17,4,4,3,206.21,618.63,4,13
8270,2022-11-07,29,10,4,3,44.7,134.1,4,13
8271,2022-11-19,23,8,4,3,52.04,156.12,4,12
8272,2022-11-05,19,7,4,1,96.99,96.99,4,14
8273,2022-11-24,28,12,4,1,755.99,755.99,4,13
8274,2022-11-26,14,20,4,2,41.16,82.32,4,13
8275,2022-11-12,16,19,4,5,19.99,99.95,4,12
8276,2022-11-25,26,5,4,4,27.96,111.84,4,14
8277,2022-11-01,18,16,4,2,16.26,32.52,4,12
8278,2022-11-02,19,6,4,2,11.99,23.98,4,14
8279,2022-11-20,30,16,4,4,14.86,59.44,4,14
8280,2022-11-15,17,16,4,1,20.08,20.08,3,12
8281,2022-11-24,18,10,4,3,68.56,205.68,4,14
8282,2022-11-28,1,17,4,5,33.99,169.95,3,14
8283,2022-11-06,10,19,4,1,19.99,19.99,1,14
8284,2022-11-20,26,12,4,1,846.66,846.66,4,12
8285,2022-11-28,2,5,4,2,27.99,55.98,4,12
8286,2022-11-24,16,5,4,3,18.99,56.97,4,12
8287,2022-11-28,18,3,4,1,85.99,85.99,4,12
8288,2022-11-10,26,17,4,2,50.73,101.46,4,14
8289,2022-11-10,26,7,4,1,102.99,102.99,4,14
8290,2022-11-18,13,17,4,1,38.96,38.96,4,14
8291,2022-11-17,23,11,4,2,402.77,805.54,4,13
8292,2022-11-07,18,4,4,5,149.79,748.95,2,13
8293,2022-11-09,3,20,5,5,34.67,173.35,4,17
8294,2022-11-13,27,7,5,2,137.12,274.24,4,17
8295,2022-11-14,3,8,5,1,25.99,25.99,4,15
8296,2022-11-26,26,3,5,1,142.99,142.99,4,17
8297,2022-11-04,2,15,5,2,72.99,145.98,4,16
8298,2022-11-13,30,13,5,1,96.99,96.99,4,17
8299,2022-11-16,1,4,5,1,137.98,137.98,1,15
8300,2022-11-30,9,13,5,1,85.81,85.81,4,16
8301,2022-11-01,26,15,5,4,70.99,283.96,4,16
8302,2022-11-26,4,7,5,4,67.99,271.96,4,17
8303,2022-11-15,5,19,5,3,15.71,47.13,4,16
8304,2022-11-02,2,8,5,1,33.99,33.99,4,16
8305,2022-11-10,16,16,5,2,9.22,18.44,4,15
8306,2022-11-10,28,16,5,1,9.99,9.99,4,17
8307,2022-11-15,25,15,5,4,86.94,347.76,4,15
8308,2022-11-20,19,3,5,2,78.17,156.34,4,15
8309,2022-11-10,4,4,5,1,151.99,151.99,3,17
8310,2022-11-29,22,6,5,1,29.99,29.99,4,17
8311,2022-11-27,14,16,5,4,8.0,32.0,4,17
8312,2022-11-29,19,20,5,3,20.99,62.97,4,16
8313,2022-11-26,23,18,5,3,12.15,36.45,4,17
8314,2022-11-20,27,9,5,1,80.7,80.7,1,17
8315,2022-11-08,16,7,5,2,116.37,232.74,4,16
8316,2022-11-15,13,6,5,1,16.29,16.29,4,16
8317,2022-11-13,26,19,5,5,30.99,154.95,4,16
8318,2022-11-04,19,7,5,5,148.99,744.95,4,17
8319,2022-11-05,14,4,5,1,169.63,169.63,4,17
8320,2022-11-10,10,16,5,2,8.99,17.98,2,17
8321,2022-11-19,11,10,5,1,31.11,31.11,3,17
8322,2022-11-18,12,4,5,3,178.99,536.97,4,15
8323,2022-11-03,8,10,5,2,37.18,74.36,4,16
8324,2022-11-02,18,6,5,3,11.37,34.11,4,15
8325,2022-11-02,19,20,5,1,39.99,39.99,4,16
8326,2022-11-29,4,20,5,4,40.99,163.96,4,15
8327,2022-11-20,6,18,6,1,16.82,16.82,4,20
8328,2022-11-19,7,6,6,1,28.69,28.69,4,18
8329,2022-11-30,19,12,6,4,769.28,3077.12,4,20
8330,2022-11-09,23,2,6,1,79.99,79.99,4,19
8331,2022-11-13,4,17,6,1,42.25,42.25,4,20
8332,2022-11-18,8,2,6,3,64.99,194.97,2,18
8333,2022-11-09,23,20,6,2,26.99,53.98,2,20
8334,2022-11-11,27,2,6,1,54.06,54.06,4,20
8335,2022-11-29,18,20,6,5,23.99,119.95,4,19
8336,2022-11-01,12,4,6,2,250.99,501.98,1,18
8337,2022-11-12,19,6,6,2,20.99,41.98,4,20
8338,2022-11-05,26,3,6,5,147.99,739.95,4,18
8339,2022-11-23,13,15,6,2,77.99,155.98,4,20
8340,2022-11-23,6,17,6,1,40.33,40.33,4,18
8341,2022-11-25,3,7,6,2,60.99,121.98,4,19
8342,2022-11-18,18,6,6,1,19.99,19.99,4,19
8343,2022-11-30,16,2,6,2,122.71,245.42,4,19
8344,2022-11-08,23,5,6,5,26.99,134.95,4,18
8345,2022-11-12,1,3,6,1,124.99,124.99,4,20
8346,2022-11-11,9,20,6,3,28.18,84.54,4,20
8347,2022-11-30,13,18,6,1,17.7,17.7,4,18
8348,2022-11-16,30,13,6,1,102.99,102.99,4,19
8349,2022-11-02,5,9,6,1,157.76,157.76,4,20
8350,2022-11-26,14,5,6,2,10.96,21.92,4,19
8351,2022-11-24,6,8,6,2,40.81,81.62,4,20
8352,2022-11-10,4,9,6,1,78.99,78.99,4,20
8353,2022-11-20,24,18,6,4,8.99,35.96,4,18
8354,2022-11-06,24,10,6,4,50.3,201.2,4,18
8355,2022-11-29,24,8,6,3,48.99,146.97,4,20
8356,2022-11-22,10,9,6,2,70.99,141.98,1,19
8357,2022-11-11,30,10,6,2,51.99,103.98,4,18
8358,2022-11-10,8,19,6,3,24.15,72.45,4,19
8359,2022-11-19,26,5,6,3,25.33,75.99,4,18
8360,2022-11-13,28,16,6,1,18.99,18.99,1,19
8361,2022-11-19,30,6,6,3,26.87,80.61,4,20
8362,2022-11-09,14,17,6,3,48.0,144.0,4,20
8363,2022-11-21,30,14,6,2,232.99,465.98,4,20
8364,2022-11-16,20,13,6,4,48.12,192.48,4,19
8365,2022-11-14,30,6,6,2,33.99,67.98,4,19
8366,2022-11-19,12,16,6,1,18.14,18.14,4,20
8367,2022-11-04,8,18,6,1,15.15,15.15,4,19
8368,2022-11-04,10,10,7,1,59.94,59.94,4,22
8369,2022-11-23,6,1,7,1,1152.99,1152.99,4,21
8370,2022-11-05,28,7,7,1,120.99,120.99,4,23
8371,2022-11-24,15,4,7,2,199.99,399.98,4,21
8372,2022-11-20,6,19,7,4,28.99,115.96,4,23
8373,2022-11-21,16,18,7,3,13.99,41.97,4,22
8374,2022-11-12,25,20,7,3,23.99,71.97,4,23
8375,2022-11-26,1,17,7,2,43.99,87.98,4,22
8376,2022-11-04,6,15,7,1,75.99,75.99,4,22
8377,2022-11-05,30,1,7,5,1389.38,6946.9,4,21
8378,2022-11-25,21,19,7,2,38.66,77.32,3,23
8379,2022-11-14,23,14,7,1,137.99,137.99,4,22
8380,2022-11-15,27,4,7,2,257.02,514.04,4,22
8381,2022-11-17,11,17,7,1,24.99,24.99,4,22
8382,2022-11-26,12,2,7,2,92.99,185.98,4,23
8383,2022-11-30,10,6,7,1,9.0,9.0,4,21
8384,2022-11-24,30,19,7,4,35.71,142.84,4,21
8385,2022-11-17,29,15,7,2,54.99,109.98,4,23
8386,2022-11-28,15,15,7,4,53.99,215.96,4,21
8387,2022-11-01,15,14,7,2,226.99,453.98,4,21
8388,2022-11-29,26,18,7,1,13.99,13.99,4,22
8389,2022-11-13,5,18,7,4,15.29,61.16,4,21
8390,2022-11-09,24,17,7,1,29.18,29.18,4,22
8391,2022-11-01,13,5,7,5,19.33,96.65,2,21
8392,2022-11-21,27,10,7,3,42.34,127.02,4,21
8393,2022-11-01,25,6,7,2,22.99,45.98,4,21
8394,2022-11-06,21,10,7,2,32.99,65.98,4,22
8395,2022-11-14,8,2,7,1,110.0,110.0,4,22
8396,2022-11-18,17,4,7,1,145.99,145.99,3,22
8397,2022-11-09,23,15,7,2,49.32,98.64,4,23
8398,2022-11-20,14,9,7,5,197.99,989.95,4,22
8399,2022-11-16,3,15,7,1,48.22,48.22,4,23
8400,2022-11-04,28,3,7,2,77.24,154.48,4,22
8401,2022-11-26,15,3,7,3,130.99,392.97,4,23
8402,2022-11-03,30,3,7,4,156.44,625.76,4,21
8403,2022-11-07,25,3,7,2,91.33,182.66,4,22
8404,2022-11-12,5,17,7,1,46.99,46.99,4,21
8405,2022-11-19,22,8,7,3,82.87,248.61,4,22
8406,2022-11-25,26,7,8,1,145.17,145.17,4,25
8407,2022-11-01,30,8,8,3,28.83,86.49,1,25
8408,2022-11-03,6,10,8,1,55.99,55.99,4,25
8409,2022-11-09,20,2,8,1,121.98,121.98,4,24
8410,2022-11-27,8,4,8,2,246.74,493.48,4,24
8411,2022-11-12,12,19,8,1,29.99,29.99,4,24
8412,2022-11-09,29,2,8,1,107.56,107.56,4,24
8413,2022-11-13,23,7,8,1,118.96,118.96,4,24
8414,2022-11-28,21,20,8,3,29.29,87.87,4,25
8415,2022-11-14,20,20,8,1,25.36,25.36,4,25
8416,2022-11-02,28,20,8,4,31.35,125.4,4,24
8417,2022-11-14,4,6,8,5,15.35,76.75,4,24
8418,2022-11-27,21,17,8,2,19.18,38.36,4,25
8419,2022-11-11,27,9,8,1,152.99,152.99,4,25
8420,2022-11-26,2,16,8,3,15.59,46.77,4,25
8421,2022-11-21,11,7,8,2,122.99,245.98,4,24
8422,2022-11-27,3,2,8,2,115.81,231.62,1,24
8423,2022-11-26,18,19,8,3,32.89,98.67,1,24
8424,2022-11-02,1,6,8,1,28.99,28.99,4,25
8425,2022-11-08,27,17,8,1,34.99,34.99,4,24
8426,2022-11-23,22,2,8,1,118.99,118.99,4,25
8427,2022-11-24,26,15,8,2,82.9,165.8,4,24
8428,2022-11-03,12,8,8,1,52.75,52.75,4,24
8429,2022-11-28,18,1,8,2,978.03,1956.06,4,25
8430,2022-11-15,6,19,8,1,23.22,23.22,4,24
8431,2022-11-19,22,20,8,1,35.15,35.15,4,24
8432,2022-11-18,24,11,8,3,420.99,1262.97,4,24
8433,2022-11-30,28,19,9,2,38.52,77.04,4,26
8434,2022-11-16,3,9,9,1,91.1,91.1,4,26
8435,2022-11-07,22,17,9,4,38.99,155.96,4,27
8436,2022-11-11,12,3,9,1,87.99,87.99,4,28
8437,2022-11-16,27,5,9,4,17.99,71.96,4,27
8438,2022-11-20,30,17,9,2,21.93,43.86,4,28
8439,2022-11-04,24,16,9,2,21.68,43.36,3,26
8440,2022-11-25,12,13,9,2,89.69,179.38,4,27
8441,2022-11-02,12,5,9,3,27.18,81.54,4,26
8442,2022-11-14,8,9,9,4,184.45,737.8,4,26
8443,2022-11-29,16,17,9,1,40.99,40.99,4,26
8444,2022-11-16,7,18,9,1,12.47,12.47,4,28
8445,2022-11-28,27,18,9,1,11.61,11.61,4,27
8446,2022-11-25,16,15,9,1,60.41,60.41,4,26
8447,2022-11-09,18,4,9,3,156.99,470.97,3,27
8448,2022-11-21,22,16,9,5,15.99,79.95,4,27
8449,2022-11-20,28,13,9,5,43.99,219.95,4,26
8450,2022-11-24,24,5,9,4,13.99,55.96,4,26
8451,2022-11-07,23,6,9,3,19.82,59.46,4,28
8452,2022-11-10,6,6,9,1,29.16,29.16,4,27
8453,2022-11-21,29,6,9,2,14.61,29.22,4,26
8454,2022-11-24,25,16,9,4,14.99,59.96,4,27
8455,2022-11-15,9,13,9,1,48.99,48.99,4,27
8456,2022-11-14,22,17,9,1,50.4,50.4,3,27
8457,2022-11-25,19,6,9,3,27.83,83.49,2,26
8458,2022-11-02,17,10,9,1,60.99,60.99,4,28
8459,2022-11-16,1,6,9,5,20.56,102.8,4,28
8460,2022-11-27,25,13,9,4,57.06,228.24,4,27
8461,2022-11-17,26,16,9,5,8.99,44.95,3,27
8462,2022-11-12,11,17,9,2,44.63,89.26,4,27
8463,2022-11-14,26,19,9,1,16.76,16.76,4,28
8464,2022-11-28,13,6,9,2,22.34,44.68,4,26
8465,2022-11-14,28,10,9,3,60.99,182.97,1,28
8466,2022-11-25,18,8,9,4,85.21,340.84,4,28
8467,2022-11-05,18,15,9,3,70.99,212.97,4,26
8468,2022-11-03,27,5,9,1,27.99,27.99,4,26
8469,2022-11-05,21,20,9,2,31.99,63.98,4,27
8470,2022-11-24,22,13,9,1,83.53,83.53,4,26
8471,2022-11-16,6,15,9,1,83.99,83.99,1,27
8472,2022-11-02,22,8,9,1,47.24,47.24,2,28
8473,2022-11-03,7,10,9,1,56.85,56.85,4,28
8474,2022-11-14,25,20,9,1,14.0,14.0,2,26
8475,2022-11-18,2,7,9,3,82.09,246.27,4,26
8476,2022-11-03,3,4,9,1,231.13,231.13,4,27
8477,2022-11-04,30,20,9,5,31.99,159.95,3,28
8478,2022-11-06,3,2,10,3,98.97,296.91,4,31
8479,2022-11-15,2,5,10,2,24.93,49.86,4,31
8480,2022-11-26,15,10,10,3,56.76,170.28,4,31
8481,2022-11-24,12,20,10,5,34.83,174.15,4,30
8482,2022-11-21,18,3,10,4,94.99,379.96,4,31
8483,2022-11-25,9,6,10,1,20.99,20.99,4,31
8484,2022-11-03,8,4,10,4,201.51,806.04,4,29
8485,2022-11-11,23,7,10,3,84.61,253.83,4,29
8486,2022-11-09,6,17,10,1,49.99,49.99,1,31
8487,2022-11-25,7,7,10,1,83.68,83.68,4,29
8488,2022-11-08,7,5,10,1,14.99,14.99,4,31
8489,2022-11-29,3,5,10,3,22.99,68.97,4,29
8490,2022-11-23,27,20,10,2,32.99,65.98,4,30
8491,2022-11-04,24,19,10,3,18.4,55.2,1,30
8492,2022-11-03,19,3,10,5,113.93,569.65,2,29
8493,2022-11-19,29,12,10,1,699.54,699.54,4,29
8494,2022-11-26,3,15,10,2,62.74,125.48,4,31
8495,2022-11-30,1,1,10,1,1137.28,1137.28,4,31
8496,2022-11-17,18,14,10,1,128.99,128.99,4,29
8497,2022-11-26,17,20,10,1,29.19,29.19,4,30
8498,2022-11-23,12,11,10,2,519.74,1039.48,4,31
8499,2022-11-19,2,8,10,2,55.99,111.98,4,30
8500,2022-11-14,6,5,10,2,27.7,55.4,4,29
8501,2022-11-24,17,7,10,1,128.81,128.81,4,30
8502,2022-11-25,29,9,10,2,173.98,347.96,4,29
8503,2022-11-05,30,17,10,4,42.06,168.24,4,29
8504,2022-11-03,13,6,10,2,29.16,58.32,4,31
8505,2022-11-07,20,15,10,1,65.99,65.99,4,29
8506,2022-11-14,24,15,10,1,75.81,75.81,4,29
8507,2022-11-09,9,18,10,1,12.46,12.46,4,30
8508,2022-11-21,30,16,10,1,12.17,12.17,3,30
8509,2022-11-03,16,2,10,5,118.99,594.95,4,30
8510,2022-11-23,22,6,10,2,21.99,43.98,4,30
8511,2022-11-17,26,16,10,1,9.97,9.97,4,31
8512,2022-11-04,1,5,10,1,13.28,13.28,4,29
8513,2022-11-30,1,13,10,4,80.68,322.72,4,30
8514,2022-11-29,26,16,10,1,17.99,17.99,4,30
8515,2022-11-26,18,16,10,3,12.6,37.8,4,31
8516,2022-11-13,3,16,10,1,12.55,12.55,4,31
8517,2022-11-13,5,10,10,2,60.84,121.68,4,30
8518,2022-11-21,17,2,10,2,124.45,248.9,4,31
8519,2022-11-02,12,5,10,3,24.27,72.81,4,31
8520,2022-11-15,9,17,11,1,52.59,52.59,4,32
8521,2022-11-02,11,6,11,1,34.34,34.34,4,32
8522,2022-11-27,25,20,11,4,41.98,167.92,4,33
8523,2022-11-16,22,16,11,3,17.96,53.88,4,33
8524,2022-11-17,12,20,11,3,14.0,42.0,4,32
8525,2022-11-27,4,15,11,3,79.67,239.01,4,33
8526,2022-11-07,7,19,11,1,31.57,31.57,4,32
8527,2022-11-21,16,19,11,2,27.7,55.4,4,33
8528,2022-11-12,5,18,11,3,8.05,24.15,4,32
8529,2022-11-17,6,4,11,1,158.99,158.99,4,33
8530,2022-11-03,15,6,11,3,11.81,35.43,4,33
8531,2022-11-23,15,18,11,2,18.45,36.9,4,32
8532,2022-11-25,4,5,11,2,23.8,47.6,4,33
8533,2022-11-14,9,16,11,3,11.99,35.97,4,32
8534,2022-11-04,23,10,11,2,58.99,117.98,4,33
8535,2022-11-08,10,18,11,2,10.73,21.46,4,33
8536,2022-11-06,22,8,11,2,37.93,75.86,4,33
8537,2022-11-20,15,10,11,1,36.61,36.61,1,32
8538,2022-11-24,12,3,11,4,135.32,541.28,4,33
8539,2022-11-19,15,15,11,3,84.99,254.97,3,33
8540,2022-11-11,18,19,11,1,22.99,22.99,4,33
8541,2022-11-19,30,16,11,2,10.04,20.08,4,32
8542,2022-11-25,9,6,11,1,9.0,9.0,4,33
8543,2022-11-26,19,15,11,2,59.99,119.98,4,33
8544,2022-11-01,19,2,11,3,122.11,366.33,4,33
8545,2022-11-19,19,5,11,2,19.75,39.5,4,32
8546,2022-11-23,25,2,12,2,96.78,193.56,4,35
8547,2022-11-24,18,15,12,3,58.99,176.97,4,34
8548,2022-11-08,23,19,12,2,34.99,69.98,4,34
8549,2022-11-13,9,18,12,2,9.29,18.58,4,34
8550,2022-11-05,23,16,12,1,13.99,13.99,4,35
8551,2022-11-11,29,8,12,3,77.99,233.97,4,34
8552,2022-11-24,12,6,12,2,21.12,42.24,4,35
8553,2022-11-22,28,6,12,3,32.26,96.78,4,34
8554,2022-11-10,1,4,12,2,212.99,425.98,4,34
8555,2022-11-08,28,15,12,5,80.87,404.35,4,34
8556,2022-11-22,17,10,12,3,38.84,116.52,4,34
8557,2022-11-06,20,15,12,2,80.99,161.98,4,34
8558,2022-11-26,20,12,12,1,510.44,510.44,4,35
8559,2022-11-21,27,9,12,1,88.63,88.63,2,34
8560,2022-11-26,18,12,12,1,401.75,401.75,4,34
8561,2022-11-16,8,15,12,2,87.99,175.98,4,34
8562,2022-11-24,15,18,12,1,12.99,12.99,4,34
8563,2022-11-09,5,20,12,2,36.99,73.98,3,34
8564,2022-11-19,25,4,12,1,240.52,240.52,4,34
8565,2022-11-26,9,18,12,1,14.54,14.54,2,34
8566,2022-11-11,16,15,12,1,63.73,63.73,2,34
8567,2022-11-09,12,20,12,5,16.99,84.95,4,34
8568,2022-11-04,23,5,12,3,19.99,59.97,1,34
8569,2022-11-06,24,5,12,3,23.99,71.97,4,34
8570,2022-11-21,30,15,12,4,79.24,316.96,4,35
8571,2022-11-06,11,10,12,1,31.99,31.99,4,34
8572,2022-11-20,28,3,12,1,135.02,135.02,4,34
8573,2022-11-11,5,5,12,1,21.21,21.21,4,34
8574,2022-11-22,27,17,12,3,52.56,157.68,4,34
8575,2022-11-27,21,3,12,3,71.22,213.66,4,35
8576,2022-11-20,28,17,12,2,27.7,55.4,4,34
8577,2022-11-21,27,16,13,1,12.42,12.42,4,36
8578,2022-11-27,15,8,13,1,43.71,43.71,2,36
8579,2022-11-22,27,20,13,2,36.82,73.64,4,38
8580,2022-11-13,21,20,13,1,14.72,14.72,4,38
8581,2022-11-23,14,10,13,1,56.58,56.58,4,37
8582,2022-11-15,21,3,13,3,64.14,192.42,4,38
8583,2022-11-12,24,8,13,2,31.05,62.1,4,37
8584,2022-11-27,5,2,13,3,125.28,375.84,4,37
8585,2022-11-23,8,1,13,1,1143.99,1143.99,4,36
8586,2022-11-08,6,15,13,3,64.0,192.0,4,37
8587,2022-11-07,18,1,13,4,1104.74,4418.96,4,37
8588,2022-11-27,6,3,13,3,153.99,461.97,4,36
8589,2022-11-18,10,16,13,1,10.26,10.26,4,36
8590,2022-11-13,17,17,13,1,42.99,42.99,4,38
8591,2022-11-24,6,15,13,3,43.99,131.97,4,37
8592,2022-11-14,11,1,13,3,1125.05,3375.15,4,38
8593,2022-11-10,2,19,13,3,24.86,74.58,4,37
8594,2022-11-04,5,18,13,1,11.8,11.8,4,38
8595,2022-11-08,12,5,13,1,13.99,13.99,4,36
8596,2022-11-05,15,8,13,2,36.99,73.98,4,38
8597,2022-11-06,2,19,13,1,17.82,17.82,4,38
8598,2022-11-11,1,13,13,1,43.14,43.14,4,36
8599,2022-11-12,27,16,13,1,21.05,21.05,4,37
8600,2022-11-25,12,13,13,1,109.05,109.05,4,36
8601,2022-11-21,28,15,13,5,62.8,314.0,4,38
8602,2022-11-22,12,1,13,1,961.23,961.23,4,37
8603,2022-11-17,27,5,13,3,26.78,80.34,4,36
8604,2022-11-29,29,13,13,4,53.7,214.8,4,37
8605,2022-11-21,22,12,13,4,892.99,3571.96,4,38
8606,2022-11-30,20,19,13,3,14.0,42.0,4,37
8607,2022-11-27,1,15,13,5,81.21,406.05,4,38
8608,2022-11-22,10,7,13,4,70.7,282.8,4,36
8609,2022-11-22,1,19,13,5,32.0,160.0,4,38
8610,2022-11-04,4,4,13,2,273.99,547.98,4,38
8611,2022-11-04,14,20,13,1,38.99,38.99,4,37
8612,2022-11-21,8,8,13,1,68.52,68.52,4,36
8613,2022-11-07,28,6,13,1,18.99,18.99,4,36
8614,2022-11-29,27,14,13,3,184.04,552.12,4,37
8615,2022-11-13,30,20,13,5,23.53,117.65,4,37
8616,2022-11-17,22,5,14,3,16.37,49.11,4,40
8617,2022-11-23,13,3,14,3,147.71,443.13,4,39
8618,2022-11-22,11,7,14,2,49.99,99.98,4,40
8619,2022-11-11,4,10,14,1,31.23,31.23,4,40
8620,2022-11-19,8,7,14,1,113.31,113.31,4,39
8621,2022-11-10,14,6,14,2,16.99,33.98,4,39
8622,2022-11-17,16,5,14,2,20.99,41.98,4,40
8623,2022-11-08,14,16,14,1,23.29,23.29,4,39
8624,2022-11-16,22,7,14,1,80.1,80.1,2,39
8625,2022-11-30,23,11,14,2,507.85,1015.7,4,39
8626,2022-11-10,29,13,14,2,70.42,140.84,4,39
8627,2022-11-10,28,11,14,1,586.94,586.94,4,40
8628,2022-11-15,10,19,14,3,14.64,43.92,4,40
8629,2022-11-07,29,15,14,1,75.8,75.8,4,40
8630,2022-11-04,21,19,14,1,18.99,18.99,4,39
8631,2022-11-14,8,8,14,1,68.54,68.54,4,39
8632,2022-11-29,22,4,14,3,284.41,853.23,4,40
8633,2022-11-23,3,8,14,2,51.99,103.98,4,40
8634,2022-11-16,14,14,14,1,121.99,121.99,4,40
8635,2022-11-22,5,16,14,1,22.64,22.64,4,39
8636,2022-11-11,6,16,14,3,16.99,50.97,4,40
8637,2022-11-18,6,16,14,1,20.8,20.8,3,40
8638,2022-11-29,30,19,14,2,15.78,31.56,4,40
8639,2022-11-21,16,16,14,1,10.99,10.99,4,39
8640,2022-11-14,1,20,14,1,20.96,20.96,4,40
8641,2022-11-18,3,17,14,2,31.99,63.98,4,39
8642,2022-11-06,20,6,14,2,22.99,45.98,4,40
8643,2022-11-01,27,19,14,4,26.99,107.96,4,40
8644,2022-11-25,9,2,14,3,109.99,329.97,4,39
8645,2022-11-13,21,8,14,1,25.0,25.0,4,39
8646,2022-11-12,30,5,14,1,25.18,25.18,4,40
8647,2022-11-10,26,17,14,2,51.99,103.98,4,39
8648,2022-11-29,28,5,14,1,22.99,22.99,4,40
8649,2022-11-02,25,4,14,2,111.99,223.98,4,39
8650,2022-11-25,19,3,14,1,87.13,87.13,4,39
8651,2022-11-09,30,6,15,1,28.1,28.1,4,41
8652,2022-11-02,19,20,15,1,15.99,15.99,4,42
8653,2022-11-22,17,8,15,3,48.54,145.62,4,41
8654,2022-11-14,12,5,15,1,27.33,27.33,4,41
8655,2022-11-20,8,13,15,5,58.39,291.95,4,41
8656,2022-11-28,12,11,15,2,336.46,672.92,4,42
8657,2022-11-15,24,2,15,3,74.99,224.97,4,41
8658,2022-11-09,28,5,15,1,12.54,12.54,4,42
8659,2022-11-04,9,18,15,1,17.99,17.99,4,41
8660,2022-11-01,11,18,15,1,7.99,7.99,4,42
8661,2022-11-14,17,1,15,2,1068.99,2137.98,4,41
8662,2022-11-17,5,8,15,1,44.82,44.82,4,42
8663,2022-11-08,22,18,15,2,14.67,29.34,4,41
8664,2022-11-01,22,16,15,1,17.18,17.18,4,42
8665,2022-11-21,26,19,15,1,37.83,37.83,4,41
8666,2022-11-14,4,16,15,4,18.29,73.16,4,42
8667,2022-11-01,3,8,15,3,68.05,204.15,4,41
8668,2022-11-07,7,2,15,1,79.99,79.99,4,41
8669,2022-11-15,2,5,15,2,27.99,55.98,3,41
8670,2022-11-24,5,5,15,2,19.15,38.3,4,41
8671,2022-11-24,5,1,15,4,1131.69,4526.76,4,42
8672,2022-11-21,14,2,15,2,53.99,107.98,4,41
8673,2022-11-08,16,14,15,2,134.06,268.12,4,42
8674,2022-11-09,30,7,15,2,129.92,259.84,4,42
8675,2022-11-02,24,20,15,1,14.41,14.41,4,42
8676,2022-11-26,28,10,15,4,39.75,159.0,4,42
8677,2022-11-17,6,10,15,3,29.99,89.97,4,42
8678,2022-12-11,9,17,1,2,32.22,64.44,4,2
8679,2022-12-21,4,5,1,2,13.67,27.34,4,1
8680,2022-12-10,15,15,1,3,63.99,191.97,4,3
8681,2022-12-17,14,16,1,4,8.46,33.84,4,1
8682,2022-12-23,19,19,1,2,32.17,64.34,4,2
8683,2022-12-13,25,9,1,3,193.39,580.17,4,4
8684,2022-12-06,19,9,1,2,122.46,244.92,4,2
8685,2022-12-27,29,18,1,2,14.99,29.98,4,3
8686,2022-12-21,30,20,1,1,38.99,38.99,4,3
8687,2022-12-30,30,14,1,2,105.11,210.22,4,4
8688,2022-12-31,22,8,2,1,68.85,68.85,4,5
8689,2022-12-26,6,3,2,2,153.44,306.88,4,7
8690,2022-12-01,9,11,2,2,282.85,565.7,4,7
8691,2022-12-25,12,16,2,2,16.33,32.66,4,8
8692,2022-12-26,18,7,2,4,91.26,365.04,1,7
8693,2022-12-22,18,10,2,3,67.59,202.77,4,8
8694,2022-12-01,14,6,2,4,18.99,75.96,4,6
8695,2022-12-07,2,19,2,4,22.5,90.0,4,6
8696,2022-12-31,24,10,2,1,38.31,38.31,4,8
8697,2022-12-13,7,9,2,3,72.66,217.98,4,8
8698,2022-12-04,23,14,3,1,182.99,182.99,4,9
8699,2022-12-16,17,13,3,4,93.99,375.96,4,10
8700,2022-12-03,14,13,3,1,51.69,51.69,4,11
8701,2022-12-26,28,18,3,2,7.0,14.0,4,11
8702,2022-12-04,19,2,3,1,61.99,61.99,4,10
8703,2022-12-01,23,6,3,1,21.76,21.76,4,9
8704,2022-12-07,25,16,3,4,23.36,93.44,4,10
8705,2022-12-04,12,8,3,2,72.65,145.3,4,11
8706,2022-12-15,17,19,3,1,20.71,20.71,4,10
8707,2022-12-15,13,18,3,1,10.79,10.79,4,9
8708,2022-12-20,5,17,3,3,35.73,107.19,4,11
8709,2022-12-04,24,3,4,1,74.99,74.99,4,14
8710,2022-12-25,23,16,4,1,21.4,21.4,4,14
8711,2022-12-02,29,15,4,1,62.31,62.31,4,12
8712,2022-12-15,21,6,4,1,16.94,16.94,4,12
8713,2022-12-17,25,17,4,1,48.99,48.99,4,14
8714,2022-12-21,20,5,4,2,16.77,33.54,4,12
8715,2022-12-15,25,6,4,2,22.99,45.98,4,14
8716,2022-12-21,19,5,4,3,25.33,75.99,4,12
8717,2022-12-07,7,16,4,1,20.85,20.85,4,13
8718,2022-12-27,4,2,4,2,73.81,147.62,4,14
8719,2022-12-25,1,20,4,1,35.99,35.99,4,14
8720,2022-12-04,5,12,5,1,893.68,893.68,4,15
8721,2022-12-09,23,16,5,3,10.61,31.83,1,17
8722,2022-12-01,11,17,5,3,36.99,110.97,4,15
8723,2022-12-02,10,7,5,5,89.99,449.95,3,16
8724,2022-12-26,5,3,5,2,83.99,167.98,4,16
8725,2022-12-05,5,18,5,5,7.46,37.3,4,17
8726,2022-12-12,29,19,5,4,24.51,98.04,4,17
8727,2022-12-15,15,20,5,1,15.43,15.43,4,15
8728,2022-12-30,23,7,6,2,154.99,309.98,4,19
8729,2022-12-17,5,20,6,3,25.99,77.97,4,19
8730,2022-12-03,16,20,6,3,37.59,112.77,4,20
8731,2022-12-12,23,18,6,2,7.99,15.98,4,20
8732,2022-12-27,3,17,6,2,47.86,95.72,4,20
8733,2022-12-03,19,7,6,2,147.99,295.98,4,18
8734,2022-12-15,2,10,6,2,30.99,61.98,2,20
8735,2022-12-27,25,18,6,1,7.0,7.0,4,18
8736,2022-12-23,26,17,6,3,20.6,61.8,4,20
8737,2022-12-17,19,6,6,3,14.04,42.12,3,18
8738,2022-12-30,29,8,7,4,44.37,177.48,4,21
8739,2022-12-02,28,3,7,2,76.33,152.66,4,22
8740,2022-12-07,21,8,7,1,40.17,40.17,4,22
8741,2022-12-16,3,1,7,2,808.99,1617.98,4,21
8742,2022-12-23,6,16,7,1,13.99,13.99,4,23
8743,2022-12-05,4,2,7,1,117.99,117.99,4,21
8744,2022-12-16,1,8,7,3,57.03,171.09,4,21
8745,2022-12-04,1,2,8,1,80.25,80.25,4,24
8746,2022-12-12,7,13,8,4,53.93,215.72,4,25
8747,2022-12-29,15,16,8,1,18.97,18.97,4,24
8748,2022-12-16,24,10,8,1,33.82,33.82,4,24
8749,2022-12-05,6,11,8,2,495.26,990.52,4,24
8750,2022-12-03,29,17,8,1,51.99,51.99,4,25
8751,2022-12-26,23,19,8,2,21.99,43.98,4,25
8752,2022-12-30,27,5,8,3,9.68,29.04,4,24
8753,2022-12-10,4,13,9,3,40.01,120.03,3,27
8754,2022-12-15,14,10,9,3,58.59,175.77,4,27
8755,2022-12-01,25,6,9,3,16.9,50.7,4,27
8756,2022-12-16,8,18,9,1,9.49,9.49,4,27
8757,2022-12-23,12,13,9,2,58.99,117.98,4,26
8758,2022-12-24,6,20,9,1,30.56,30.56,4,26
8759,2022-12-29,8,14,9,2,236.99,473.98,4,27
8760,2022-12-25,12,3,9,3,96.37,289.11,4,28
8761,2022-12-02,16,3,9,2,115.99,231.98,4,26
8762,2022-12-23,1,13,10,3,40.99,122.97,4,30
8763,2022-12-09,13,11,10,2,294.59,589.18,4,30
8764,2022-12-13,9,13,10,1,65.47,65.47,4,30
8765,2022-12-21,18,5,10,1,15.0,15.0,4,29
8766,2022-12-01,26,6,10,5,16.99,84.95,4,31
8767,2022-12-20,25,1,10,1,997.06,997.06,4,29
8768,2022-12-15,29,20,10,1,31.99,31.99,4,30
8769,2022-12-20,26,3,10,5,120.99,604.95,4,29
8770,2022-12-18,15,18,11,5,10.15,50.75,4,33
8771,2022-12-10,15,9,11,2,78.74,157.48,4,33
8772,2022-12-24,11,18,11,2,8.99,17.98,4,32
8773,2022-12-17,18,3,11,2,137.99,275.98,3,32
8774,2022-12-15,4,5,11,2,11.75,23.5,4,33
8775,2022-12-30,12,9,11,4,145.39,581.56,4,33
8776,2022-12-27,25,4,11,1,186.83,186.83,4,32
8777,2022-12-16,14,18,11,1,16.99,16.99,4,32
8778,2022-12-07,2,18,12,4,8.97,35.88,4,34
8779,2022-12-01,14,8,12,1,86.99,86.99,4,35
8780,2022-12-19,23,14,12,3,103.35,310.05,4,34
8781,2022-12-23,20,19,12,1,32.77,32.77,4,35
8782,2022-12-10,28,16,12,3,19.99,59.97,1,34
8783,2022-12-21,6,18,12,1,15.99,15.99,4,35
8784,2022-12-15,21,4,13,1,191.99,191.99,4,38
8785,2022-12-14,5,10,13,1,55.99,55.99,4,36
8786,2022-12-14,3,2,13,1,100.09,100.09,4,38
8787,2022-12-08,16,19,13,2,37.46,74.92,4,36
8788,2022-12-30,21,18,13,1,8.63,8.63,4,36
8789,2022-12-25,27,15,13,1,36.66,36.66,1,37
8790,2022-12-15,9,17,13,1,50.09,50.09,4,37
8791,2022-12-02,19,13,13,1,89.29,89.29,4,36
8792,2022-12-01,12,10,13,1,66.99,66.99,4,38
8793,2022-12-31,1,18,13,3,8.29,24.87,4,38
8794,2022-12-11,3,2,14,5,121.43,607.15,4,39
8795,2022-12-11,17,2,14,2,112.99,225.98,2,39
8796,2022-12-08,15,11,14,1,583.05,583.05,4,39
8797,2022-12-04,2,13,14,1,62.99,62.99,4,40
8798,2022-12-17,4,17,14,1,32.99,32.99,4,40
8799,2022-12-08,10,17,14,1,40.46,40.46,4,39
8800,2022-12-29,14,5,14,1,26.35,26.35,4,39
8801,2022-12-02,25,7,14,3,152.54,457.62,4,39
8802,2022-12-11,25,1,14,4,1128.99,4515.96,4,39
8803,2022-12-30,30,15,15,4,88.13,352.52,4,42
8804,2022-12-17,17,19,15,1,23.28,23.28,1,41
8805,2022-12-15,12,18,15,2,17.76,35.52,4,42
8806,2022-12-15,28,2,15,1,50.99,50.99,4,42
8807,2022-12-08,7,1,15,1,1032.99,1032.99,4,42
8808,2022-12-11,15,14,15,1,169.04,169.04,4,41
8809,2022-12-13,30,18,15,2,7.75,15.5,4,42
8810,2023-01-23,11,9,1,3,107.68,323.04,4,1
8811,2023-01-30,25,6,1,1,27.99,27.99,4,3
8812,2023-01-14,20,16,1,1,23.43,23.43,4,3
8813,2023-01-08,30,10,1,1,65.56,65.56,4,2
8814,2023-01-31,30,2,1,4,94.91,379.64,4,3
8815,2023-01-15,22,9,1,1,117.04,117.04,4,4
8816,2023-01-21,30,8,1,1,29.99,29.99,4,4
8817,2023-01-31,26,20,1,2,15.89,31.78,4,4
8818,2023-01-20,22,17,1,2,27.69,55.38,4,2
8819,2023-01-15,5,20,1,2,15.36,30.72,4,3
8820,2023-01-01,6,18,1,1,17.99,17.99,4,3
8821,2023-01-22,11,8,1,2,61.29,122.58,4,1
8822,2023-01-27,12,7,1,4,106.3,425.2,4,2
8823,2023-01-15,9,14,1,2,100.66,201.32,4,1
8824,2023-01-06,27,20,1,2,33.02,66.04,4,1
8825,2023-01-05,16,4,1,3,105.43,316.29,4,4
8826,2023-01-08,7,17,1,1,39.99,39.99,4,1
8827,2023-01-17,10,20,1,1,28.79,28.79,4,4
8828,2023-01-06,8,5,1,5,24.09,120.45,4,4
8829,2023-01-27,28,9,1,4,114.99,459.96,4,3
8830,2023-01-11,23,20,1,1,21.19,21.19,4,1
8831,2023-01-05,5,8,1,1,27.2,27.2,4,1
8832,2023-01-04,26,19,1,2,34.99,69.98,4,2
8833,2023-01-22,22,17,1,2,44.64,89.28,4,4
8834,2023-01-04,17,16,1,4,20.56,82.24,4,4
8835,2023-01-26,28,2,1,1,76.42,76.42,4,4
8836,2023-01-23,19,14,1,2,121.2,242.4,4,3
8837,2023-01-21,4,7,1,4,158.63,634.52,4,1
8838,2023-01-17,8,5,1,4,10.42,41.68,4,3
8839,2023-01-07,14,15,1,3,58.04,174.12,4,4
8840,2023-01-17,26,3,1,3,142.41,427.23,4,2
8841,2023-01-21,3,16,1,5,12.99,64.95,4,2
8842,2023-01-18,7,5,1,3,18.57,55.71,4,1
8843,2023-01-29,2,8,1,1,66.99,66.99,4,2
8844,2023-01-06,17,18,1,3,17.21,51.63,4,3
8845,2023-01-02,15,10,1,2,61.99,123.98,4,1
8846,2023-01-11,1,9,1,3,134.98,404.94,4,2
8847,2023-01-07,1,4,1,5,139.77,698.85,4,4
8848,2023-01-29,15,6,1,1,11.99,11.99,4,1
8849,2023-01-06,15,10,1,1,51.88,51.88,3,2
8850,2023-01-25,10,15,1,2,68.99,137.98,4,4
8851,2023-01-01,18,16,1,1,12.99,12.99,4,4
8852,2023-01-11,4,16,1,3,12.99,38.97,4,2
8853,2023-01-23,17,1,1,2,1304.01,2608.02,4,3
8854,2023-01-14,9,7,1,1,119.0,119.0,4,1
8855,2023-01-21,27,2,1,1,123.99,123.99,4,4
8856,2023-01-14,3,10,1,3,56.99,170.97,4,2
8857,2023-01-28,21,8,1,1,47.51,47.51,4,3
8858,2023-01-27,4,15,1,5,87.58,437.9,4,2
8859,2023-01-08,13,13,1,3,108.69,326.07,4,2
8860,2023-01-26,19,10,1,2,57.99,115.98,1,4
8861,2023-01-25,3,19,1,5,14.69,73.45,4,2
8862,2023-01-14,25,8,1,3,42.99,128.97,4,3
8863,2023-01-14,9,9,1,2,90.99,181.98,4,3
8864,2023-01-31,30,19,1,5,23.14,115.7,4,3
8865,2023-01-18,6,5,1,3,9.0,27.0,4,4
8866,2023-01-29,16,10,1,1,32.61,32.61,4,4
8867,2023-01-27,9,18,1,1,17.99,17.99,4,3
8868,2023-01-31,9,18,1,1,7.0,7.0,4,4
8869,2023-01-31,11,7,1,5,99.99,499.95,2,3
8870,2023-01-08,3,20,1,2,28.99,57.98,4,4
8871,2023-01-09,20,3,1,2,98.18,196.36,4,4
8872,2023-01-05,19,19,1,2,27.77,55.54,4,2
8873,2023-01-19,17,2,1,5,95.7,478.5,4,3
8874,2023-01-17,14,4,2,3,275.99,827.97,4,7
8875,2023-01-17,8,1,2,2,825.99,1651.98,2,7
8876,2023-01-20,26,5,2,2,18.99,37.98,4,7
8877,2023-01-08,1,10,2,1,50.99,50.99,4,8
8878,2023-01-13,8,2,2,1,70.99,70.99,4,7
8879,2023-01-11,20,20,2,3,27.33,81.99,4,5
8880,2023-01-02,1,16,2,2,12.99,25.98,4,5
8881,2023-01-11,4,8,2,1,86.25,86.25,3,7
8882,2023-01-12,29,5,2,2,11.7,23.4,4,8
8883,2023-01-06,30,13,2,3,78.99,236.97,4,6
8884,2023-01-21,16,11,2,4,526.99,2107.96,4,7
8885,2023-01-08,13,16,2,2,18.99,37.98,4,6
8886,2023-01-08,13,15,2,5,65.99,329.95,4,5
8887,2023-01-31,9,3,2,4,87.57,350.28,4,7
8888,2023-01-06,10,19,2,1,35.61,35.61,4,8
8889,2023-01-24,21,5,2,1,26.72,26.72,4,8
8890,2023-01-05,15,4,2,1,198.78,198.78,4,7
8891,2023-01-12,10,10,2,3,31.86,95.58,3,7
8892,2023-01-26,3,18,2,3,13.89,41.67,4,5
8893,2023-01-24,22,19,2,1,33.99,33.99,4,6
8894,2023-01-08,20,7,2,1,64.11,64.11,4,8
8895,2023-01-01,8,16,2,3,16.99,50.97,3,8
8896,2023-01-06,14,13,2,2,67.99,135.98,4,8
8897,2023-01-11,24,5,2,1,22.99,22.99,4,7
8898,2023-01-29,30,14,2,2,162.99,325.98,4,6
8899,2023-01-07,9,20,2,1,31.99,31.99,4,6
8900,2023-01-21,27,14,2,2,149.99,299.98,4,6
8901,2023-01-29,28,2,2,1,58.11,58.11,4,8
8902,2023-01-12,23,19,2,2,22.8,45.6,4,8
8903,2023-01-04,16,17,2,1,42.24,42.24,4,5
8904,2023-01-08,8,17,2,1,25.01,25.01,4,6
8905,2023-01-11,7,1,2,3,982.05,2946.15,3,7
8906,2023-01-08,3,16,2,4,15.06,60.24,4,5
8907,2023-01-30,21,15,2,1,33.98,33.98,4,6
8908,2023-01-27,6,10,2,2,58.99,117.98,4,6
8909,2023-01-18,28,7,2,2,49.08,98.16,4,8
8910,2023-01-14,18,17,2,3,52.21,156.63,4,8
8911,2023-01-15,14,6,2,2,25.25,50.5,4,5
8912,2023-01-31,1,2,2,2,91.04,182.08,4,6
8913,2023-01-28,1,4,2,1,186.99,186.99,4,6
8914,2023-01-13,28,13,2,1,92.99,92.99,4,8
8915,2023-01-03,24,18,2,4,17.04,68.16,4,5
8916,2023-01-08,13,13,2,3,90.99,272.97,4,5
8917,2023-01-22,3,16,2,1,18.99,18.99,4,7
8918,2023-01-22,30,17,2,3,39.99,119.97,4,8
8919,2023-01-25,30,7,3,2,65.65,131.3,1,11
8920,2023-01-01,1,6,3,1,19.82,19.82,4,9
8921,2023-01-17,18,16,3,4,18.56,74.24,3,10
8922,2023-01-09,8,14,3,4,222.98,891.92,4,9
8923,2023-01-17,22,10,3,1,59.5,59.5,3,11
8924,2023-01-09,29,4,3,1,183.19,183.19,4,9
8925,2023-01-01,20,15,3,1,88.29,88.29,4,10
8926,2023-01-07,6,16,3,1,19.95,19.95,2,9
8927,2023-01-25,30,3,3,5,144.13,720.65,4,10
8928,2023-01-10,22,11,3,1,483.99,483.99,2,9
8929,2023-01-22,15,18,3,2,17.9,35.8,4,11
8930,2023-01-02,10,2,3,1,96.75,96.75,4,10
8931,2023-01-21,5,6,3,2,27.99,55.98,4,9
8932,2023-01-09,16,18,3,1,14.99,14.99,4,11
8933,2023-01-26,8,4,3,5,190.67,953.35,3,9
8934,2023-01-09,27,19,3,2,16.08,32.16,4,10
8935,2023-01-31,10,15,3,2,80.05,160.1,1,11
8936,2023-01-13,23,3,3,2,133.55,267.1,4,11
8937,2023-01-24,16,2,3,2,61.16,122.32,4,9
8938,2023-01-12,17,11,3,2,458.9,917.8,1,9
8939,2023-01-26,18,10,3,1,33.99,33.99,4,11
8940,2023-01-17,22,3,3,4,82.21,328.84,4,9
8941,2023-01-30,17,20,3,1,21.66,21.66,4,10
8942,2023-01-08,30,17,3,1,28.99,28.99,4,9
8943,2023-01-09,5,20,3,4,24.17,96.68,4,9
8944,2023-01-25,14,8,3,3,50.85,152.55,4,9
8945,2023-01-04,8,9,3,1,71.99,71.99,4,10
8946,2023-01-18,30,18,3,4,15.38,61.52,4,11
8947,2023-01-04,14,8,3,2,84.99,169.98,4,10
8948,2023-01-27,22,18,3,2,10.5,21.0,4,11
8949,2023-01-21,27,3,3,3,158.34,475.02,4,10
8950,2023-01-09,26,10,3,1,54.69,54.69,4,11
8951,2023-01-19,14,9,3,3,142.27,426.81,4,10
8952,2023-01-22,2,18,3,2,8.92,17.84,4,9
8953,2023-01-10,25,8,3,5,58.99,294.95,4,10
8954,2023-01-11,8,9,3,1,127.78,127.78,4,10
8955,2023-01-02,16,3,3,2,83.72,167.44,4,11
8956,2023-01-24,17,16,3,1,9.99,9.99,4,9
8957,2023-01-02,14,19,3,1,36.99,36.99,2,11
8958,2023-01-21,11,2,3,1,112.62,112.62,4,10
8959,2023-01-29,28,2,3,1,107.99,107.99,4,9
8960,2023-01-07,26,2,3,2,116.2,232.4,4,10
8961,2023-01-05,27,19,3,4,18.51,74.04,4,10
8962,2023-01-28,11,12,3,1,863.41,863.41,4,10
8963,2023-01-04,2,11,3,1,456.99,456.99,4,10
8964,2023-01-18,13,2,3,4,79.51,318.04,4,10
8965,2023-01-21,22,13,3,3,117.09,351.27,4,9
8966,2023-01-13,5,7,3,1,144.51,144.51,4,10
8967,2023-01-16,6,2,3,1,72.99,72.99,4,11
8968,2023-01-15,26,8,3,2,27.99,55.98,4,11
8969,2023-01-11,12,5,3,2,20.95,41.9,4,9
8970,2023-01-13,7,5,4,4,10.99,43.96,4,14
8971,2023-01-10,7,19,4,1,14.99,14.99,2,14
8972,2023-01-14,21,2,4,2,50.99,101.98,4,12
8973,2023-01-13,18,8,4,1,52.8,52.8,4,12
8974,2023-01-01,20,8,4,1,49.61,49.61,2,12
8975,2023-01-19,24,16,4,2,12.46,24.92,4,12
8976,2023-01-09,20,13,4,2,69.99,139.98,3,12
8977,2023-01-15,18,13,4,2,52.83,105.66,4,12
8978,2023-01-11,10,8,4,2,40.99,81.98,4,12
8979,2023-01-28,21,2,4,1,78.99,78.99,4,14
8980,2023-01-01,3,13,4,3,108.99,326.97,4,14
8981,2023-01-07,30,3,4,1,78.99,78.99,4,12
8982,2023-01-18,22,2,4,1,107.99,107.99,4,12
8983,2023-01-27,17,7,4,2,112.99,225.98,4,12
8984,2023-01-26,6,6,4,2,22.99,45.98,4,14
8985,2023-01-04,15,7,4,2,51.0,102.0,4,13
8986,2023-01-09,15,12,4,3,704.27,2112.81,4,14
8987,2023-01-22,18,16,4,1,14.99,14.99,3,12
8988,2023-01-20,6,10,4,1,51.0,51.0,4,12
8989,2023-01-10,14,9,4,1,119.99,119.99,4,13
8990,2023-01-26,22,1,4,1,1304.17,1304.17,4,14
8991,2023-01-20,25,8,4,2,75.96,151.92,4,14
8992,2023-01-23,22,11,4,1,367.99,367.99,4,12
8993,2023-01-14,14,3,4,1,72.99,72.99,4,14
8994,2023-01-26,17,18,4,2,9.1,18.2,4,14
8995,2023-01-27,6,18,4,3,18.05,54.15,4,12
8996,2023-01-13,17,13,4,4,55.84,223.36,2,13
8997,2023-01-29,1,17,4,1,44.99,44.99,4,14
8998,2023-01-18,27,20,4,3,32.17,96.51,4,12
8999,2023-01-27,3,3,4,1,70.99,70.99,4,13
9000,2023-01-20,12,2,4,2,106.99,213.98,4,14
9001,2023-01-07,21,20,4,3,18.72,56.16,4,14
9002,2023-01-07,8,3,4,1,83.99,83.99,4,14
9003,2023-01-24,20,10,4,5,65.99,329.95,4,13
9004,2023-01-08,11,10,4,1,64.99,64.99,4,12
9005,2023-01-10,28,19,4,1,23.06,23.06,4,12
9006,2023-01-29,15,13,4,3,103.99,311.97,4,14
9007,2023-01-21,25,15,4,3,85.46,256.38,3,14
9008,2023-01-30,13,4,4,1,264.13,264.13,4,14
9009,2023-01-10,23,5,4,4,14.54,58.16,1,12
9010,2023-01-27,25,13,4,1,75.65,75.65,4,14
9011,2023-01-07,15,2,4,2,55.41,110.82,4,13
9012,2023-01-14,6,18,4,1,17.53,17.53,1,13
9013,2023-01-18,16,11,4,4,395.39,1581.56,4,12
9014,2023-01-18,25,5,4,1,13.99,13.99,4,14
9015,2023-01-27,1,10,4,3,49.99,149.97,4,12
9016,2023-01-08,30,20,4,1,30.08,30.08,4,14
9017,2023-01-21,15,16,4,1,16.06,16.06,4,13
9018,2023-01-01,30,8,4,2,67.49,134.98,4,13
9019,2023-01-08,29,6,4,1,12.9,12.9,4,12
9020,2023-01-14,5,2,4,2,67.72,135.44,4,13
9021,2023-01-11,7,5,4,1,21.55,21.55,1,14
9022,2023-01-18,17,8,4,4,74.73,298.92,4,12
9023,2023-01-04,19,10,5,2,38.66,77.32,4,15
9024,2023-01-22,20,19,5,1,28.54,28.54,4,15
9025,2023-01-20,21,9,5,2,121.99,243.98,4,15
9026,2023-01-15,2,2,5,3,115.99,347.97,4,15
9027,2023-01-26,15,9,5,4,124.99,499.96,4,17
9028,2023-01-26,4,9,5,1,192.83,192.83,4,17
9029,2023-01-07,21,5,5,2,24.99,49.98,4,15
9030,2023-01-16,30,20,5,5,40.24,201.2,4,17
9031,2023-01-16,16,4,5,1,216.88,216.88,4,15
9032,2023-01-07,23,7,5,1,133.9,133.9,1,15
9033,2023-01-01,20,13,5,1,107.92,107.92,4,15
9034,2023-01-27,30,6,5,1,25.99,25.99,4,16
9035,2023-01-11,1,19,5,2,30.99,61.98,4,16
9036,2023-01-06,22,2,5,3,116.31,348.93,4,16
9037,2023-01-20,30,7,5,1,120.99,120.99,4,16
9038,2023-01-09,18,18,5,2,11.61,23.22,4,15
9039,2023-01-24,1,15,5,4,41.99,167.96,4,15
9040,2023-01-22,12,20,5,4,36.78,147.12,4,16
9041,2023-01-23,23,10,5,5,60.55,302.75,4,15
9042,2023-01-08,14,5,5,1,10.28,10.28,4,17
9043,2023-01-13,25,5,5,5,17.96,89.8,1,16
9044,2023-01-30,14,3,5,5,119.91,599.55,4,16
9045,2023-01-06,15,9,5,1,145.99,145.99,4,15
9046,2023-01-12,4,3,5,2,79.27,158.54,4,17
9047,2023-01-09,9,6,5,1,32.92,32.92,4,15
9048,2023-01-14,14,17,6,4,29.17,116.68,4,20
9049,2023-01-26,9,4,6,4,132.84,531.36,4,19
9050,2023-01-24,5,18,6,1,16.99,16.99,4,19
9051,2023-01-24,24,13,6,1,109.5,109.5,4,18
9052,2023-01-20,24,8,6,5,30.99,154.95,4,19
9053,2023-01-08,4,12,6,3,735.39,2206.17,3,19
9054,2023-01-10,15,2,6,3,69.82,209.46,1,19
9055,2023-01-30,5,10,6,2,60.99,121.98,4,19
9056,2023-01-14,27,18,6,2,14.99,29.98,4,20
9057,2023-01-03,14,2,6,4,65.99,263.96,4,20
9058,2023-01-18,15,16,6,1,22.99,22.99,4,19
9059,2023-01-15,30,13,6,3,74.99,224.97,4,18
9060,2023-01-29,18,9,6,1,145.17,145.17,4,18
9061,2023-01-20,23,17,6,2,36.99,73.98,4,18
9062,2023-01-10,16,4,6,1,231.27,231.27,4,18
9063,2023-01-12,24,10,6,1,32.49,32.49,4,19
9064,2023-01-24,11,13,6,2,60.93,121.86,4,20
9065,2023-01-10,8,6,6,1,31.99,31.99,4,18
9066,2023-01-30,7,7,6,2,72.99,145.98,4,19
9067,2023-01-05,2,14,6,1,163.59,163.59,4,20
9068,2023-01-13,22,15,6,5,30.99,154.95,4,19
9069,2023-01-17,27,19,6,3,16.72,50.16,4,18
9070,2023-01-16,30,3,6,4,150.89,603.56,4,19
9071,2023-01-03,23,6,6,2,26.99,53.98,4,18
9072,2023-01-06,23,10,6,2,57.99,115.98,4,18
9073,2023-01-03,27,18,6,1,10.65,10.65,4,18
9074,2023-01-27,6,5,6,1,12.44,12.44,3,18
9075,2023-01-24,26,19,6,2,36.99,73.98,1,19
9076,2023-01-07,8,2,6,2,112.85,225.7,4,19
9077,2023-01-15,19,19,6,2,38.03,76.06,4,19
9078,2023-01-17,6,2,6,1,55.99,55.99,4,19
9079,2023-01-18,22,4,6,1,196.99,196.99,4,20
9080,2023-01-06,30,20,6,5,16.99,84.95,4,18
9081,2023-01-05,12,3,6,3,139.04,417.12,4,18
9082,2023-01-20,25,18,6,2,8.31,16.62,4,18
9083,2023-01-09,20,20,7,2,21.25,42.5,4,21
9084,2023-01-24,15,3,7,4,59.0,236.0,4,23
9085,2023-01-21,1,3,7,1,132.64,132.64,4,22
9086,2023-01-08,4,9,7,1,157.04,157.04,4,22
9087,2023-01-16,23,3,7,1,123.81,123.81,4,23
9088,2023-01-05,30,16,7,2,9.57,19.14,4,22
9089,2023-01-20,7,10,7,5,55.99,279.95,4,23
9090,2023-01-24,7,15,7,2,82.99,165.98,4,22
9091,2023-01-03,24,2,7,3,80.27,240.81,4,21
9092,2023-01-03,17,16,7,1,14.99,14.99,4,23
9093,2023-01-07,26,13,7,3,117.12,351.36,4,23
9094,2023-01-15,26,5,7,2,24.99,49.98,4,21
9095,2023-01-14,25,15,7,2,29.99,59.98,4,22
9096,2023-01-07,5,6,7,3,25.99,77.97,2,22
9097,2023-01-03,29,16,7,2,20.28,40.56,4,23
9098,2023-01-16,28,10,7,1,46.37,46.37,4,23
9099,2023-01-04,23,5,7,2,16.87,33.74,4,21
9100,2023-01-20,16,16,7,2,12.99,25.98,4,21
9101,2023-01-28,20,8,7,1,67.06,67.06,3,23
9102,2023-01-03,14,2,7,1,96.49,96.49,4,23
9103,2023-01-31,13,5,7,3,10.99,32.97,4,21
9104,2023-01-11,24,1,7,1,890.99,890.99,4,23
9105,2023-01-06,9,9,7,5,187.99,939.95,3,22
9106,2023-01-17,15,5,7,2,28.69,57.38,4,22
9107,2023-01-28,26,16,7,1,8.29,8.29,3,21
9108,2023-01-11,2,7,7,1,97.99,97.99,4,23
9109,2023-01-13,11,10,7,1,58.02,58.02,4,23
9110,2023-01-09,11,18,7,5,14.71,73.55,2,23
9111,2023-01-16,9,20,7,2,31.53,63.06,4,22
9112,2023-01-04,26,6,7,2,17.08,34.16,4,21
9113,2023-01-02,25,18,7,2,9.99,19.98,4,21
9114,2023-01-03,28,16,7,1,18.25,18.25,4,22
9115,2023-01-22,11,20,7,2,38.54,77.08,4,23
9116,2023-01-05,28,6,7,4,26.99,107.96,4,22
9117,2023-01-18,3,20,7,2,34.63,69.26,4,22
9118,2023-01-13,24,7,7,4,90.99,363.96,4,23
9119,2023-01-22,27,20,7,3,36.99,110.97,4,21
9120,2023-01-18,12,9,7,1,80.73,80.73,4,22
9121,2023-01-16,1,8,7,1,44.73,44.73,2,23
9122,2023-01-19,3,6,7,4,9.99,39.96,2,21
9123,2023-01-05,17,16,8,1,19.21,19.21,1,24
9124,2023-01-15,7,2,8,2,107.16,214.32,2,24
9125,2023-01-26,27,15,8,1,49.1,49.1,4,25
9126,2023-01-10,28,3,8,2,128.69,257.38,3,25
9127,2023-01-29,14,6,8,4,27.99,111.96,4,24
9128,2023-01-18,10,6,8,1,10.99,10.99,4,24
9129,2023-01-03,5,7,8,4,142.99,571.96,4,25
9130,2023-01-09,15,16,8,3,8.99,26.97,4,25
9131,2023-01-10,5,19,8,2,32.28,64.56,4,25
9132,2023-01-26,20,19,8,3,20.31,60.93,4,24
9133,2023-01-13,23,2,8,5,108.3,541.5,4,24
9134,2023-01-24,9,16,8,4,15.78,63.12,4,24
9135,2023-01-04,7,3,8,1,114.86,114.86,4,24
9136,2023-01-14,6,10,8,1,64.99,64.99,4,25
9137,2023-01-19,24,16,8,1,19.99,19.99,4,25
9138,2023-01-28,16,17,8,3,30.99,92.97,4,24
9139,2023-01-10,7,18,8,2,7.39,14.78,4,24
9140,2023-01-23,2,3,8,1,127.56,127.56,4,25
9141,2023-01-26,21,18,8,1,10.99,10.99,1,25
9142,2023-01-07,21,10,8,1,34.99,34.99,4,24
9143,2023-01-20,25,19,8,1,31.34,31.34,4,25
9144,2023-01-11,3,8,8,1,81.99,81.99,4,25
9145,2023-01-07,10,12,8,2,845.91,1691.82,4,25
9146,2023-01-03,27,16,8,2,20.72,41.44,4,25
9147,2023-01-22,19,16,8,1,19.62,19.62,2,25
9148,2023-01-20,2,14,8,1,226.94,226.94,4,25
9149,2023-01-28,25,18,8,3,10.99,32.97,4,24
9150,2023-01-12,1,18,8,3,8.99,26.97,4,25
9151,2023-01-09,30,8,8,2,64.96,129.92,4,25
9152,2023-01-30,24,18,8,2,9.99,19.98,3,24
9153,2023-01-22,1,19,8,2,36.42,72.84,4,25
9154,2023-01-06,25,4,8,1,167.25,167.25,1,25
9155,2023-01-09,10,5,9,1,24.99,24.99,1,28
9156,2023-01-21,11,14,9,5,105.12,525.6,4,27
9157,2023-01-08,21,20,9,3,40.99,122.97,4,27
9158,2023-01-16,14,7,9,2,109.99,219.98,4,26
9159,2023-01-28,6,19,9,2,19.13,38.26,4,28
9160,2023-01-30,9,19,9,1,14.99,14.99,4,28
9161,2023-01-09,21,17,9,1,20.77,20.77,4,27
9162,2023-01-23,1,5,9,1,24.02,24.02,4,27
9163,2023-01-04,5,6,9,4,23.51,94.04,4,27
9164,2023-01-25,27,20,9,4,19.99,79.96,4,26
9165,2023-01-05,5,18,9,4,7.87,31.48,4,27
9166,2023-01-12,14,16,9,1,19.32,19.32,4,27
9167,2023-01-26,11,2,9,1,104.58,104.58,4,26
9168,2023-01-06,24,17,9,4,34.11,136.44,4,28
9169,2023-01-16,20,4,9,1,118.99,118.99,4,28
9170,2023-01-21,18,18,9,3,13.24,39.72,4,27
9171,2023-01-20,5,6,9,1,29.7,29.7,4,26
9172,2023-01-15,8,6,9,5,21.73,108.65,4,27
9173,2023-01-05,14,3,9,2,95.39,190.78,4,26
9174,2023-01-04,25,4,9,5,157.99,789.95,4,28
9175,2023-01-30,11,2,9,1,60.04,60.04,2,27
9176,2023-01-14,5,5,9,1,10.99,10.99,3,27
9177,2023-01-06,1,20,9,1,15.99,15.99,4,27
9178,2023-01-13,27,4,9,3,199.99,599.97,4,28
9179,2023-01-17,11,18,9,2,16.09,32.18,4,26
9180,2023-01-29,14,14,9,4,203.47,813.88,4,26
9181,2023-01-26,24,16,9,2,22.53,45.06,4,28
9182,2023-01-15,16,2,9,1,77.99,77.99,4,26
9183,2023-01-21,29,17,9,5,29.19,145.95,2,27
9184,2023-01-09,8,15,9,1,85.99,85.99,4,28
9185,2023-01-27,19,8,9,1,52.99,52.99,4,26
9186,2023-01-22,12,14,9,4,132.26,529.04,4,26
9187,2023-01-16,9,8,9,2,36.73,73.46,4,28
9188,2023-01-11,16,5,9,2,23.99,47.98,4,27
9189,2023-01-15,10,2,9,1,108.99,108.99,4,28
9190,2023-01-10,13,16,9,2,12.99,25.98,4,26
9191,2023-01-29,18,7,9,1,110.99,110.99,4,28
9192,2023-01-21,25,10,9,1,39.71,39.71,4,26
9193,2023-01-09,19,16,9,3,22.99,68.97,4,27
9194,2023-01-25,4,17,9,3,46.99,140.97,4,26
9195,2023-01-26,7,10,9,3,65.78,197.34,2,26
9196,2023-01-04,29,18,9,4,11.99,47.96,3,28
9197,2023-01-15,22,5,9,2,11.96,23.92,4,26
9198,2023-01-21,7,17,9,1,30.73,30.73,4,26
9199,2023-01-04,2,1,9,1,1311.0,1311.0,4,27
9200,2023-01-22,16,15,9,4,50.38,201.52,1,26
9201,2023-01-28,18,19,9,1,37.31,37.31,4,26
9202,2023-01-31,11,15,9,2,85.99,171.98,4,26
9203,2023-01-29,8,5,9,5,16.7,83.5,4,28
9204,2023-01-09,10,12,10,4,746.69,2986.76,4,30
9205,2023-01-05,10,1,10,2,1016.32,2032.64,4,31
9206,2023-01-12,3,9,10,1,152.65,152.65,4,30
9207,2023-01-29,14,9,10,1,93.23,93.23,3,31
9208,2023-01-21,5,8,10,5,80.99,404.95,1,30
9209,2023-01-03,2,3,10,4,87.43,349.72,4,29
9210,2023-01-17,5,10,10,2,56.17,112.34,4,29
9211,2023-01-08,16,18,10,4,13.06,52.24,4,31
9212,2023-01-16,2,5,10,1,16.92,16.92,4,30
9213,2023-01-15,1,9,10,1,131.5,131.5,4,31
9214,2023-01-19,30,17,10,3,38.99,116.97,4,30
9215,2023-01-29,19,3,10,2,127.43,254.86,4,31
9216,2023-01-03,11,4,10,2,289.99,579.98,4,30
9217,2023-01-29,15,13,10,4,55.99,223.96,4,29
9218,2023-01-05,22,14,10,2,144.99,289.98,4,29
9219,2023-01-26,30,9,10,1,143.11,143.11,4,31
9220,2023-01-18,17,5,10,1,20.6,20.6,4,31
9221,2023-01-30,2,16,10,3,10.66,31.98,4,31
9222,2023-01-10,25,16,10,2,13.69,27.38,4,29
9223,2023-01-27,23,6,10,2,9.99,19.98,4,29
9224,2023-01-12,30,6,10,1,9.72,9.72,3,30
9225,2023-01-23,30,17,10,5,36.12,180.6,4,29
9226,2023-01-16,16,20,10,5,39.99,199.95,4,29
9227,2023-01-04,11,18,10,3,13.99,41.97,4,31
9228,2023-01-28,17,14,10,2,228.79,457.58,4,30
9229,2023-01-31,1,14,10,2,191.9,383.8,4,30
9230,2023-01-05,22,16,10,1,23.88,23.88,4,31
9231,2023-01-14,2,19,10,2,31.86,63.72,4,31
9232,2023-01-18,17,17,10,3,33.03,99.09,4,29
9233,2023-01-03,8,18,10,2,16.99,33.98,4,29
9234,2023-01-15,25,20,10,2,24.95,49.9,4,29
9235,2023-01-24,13,5,10,2,10.53,21.06,4,30
9236,2023-01-18,4,15,10,2,78.99,157.98,4,29
9237,2023-01-14,28,6,10,5,32.19,160.95,4,30
9238,2023-01-29,14,13,10,1,41.75,41.75,4,31
9239,2023-01-21,30,3,10,2,70.99,141.98,4,30
9240,2023-01-27,8,19,10,2,17.99,35.98,4,29
9241,2023-01-05,22,19,11,2,35.7,71.4,4,33
9242,2023-01-09,20,3,11,5,78.56,392.8,4,33
9243,2023-01-05,2,19,11,1,28.99,28.99,2,32
9244,2023-01-30,28,9,11,4,94.53,378.12,4,32
9245,2023-01-05,26,8,11,5,38.17,190.85,4,32
9246,2023-01-08,3,14,11,3,121.13,363.39,4,33
9247,2023-01-13,21,3,11,2,107.85,215.7,4,33
9248,2023-01-04,6,18,11,1,16.91,16.91,4,32
9249,2023-01-27,18,5,11,3,22.48,67.44,4,32
9250,2023-01-03,10,20,11,4,33.99,135.96,4,32
9251,2023-01-17,26,17,11,1,35.52,35.52,4,33
9252,2023-01-16,4,11,11,3,576.99,1730.97,4,32
9253,2023-01-08,12,6,11,1,12.79,12.79,4,33
9254,2023-01-03,22,16,11,2,21.99,43.98,4,33
9255,2023-01-09,16,20,11,1,26.09,26.09,2,33
9256,2023-01-05,9,2,11,2,117.99,235.98,4,32
9257,2023-01-10,30,4,11,1,123.05,123.05,4,32
9258,2023-01-02,13,16,11,1,22.99,22.99,3,33
9259,2023-01-09,23,16,11,3,11.99,35.97,3,32
9260,2023-01-10,11,17,11,3,19.0,57.0,4,32
9261,2023-01-22,26,9,11,3,91.99,275.97,4,32
9262,2023-01-27,13,5,11,2,9.49,18.98,4,33
9263,2023-01-07,5,18,11,3,7.0,21.0,4,33
9264,2023-01-23,18,6,11,3,11.99,35.97,4,32
9265,2023-01-12,9,20,11,4,38.5,154.0,4,32
9266,2023-01-01,13,16,11,4,15.99,63.96,4,32
9267,2023-01-25,4,18,11,4,7.0,28.0,4,32
9268,2023-01-19,21,15,11,2,36.1,72.2,4,32
9269,2023-01-19,13,17,11,1,34.06,34.06,4,33
9270,2023-01-17,10,1,11,1,1278.37,1278.37,4,32
9271,2023-01-23,18,18,11,1,12.3,12.3,4,32
9272,2023-01-15,29,6,11,1,19.99,19.99,4,33
9273,2023-01-17,13,12,11,1,473.99,473.99,4,33
9274,2023-01-13,26,5,11,1,19.66,19.66,3,32
9275,2023-01-07,21,16,11,2,11.99,23.98,4,32
9276,2023-01-06,10,1,11,1,865.86,865.86,4,32
9277,2023-01-15,18,16,12,1,18.54,18.54,4,34
9278,2023-01-08,23,16,12,1,14.99,14.99,4,34
9279,2023-01-18,28,19,12,3,34.99,104.97,1,35
9280,2023-01-25,15,7,12,3,60.24,180.72,4,34
9281,2023-01-12,18,14,12,1,135.27,135.27,4,35
9282,2023-01-19,30,1,12,2,1218.99,2437.98,4,35
9283,2023-01-31,29,16,12,3,13.44,40.32,4,35
9284,2023-01-02,11,3,12,4,146.99,587.96,4,35
9285,2023-01-16,30,2,12,1,85.42,85.42,4,35
9286,2023-01-02,29,18,12,3,15.34,46.02,4,34
9287,2023-01-17,20,16,12,2,13.99,27.98,4,34
9288,2023-01-25,27,19,12,1,27.49,27.49,4,34
9289,2023-01-03,26,4,12,4,294.97,1179.88,4,35
9290,2023-01-12,1,5,12,1,17.99,17.99,4,34
9291,2023-01-29,6,7,12,5,94.04,470.2,4,34
9292,2023-01-16,29,3,12,2,60.17,120.34,4,35
9293,2023-01-31,9,8,12,1,28.99,28.99,4,35
9294,2023-01-29,5,18,12,3,14.99,44.97,4,35
9295,2023-01-15,30,19,12,2,29.99,59.98,4,35
9296,2023-01-28,2,18,12,2,9.99,19.98,4,35
9297,2023-01-02,9,16,12,2,18.99,37.98,4,34
9298,2023-01-07,6,10,12,4,48.02,192.08,4,35
9299,2023-01-07,20,5,12,1,11.99,11.99,4,34
9300,2023-01-05,5,5,12,1,17.99,17.99,4,34
9301,2023-01-17,23,19,12,2,27.05,54.1,4,34
9302,2023-01-07,23,13,12,3,54.28,162.84,4,35
9303,2023-01-16,3,16,12,3,12.56,37.68,4,34
9304,2023-01-09,28,16,12,2,16.48,32.96,4,35
9305,2023-01-20,29,16,12,2,20.98,41.96,4,34
9306,2023-01-05,7,5,12,1,26.99,26.99,4,35
9307,2023-01-05,8,4,13,1,234.01,234.01,4,37
9308,2023-01-19,24,16,13,3,23.1,69.3,4,38
9309,2023-01-08,7,5,13,2,18.99,37.98,4,36
9310,2023-01-11,2,16,13,3,16.79,50.37,4,37
9311,2023-01-19,20,19,13,1,31.99,31.99,4,38
9312,2023-01-18,20,1,13,1,1004.32,1004.32,4,37
9313,2023-01-05,29,18,13,2,7.63,15.26,4,36
9314,2023-01-15,26,2,13,2,71.99,143.98,4,38
9315,2023-01-02,30,20,13,2,40.99,81.98,4,38
9316,2023-01-10,9,19,13,2,18.89,37.78,4,37
9317,2023-01-20,8,12,13,1,526.09,526.09,1,38
9318,2023-01-27,15,1,13,4,1348.83,5395.32,4,37
9319,2023-01-04,20,16,13,2,20.57,41.14,4,38
9320,2023-01-22,4,8,13,2,71.83,143.66,1,36
9321,2023-01-31,27,8,13,4,48.52,194.08,3,36
9322,2023-01-01,5,5,13,1,13.41,13.41,4,36
9323,2023-01-20,24,14,13,2,163.99,327.98,4,36
9324,2023-01-20,3,17,13,3,30.59,91.77,4,38
9325,2023-01-09,14,3,13,1,109.76,109.76,4,38
9326,2023-01-23,24,17,13,2,37.31,74.62,4,37
9327,2023-01-31,24,7,13,1,73.42,73.42,4,37
9328,2023-01-06,21,19,13,1,27.49,27.49,4,36
9329,2023-01-20,26,13,13,1,70.99,70.99,4,36
9330,2023-01-22,16,2,13,1,84.99,84.99,4,38
9331,2023-01-11,24,18,13,2,8.58,17.16,4,36
9332,2023-01-03,18,8,13,2,82.67,165.34,4,36
9333,2023-01-28,8,3,13,4,129.13,516.52,4,37
9334,2023-01-07,17,19,13,1,37.99,37.99,4,37
9335,2023-01-07,18,16,13,1,9.66,9.66,2,36
9336,2023-01-05,11,6,13,1,20.79,20.79,4,36
9337,2023-01-10,25,4,13,4,273.92,1095.68,4,36
9338,2023-01-21,20,6,13,1,33.99,33.99,2,37
9339,2023-01-19,20,12,13,1,439.99,439.99,4,38
9340,2023-01-23,3,20,13,1,27.06,27.06,4,36
9341,2023-01-02,25,8,13,1,66.87,66.87,3,36
9342,2023-01-24,12,8,13,1,34.99,34.99,4,38
9343,2023-01-21,5,6,13,2,29.99,59.98,4,37
9344,2023-01-10,11,10,13,5,37.05,185.25,4,36
9345,2023-01-01,8,11,13,3,545.11,1635.33,4,36
9346,2023-01-23,27,11,13,1,271.71,271.71,4,37
9347,2023-01-20,22,6,13,1,10.99,10.99,4,37
9348,2023-01-29,1,19,13,2,30.32,60.64,4,38
9349,2023-01-12,21,10,13,4,64.5,258.0,4,38
9350,2023-01-05,24,1,13,1,1146.29,1146.29,4,38
9351,2023-01-18,19,5,13,2,17.99,35.98,4,37
9352,2023-01-01,12,3,13,1,105.99,105.99,4,36
9353,2023-01-02,3,5,13,4,25.1,100.4,4,37
9354,2023-01-12,14,9,13,1,70.82,70.82,4,37
9355,2023-01-18,6,1,13,1,1138.73,1138.73,4,36
9356,2023-01-31,20,3,13,3,126.1,378.3,4,37
9357,2023-01-20,28,6,13,4,23.52,94.08,4,37
9358,2023-01-01,16,5,13,1,23.99,23.99,4,36
9359,2023-01-03,1,11,13,2,444.14,888.28,4,38
9360,2023-01-23,14,16,14,1,20.5,20.5,4,39
9361,2023-01-10,6,5,14,1,16.82,16.82,4,39
9362,2023-01-07,29,20,14,2,28.11,56.22,4,40
9363,2023-01-08,11,10,14,2,65.6,131.2,4,40
9364,2023-01-20,11,13,14,1,58.03,58.03,4,40
9365,2023-01-01,12,8,14,1,75.71,75.71,4,40
9366,2023-01-16,9,14,14,1,184.67,184.67,4,40
9367,2023-01-01,25,4,14,4,122.99,491.96,4,39
9368,2023-01-15,1,18,14,1,16.78,16.78,4,39
9369,2023-01-18,16,13,14,3,118.64,355.92,3,39
9370,2023-01-12,14,3,14,1,141.99,141.99,4,39
9371,2023-01-26,25,17,14,2,41.99,83.98,4,40
9372,2023-01-08,7,11,14,2,572.46,1144.92,4,40
9373,2023-01-15,23,11,14,1,308.25,308.25,4,40
9374,2023-01-27,23,16,14,2,9.44,18.88,4,39
9375,2023-01-27,7,4,14,3,228.81,686.43,4,39
9376,2023-01-19,17,20,14,2,29.09,58.18,4,39
9377,2023-01-11,23,16,14,3,18.21,54.63,1,40
9378,2023-01-09,30,19,14,1,19.01,19.01,4,39
9379,2023-01-18,3,7,14,2,115.43,230.86,4,39
9380,2023-01-08,20,19,14,3,14.99,44.97,4,39
9381,2023-01-30,21,20,14,2,36.55,73.1,4,40
9382,2023-01-03,17,8,14,1,65.99,65.99,1,40
9383,2023-01-30,12,3,14,1,96.49,96.49,4,40
9384,2023-01-17,1,9,14,4,80.16,320.64,2,39
9385,2023-01-16,29,6,14,3,29.03,87.09,4,39
9386,2023-01-17,8,7,14,1,64.99,64.99,4,40
9387,2023-01-15,30,8,14,3,53.99,161.97,4,39
9388,2023-01-30,4,13,14,3,99.99,299.97,4,40
9389,2023-01-04,14,19,14,1,29.04,29.04,4,39
9390,2023-01-09,18,19,14,1,16.99,16.99,4,40
9391,2023-01-02,28,13,14,3,50.4,151.2,4,39
9392,2023-01-06,29,8,14,1,59.99,59.99,4,40
9393,2023-01-01,10,18,14,2,18.46,36.92,4,40
9394,2023-01-03,21,13,14,2,109.08,218.16,4,40
9395,2023-01-11,14,14,15,3,248.97,746.91,4,42
9396,2023-01-11,24,16,15,3,8.0,24.0,4,42
9397,2023-01-14,11,20,15,1,21.99,21.99,4,41
9398,2023-01-09,22,18,15,3,7.0,21.0,4,42
9399,2023-01-12,19,20,15,5,34.99,174.95,1,42
9400,2023-01-10,10,5,15,2,26.14,52.28,4,42
9401,2023-01-06,23,5,15,2,13.96,27.92,4,42
9402,2023-01-04,1,4,15,5,295.98,1479.9,4,42
9403,2023-01-16,21,18,15,1,14.43,14.43,3,42
9404,2023-01-20,27,4,15,3,219.75,659.25,4,41
9405,2023-01-12,14,15,15,5,76.99,384.95,4,42
9406,2023-01-15,4,15,15,2,44.5,89.0,4,41
9407,2023-01-09,16,8,15,4,60.59,242.36,4,41
9408,2023-01-02,15,4,15,5,289.67,1448.35,4,42
9409,2023-01-28,4,15,15,4,42.71,170.84,3,42
9410,2023-01-27,17,13,15,1,103.99,103.99,4,42
9411,2023-01-03,19,2,15,2,123.99,247.98,4,41
9412,2023-01-11,8,4,15,4,226.99,907.96,4,42
9413,2023-01-14,11,3,15,2,87.3,174.6,4,42
9414,2023-01-25,28,4,15,1,201.99,201.99,1,42
9415,2023-01-03,1,4,15,2,181.48,362.96,4,42
9416,2023-01-04,13,13,15,1,55.13,55.13,4,42
9417,2023-01-07,26,3,15,3,141.71,425.13,1,42
9418,2023-01-03,15,2,15,1,77.99,77.99,4,42
9419,2023-01-03,10,5,15,1,23.99,23.99,4,41
9420,2023-01-19,1,10,15,2,34.59,69.18,4,41
9421,2023-01-07,29,6,15,1,9.02,9.02,4,42
9422,2023-01-27,10,7,15,2,127.99,255.98,4,42
9423,2023-01-22,2,11,15,5,524.62,2623.1,4,41
9424,2023-01-15,9,2,15,4,118.99,475.96,4,41
9425,2023-01-03,1,2,15,1,77.99,77.99,4,41
9426,2023-01-21,26,3,15,5,61.19,305.95,4,42
9427,2023-01-29,18,2,15,1,93.63,93.63,4,42
9428,2023-02-20,5,20,1,3,35.99,107.97,4,3
9429,2023-02-13,24,14,1,2,122.99,245.98,4,3
9430,2023-02-25,19,10,1,2,57.17,114.34,4,3
9431,2023-02-17,7,13,1,1,93.99,93.99,4,3
9432,2023-02-15,18,19,1,1,27.6,27.6,4,4
9433,2023-02-17,25,7,1,2,100.57,201.14,4,3
9434,2023-02-23,7,9,1,3,163.69,491.07,4,4
9435,2023-02-17,24,17,1,3,40.53,121.59,4,3
9436,2023-02-05,13,3,1,5,122.99,614.95,4,2
9437,2023-02-27,9,7,1,1,84.99,84.99,2,1
9438,2023-02-26,22,19,1,4,16.99,67.96,4,4
9439,2023-02-02,8,7,1,2,157.29,314.58,4,3
9440,2023-02-17,18,1,1,1,1023.99,1023.99,4,2
9441,2023-02-08,22,20,1,2,40.99,81.98,4,2
9442,2023-02-15,5,2,2,5,122.99,614.95,4,7
9443,2023-02-24,6,15,2,5,34.65,173.25,4,8
9444,2023-02-02,11,13,2,3,101.97,305.91,4,8
9445,2023-02-24,5,4,2,2,236.99,473.98,4,6
9446,2023-02-22,2,5,2,3,28.83,86.49,4,5
9447,2023-02-03,1,16,2,4,9.99,39.96,4,6
9448,2023-02-03,22,9,2,2,179.69,359.38,4,5
9449,2023-02-22,8,8,2,4,26.01,104.04,4,7
9450,2023-02-08,14,6,2,1,12.62,12.62,4,6
9451,2023-02-05,19,5,2,5,28.43,142.15,4,8
9452,2023-02-28,9,18,2,3,11.99,35.97,4,6
9453,2023-02-20,5,3,2,1,141.42,141.42,3,5
9454,2023-02-24,1,18,2,1,7.8,7.8,4,6
9455,2023-02-08,6,7,3,2,70.99,141.98,4,9
9456,2023-02-11,9,20,3,2,30.33,60.66,4,11
9457,2023-02-23,29,17,3,1,46.82,46.82,4,10
9458,2023-02-15,1,4,3,2,113.99,227.98,4,10
9459,2023-02-25,27,5,3,3,9.0,27.0,4,11
9460,2023-02-08,13,6,3,1,13.99,13.99,3,10
9461,2023-02-28,19,5,3,2,25.79,51.58,4,10
9462,2023-02-27,12,15,3,3,29.0,87.0,4,9
9463,2023-02-17,26,6,3,2,24.99,49.98,4,11
9464,2023-02-26,28,2,3,1,53.58,53.58,4,11
9465,2023-02-26,3,12,3,4,500.46,2001.84,4,11
9466,2023-02-13,1,14,3,1,107.99,107.99,4,10
9467,2023-02-27,5,6,4,2,14.51,29.02,4,13
9468,2023-02-18,23,11,4,2,417.49,834.98,4,13
9469,2023-02-21,14,5,4,2,22.79,45.58,4,13
9470,2023-02-07,10,18,4,5,8.23,41.15,3,14
9471,2023-02-20,7,15,4,2,84.23,168.46,4,12
9472,2023-02-28,24,17,4,2,46.81,93.62,4,13
9473,2023-02-23,22,6,4,4,17.57,70.28,2,14
9474,2023-02-08,26,19,4,2,20.99,41.98,4,12
9475,2023-02-20,28,19,4,3,36.99,110.97,4,14
9476,2023-02-02,13,17,4,1,19.0,19.0,4,12
9477,2023-02-21,27,19,4,1,14.0,14.0,4,14
9478,2023-02-23,1,14,4,2,218.48,436.96,4,12
9479,2023-02-09,5,18,5,1,16.99,16.99,4,16
9480,2023-02-01,8,7,5,3,84.99,254.97,4,17
9481,2023-02-16,8,16,5,2,10.96,21.92,4,17
9482,2023-02-05,18,15,5,1,80.46,80.46,4,17
9483,2023-02-16,14,16,5,1,16.52,16.52,4,16
9484,2023-02-13,24,5,5,3,9.0,27.0,4,15
9485,2023-02-22,19,11,5,3,584.68,1754.04,4,16
9486,2023-02-20,23,6,5,1,28.89,28.89,4,16
9487,2023-02-17,29,11,5,1,487.99,487.99,4,17
9488,2023-02-10,22,4,5,1,291.99,291.99,3,17
9489,2023-02-05,19,17,6,4,40.99,163.96,4,20
9490,2023-02-19,2,16,6,2,9.99,19.98,4,20
9491,2023-02-16,19,15,6,5,81.87,409.35,4,20
9492,2023-02-02,3,16,6,1,8.99,8.99,4,19
9493,2023-02-17,24,10,6,3,55.93,167.79,4,20
9494,2023-02-06,30,7,6,2,101.41,202.82,4,19
9495,2023-02-08,28,18,6,4,13.36,53.44,4,18
9496,2023-02-10,3,8,6,2,72.99,145.98,4,19
9497,2023-02-12,15,19,6,3,34.58,103.74,3,18
9498,2023-02-09,10,14,6,2,152.99,305.98,4,20
9499,2023-02-09,3,6,6,3,32.34,97.02,4,20
9500,2023-02-07,27,2,7,1,116.04,116.04,4,21
9501,2023-02-26,2,9,7,3,81.99,245.97,4,22
9502,2023-02-01,30,20,7,1,15.73,15.73,4,22
9503,2023-02-12,29,2,7,5,118.99,594.95,4,22
9504,2023-02-10,29,2,7,1,110.17,110.17,4,21
9505,2023-02-10,24,7,7,2,67.85,135.7,4,21
9506,2023-02-20,6,5,7,2,10.51,21.02,4,23
9507,2023-02-14,10,17,7,2,43.15,86.3,4,23
9508,2023-02-05,20,6,7,2,26.99,53.98,1,22
9509,2023-02-07,12,19,7,2,17.99,35.98,4,23
9510,2023-02-06,7,17,7,2,36.99,73.98,4,23
9511,2023-02-13,25,16,7,2,22.19,44.38,4,22
9512,2023-02-25,27,13,7,1,102.9,102.9,1,21
9513,2023-02-11,19,9,8,1,150.99,150.99,4,25
9514,2023-02-09,14,8,8,2,85.99,171.98,4,25
9515,2023-02-27,5,1,8,3,1153.06,3459.18,4,25
9516,2023-02-06,5,17,8,1,42.99,42.99,4,25
9517,2023-02-18,16,16,8,1,17.99,17.99,4,25
9518,2023-02-22,8,5,8,3,26.36,79.08,4,25
9519,2023-02-14,3,20,8,5,26.99,134.95,4,25
9520,2023-02-19,15,12,8,2,435.99,871.98,4,25
9521,2023-02-11,23,14,8,1,104.8,104.8,4,25
9522,2023-02-15,3,17,8,1,51.27,51.27,4,25
9523,2023-02-01,29,6,9,5,12.52,62.6,4,26
9524,2023-02-05,13,20,9,3,19.33,57.99,4,28
9525,2023-02-15,17,4,9,1,262.03,262.03,4,27
9526,2023-02-22,27,8,9,2,55.0,110.0,4,27
9527,2023-02-08,20,14,9,1,123.44,123.44,4,27
9528,2023-02-26,26,3,9,1,137.6,137.6,3,26
9529,2023-02-28,27,8,9,2,86.58,173.16,1,28
9530,2023-02-26,21,11,9,1,369.86,369.86,4,26
9531,2023-02-13,2,18,9,2,8.76,17.52,4,28
9532,2023-02-03,6,19,9,3,27.74,83.22,4,28
9533,2023-02-14,1,5,9,2,24.07,48.14,4,28
9534,2023-02-10,16,2,9,1,123.6,123.6,4,28
9535,2023-02-28,29,2,10,4,60.99,243.96,4,30
9536,2023-02-27,5,10,10,2,33.52,67.04,4,30
9537,2023-02-22,26,18,10,3,13.43,40.29,4,29
9538,2023-02-07,22,9,10,2,104.1,208.2,4,31
9539,2023-02-03,23,6,10,1,9.99,9.99,3,30
9540,2023-02-19,7,14,10,2,142.99,285.98,4,29
9541,2023-02-21,26,5,10,4,17.99,71.96,4,31
9542,2023-02-16,21,14,10,1,193.99,193.99,4,29
9543,2023-02-17,8,15,10,1,87.99,87.99,4,29
9544,2023-02-03,2,18,10,1,18.23,18.23,4,31
9545,2023-02-09,7,2,10,2,86.99,173.98,4,30
9546,2023-02-20,8,17,10,2,46.99,93.98,4,29
9547,2023-02-28,9,6,11,3,19.66,58.98,4,32
9548,2023-02-07,26,10,11,3,55.99,167.97,4,32
9549,2023-02-04,26,13,11,3,69.99,209.97,4,33
9550,2023-02-17,8,16,11,1,14.07,14.07,4,32
9551,2023-02-25,17,4,11,1,99.99,99.99,4,32
9552,2023-02-21,16,13,11,2,57.89,115.78,4,33
9553,2023-02-06,17,13,11,4,75.04,300.16,4,33
9554,2023-02-07,3,8,11,3,41.59,124.77,4,32
9555,2023-02-22,24,5,11,1,27.71,27.71,4,32
9556,2023-02-05,24,2,12,3,100.19,300.57,4,34
9557,2023-02-14,7,15,12,3,43.99,131.97,4,34
9558,2023-02-19,27,18,12,2,18.05,36.1,4,34
9559,2023-02-04,23,10,12,4,29.25,117.0,3,34
9560,2023-02-25,4,14,12,2,159.99,319.98,4,34
9561,2023-02-05,4,2,12,3,74.96,224.88,4,35
9562,2023-02-08,20,1,13,1,989.99,989.99,4,38
9563,2023-02-17,14,2,13,1,72.99,72.99,4,38
9564,2023-02-22,12,5,13,3,22.99,68.97,2,37
9565,2023-02-14,25,10,13,1,29.33,29.33,4,37
9566,2023-02-12,4,15,13,3,39.92,119.76,4,37
9567,2023-02-05,8,13,13,3,98.76,296.28,2,38
9568,2023-02-09,22,8,13,1,52.99,52.99,4,37
9569,2023-02-13,21,16,13,3,15.14,45.42,4,38
9570,2023-02-01,17,3,13,4,88.99,355.96,4,38
9571,2023-02-14,19,19,13,3,22.99,68.97,4,38
9572,2023-02-15,5,20,14,4,38.99,155.96,4,40
9573,2023-02-22,12,9,14,4,167.99,671.96,4,39
9574,2023-02-22,15,6,14,2,13.88,27.76,4,39
9575,2023-02-17,26,17,14,2,26.99,53.98,4,40
9576,2023-02-23,21,18,14,1,14.1,14.1,4,39
9577,2023-02-01,11,16,14,2,20.4,40.8,4,39
9578,2023-02-05,3,4,15,2,181.55,363.1,4,42
9579,2023-02-28,17,10,15,1,53.99,53.99,4,41
9580,2023-02-26,14,17,15,1,49.38,49.38,4,42
9581,2023-02-08,14,19,15,2,28.66,57.32,4,41
9582,2023-02-20,24,19,15,1,17.99,17.99,4,42
9583,2023-02-18,24,3,15,3,131.38,394.14,4,42
9584,2023-02-26,8,17,15,1,48.29,48.29,4,41
9585,2023-02-20,3,6,15,2,21.58,43.16,4,42
9586,2023-03-25,17,6,1,1,18.99,18.99,4,1
9587,2023-03-19,5,13,1,2,54.99,109.98,4,2
9588,2023-03-29,6,16,1,2,16.17,32.34,4,4
9589,2023-03-07,16,16,1,3,8.68,26.04,4,2
9590,2023-03-08,30,10,1,2,42.79,85.58,4,4
9591,2023-03-15,15,17,1,1,41.47,41.47,4,1
9592,2023-03-10,20,14,1,1,238.99,238.99,4,1
9593,2023-03-22,1,6,1,4,9.36,37.44,4,3
9594,2023-03-27,28,7,1,4,81.23,324.92,4,1
9595,2023-03-30,3,3,1,5,112.99,564.95,4,1
9596,2023-03-23,16,4,1,1,246.99,246.99,4,1
9597,2023-03-20,13,2,1,1,63.99,63.99,4,1
9598,2023-03-21,25,8,1,2,44.41,88.82,4,2
9599,2023-03-05,17,10,1,3,65.63,196.89,4,3
9600,2023-03-10,15,19,1,4,25.61,102.44,3,2
9601,2023-03-05,13,5,1,1,15.29,15.29,4,4
9602,2023-03-07,4,5,1,2,15.38,30.76,3,1
9603,2023-03-15,14,19,1,1,33.99,33.99,3,3
9604,2023-03-15,7,8,1,1,34.77,34.77,4,3
9605,2023-03-29,8,6,2,1,16.73,16.73,4,7
9606,2023-03-15,9,3,2,1,79.28,79.28,4,8
9607,2023-03-15,19,14,2,3,112.47,337.41,4,6
9608,2023-03-29,7,13,2,2,104.99,209.98,4,8
9609,2023-03-24,20,18,2,2,17.99,35.98,4,8
9610,2023-03-01,30,3,2,2,92.67,185.34,4,5
9611,2023-03-04,30,3,2,1,95.42,95.42,4,5
9612,2023-03-18,22,15,2,2,67.99,135.98,4,5
9613,2023-03-25,22,9,2,2,93.41,186.82,2,6
9614,2023-03-24,7,16,2,4,22.47,89.88,4,5
9615,2023-03-20,8,13,2,2,101.28,202.56,4,8
9616,2023-03-23,1,20,2,3,26.68,80.04,1,8
9617,2023-03-26,22,7,2,3,132.58,397.74,4,5
9618,2023-03-03,2,8,2,1,54.99,54.99,4,5
9619,2023-03-16,2,18,2,2,10.96,21.92,1,5
9620,2023-03-29,2,4,2,4,286.99,1147.96,4,7
9621,2023-03-04,15,16,2,4,8.0,32.0,4,5
9622,2023-03-20,5,16,2,1,12.99,12.99,4,6
9623,2023-03-21,20,5,2,3,13.21,39.63,1,6
9624,2023-03-22,26,6,2,1,22.4,22.4,4,5
9625,2023-03-23,13,1,2,1,882.8,882.8,4,5
9626,2023-03-19,9,1,2,5,957.19,4785.95,4,8
9627,2023-03-08,21,1,3,2,870.99,1741.98,4,11
9628,2023-03-30,18,14,3,3,224.37,673.11,4,9
9629,2023-03-16,11,10,3,5,36.92,184.6,4,9
9630,2023-03-08,25,7,3,2,72.99,145.98,1,10
9631,2023-03-17,22,16,3,1,18.99,18.99,2,9
9632,2023-03-07,11,9,3,2,108.99,217.98,4,9
9633,2023-03-30,29,7,3,2,136.95,273.9,4,9
9634,2023-03-18,27,16,3,5,13.66,68.3,4,10
9635,2023-03-08,28,8,3,1,78.99,78.99,4,9
9636,2023-03-21,14,3,3,1,141.99,141.99,4,9
9637,2023-03-29,5,13,3,1,79.99,79.99,4,10
9638,2023-03-10,1,16,3,3,13.28,39.84,1,11
9639,2023-03-19,21,5,3,1,9.23,9.23,4,11
9640,2023-03-12,28,8,3,2,46.99,93.98,4,11
9641,2023-03-12,22,13,3,2,99.69,199.38,4,11
9642,2023-03-29,6,2,3,1,92.99,92.99,4,11
9643,2023-03-04,10,5,4,1,11.56,11.56,4,14
9644,2023-03-08,29,16,4,2,12.63,25.26,4,12
9645,2023-03-13,1,1,4,2,1208.51,2417.02,4,12
9646,2023-03-16,1,14,4,1,165.99,165.99,3,12
9647,2023-03-06,13,6,4,1,22.3,22.3,4,14
9648,2023-03-06,21,5,4,1,18.99,18.99,4,12
9649,2023-03-28,12,5,4,5,20.99,104.95,4,12
9650,2023-03-08,24,1,4,5,1093.09,5465.45,4,14
9651,2023-03-21,5,4,4,2,220.44,440.88,4,13
9652,2023-03-25,18,5,4,1,19.99,19.99,4,12
9653,2023-03-08,12,20,4,2,22.68,45.36,4,13
9654,2023-03-27,4,6,4,2,23.58,47.16,4,12
9655,2023-03-31,8,13,4,3,96.65,289.95,4,14
9656,2023-03-19,25,5,4,2,14.64,29.28,4,12
9657,2023-03-18,28,16,5,1,18.77,18.77,4,17
9658,2023-03-18,5,17,5,1,20.84,20.84,4,15
9659,2023-03-13,18,5,5,1,10.86,10.86,4,17
9660,2023-03-28,18,8,5,3,37.05,111.15,4,16
9661,2023-03-17,8,9,5,1,74.31,74.31,4,17
9662,2023-03-18,9,11,5,3,481.99,1445.97,4,15
9663,2023-03-05,3,16,5,2,19.11,38.22,4,16
9664,2023-03-08,13,6,5,3,34.25,102.75,4,15
9665,2023-03-22,25,6,5,5,17.67,88.35,4,15
9666,2023-03-16,5,15,5,1,48.99,48.99,4,15
9667,2023-03-15,23,6,5,1,33.13,33.13,4,17
9668,2023-03-29,20,7,5,4,149.99,599.96,4,16
9669,2023-03-11,2,5,5,3,13.99,41.97,4,16
9670,2023-03-01,23,8,5,1,62.99,62.99,4,16
9671,2023-03-01,17,4,6,4,109.92,439.68,4,19
9672,2023-03-25,1,2,6,5,89.69,448.45,4,19
9673,2023-03-07,12,3,6,3,98.69,296.07,4,20
9674,2023-03-17,2,19,6,2,34.99,69.98,4,20
9675,2023-03-18,10,14,6,3,222.99,668.97,4,19
9676,2023-03-06,23,6,6,5,24.56,122.8,3,18
9677,2023-03-03,18,5,6,3,11.4,34.2,4,18
9678,2023-03-20,5,6,6,1,19.71,19.71,4,20
9679,2023-03-07,22,17,6,2,30.63,61.26,4,20
9680,2023-03-12,22,13,7,2,74.99,149.98,4,23
9681,2023-03-17,19,7,7,2,61.09,122.18,3,23
9682,2023-03-20,23,19,7,1,25.99,25.99,4,21
9683,2023-03-01,7,19,7,2,27.43,54.86,4,21
9684,2023-03-05,25,16,7,3,9.99,29.97,4,22
9685,2023-03-08,11,8,7,3,38.99,116.97,4,23
9686,2023-03-13,23,3,7,3,153.75,461.25,4,23
9687,2023-03-23,10,2,7,5,127.99,639.95,4,23
9688,2023-03-06,9,16,7,2,21.99,43.98,4,21
9689,2023-03-30,24,16,7,1,20.99,20.99,4,21
9690,2023-03-09,26,4,7,2,167.53,335.06,4,22
9691,2023-03-11,22,16,7,1,12.9,12.9,4,21
9692,2023-03-02,30,2,7,2,102.8,205.6,4,23
9693,2023-03-02,2,7,8,1,133.99,133.99,4,24
9694,2023-03-20,22,17,8,3,37.99,113.97,4,24
9695,2023-03-17,27,5,8,2,17.39,34.78,4,24
9696,2023-03-21,20,2,8,2,59.99,119.98,4,25
9697,2023-03-16,21,18,8,1,16.99,16.99,4,24
9698,2023-03-10,15,2,8,2,106.14,212.28,4,25
9699,2023-03-24,22,2,8,2,50.99,101.98,4,24
9700,2023-03-20,20,7,8,1,131.8,131.8,4,24
9701,2023-03-27,22,2,8,4,61.51,246.04,4,25
9702,2023-03-19,3,5,8,1,10.85,10.85,4,25
9703,2023-03-20,4,18,8,5,16.78,83.9,4,25
9704,2023-03-21,23,20,8,1,20.74,20.74,4,24
9705,2023-03-09,13,20,9,3,31.99,95.97,4,28
9706,2023-03-19,25,7,9,2,153.66,307.32,4,28
9707,2023-03-27,22,16,9,2,11.99,23.98,4,28
9708,2023-03-03,16,10,9,3,31.95,95.85,4,26
9709,2023-03-14,25,5,9,1,10.99,10.99,4,27
9710,2023-03-23,30,3,9,3,102.68,308.04,4,27
9711,2023-03-16,17,18,9,4,13.85,55.4,4,26
9712,2023-03-09,16,18,9,3,7.0,21.0,4,28
9713,2023-03-27,20,9,9,2,194.99,389.98,3,26
9714,2023-03-15,2,8,9,1,79.2,79.2,4,27
9715,2023-03-23,16,16,9,2,18.99,37.98,4,27
9716,2023-03-13,5,13,9,1,65.99,65.99,4,27
9717,2023-03-12,9,20,10,3,28.1,84.3,2,29
9718,2023-03-09,3,6,10,5,22.7,113.5,4,29
9719,2023-03-18,24,15,10,3,49.99,149.97,4,29
9720,2023-03-07,25,5,10,5,15.99,79.95,4,29
9721,2023-03-20,2,10,10,4,37.35,149.4,4,30
9722,2023-03-01,4,8,10,1,63.16,63.16,4,29
9723,2023-03-01,13,9,10,1,156.25,156.25,4,29
9724,2023-03-04,14,18,10,1,17.99,17.99,4,31
9725,2023-03-18,4,3,10,2,64.33,128.66,4,29
9726,2023-03-20,20,16,10,1,13.99,13.99,3,29
9727,2023-03-27,15,13,10,1,80.67,80.67,4,31
9728,2023-03-30,29,20,10,2,31.61,63.22,4,30
9729,2023-03-20,8,8,10,2,34.94,69.88,4,29
9730,2023-03-28,21,5,10,1,12.99,12.99,4,31
9731,2023-03-22,5,10,10,3,41.99,125.97,4,30
9732,2023-03-01,18,15,11,1,53.55,53.55,4,33
9733,2023-03-27,16,17,11,2,45.2,90.4,4,33
9734,2023-03-26,4,10,11,4,48.99,195.96,4,32
9735,2023-03-07,5,13,11,4,70.35,281.4,4,32
9736,2023-03-11,19,8,11,1,44.85,44.85,4,33
9737,2023-03-25,13,20,11,4,31.89,127.56,3,33
9738,2023-03-28,30,16,11,1,10.99,10.99,4,33
9739,2023-03-10,9,15,11,4,60.99,243.96,4,32
9740,2023-03-03,30,7,11,1,88.64,88.64,4,32
9741,2023-03-07,18,6,11,2,23.42,46.84,4,33
9742,2023-03-13,30,2,11,5,84.32,421.6,4,32
9743,2023-03-31,15,18,11,1,16.29,16.29,4,33
9744,2023-03-25,22,7,12,5,90.99,454.95,4,34
9745,2023-03-08,12,14,12,1,207.92,207.92,4,34
9746,2023-03-25,2,15,12,3,40.02,120.06,4,35
9747,2023-03-09,22,16,12,1,22.89,22.89,4,34
9748,2023-03-24,19,17,12,3,36.99,110.97,4,34
9749,2023-03-09,10,17,12,2,29.99,59.98,4,35
9750,2023-03-11,21,13,12,1,51.48,51.48,4,34
9751,2023-03-05,23,13,12,4,97.09,388.36,4,34
9752,2023-03-04,14,20,12,2,28.99,57.98,1,34
9753,2023-03-02,8,16,13,2,8.99,17.98,4,37
9754,2023-03-12,15,18,13,2,10.65,21.3,2,36
9755,2023-03-17,9,3,13,3,60.83,182.49,4,36
9756,2023-03-17,12,10,13,4,37.36,149.44,4,37
9757,2023-03-09,13,4,13,2,168.99,337.98,4,36
9758,2023-03-06,12,16,13,2,12.25,24.5,4,38
9759,2023-03-08,11,18,13,3,16.82,50.46,4,36
9760,2023-03-14,4,13,13,5,114.86,574.3,4,37
9761,2023-03-23,18,9,13,2,94.99,189.98,4,38
9762,2023-03-27,12,2,13,1,122.38,122.38,4,38
9763,2023-03-23,29,10,13,1,41.03,41.03,4,36
9764,2023-03-28,5,1,13,1,1307.99,1307.99,4,38
9765,2023-03-02,6,18,13,3,18.15,54.45,4,37
9766,2023-03-28,4,9,13,1,89.35,89.35,4,36
9767,2023-03-15,8,16,13,1,8.67,8.67,4,38
9768,2023-03-07,9,15,13,3,33.99,101.97,4,36
9769,2023-03-22,24,9,14,3,175.61,526.83,3,40
9770,2023-03-08,3,5,14,1,26.99,26.99,4,40
9771,2023-03-29,24,16,14,3,11.99,35.97,4,39
9772,2023-03-04,25,11,14,1,532.39,532.39,2,39
9773,2023-03-30,12,20,14,3,37.99,113.97,4,39
9774,2023-03-15,30,9,14,2,71.71,143.42,4,40
9775,2023-03-23,28,2,14,1,74.8,74.8,2,40
9776,2023-03-27,20,10,14,2,40.27,80.54,4,39
9777,2023-03-20,7,19,14,2,14.0,28.0,4,39
9778,2023-03-01,24,9,14,2,74.99,149.98,4,39
9779,2023-03-29,16,6,14,2,29.51,59.02,4,39
9780,2023-03-31,4,2,14,3,75.02,225.06,4,39
9781,2023-03-30,17,17,14,3,22.96,68.88,4,40
9782,2023-03-22,12,5,14,2,26.99,53.98,4,39
9783,2023-03-08,27,5,14,2,18.99,37.98,4,40
9784,2023-03-02,5,17,15,2,26.99,53.98,4,42
9785,2023-03-29,19,3,15,3,96.99,290.97,4,41
9786,2023-03-30,14,10,15,1,55.86,55.86,4,41
9787,2023-03-16,17,13,15,1,50.99,50.99,4,42
9788,2023-03-20,21,4,15,3,102.99,308.97,4,41
9789,2023-03-18,5,4,15,1,256.14,256.14,4,41
9790,2023-03-26,4,4,15,1,191.99,191.99,4,41
9791,2023-03-30,5,6,15,1,18.79,18.79,4,41
9792,2023-03-05,17,3,15,1,135.44,135.44,1,42
9793,2023-03-12,11,17,15,1,50.67,50.67,4,41
9794,2023-04-13,20,17,1,1,47.39,47.39,4,3
9795,2023-04-20,16,10,1,2,36.99,73.98,4,1
9796,2023-04-12,5,7,1,4,65.85,263.4,4,4
9797,2023-04-30,29,3,1,3,94.53,283.59,4,3
9798,2023-04-04,24,15,1,1,44.85,44.85,4,1
9799,2023-04-10,16,16,1,2,12.81,25.62,4,2
9800,2023-04-13,13,17,1,4,42.75,171.0,4,1
9801,2023-04-15,28,18,1,2,14.35,28.7,4,1
9802,2023-04-01,3,1,1,1,817.99,817.99,4,1
9803,2023-04-14,15,19,1,1,38.6,38.6,4,3
9804,2023-04-26,21,19,1,3,21.53,64.59,4,3
9805,2023-04-01,11,8,1,2,88.74,177.48,2,3
9806,2023-04-26,8,7,1,2,88.88,177.76,4,4
9807,2023-04-04,5,18,1,4,13.0,52.0,4,3
9808,2023-04-06,1,3,1,5,137.04,685.2,4,2
9809,2023-04-01,10,1,1,1,943.99,943.99,4,3
9810,2023-04-04,5,16,1,1,9.61,9.61,4,1
9811,2023-04-11,10,5,1,1,18.67,18.67,4,2
9812,2023-04-14,1,1,1,3,864.99,2594.97,1,2
9813,2023-04-07,4,19,1,2,36.15,72.3,4,2
9814,2023-04-12,5,16,2,3,10.99,32.97,4,5
9815,2023-04-25,16,16,2,3,22.93,68.79,4,8
9816,2023-04-18,8,3,2,3,129.77,389.31,4,5
9817,2023-04-07,26,2,2,2,113.88,227.76,4,6
9818,2023-04-13,30,5,2,1,16.09,16.09,4,7
9819,2023-04-03,25,6,2,2,14.85,29.7,4,8
9820,2023-04-27,23,13,2,1,108.99,108.99,4,5
9821,2023-04-26,3,19,2,2,14.72,29.44,4,8
9822,2023-04-06,15,18,2,2,11.03,22.06,4,5
9823,2023-04-21,27,11,2,2,303.1,606.2,4,8
9824,2023-04-24,24,16,2,1,12.99,12.99,4,7
9825,2023-04-07,28,19,2,4,22.4,89.6,4,8
9826,2023-04-06,18,6,2,1,33.06,33.06,4,5
9827,2023-04-01,6,17,2,1,27.99,27.99,4,7
9828,2023-04-07,13,6,2,1,20.63,20.63,4,7
9829,2023-04-28,19,14,2,1,105.23,105.23,4,5
9830,2023-04-05,2,10,2,1,38.99,38.99,4,7
9831,2023-04-21,2,4,3,2,133.99,267.98,4,9
9832,2023-04-19,6,5,3,2,16.99,33.98,4,11
9833,2023-04-29,30,15,3,2,35.99,71.98,4,9
9834,2023-04-28,27,17,3,3,24.99,74.97,4,9
9835,2023-04-14,18,3,3,3,92.99,278.97,4,10
9836,2023-04-18,16,16,3,1,9.99,9.99,4,11
9837,2023-04-17,3,5,3,3,12.43,37.29,4,11
9838,2023-04-07,29,6,3,2,31.21,62.42,4,9
9839,2023-04-03,18,5,3,1,26.99,26.99,4,10
9840,2023-04-21,28,5,3,1,17.99,17.99,4,11
9841,2023-04-28,5,16,3,2,12.65,25.3,4,11
9842,2023-04-21,13,18,3,1,14.09,14.09,4,11
9843,2023-04-30,12,15,3,2,78.48,156.96,4,11
9844,2023-04-23,6,16,3,2,20.99,41.98,4,11
9845,2023-04-04,2,7,4,2,59.99,119.98,1,12
9846,2023-04-10,23,1,4,2,1193.84,2387.68,4,13
9847,2023-04-10,12,10,4,1,56.48,56.48,4,12
9848,2023-04-16,19,19,4,3,14.99,44.97,4,13
9849,2023-04-04,19,8,4,2,28.99,57.98,4,13
9850,2023-04-16,13,3,4,4,102.43,409.72,4,14
9851,2023-04-03,13,15,4,2,61.89,123.78,4,12
9852,2023-04-27,17,16,4,2,20.58,41.16,4,14
9853,2023-04-05,2,6,4,3,28.41,85.23,4,13
9854,2023-04-12,14,5,4,5,22.99,114.95,4,14
9855,2023-04-11,16,18,4,2,18.56,37.12,4,13
9856,2023-04-04,6,6,4,3,11.39,34.17,4,13
9857,2023-04-07,3,19,4,1,37.81,37.81,4,12
9858,2023-04-17,28,7,4,1,84.84,84.84,4,13
9859,2023-04-14,19,16,4,4,8.99,35.96,4,13
9860,2023-04-13,27,10,4,4,36.34,145.36,4,14
9861,2023-04-06,6,17,4,1,25.65,25.65,4,12
9862,2023-04-01,11,19,5,1,32.99,32.99,4,15
9863,2023-04-28,18,4,5,1,134.99,134.99,4,16
9864,2023-04-23,24,11,5,2,302.99,605.98,4,17
9865,2023-04-10,26,9,5,1,163.81,163.81,4,15
9866,2023-04-15,8,14,5,1,103.96,103.96,4,17
9867,2023-04-21,26,15,5,2,65.58,131.16,4,15
9868,2023-04-22,25,17,5,5,46.99,234.95,4,16
9869,2023-04-07,27,5,5,1,15.38,15.38,4,16
9870,2023-04-12,8,13,5,1,92.28,92.28,4,17
9871,2023-04-15,3,6,5,3,24.88,74.64,4,16
9872,2023-04-11,7,8,5,2,69.68,139.36,4,17
9873,2023-04-21,25,6,5,4,9.0,36.0,4,15
9874,2023-04-11,9,20,6,1,40.52,40.52,4,19
9875,2023-04-26,16,17,6,2,34.58,69.16,4,18
9876,2023-04-17,28,17,6,2,46.99,93.98,4,19
9877,2023-04-09,15,16,6,2,22.99,45.98,1,18
9878,2023-04-16,24,20,6,1,41.75,41.75,4,18
9879,2023-04-26,9,7,6,2,114.99,229.98,4,18
9880,2023-04-14,17,3,6,2,92.99,185.98,4,19
9881,2023-04-30,10,3,6,2,128.27,256.54,4,18
9882,2023-04-17,6,2,6,3,96.99,290.97,4,20
9883,2023-04-21,3,6,6,5,10.99,54.95,4,20
9884,2023-04-23,29,7,6,3,75.99,227.97,3,19
9885,2023-04-16,22,20,6,1,26.26,26.26,4,20
9886,2023-04-02,15,3,6,4,120.99,483.96,4,18
9887,2023-04-30,7,5,7,1,11.47,11.47,4,22
9888,2023-04-20,20,16,7,3,19.06,57.18,4,23
9889,2023-04-29,29,5,7,2,17.59,35.18,4,21
9890,2023-04-19,10,2,7,1,53.99,53.99,4,23
9891,2023-04-13,6,9,7,2,176.99,353.98,4,22
9892,2023-04-16,2,8,7,5,40.84,204.2,4,23
9893,2023-04-11,14,19,7,1,26.2,26.2,4,21
9894,2023-04-21,16,18,7,2,15.99,31.98,4,22
9895,2023-04-20,11,15,7,5,41.99,209.95,4,22
9896,2023-04-13,10,12,7,2,400.99,801.98,3,22
9897,2023-04-15,13,8,7,1,70.32,70.32,4,22
9898,2023-04-23,11,18,7,2,15.24,30.48,4,23
9899,2023-04-27,10,5,8,4,12.06,48.24,4,24
9900,2023-04-30,28,5,8,1,17.99,17.99,4,25
9901,2023-04-26,12,8,8,1,84.99,84.99,4,25
9902,2023-04-04,9,4,8,2,219.99,439.98,4,25
9903,2023-04-13,3,19,8,5,28.99,144.95,1,25
9904,2023-04-15,25,4,8,1,132.99,132.99,4,24
9905,2023-04-04,26,18,8,1,11.99,11.99,4,24
9906,2023-04-08,4,13,8,2,66.99,133.98,4,24
9907,2023-04-01,20,13,8,2,88.99,177.98,2,24
9908,2023-04-18,9,12,8,1,883.74,883.74,4,24
9909,2023-04-15,7,4,8,1,168.99,168.99,4,24
9910,2023-04-25,15,8,8,3,59.99,179.97,4,25
9911,2023-04-05,1,4,9,2,234.79,469.58,4,26
9912,2023-04-23,30,18,9,3,10.7,32.1,4,27
9913,2023-04-21,9,8,9,3,79.99,239.97,4,26
9914,2023-04-08,4,8,9,1,62.37,62.37,4,27
9915,2023-04-27,29,5,9,4,17.24,68.96,4,26
9916,2023-04-02,26,7,9,4,52.99,211.96,4,26
9917,2023-04-19,6,7,9,5,60.99,304.95,4,27
9918,2023-04-04,4,8,9,5,63.26,316.3,4,27
9919,2023-04-24,18,19,9,2,32.99,65.98,4,26
9920,2023-04-10,5,6,9,3,14.71,44.13,4,28
9921,2023-04-22,13,3,9,1,126.14,126.14,4,26
9922,2023-04-26,27,19,9,1,23.91,23.91,4,27
9923,2023-04-16,5,20,9,1,23.8,23.8,4,27
9924,2023-04-02,12,5,9,3,20.62,61.86,4,28
9925,2023-04-28,24,18,9,2,13.07,26.14,3,26
9926,2023-04-14,16,20,9,2,20.27,40.54,4,28
9927,2023-04-20,10,5,10,3,20.9,62.7,4,31
9928,2023-04-06,2,2,10,4,61.99,247.96,4,29
9929,2023-04-30,27,3,10,4,110.99,443.96,4,30
9930,2023-04-28,19,19,10,5,19.99,99.95,4,31
9931,2023-04-22,10,20,10,1,36.19,36.19,4,31
9932,2023-04-05,20,16,10,2,19.99,39.98,4,29
9933,2023-04-15,26,8,10,4,78.61,314.44,4,31
9934,2023-04-28,21,1,10,4,1325.99,5303.96,4,29
9935,2023-04-02,1,16,10,5,19.18,95.9,4,29
9936,2023-04-05,17,3,10,1,119.99,119.99,4,31
9937,2023-04-17,4,13,10,2,50.77,101.54,4,30
9938,2023-04-04,13,4,10,3,148.99,446.97,4,29
9939,2023-04-25,22,1,10,3,1237.91,3713.73,1,30
9940,2023-04-20,16,13,10,3,65.41,196.23,3,31
9941,2023-04-08,3,5,10,1,11.99,11.99,3,30
9942,2023-04-08,29,13,11,3,55.63,166.89,4,32
9943,2023-04-08,23,6,11,3,13.35,40.05,4,33
9944,2023-04-09,4,18,11,2,12.05,24.1,4,32
9945,2023-04-22,15,19,11,1,24.99,24.99,4,32
9946,2023-04-01,10,5,11,1,22.76,22.76,4,32
9947,2023-04-22,14,6,11,4,28.32,113.28,4,33
9948,2023-04-22,14,19,11,5,26.3,131.5,4,33
9949,2023-04-23,8,6,11,2,33.99,67.98,4,32
9950,2023-04-24,10,6,11,1,23.99,23.99,2,33
9951,2023-04-20,30,1,11,1,805.99,805.99,4,32
9952,2023-04-22,26,10,11,1,38.99,38.99,4,33
9953,2023-04-07,26,1,12,1,1141.52,1141.52,4,34
9954,2023-04-10,9,17,12,4,53.66,214.64,4,34
9955,2023-04-14,3,18,12,2,12.82,25.64,4,35
9956,2023-04-02,5,1,12,4,965.68,3862.72,4,34
9957,2023-04-18,10,5,12,1,27.99,27.99,4,35
9958,2023-04-21,27,17,12,4,19.73,78.92,4,34
9959,2023-04-22,1,6,12,1,9.1,9.1,4,34
9960,2023-04-29,16,13,12,2,56.94,113.88,4,35
9961,2023-04-09,20,19,12,1,17.36,17.36,4,35
9962,2023-04-04,19,17,12,3,37.84,113.52,4,35
9963,2023-04-14,19,11,13,5,452.26,2261.3,4,37
9964,2023-04-30,14,6,13,4,20.99,83.96,4,36
9965,2023-04-07,11,16,13,3,17.99,53.97,4,36
9966,2023-04-15,18,13,13,1,63.99,63.99,1,36
9967,2023-04-24,10,7,13,1,68.76,68.76,4,37
9968,2023-04-16,23,15,13,1,78.16,78.16,4,38
9969,2023-04-01,8,17,13,4,37.67,150.68,4,36
9970,2023-04-15,25,19,13,4,31.86,127.44,4,38
9971,2023-04-25,5,5,13,4,11.66,46.64,4,38
9972,2023-04-04,24,17,13,2,24.72,49.44,4,37
9973,2023-04-23,29,3,13,1,148.99,148.99,4,36
9974,2023-04-24,17,16,13,1,22.62,22.62,4,36
9975,2023-04-03,5,3,13,1,77.84,77.84,4,36
9976,2023-04-02,3,16,14,3,14.49,43.47,4,40
9977,2023-04-17,7,7,14,1,151.99,151.99,4,39
9978,2023-04-27,10,6,14,3,10.99,32.97,4,40
9979,2023-04-21,24,13,14,2,48.77,97.54,3,39
9980,2023-04-07,16,18,14,1,17.99,17.99,4,40
9981,2023-04-19,28,6,14,3,14.99,44.97,4,40
9982,2023-04-25,28,16,14,2,21.33,42.66,4,40
9983,2023-04-12,12,20,14,1,28.33,28.33,4,39
9984,2023-04-20,3,11,14,1,278.56,278.56,4,40
9985,2023-04-17,18,8,14,2,43.99,87.98,4,39
9986,2023-04-29,5,2,14,1,74.81,74.81,4,40
9987,2023-04-07,6,13,15,3,117.61,352.83,4,41
9988,2023-04-14,21,1,15,3,1375.38,4126.14,1,42
9989,2023-04-28,12,3,15,3,120.81,362.43,4,42
9990,2023-04-15,28,17,15,1,43.99,43.99,1,41
9991,2023-04-23,26,5,15,1,12.24,12.24,4,41
9992,2023-04-12,8,16,15,3,18.99,56.97,4,41
9993,2023-04-14,11,16,15,1,10.2,10.2,4,42
9994,2023-04-04,3,18,15,1,12.99,12.99,4,42
9995,2023-04-13,6,19,15,4,28.99,115.96,4,41
9996,2023-04-18,7,17,15,3,43.99,131.97,4,42
9997,2023-04-13,26,16,15,2,16.99,33.98,4,42
9998,2023-05-04,1,7,1,1,143.95,143.95,4,4
9999,2023-05-03,27,8,1,1,80.01,80.01,4,3
10000,2023-05-12,3,16,1,2,11.22,22.44,3,3
10001,2023-05-06,21,11,1,1,300.99,300.99,4,3
10002,2023-05-01,11,16,1,3,18.92,56.76,2,2
10003,2023-05-09,30,18,1,1,14.51,14.51,4,4
10004,2023-05-19,29,13,1,1,95.7,95.7,4,2
10005,2023-05-20,17,18,1,1,13.34,13.34,4,4
10006,2023-05-17,6,1,1,1,1231.99,1231.99,2,4
10007,2023-05-10,9,8,1,3,63.99,191.97,4,2
10008,2023-05-06,3,18,1,1,11.36,11.36,4,2
10009,2023-05-26,20,20,1,2,29.03,58.06,4,1
10010,2023-05-15,4,18,1,2,15.29,30.58,4,2
10011,2023-05-06,19,20,1,1,25.49,25.49,4,4
10012,2023-05-06,2,6,1,5,9.26,46.3,4,3
10013,2023-05-29,16,3,1,1,126.3,126.3,4,4
10014,2023-05-16,27,9,1,2,106.99,213.98,4,2
10015,2023-05-09,5,17,1,3,53.03,159.09,4,1
10016,2023-05-10,17,10,1,1,56.95,56.95,4,4
10017,2023-05-23,26,16,1,1,16.99,16.99,4,2
10018,2023-05-11,7,5,1,2,24.99,49.98,4,1
10019,2023-05-12,20,16,1,4,9.04,36.16,4,2
10020,2023-05-12,28,19,1,1,17.99,17.99,4,2
10021,2023-05-27,27,18,1,2,17.67,35.34,4,3
10022,2023-05-17,29,5,1,2,26.61,53.22,4,1
10023,2023-05-21,17,16,1,1,22.99,22.99,4,4
10024,2023-05-31,5,5,1,2,26.14,52.28,4,2
10025,2023-05-06,19,17,1,5,52.33,261.65,4,1
10026,2023-05-02,7,7,1,3,129.99,389.97,4,3
10027,2023-05-14,8,8,1,2,26.93,53.86,4,1
10028,2023-05-28,15,1,1,2,1269.99,2539.98,4,4
10029,2023-05-27,16,6,1,1,28.49,28.49,4,4
10030,2023-05-29,28,14,1,2,133.99,267.98,4,4
10031,2023-05-09,19,14,1,5,197.15,985.75,4,3
10032,2023-05-27,6,4,1,3,246.83,740.49,4,3
10033,2023-05-24,1,6,1,2,21.99,43.98,4,4
10034,2023-05-07,20,16,1,1,22.43,22.43,1,1
10035,2023-05-16,1,20,1,1,35.11,35.11,4,4
10036,2023-05-31,16,8,1,2,35.92,71.84,4,4
10037,2023-05-23,5,6,2,3,9.99,29.97,4,8
10038,2023-05-07,13,8,2,3,80.69,242.07,3,6
10039,2023-05-21,11,19,2,1,23.99,23.99,4,7
10040,2023-05-21,9,3,2,4,128.84,515.36,2,6
10041,2023-05-11,10,1,2,1,1189.99,1189.99,4,5
10042,2023-05-25,9,10,2,1,29.0,29.0,4,5
10043,2023-05-01,22,7,2,3,129.65,388.95,2,7
10044,2023-05-31,23,6,2,2,21.99,43.98,4,5
10045,2023-05-23,11,5,2,1,17.99,17.99,4,7
10046,2023-05-23,11,6,2,1,22.99,22.99,4,8
10047,2023-05-05,27,15,2,4,79.99,319.96,4,7
10048,2023-05-05,2,2,2,3,78.99,236.97,4,5
10049,2023-05-17,19,6,2,2,31.83,63.66,4,8
10050,2023-05-06,19,2,2,2,83.99,167.98,4,8
10051,2023-05-22,20,17,2,3,22.73,68.19,4,7
10052,2023-05-13,15,20,2,1,17.99,17.99,4,5
10053,2023-05-05,27,20,2,5,28.99,144.95,4,6
10054,2023-05-21,16,2,2,4,108.35,433.4,4,6
10055,2023-05-20,21,16,2,2,15.65,31.3,4,8
10056,2023-05-25,11,18,2,1,7.0,7.0,4,8
10057,2023-05-17,9,12,2,3,886.19,2658.57,4,8
10058,2023-05-21,19,2,2,4,67.99,271.96,1,7
10059,2023-05-31,14,5,2,3,22.86,68.58,4,7
10060,2023-05-02,13,7,2,3,127.99,383.97,4,8
10061,2023-05-28,10,5,2,3,15.99,47.97,4,5
10062,2023-05-01,30,3,2,1,95.44,95.44,4,8
10063,2023-05-16,15,10,2,4,34.3,137.2,4,5
10064,2023-05-18,8,9,2,2,177.23,354.46,4,7
10065,2023-05-05,12,14,3,3,191.76,575.28,4,9
10066,2023-05-20,16,6,3,2,19.99,39.98,4,9
10067,2023-05-14,16,10,3,3,50.02,150.06,4,10
10068,2023-05-30,28,19,3,2,23.99,47.98,2,9
10069,2023-05-31,24,5,3,1,15.87,15.87,1,11
10070,2023-05-14,16,15,3,3,72.32,216.96,3,9
10071,2023-05-22,12,5,3,1,22.1,22.1,4,9
10072,2023-05-09,5,3,3,1,125.38,125.38,4,10
10073,2023-05-18,7,3,3,2,88.59,177.18,4,9
10074,2023-05-04,28,16,3,2,15.86,31.72,4,9
10075,2023-05-15,4,20,3,3,14.5,43.5,4,9
10076,2023-05-14,24,14,3,1,201.55,201.55,3,10
10077,2023-05-19,9,14,3,3,156.46,469.38,4,9
10078,2023-05-18,5,9,3,4,178.11,712.44,4,11
10079,2023-05-07,14,17,3,3,23.99,71.97,4,10
10080,2023-05-18,17,6,3,1,12.99,12.99,4,9
10081,2023-05-25,27,3,3,2,130.48,260.96,4,9
10082,2023-05-20,22,1,3,5,861.99,4309.95,1,10
10083,2023-05-27,7,16,3,5,21.42,107.1,2,11
10084,2023-05-08,15,7,3,1,79.49,79.49,4,10
10085,2023-05-26,29,16,3,3,19.64,58.92,3,10
10086,2023-05-27,21,5,3,3,26.54,79.62,4,10
10087,2023-05-01,6,19,3,3,25.94,77.82,4,9
10088,2023-05-09,26,5,3,1,27.35,27.35,4,10
10089,2023-05-06,4,7,3,1,138.03,138.03,3,10
10090,2023-05-06,19,13,3,2,39.0,78.0,4,9
10091,2023-05-08,19,18,3,1,15.01,15.01,4,11
10092,2023-05-01,8,8,3,5,60.9,304.5,4,11
10093,2023-05-28,2,5,3,3,18.05,54.15,4,10
10094,2023-05-03,30,19,3,1,35.99,35.99,4,10
10095,2023-05-11,12,2,3,5,110.19,550.95,4,11
10096,2023-05-02,9,4,3,3,216.9,650.7,4,10
10097,2023-05-20,29,14,3,1,121.33,121.33,4,10
10098,2023-05-24,1,10,4,4,33.99,135.96,4,13
10099,2023-05-06,7,19,4,1,19.4,19.4,3,12
10100,2023-05-07,13,11,4,2,304.99,609.98,4,14
10101,2023-05-08,4,6,4,2,16.48,32.96,4,12
10102,2023-05-27,5,6,4,2,22.99,45.98,4,14
10103,2023-05-07,30,20,4,4,31.94,127.76,4,14
10104,2023-05-10,13,16,4,1,15.99,15.99,4,14
10105,2023-05-31,4,6,4,2,21.99,43.98,4,13
10106,2023-05-15,18,3,4,2,117.99,235.98,2,14
10107,2023-05-30,5,2,4,1,106.91,106.91,4,12
10108,2023-05-02,4,9,4,4,79.58,318.32,4,13
10109,2023-05-08,26,6,4,1,10.99,10.99,4,12
10110,2023-05-30,21,18,4,3,13.88,41.64,4,13
10111,2023-05-02,18,16,4,2,15.99,31.98,4,12
10112,2023-05-31,11,17,4,3,40.99,122.97,4,14
10113,2023-05-17,22,13,4,1,107.8,107.8,4,12
10114,2023-05-19,26,18,4,4,9.73,38.92,4,12
10115,2023-05-16,17,20,4,1,21.68,21.68,4,13
10116,2023-05-04,21,6,4,1,18.99,18.99,4,12
10117,2023-05-02,29,18,4,3,7.16,21.48,4,14
10118,2023-05-13,28,2,4,3,116.99,350.97,4,12
10119,2023-05-15,10,1,4,2,818.99,1637.98,4,14
10120,2023-05-16,22,19,4,3,22.99,68.97,4,13
10121,2023-05-02,9,14,4,2,113.05,226.1,4,13
10122,2023-05-08,18,19,4,1,31.19,31.19,2,14
10123,2023-05-17,19,17,4,1,21.38,21.38,4,13
10124,2023-05-11,15,3,4,1,143.99,143.99,4,12
10125,2023-05-06,15,10,4,4,44.99,179.96,4,13
10126,2023-05-24,2,3,4,2,97.56,195.12,4,12
10127,2023-05-20,5,3,4,1,86.7,86.7,4,13
10128,2023-05-29,13,15,4,4,29.3,117.2,4,14
10129,2023-05-18,2,3,4,1,121.99,121.99,4,12
10130,2023-05-04,10,14,5,1,111.99,111.99,4,17
10131,2023-05-04,24,3,5,3,136.63,409.89,4,17
10132,2023-05-31,27,5,5,2,28.57,57.14,4,17
10133,2023-05-27,15,18,5,1,12.99,12.99,4,17
10134,2023-05-29,18,7,5,1,57.19,57.19,4,15
10135,2023-05-31,16,4,5,1,116.99,116.99,4,15
10136,2023-05-06,18,6,5,3,15.99,47.97,4,16
10137,2023-05-04,4,20,5,2,40.99,81.98,4,17
10138,2023-05-26,4,4,5,1,275.07,275.07,4,16
10139,2023-05-11,10,19,5,1,15.99,15.99,4,15
10140,2023-05-21,10,17,5,1,43.99,43.99,4,15
10141,2023-05-20,2,4,5,2,228.99,457.98,3,16
10142,2023-05-29,18,2,5,2,101.98,203.96,4,17
10143,2023-05-02,23,16,5,1,18.05,18.05,4,17
10144,2023-05-25,13,20,5,1,16.8,16.8,4,17
10145,2023-05-17,11,7,5,1,72.36,72.36,4,15
10146,2023-05-19,12,6,5,4,9.16,36.64,4,16
10147,2023-05-15,11,6,5,1,21.71,21.71,4,16
10148,2023-05-16,23,20,5,1,35.99,35.99,4,16
10149,2023-05-10,14,2,5,1,100.64,100.64,4,15
10150,2023-05-13,22,17,5,3,32.94,98.82,4,15
10151,2023-05-15,15,13,5,5,112.99,564.95,4,16
10152,2023-05-17,15,6,5,3,25.66,76.98,4,17
10153,2023-05-12,25,4,5,3,266.06,798.18,4,15
10154,2023-05-29,6,1,5,1,801.99,801.99,1,15
10155,2023-05-23,9,4,6,1,120.24,120.24,4,20
10156,2023-05-30,5,19,6,1,17.99,17.99,4,18
10157,2023-05-03,18,3,6,4,59.03,236.12,4,20
10158,2023-05-30,14,2,6,2,104.99,209.98,4,19
10159,2023-05-04,28,16,6,1,18.99,18.99,4,18
10160,2023-05-29,26,14,6,2,159.37,318.74,4,20
10161,2023-05-16,9,16,6,3,21.99,65.97,4,19
10162,2023-05-11,10,4,6,4,151.8,607.2,4,20
10163,2023-05-15,8,8,6,1,26.91,26.91,4,20
10164,2023-05-03,11,15,6,2,30.59,61.18,4,20
10165,2023-05-30,2,14,6,1,227.99,227.99,4,19
10166,2023-05-31,14,18,6,2,13.99,27.98,4,19
10167,2023-05-11,25,7,6,2,105.44,210.88,4,19
10168,2023-05-03,21,11,6,1,295.99,295.99,4,19
10169,2023-05-07,18,6,6,5,10.99,54.95,4,20
10170,2023-05-09,30,19,6,3,23.59,70.77,4,20
10171,2023-05-17,30,7,6,1,121.99,121.99,4,18
10172,2023-05-19,24,12,6,1,897.99,897.99,4,18
10173,2023-05-09,13,8,6,5,57.99,289.95,4,18
10174,2023-05-06,15,17,6,2,48.06,96.12,4,20
10175,2023-05-14,3,17,6,2,55.0,110.0,4,18
10176,2023-05-05,18,15,6,3,30.95,92.85,4,19
10177,2023-05-08,11,18,6,3,7.51,22.53,4,20
10178,2023-05-08,1,2,6,1,93.51,93.51,4,20
10179,2023-05-17,5,5,6,1,26.99,26.99,4,18
10180,2023-05-02,10,9,6,5,74.99,374.95,4,20
10181,2023-05-08,17,9,6,1,158.78,158.78,4,18
10182,2023-05-02,15,15,6,4,43.58,174.32,4,18
10183,2023-05-27,25,17,6,2,36.12,72.24,4,19
10184,2023-05-28,12,1,6,3,907.14,2721.42,4,18
10185,2023-05-17,5,3,7,3,140.99,422.97,4,22
10186,2023-05-17,23,4,7,4,252.17,1008.68,4,23
10187,2023-05-27,4,18,7,3,18.98,56.94,4,23
10188,2023-05-13,2,10,7,1,50.56,50.56,4,22
10189,2023-05-11,17,17,7,4,43.88,175.52,4,22
10190,2023-05-20,30,7,7,2,101.0,202.0,4,21
10191,2023-05-19,27,7,7,3,157.99,473.97,4,21
10192,2023-05-26,11,16,7,4,12.21,48.84,4,22
10193,2023-05-17,9,5,7,5,20.89,104.45,4,21
10194,2023-05-06,19,3,7,1,122.99,122.99,4,21
10195,2023-05-02,17,6,7,4,27.99,111.96,4,23
10196,2023-05-27,17,5,7,1,18.99,18.99,4,23
10197,2023-05-06,3,7,7,4,95.88,383.52,4,23
10198,2023-05-14,30,7,7,1,146.31,146.31,4,22
10199,2023-05-24,28,3,7,1,103.99,103.99,4,23
10200,2023-05-31,21,17,7,1,51.99,51.99,4,23
10201,2023-05-12,2,17,7,1,50.07,50.07,4,21
10202,2023-05-02,25,1,7,1,803.74,803.74,4,22
10203,2023-05-23,10,13,7,3,56.99,170.97,4,21
10204,2023-05-11,11,16,7,2,15.58,31.16,4,23
10205,2023-05-27,21,2,8,2,97.37,194.74,4,25
10206,2023-05-09,16,2,8,2,85.99,171.98,4,24
10207,2023-05-27,27,2,8,1,56.99,56.99,4,24
10208,2023-05-02,2,8,8,2,84.45,168.9,4,25
10209,2023-05-15,9,19,8,2,32.99,65.98,4,25
10210,2023-05-10,1,19,8,1,14.99,14.99,1,25
10211,2023-05-03,5,10,8,4,55.99,223.96,4,25
10212,2023-05-04,1,13,8,3,83.65,250.95,4,25
10213,2023-05-20,2,2,8,1,60.97,60.97,4,25
10214,2023-05-14,9,5,8,2,15.78,31.56,4,25
10215,2023-05-02,19,16,8,3,18.31,54.93,4,25
10216,2023-05-01,8,4,8,3,104.19,312.57,4,25
10217,2023-05-31,8,15,8,2,38.12,76.24,4,25
10218,2023-05-21,28,10,8,3,46.99,140.97,4,24
10219,2023-05-27,10,17,8,1,34.19,34.19,4,25
10220,2023-05-10,24,16,8,3,16.28,48.84,4,25
10221,2023-05-09,3,9,8,2,153.09,306.18,4,25
10222,2023-05-24,22,3,9,1,157.64,157.64,4,27
10223,2023-05-18,3,18,9,3,17.99,53.97,1,27
10224,2023-05-21,28,6,9,1,15.99,15.99,1,27
10225,2023-05-21,11,5,9,5,10.99,54.95,4,28
10226,2023-05-23,4,2,9,2,96.99,193.98,2,28
10227,2023-05-01,3,3,9,2,133.47,266.94,4,28
10228,2023-05-10,12,19,9,1,32.8,32.8,4,28
10229,2023-05-01,5,13,9,3,70.05,210.15,4,26
10230,2023-05-29,22,6,9,5,9.09,45.45,4,27
10231,2023-05-19,20,6,9,2,22.48,44.96,4,26
10232,2023-05-26,26,6,9,3,25.74,77.22,4,28
10233,2023-05-01,20,10,9,3,67.99,203.97,4,28
10234,2023-05-04,30,20,9,1,29.7,29.7,4,28
10235,2023-05-10,3,17,9,1,32.99,32.99,4,26
10236,2023-05-10,12,13,9,1,88.52,88.52,4,27
10237,2023-05-28,12,6,9,2,30.99,61.98,4,26
10238,2023-05-09,4,2,9,1,89.19,89.19,4,27
10239,2023-05-30,28,9,9,4,196.99,787.96,4,27
10240,2023-05-05,15,11,9,2,430.79,861.58,4,27
10241,2023-05-02,18,9,9,1,115.28,115.28,2,26
10242,2023-05-19,19,17,9,1,54.2,54.2,4,28
10243,2023-05-07,17,5,10,1,15.99,15.99,4,30
10244,2023-05-17,23,6,10,1,25.8,25.8,3,31
10245,2023-05-09,16,18,10,2,12.51,25.02,4,30
10246,2023-05-31,1,11,10,1,408.99,408.99,4,30
10247,2023-05-06,27,6,10,5,28.26,141.3,4,29
10248,2023-05-01,1,15,10,1,31.99,31.99,4,29
10249,2023-05-22,4,9,10,2,136.99,273.98,4,30
10250,2023-05-10,18,17,10,4,44.1,176.4,4,30
10251,2023-05-14,2,19,10,3,36.4,109.2,4,31
10252,2023-05-21,21,16,10,3,10.94,32.82,4,30
10253,2023-05-13,15,14,10,1,226.99,226.99,4,31
10254,2023-05-04,18,5,10,3,11.5,34.5,4,30
10255,2023-05-18,1,5,10,2,17.45,34.9,4,30
10256,2023-05-25,9,6,10,2,15.99,31.98,4,31
10257,2023-05-07,5,19,10,2,18.39,36.78,4,29
10258,2023-05-15,29,20,10,1,23.4,23.4,4,30
10259,2023-05-19,26,5,10,2,18.78,37.56,4,29
10260,2023-05-23,25,5,10,1,28.98,28.98,4,30
10261,2023-05-06,27,6,10,3,18.18,54.54,4,31
10262,2023-05-28,10,20,10,1,37.96,37.96,4,30
10263,2023-05-01,29,13,10,2,100.99,201.98,4,31
10264,2023-05-22,21,16,10,2,14.99,29.98,4,29
10265,2023-05-03,18,10,10,1,57.44,57.44,4,31
10266,2023-05-02,3,2,10,2,100.99,201.98,4,29
10267,2023-05-26,5,4,10,2,199.97,399.94,4,29
10268,2023-05-22,11,14,10,4,240.99,963.96,4,29
10269,2023-05-22,28,15,10,3,53.99,161.97,4,30
10270,2023-05-23,10,8,10,3,73.76,221.28,2,31
10271,2023-05-04,21,5,10,3,21.24,63.72,4,30
10272,2023-05-03,20,4,10,2,122.38,244.76,4,31
10273,2023-05-22,1,20,11,1,18.99,18.99,1,33
10274,2023-05-13,12,19,11,1,26.82,26.82,4,33
10275,2023-05-13,16,8,11,2,44.99,89.98,4,33
10276,2023-05-22,9,2,11,1,75.9,75.9,4,32
10277,2023-05-22,18,1,11,3,1397.99,4193.97,4,33
10278,2023-05-19,15,19,11,4,36.41,145.64,4,33
10279,2023-05-31,7,18,11,4,11.09,44.36,4,33
10280,2023-05-25,1,10,11,3,44.99,134.97,4,32
10281,2023-05-24,29,16,11,3,8.0,24.0,4,33
10282,2023-05-23,21,17,11,3,25.99,77.97,4,33
10283,2023-05-02,18,3,11,2,66.99,133.98,4,33
10284,2023-05-15,7,18,11,1,13.22,13.22,4,32
10285,2023-05-24,29,18,11,1,18.9,18.9,3,33
10286,2023-05-27,27,11,11,2,286.38,572.76,3,33
10287,2023-05-13,6,11,11,2,524.99,1049.98,4,32
10288,2023-05-04,22,2,11,4,81.33,325.32,3,32
10289,2023-05-31,18,1,11,2,902.56,1805.12,4,32
10290,2023-05-28,9,10,11,1,31.99,31.99,4,33
10291,2023-05-30,14,19,11,5,17.01,85.05,3,32
10292,2023-05-30,9,19,11,1,31.56,31.56,4,33
10293,2023-05-20,29,15,11,3,60.06,180.18,4,32
10294,2023-05-04,16,17,11,2,53.99,107.98,4,33
10295,2023-05-03,20,18,11,1,9.99,9.99,4,32
10296,2023-05-15,4,15,11,3,72.99,218.97,4,33
10297,2023-05-04,29,19,12,1,35.38,35.38,3,34
10298,2023-05-07,1,2,12,3,120.65,361.95,4,35
10299,2023-05-23,30,7,12,1,101.62,101.62,4,35
10300,2023-05-14,10,7,12,4,56.99,227.96,4,34
10301,2023-05-19,9,6,12,1,24.91,24.91,4,35
10302,2023-05-24,17,15,12,2,47.99,95.98,4,34
10303,2023-05-04,18,7,12,4,121.99,487.96,4,34
10304,2023-05-30,22,3,12,4,74.99,299.96,4,34
10305,2023-05-13,23,18,12,1,14.99,14.99,4,35
10306,2023-05-26,5,2,12,1,103.66,103.66,4,35
10307,2023-05-30,11,5,12,2,20.11,40.22,4,35
10308,2023-05-06,22,8,12,2,59.14,118.28,4,34
10309,2023-05-11,17,10,12,2,57.76,115.52,4,34
10310,2023-05-04,23,20,12,4,40.8,163.2,2,35
10311,2023-05-09,28,7,12,1,69.99,69.99,4,34
10312,2023-05-21,19,18,12,3,16.88,50.64,4,34
10313,2023-05-22,19,6,12,1,23.99,23.99,4,34
10314,2023-05-22,26,10,12,5,46.99,234.95,4,35
10315,2023-05-14,19,10,13,2,38.99,77.98,4,36
10316,2023-05-11,10,19,13,2,14.99,29.98,4,38
10317,2023-05-01,23,18,13,5,17.99,89.95,4,37
10318,2023-05-05,27,11,13,2,267.34,534.68,4,36
10319,2023-05-07,11,5,13,2,20.99,41.98,4,36
10320,2023-05-01,23,18,13,3,8.89,26.67,4,37
10321,2023-05-29,26,18,13,2,8.99,17.98,4,37
10322,2023-05-08,8,17,13,2,46.73,93.46,2,38
10323,2023-05-04,17,17,13,1,45.03,45.03,4,37
10324,2023-05-19,7,10,13,2,30.99,61.98,3,36
10325,2023-05-31,1,20,13,3,14.0,42.0,4,36
10326,2023-05-03,20,6,13,2,33.47,66.94,4,37
10327,2023-05-05,18,15,13,1,67.63,67.63,4,37
10328,2023-05-22,25,4,13,5,276.36,1381.8,4,36
10329,2023-05-01,5,16,13,1,15.87,15.87,4,36
10330,2023-05-31,18,20,13,3,39.69,119.07,4,36
10331,2023-05-06,16,3,13,1,81.99,81.99,1,38
10332,2023-05-19,5,10,13,4,48.99,195.96,1,36
10333,2023-05-08,6,8,13,2,77.16,154.32,4,38
10334,2023-05-21,12,2,13,3,97.38,292.14,4,38
10335,2023-05-19,6,8,13,2,40.36,80.72,4,38
10336,2023-05-27,14,8,13,2,74.99,149.98,4,38
10337,2023-05-24,7,18,13,3,18.12,54.36,4,38
10338,2023-05-06,19,13,13,1,112.99,112.99,4,36
10339,2023-05-26,19,5,13,1,17.84,17.84,4,38
10340,2023-05-07,11,16,13,3,10.8,32.4,3,36
10341,2023-05-09,22,10,13,3,29.88,89.64,4,38
10342,2023-05-22,15,2,13,5,126.99,634.95,3,37
10343,2023-05-07,7,14,13,2,121.06,242.12,4,37
10344,2023-05-03,19,17,14,1,43.99,43.99,4,39
10345,2023-05-30,6,3,14,1,115.99,115.99,4,39
10346,2023-05-20,4,2,14,3,54.99,164.97,4,40
10347,2023-05-31,17,17,14,1,19.7,19.7,4,40
10348,2023-05-16,9,5,14,2,19.99,39.98,4,39
10349,2023-05-08,17,7,14,5,154.99,774.95,4,39
10350,2023-05-28,2,12,14,5,756.76,3783.8,4,39
10351,2023-05-12,9,2,14,2,128.31,256.62,4,40
10352,2023-05-10,22,5,14,2,17.37,34.74,4,40
10353,2023-05-26,21,15,14,4,75.99,303.96,4,40
10354,2023-05-01,17,5,14,3,24.99,74.97,4,39
10355,2023-05-26,12,20,14,2,24.99,49.98,4,39
10356,2023-05-27,23,7,14,2,122.2,244.4,4,40
10357,2023-05-25,21,16,14,4,21.99,87.96,4,40
10358,2023-05-19,4,14,14,5,194.17,970.85,4,40
10359,2023-05-08,9,15,14,4,64.89,259.56,1,39
10360,2023-05-14,2,5,14,1,13.47,13.47,4,40
10361,2023-05-22,21,16,15,2,17.82,35.64,4,41
10362,2023-05-24,21,2,15,2,112.99,225.98,4,41
10363,2023-05-21,19,13,15,1,45.99,45.99,4,41
10364,2023-05-13,22,9,15,1,195.26,195.26,4,41
10365,2023-05-30,15,14,15,1,168.34,168.34,4,42
10366,2023-05-03,28,4,15,4,177.99,711.96,4,42
10367,2023-05-27,25,8,15,1,38.99,38.99,4,41
10368,2023-05-29,13,5,15,5,15.3,76.5,4,41
10369,2023-05-29,21,10,15,3,66.99,200.97,4,42
10370,2023-05-04,18,19,15,2,34.99,69.98,4,41
10371,2023-05-11,8,19,15,1,35.27,35.27,4,42
10372,2023-05-01,2,4,15,1,125.93,125.93,4,41
10373,2023-05-19,5,19,15,2,32.54,65.08,4,41
10374,2023-05-16,30,19,15,1,16.99,16.99,4,42
10375,2023-05-22,29,19,15,1,19.09,19.09,4,41
10376,2023-05-04,1,3,15,2,71.99,143.98,4,41
10377,2023-05-10,13,16,15,1,12.3,12.3,4,41
10378,2023-05-17,9,16,15,3,17.75,53.25,4,42
10379,2023-05-19,24,1,15,2,1150.53,2301.06,2,41
10380,2023-05-29,22,6,15,1,24.99,24.99,4,41
10381,2023-05-14,20,16,15,2,10.64,21.28,4,41
10382,2023-05-28,11,16,15,2,11.03,22.06,4,41
10383,2023-05-08,2,8,15,3,48.99,146.97,4,41
10384,2023-05-30,30,19,15,2,18.96,37.92,4,42
10385,2023-05-30,20,6,15,1,34.69,34.69,4,41
10386,2023-05-18,6,18,15,2,11.68,23.36,4,42
10387,2023-06-27,11,17,1,1,43.17,43.17,4,4
10388,2023-06-07,5,18,1,2,17.99,35.98,4,2
10389,2023-06-12,2,4,1,2,191.23,382.46,4,1
10390,2023-06-23,20,14,1,1,213.99,213.99,4,3
10391,2023-06-09,2,3,1,1,126.99,126.99,4,3
10392,2023-06-17,1,13,1,3,95.99,287.97,4,4
10393,2023-06-18,23,16,1,1,20.66,20.66,4,4
10394,2023-06-23,26,2,1,3,49.0,147.0,4,2
10395,2023-06-14,18,16,1,2,9.64,19.28,4,4
10396,2023-06-01,16,18,1,3,12.8,38.4,4,1
10397,2023-06-08,6,10,1,1,54.99,54.99,1,1
10398,2023-06-04,2,2,1,2,62.88,125.76,4,1
10399,2023-06-25,1,20,1,4,29.23,116.92,4,2
10400,2023-06-04,29,6,1,1,22.1,22.1,4,3
10401,2023-06-10,26,20,1,4,38.99,155.96,4,1
10402,2023-06-05,30,13,1,1,56.77,56.77,4,3
10403,2023-06-19,22,3,1,1,153.46,153.46,4,3
10404,2023-06-02,22,7,1,5,125.99,629.95,2,2
10405,2023-06-30,16,10,1,1,60.62,60.62,4,3
10406,2023-06-28,10,4,1,2,160.99,321.98,4,4
10407,2023-06-09,29,4,1,3,102.99,308.97,4,1
10408,2023-06-26,2,20,1,2,15.7,31.4,2,1
10409,2023-06-15,9,15,1,1,45.38,45.38,4,2
10410,2023-06-20,12,5,1,2,24.99,49.98,4,1
10411,2023-06-07,12,5,1,1,16.12,16.12,4,4
10412,2023-06-29,8,3,1,5,127.51,637.55,4,3
10413,2023-06-03,15,15,1,2,80.99,161.98,4,2
10414,2023-06-19,23,19,1,3,29.99,89.97,4,1
10415,2023-06-18,13,16,1,2,9.59,19.18,4,3
10416,2023-06-24,13,11,1,3,317.99,953.97,4,1
10417,2023-06-21,4,6,1,2,34.28,68.56,4,1
10418,2023-06-19,8,6,1,2,30.99,61.98,4,2
10419,2023-06-01,11,6,1,3,19.03,57.09,1,3
10420,2023-06-15,28,1,1,3,1384.81,4154.43,4,4
10421,2023-06-14,14,11,1,3,444.38,1333.14,4,1
10422,2023-06-28,2,9,1,5,147.16,735.8,4,4
10423,2023-06-19,28,7,1,2,102.99,205.98,4,2
10424,2023-06-27,21,16,1,3,19.99,59.97,4,3
10425,2023-06-17,19,2,1,3,76.99,230.97,4,4
10426,2023-06-29,28,11,1,3,522.99,1568.97,4,2
10427,2023-06-26,24,5,1,1,15.99,15.99,4,2
10428,2023-06-17,16,6,1,1,15.95,15.95,4,3
10429,2023-06-20,30,17,1,1,51.55,51.55,4,4
10430,2023-06-29,10,5,1,2,16.99,33.98,4,3
10431,2023-06-30,14,10,1,1,33.69,33.69,4,4
10432,2023-06-24,13,5,1,1,9.0,9.0,2,1
10433,2023-06-22,6,6,1,1,30.86,30.86,4,3
10434,2023-06-21,25,20,1,1,27.99,27.99,3,3
10435,2023-06-25,30,17,1,4,26.01,104.04,4,1
10436,2023-06-10,2,9,1,2,129.48,258.96,4,3
10437,2023-06-15,25,3,1,1,134.99,134.99,4,1
10438,2023-06-23,2,9,1,1,175.47,175.47,4,1
10439,2023-06-01,5,8,1,2,60.68,121.36,4,4
10440,2023-06-23,11,19,1,5,31.99,159.95,4,4
10441,2023-06-11,21,20,1,1,34.99,34.99,4,1
10442,2023-06-11,20,15,1,1,76.99,76.99,4,1
10443,2023-06-21,29,15,1,1,75.42,75.42,4,4
10444,2023-06-08,1,1,1,1,982.99,982.99,4,2
10445,2023-06-28,17,20,1,1,14.09,14.09,4,2
10446,2023-06-18,17,20,1,1,22.11,22.11,4,2
10447,2023-06-14,18,10,1,4,38.99,155.96,4,3
10448,2023-06-05,20,3,1,2,63.99,127.98,4,1
10449,2023-06-04,19,10,1,1,59.62,59.62,4,3
10450,2023-06-01,24,1,1,3,811.93,2435.79,4,2
10451,2023-06-10,20,3,1,3,109.69,329.07,4,3
10452,2023-06-04,4,3,1,1,107.99,107.99,4,1
10453,2023-06-06,22,15,1,4,70.99,283.96,1,3
10454,2023-06-11,8,8,1,3,63.19,189.57,4,2
10455,2023-06-24,29,4,1,3,274.99,824.97,4,3
10456,2023-06-08,23,19,1,2,19.99,39.98,2,4
10457,2023-06-12,13,18,1,1,7.33,7.33,3,2
10458,2023-06-22,21,9,2,2,183.58,367.16,4,7
10459,2023-06-08,18,5,2,1,28.36,28.36,4,6
10460,2023-06-27,9,1,2,1,901.99,901.99,4,8
10461,2023-06-12,27,2,2,2,77.52,155.04,4,6
10462,2023-06-28,14,3,2,2,66.99,133.98,4,5
10463,2023-06-11,26,19,2,2,37.99,75.98,4,8
10464,2023-06-08,21,16,2,3,13.99,41.97,4,8
10465,2023-06-15,16,9,2,5,146.99,734.95,4,8
10466,2023-06-01,10,18,2,1,8.99,8.99,4,6
10467,2023-06-09,30,5,2,1,20.9,20.9,4,8
10468,2023-06-23,20,4,2,3,228.18,684.54,4,8
10469,2023-06-15,17,10,2,4,30.99,123.96,4,5
10470,2023-06-20,3,12,2,4,608.86,2435.44,4,5
10471,2023-06-05,6,2,2,3,51.99,155.97,4,5
10472,2023-06-29,26,18,2,2,10.99,21.98,4,6
10473,2023-06-29,1,6,2,1,34.78,34.78,4,5
10474,2023-06-10,10,17,2,1,47.24,47.24,4,8
10475,2023-06-09,9,4,2,2,210.96,421.92,2,6
10476,2023-06-15,19,17,2,1,33.99,33.99,4,6
10477,2023-06-28,16,6,2,2,13.06,26.12,4,5
10478,2023-06-20,22,19,2,2,21.99,43.98,4,7
10479,2023-06-08,3,16,2,1,8.0,8.0,4,8
10480,2023-06-21,12,18,2,2,7.0,14.0,4,5
10481,2023-06-10,29,2,2,1,123.99,123.99,4,6
10482,2023-06-25,19,1,2,4,1147.28,4589.12,4,5
10483,2023-06-17,17,8,2,3,57.99,173.97,2,6
10484,2023-06-23,8,7,2,1,127.99,127.99,4,8
10485,2023-06-22,2,11,2,2,423.99,847.98,4,5
10486,2023-06-21,4,4,2,1,226.99,226.99,4,7
10487,2023-06-07,27,6,2,1,25.99,25.99,4,8
10488,2023-06-16,12,6,2,2,26.99,53.98,4,5
10489,2023-06-17,18,15,2,1,58.4,58.4,4,5
10490,2023-06-19,23,2,2,1,125.99,125.99,4,5
10491,2023-06-18,15,7,2,4,112.64,450.56,3,8
10492,2023-06-06,16,2,2,3,94.99,284.97,4,5
10493,2023-06-13,27,3,2,5,106.42,532.1,4,7
10494,2023-06-07,19,18,2,2,9.99,19.98,4,6
10495,2023-06-24,5,7,2,3,139.25,417.75,4,7
10496,2023-06-01,10,7,2,1,83.01,83.01,4,7
10497,2023-06-30,27,16,2,3,14.7,44.1,4,5
10498,2023-06-29,19,13,2,1,70.81,70.81,4,7
10499,2023-06-09,19,2,2,2,88.0,176.0,4,5
10500,2023-06-07,13,5,2,1,9.46,9.46,4,6
10501,2023-06-17,16,13,2,2,104.99,209.98,4,6
10502,2023-06-06,17,3,2,2,73.17,146.34,1,6
10503,2023-06-25,5,14,2,1,240.27,240.27,4,8
10504,2023-06-05,10,20,2,1,25.03,25.03,4,7
10505,2023-06-21,26,17,2,1,43.46,43.46,4,8
10506,2023-06-19,23,6,2,4,25.37,101.48,4,7
10507,2023-06-23,27,10,2,2,36.27,72.54,4,6
10508,2023-06-26,8,17,2,2,21.02,42.04,4,8
10509,2023-06-24,26,2,2,4,62.99,251.96,4,6
10510,2023-06-16,10,1,2,1,1022.99,1022.99,4,6
10511,2023-06-02,29,9,2,2,145.99,291.98,4,8
10512,2023-06-18,4,16,2,1,17.38,17.38,4,7
10513,2023-06-30,10,5,2,2,13.99,27.98,4,8
10514,2023-06-26,7,8,2,1,44.04,44.04,4,6
10515,2023-06-03,1,4,2,2,159.73,319.46,4,6
10516,2023-06-05,29,16,2,1,8.0,8.0,4,8
10517,2023-06-06,13,2,2,1,84.99,84.99,4,7
10518,2023-06-14,1,14,2,1,103.99,103.99,4,8
10519,2023-06-15,8,1,2,4,1115.52,4462.08,4,6
10520,2023-06-14,15,11,2,3,317.99,953.97,4,6
10521,2023-06-17,21,15,2,3,87.99,263.97,4,5
10522,2023-06-11,18,20,2,1,36.99,36.99,4,5
10523,2023-06-20,16,4,2,5,102.99,514.95,4,5
10524,2023-06-19,28,17,3,3,27.99,83.97,4,10
10525,2023-06-26,12,17,3,2,38.08,76.16,4,9
10526,2023-06-08,20,4,3,2,255.99,511.98,4,11
10527,2023-06-11,20,5,3,3,11.31,33.93,3,11
10528,2023-06-03,27,8,3,4,71.34,285.36,4,11
10529,2023-06-29,20,15,3,3,37.99,113.97,4,9
10530,2023-06-04,18,5,3,1,9.65,9.65,3,11
10531,2023-06-10,22,2,3,1,76.21,76.21,4,9
10532,2023-06-02,28,2,3,1,73.99,73.99,4,10
10533,2023-06-05,15,16,3,2,17.36,34.72,4,9
10534,2023-06-02,16,3,3,1,64.33,64.33,4,10
10535,2023-06-05,30,18,3,3,11.45,34.35,4,10
10536,2023-06-21,27,8,3,2,50.35,100.7,2,10
10537,2023-06-20,27,3,3,1,103.97,103.97,4,9
10538,2023-06-22,7,16,3,1,12.99,12.99,4,9
10539,2023-06-13,2,7,3,3,143.99,431.97,4,9
10540,2023-06-28,22,20,3,3,16.25,48.75,4,10
10541,2023-06-27,16,19,3,3,36.99,110.97,4,9
10542,2023-06-28,8,19,3,1,36.99,36.99,2,11
10543,2023-06-30,19,7,3,1,59.99,59.99,4,10
10544,2023-06-27,1,10,3,1,36.99,36.99,4,11
10545,2023-06-01,1,16,3,3,20.24,60.72,4,9
10546,2023-06-11,26,15,3,5,38.99,194.95,4,10
10547,2023-06-18,25,16,3,4,8.99,35.96,4,9
10548,2023-06-29,12,7,3,2,79.99,159.98,4,11
10549,2023-06-05,27,10,3,4,49.38,197.52,4,9
10550,2023-06-06,7,15,3,1,63.56,63.56,1,10
10551,2023-06-24,1,6,3,1,31.42,31.42,4,9
10552,2023-06-11,29,19,3,3,18.42,55.26,4,10
10553,2023-06-15,26,19,3,1,26.99,26.99,4,11
10554,2023-06-12,16,18,3,3,13.04,39.12,4,9
10555,2023-06-02,10,17,3,1,52.53,52.53,4,9
10556,2023-06-18,4,4,3,2,177.99,355.98,4,9
10557,2023-06-13,30,14,3,2,107.8,215.6,4,11
10558,2023-06-03,3,16,3,1,9.99,9.99,4,10
10559,2023-06-30,5,2,3,3,77.42,232.26,4,9
10560,2023-06-26,25,17,3,1,34.99,34.99,4,9
10561,2023-06-10,29,10,3,4,59.47,237.88,4,11
10562,2023-06-01,6,16,3,5,16.99,84.95,4,10
10563,2023-06-24,22,9,3,3,96.98,290.94,4,11
10564,2023-06-27,26,3,3,1,106.03,106.03,4,9
10565,2023-06-28,25,3,3,2,59.48,118.96,4,10
10566,2023-06-06,4,8,3,3,78.12,234.36,4,9
10567,2023-06-22,23,8,3,3,43.31,129.93,4,9
10568,2023-06-01,3,7,3,3,133.8,401.4,4,9
10569,2023-06-27,28,13,3,3,91.91,275.73,4,11
10570,2023-06-09,12,16,3,1,13.92,13.92,4,9
10571,2023-06-19,12,17,3,1,31.99,31.99,1,9
10572,2023-06-17,28,9,3,1,70.35,70.35,4,9
10573,2023-06-06,22,13,3,1,70.99,70.99,4,11
10574,2023-06-12,10,16,3,1,11.99,11.99,4,11
10575,2023-06-11,14,9,3,1,165.67,165.67,4,9
10576,2023-06-22,5,1,3,3,817.24,2451.72,4,9
10577,2023-06-06,13,13,3,2,81.99,163.98,4,11
10578,2023-06-03,5,12,3,1,410.99,410.99,4,11
10579,2023-06-19,28,14,3,3,116.27,348.81,4,9
10580,2023-06-23,1,19,3,3,18.9,56.7,4,9
10581,2023-06-08,8,3,3,2,114.23,228.46,4,9
10582,2023-06-14,13,8,3,1,88.53,88.53,4,10
10583,2023-06-12,29,15,3,5,76.99,384.95,4,11
10584,2023-06-03,9,13,3,3,100.65,301.95,2,9
10585,2023-06-14,9,12,3,2,844.99,1689.98,4,9
10586,2023-06-09,29,16,3,3,19.99,59.97,4,11
10587,2023-06-03,1,16,4,2,17.85,35.7,4,13
10588,2023-06-07,2,14,4,1,215.16,215.16,2,12
10589,2023-06-04,18,14,4,1,137.59,137.59,4,13
10590,2023-06-30,25,8,4,1,61.92,61.92,4,13
10591,2023-06-10,3,2,4,3,108.04,324.12,4,13
10592,2023-06-19,21,2,4,1,88.5,88.5,4,14
10593,2023-06-02,9,6,4,2,11.72,23.44,4,12
10594,2023-06-27,12,8,4,3,51.46,154.38,4,12
10595,2023-06-06,7,3,4,2,126.99,253.98,4,14
10596,2023-06-01,23,16,4,3,23.91,71.73,4,13
10597,2023-06-21,4,19,4,2,32.86,65.72,3,13
10598,2023-06-21,2,5,4,4,12.99,51.96,4,12
10599,2023-06-27,4,16,4,3,19.04,57.12,1,12
10600,2023-06-20,10,13,4,2,108.99,217.98,2,13
10601,2023-06-04,28,2,4,1,57.99,57.99,3,14
10602,2023-06-18,29,16,4,1,22.99,22.99,4,13
10603,2023-06-15,28,20,4,1,40.99,40.99,4,14
10604,2023-06-20,5,3,4,3,105.99,317.97,4,13
10605,2023-06-13,11,10,4,5,54.73,273.65,4,14
10606,2023-06-02,24,17,4,2,29.45,58.9,4,12
10607,2023-06-18,26,17,4,1,37.02,37.02,4,12
10608,2023-06-22,15,6,4,3,23.03,69.09,4,13
10609,2023-06-11,10,19,4,4,24.59,98.36,4,12
10610,2023-06-29,30,3,4,1,61.08,61.08,4,13
10611,2023-06-05,5,16,4,5,23.67,118.35,4,13
10612,2023-06-19,19,17,4,2,34.38,68.76,4,13
10613,2023-06-02,18,20,4,2,39.97,79.94,4,12
10614,2023-06-09,8,3,4,2,129.9,259.8,4,13
10615,2023-06-10,29,19,4,1,26.99,26.99,1,13
10616,2023-06-29,12,3,4,2,122.77,245.54,1,13
10617,2023-06-01,22,19,4,2,28.99,57.98,4,13
10618,2023-06-09,13,20,4,3,32.99,98.97,4,12
10619,2023-06-05,7,1,4,1,1293.31,1293.31,4,12
10620,2023-06-25,21,14,4,1,135.99,135.99,4,13
10621,2023-06-07,9,16,4,2,18.02,36.04,4,13
10622,2023-06-04,30,13,4,3,64.08,192.24,4,14
10623,2023-06-16,12,5,4,1,27.79,27.79,4,12
10624,2023-06-22,2,7,4,3,95.99,287.97,2,13
10625,2023-06-07,24,6,4,2,29.99,59.98,4,13
10626,2023-06-10,11,13,4,3,105.92,317.76,4,12
10627,2023-06-01,17,6,4,1,25.67,25.67,4,12
10628,2023-06-02,30,8,4,5,81.99,409.95,4,12
10629,2023-06-20,5,10,4,1,29.99,29.99,4,14
10630,2023-06-18,29,20,4,3,20.53,61.59,4,14
10631,2023-06-23,18,7,4,4,83.99,335.96,4,12
10632,2023-06-03,27,16,4,1,12.99,12.99,4,13
10633,2023-06-30,6,16,4,1,19.99,19.99,4,13
10634,2023-06-18,9,5,4,4,26.99,107.96,1,14
10635,2023-06-02,10,16,4,2,21.99,43.98,4,14
10636,2023-06-15,3,15,4,1,58.99,58.99,4,14
10637,2023-06-13,29,13,4,2,105.68,211.36,4,12
10638,2023-06-03,26,10,4,2,32.23,64.46,2,12
10639,2023-06-29,4,7,4,1,126.4,126.4,4,13
10640,2023-06-21,30,8,4,2,25.99,51.98,4,14
10641,2023-06-11,6,2,4,1,65.18,65.18,4,12
10642,2023-06-08,21,8,4,1,67.99,67.99,4,13
10643,2023-06-12,9,7,4,3,127.99,383.97,4,12
10644,2023-06-20,7,10,5,3,60.99,182.97,3,16
10645,2023-06-30,9,17,5,2,50.45,100.9,4,15
10646,2023-06-29,29,4,5,1,117.23,117.23,4,15
10647,2023-06-08,1,1,5,1,852.65,852.65,4,16
10648,2023-06-20,15,2,5,1,112.4,112.4,1,16
10649,2023-06-08,11,7,5,2,103.99,207.98,4,15
10650,2023-06-19,16,16,5,2,14.99,29.98,4,15
10651,2023-06-20,5,20,5,1,22.51,22.51,4,16
10652,2023-06-16,7,10,5,1,30.99,30.99,4,15
10653,2023-06-20,26,19,5,3,14.99,44.97,4,16
10654,2023-06-05,30,1,5,4,1351.12,5404.48,4,15
10655,2023-06-22,22,9,5,1,174.7,174.7,4,15
10656,2023-06-25,28,16,5,3,15.25,45.75,4,16
10657,2023-06-18,18,16,5,1,18.99,18.99,4,15
10658,2023-06-14,12,11,5,1,296.99,296.99,4,16
10659,2023-06-09,29,1,5,1,1002.99,1002.99,4,16
10660,2023-06-05,1,18,5,2,14.32,28.64,4,15
10661,2023-06-03,22,6,5,2,17.48,34.96,4,15
10662,2023-06-08,14,19,5,1,26.99,26.99,4,15
10663,2023-06-11,8,1,5,2,1315.99,2631.98,4,17
10664,2023-06-18,23,5,5,1,9.99,9.99,4,16
10665,2023-06-10,14,6,5,3,33.99,101.97,4,17
10666,2023-06-06,24,6,5,2,23.99,47.98,4,16
10667,2023-06-03,29,17,5,4,53.13,212.52,3,17
10668,2023-06-17,28,2,5,3,61.78,185.34,4,17
10669,2023-06-18,9,2,5,2,76.47,152.94,4,15
10670,2023-06-06,8,13,5,5,90.99,454.95,4,15
10671,2023-06-27,12,6,5,2,33.99,67.98,4,16
10672,2023-06-13,15,2,5,3,86.43,259.29,4,15
10673,2023-06-23,14,9,5,1,152.43,152.43,4,17
10674,2023-06-05,1,6,5,3,28.54,85.62,4,16
10675,2023-06-29,3,3,5,2,92.1,184.2,4,15
10676,2023-06-27,25,18,5,2,12.99,25.98,4,15
10677,2023-06-15,21,16,5,1,18.4,18.4,4,15
10678,2023-06-24,21,20,5,1,25.99,25.99,4,15
10679,2023-06-30,10,18,5,1,16.09,16.09,4,16
10680,2023-06-15,27,18,5,4,7.1,28.4,4,15
10681,2023-06-05,10,17,5,2,19.0,38.0,4,16
10682,2023-06-07,9,6,5,3,12.99,38.97,4,16
10683,2023-06-29,27,17,5,2,36.77,73.54,4,15
10684,2023-06-08,15,5,5,1,9.42,9.42,4,16
10685,2023-06-23,8,5,5,5,26.99,134.95,4,16
10686,2023-06-05,12,6,5,2,28.99,57.98,4,17
10687,2023-06-26,12,20,5,2,24.32,48.64,4,17
10688,2023-06-29,24,19,5,3,19.99,59.97,4,17
10689,2023-06-01,26,1,5,3,1061.99,3185.97,4,17
10690,2023-06-11,21,16,5,2,10.99,21.98,4,15
10691,2023-06-28,28,5,5,3,26.52,79.56,4,16
10692,2023-06-28,29,18,5,2,13.99,27.98,4,17
10693,2023-06-01,1,4,6,2,127.31,254.62,4,19
10694,2023-06-29,2,5,6,2,25.99,51.98,4,20
10695,2023-06-10,27,16,6,3,20.89,62.67,4,19
10696,2023-06-20,25,6,6,1,16.75,16.75,4,20
10697,2023-06-19,8,14,6,4,154.22,616.88,4,19
10698,2023-06-20,11,6,6,2,15.99,31.98,4,20
10699,2023-06-06,24,3,6,1,133.03,133.03,4,20
10700,2023-06-18,13,13,6,1,68.99,68.99,3,20
10701,2023-06-17,10,13,6,1,80.94,80.94,4,20
10702,2023-06-26,9,7,6,3,51.99,155.97,4,20
10703,2023-06-14,19,19,6,2,14.33,28.66,4,18
10704,2023-06-16,5,16,6,1,8.25,8.25,4,18
10705,2023-06-08,25,6,6,1,24.65,24.65,4,19
10706,2023-06-11,17,4,6,1,114.48,114.48,4,18
10707,2023-06-10,8,13,6,2,85.99,171.98,4,20
10708,2023-06-30,27,19,6,1,19.99,19.99,4,20
10709,2023-06-10,14,3,6,3,108.43,325.29,4,18
10710,2023-06-24,24,9,6,5,190.99,954.95,4,18
10711,2023-06-30,26,7,6,2,153.99,307.98,4,19
10712,2023-06-28,16,17,6,2,51.38,102.76,4,19
10713,2023-06-24,6,14,6,3,111.39,334.17,4,20
10714,2023-06-21,20,15,6,1,45.82,45.82,4,19
10715,2023-06-24,6,7,6,4,126.27,505.08,4,20
10716,2023-06-12,12,10,6,4,30.99,123.96,4,20
10717,2023-06-22,29,17,6,1,22.99,22.99,4,19
10718,2023-06-09,4,3,6,2,81.84,163.68,4,18
10719,2023-06-13,15,4,6,1,259.13,259.13,4,19
10720,2023-06-24,12,6,6,2,10.73,21.46,4,18
10721,2023-06-26,11,4,6,1,102.99,102.99,4,20
10722,2023-06-01,24,7,6,1,54.78,54.78,4,20
10723,2023-06-05,29,2,6,1,49.24,49.24,4,20
10724,2023-06-09,12,3,6,5,109.6,548.0,3,20
10725,2023-06-21,5,7,6,1,52.99,52.99,4,20
10726,2023-06-04,18,3,6,1,74.99,74.99,4,20
10727,2023-06-25,16,16,6,1,13.99,13.99,4,18
10728,2023-06-05,19,16,6,4,21.99,87.96,4,19
10729,2023-06-04,23,10,6,3,59.99,179.97,4,18
10730,2023-06-09,27,20,6,1,38.99,38.99,3,19
10731,2023-06-07,29,7,6,3,129.34,388.02,4,18
10732,2023-06-20,24,5,6,2,27.99,55.98,4,19
10733,2023-06-17,30,15,6,2,52.19,104.38,4,19
10734,2023-06-21,13,2,6,3,107.5,322.5,4,20
10735,2023-06-13,22,7,7,1,95.99,95.99,4,23
10736,2023-06-03,5,10,7,5,49.14,245.7,4,23
10737,2023-06-13,27,10,7,1,48.99,48.99,4,21
10738,2023-06-03,29,7,7,4,94.99,379.96,4,21
10739,2023-06-10,25,15,7,1,46.97,46.97,4,22
10740,2023-06-26,18,3,7,3,70.99,212.97,4,21
10741,2023-06-23,15,16,7,2,19.99,39.98,4,21
10742,2023-06-15,11,2,7,1,49.68,49.68,4,22
10743,2023-06-30,30,3,7,1,73.99,73.99,4,21
10744,2023-06-11,21,10,7,1,58.87,58.87,2,21
10745,2023-06-21,30,4,7,2,233.99,467.98,4,23
10746,2023-06-14,10,20,7,4,24.14,96.56,4,23
10747,2023-06-05,11,13,7,1,93.99,93.99,4,23
10748,2023-06-04,30,5,7,3,22.99,68.97,4,21
10749,2023-06-25,13,12,7,2,436.99,873.98,4,22
10750,2023-06-28,27,16,7,1,16.01,16.01,4,21
10751,2023-06-19,7,20,7,1,19.99,19.99,4,23
10752,2023-06-04,22,7,7,1,58.09,58.09,4,21
10753,2023-06-21,2,16,7,2,10.99,21.98,2,22
10754,2023-06-22,22,3,7,1,139.9,139.9,4,21
10755,2023-06-19,21,5,7,3,25.99,77.97,4,22
10756,2023-06-05,3,18,7,1,9.29,9.29,4,21
10757,2023-06-28,21,3,7,2,152.97,305.94,4,21
10758,2023-06-06,20,20,7,1,15.99,15.99,4,21
10759,2023-06-07,7,8,7,1,61.99,61.99,4,21
10760,2023-06-12,29,14,7,4,201.5,806.0,4,22
10761,2023-06-02,18,19,7,4,25.99,103.96,4,22
10762,2023-06-23,12,8,7,1,51.99,51.99,4,21
10763,2023-06-07,19,9,7,5,74.99,374.95,4,21
10764,2023-06-23,29,9,7,1,85.38,85.38,4,22
10765,2023-06-01,23,16,7,2,22.15,44.3,4,21
10766,2023-06-09,26,4,7,5,193.99,969.95,4,21
10767,2023-06-15,6,19,7,4,29.74,118.96,4,21
10768,2023-06-22,21,10,7,3,50.6,151.8,4,22
10769,2023-06-25,1,7,7,4,71.5,286.0,4,21
10770,2023-06-12,17,18,7,5,11.99,59.95,4,23
10771,2023-06-13,18,9,7,5,170.23,851.15,4,21
10772,2023-06-05,11,2,7,1,61.49,61.49,4,23
10773,2023-06-28,8,14,7,1,205.1,205.1,1,21
10774,2023-06-12,18,16,7,5,8.67,43.35,4,23
10775,2023-06-16,6,17,7,5,20.78,103.9,4,23
10776,2023-06-23,1,10,7,2,41.99,83.98,3,23
10777,2023-06-18,20,18,7,1,17.99,17.99,2,21
10778,2023-06-01,1,11,7,1,345.57,345.57,4,21
10779,2023-06-06,27,8,7,2,75.64,151.28,4,21
10780,2023-06-20,10,5,7,3,16.99,50.97,3,22
10781,2023-06-04,7,2,7,2,68.3,136.6,4,21
10782,2023-06-24,17,16,7,1,20.99,20.99,4,21
10783,2023-06-19,29,18,8,2,9.59,19.18,4,25
10784,2023-06-06,16,2,8,5,111.99,559.95,4,24
10785,2023-06-19,16,16,8,1,19.99,19.99,4,24
10786,2023-06-09,4,5,8,4,21.53,86.12,2,24
10787,2023-06-29,22,3,8,1,90.35,90.35,4,24
10788,2023-06-25,10,15,8,3,54.61,163.83,4,24
10789,2023-06-16,18,7,8,2,62.8,125.6,4,25
10790,2023-06-27,10,6,8,1,22.42,22.42,4,24
10791,2023-06-17,27,13,8,1,101.99,101.99,4,25
10792,2023-06-08,18,17,8,2,22.02,44.04,4,24
10793,2023-06-16,5,19,8,1,17.24,17.24,2,25
10794,2023-06-27,15,18,8,2,12.99,25.98,4,24
10795,2023-06-25,29,16,8,1,12.47,12.47,4,25
10796,2023-06-07,3,20,8,3,14.99,44.97,4,25
10797,2023-06-27,8,3,8,1,103.28,103.28,4,24
10798,2023-06-20,19,15,8,3,36.62,109.86,4,24
10799,2023-06-09,5,20,8,1,17.99,17.99,4,24
10800,2023-06-09,30,3,8,1,157.51,157.51,4,25
10801,2023-06-16,5,7,8,1,73.99,73.99,4,25
10802,2023-06-06,27,7,8,1,68.06,68.06,3,24
10803,2023-06-23,23,6,8,1,20.29,20.29,4,25
10804,2023-06-20,30,9,8,2,121.61,243.22,4,24
10805,2023-06-14,30,13,8,2,72.43,144.86,4,25
10806,2023-06-09,21,11,8,1,544.54,544.54,4,24
10807,2023-06-23,2,18,8,1,7.22,7.22,4,25
10808,2023-06-13,22,6,8,4,32.73,130.92,2,24
10809,2023-06-07,7,16,8,2,18.87,37.74,4,25
10810,2023-06-26,23,10,8,2,38.03,76.06,4,25
10811,2023-06-04,6,16,8,1,17.03,17.03,4,25
10812,2023-06-10,11,15,8,2,57.74,115.48,4,24
10813,2023-06-28,27,3,8,2,84.01,168.02,4,25
10814,2023-06-13,20,1,8,1,1235.99,1235.99,4,24
10815,2023-06-12,14,9,8,3,167.21,501.63,4,24
10816,2023-06-09,18,3,8,1,102.77,102.77,4,24
10817,2023-06-05,11,5,8,4,22.99,91.96,4,24
10818,2023-06-21,18,4,8,4,197.68,790.72,4,25
10819,2023-06-07,19,4,8,1,214.36,214.36,4,25
10820,2023-06-25,16,13,8,2,88.58,177.16,4,25
10821,2023-06-09,24,5,8,3,26.17,78.51,4,24
10822,2023-06-20,3,6,8,2,9.0,18.0,2,25
10823,2023-06-27,9,10,8,1,38.99,38.99,4,25
10824,2023-06-30,22,5,8,2,16.99,33.98,4,24
10825,2023-06-15,23,6,8,2,30.86,61.72,4,24
10826,2023-06-09,26,8,8,3,29.28,87.84,4,24
10827,2023-06-10,11,10,8,3,41.99,125.97,4,25
10828,2023-06-20,30,19,8,3,19.43,58.29,4,25
10829,2023-06-28,13,1,8,2,1230.47,2460.94,4,25
10830,2023-06-23,6,7,8,3,93.99,281.97,4,24
10831,2023-06-05,16,17,8,1,49.99,49.99,2,24
10832,2023-06-23,24,2,8,2,55.34,110.68,4,24
10833,2023-06-29,14,1,8,1,1396.62,1396.62,4,24
10834,2023-06-01,26,18,9,1,8.47,8.47,4,28
10835,2023-06-03,26,6,9,1,20.99,20.99,4,28
10836,2023-06-20,29,15,9,1,88.1,88.1,4,27
10837,2023-06-11,8,8,9,2,28.02,56.04,4,26
10838,2023-06-19,17,5,9,3,21.87,65.61,4,28
10839,2023-06-11,28,9,9,3,114.2,342.6,4,28
10840,2023-06-08,20,8,9,2,70.42,140.84,4,28
10841,2023-06-11,10,3,9,1,105.04,105.04,4,26
10842,2023-06-29,17,3,9,3,144.99,434.97,4,27
10843,2023-06-06,13,18,9,4,16.34,65.36,4,26
10844,2023-06-11,30,17,9,1,26.6,26.6,4,26
10845,2023-06-21,27,20,9,1,30.99,30.99,4,28
10846,2023-06-23,3,3,9,1,147.99,147.99,4,28
10847,2023-06-24,15,10,9,1,50.99,50.99,4,28
10848,2023-06-26,4,6,9,2,24.39,48.78,4,26
10849,2023-06-13,19,8,9,3,68.88,206.64,4,27
10850,2023-06-21,25,10,9,3,35.99,107.97,4,27
10851,2023-06-23,6,3,9,1,86.98,86.98,2,28
10852,2023-06-04,21,6,9,2,16.99,33.98,4,27
10853,2023-06-13,24,9,9,2,72.88,145.76,4,26
10854,2023-06-19,17,19,9,1,20.74,20.74,4,27
10855,2023-06-05,12,18,9,3,8.26,24.78,4,27
10856,2023-06-06,10,16,9,3,10.38,31.14,4,26
10857,2023-06-25,21,3,9,4,61.99,247.96,4,27
10858,2023-06-02,15,10,9,1,39.99,39.99,4,26
10859,2023-06-01,7,9,9,3,131.3,393.9,4,26
10860,2023-06-16,29,13,9,4,49.99,199.96,1,26
10861,2023-06-25,26,16,9,1,10.99,10.99,4,28
10862,2023-06-01,16,17,9,1,47.99,47.99,4,27
10863,2023-06-06,7,4,9,1,297.58,297.58,4,27
10864,2023-06-25,5,6,9,3,24.06,72.18,4,28
10865,2023-06-04,5,18,9,3,11.33,33.99,2,28
10866,2023-06-21,17,2,9,1,70.43,70.43,4,28
10867,2023-06-17,9,3,9,3,132.21,396.63,4,28
10868,2023-06-19,23,5,9,1,14.99,14.99,4,26
10869,2023-06-07,7,2,9,1,103.99,103.99,3,27
10870,2023-06-24,7,19,9,2,36.99,73.98,4,26
10871,2023-06-28,23,8,9,2,67.99,135.98,4,27
10872,2023-06-04,19,17,9,2,27.1,54.2,4,28
10873,2023-06-27,14,17,9,1,43.96,43.96,4,28
10874,2023-06-24,29,10,9,2,49.34,98.68,4,26
10875,2023-06-23,9,3,9,5,142.99,714.95,4,27
10876,2023-06-12,3,19,9,1,16.99,16.99,4,27
10877,2023-06-05,8,2,9,2,67.52,135.04,4,26
10878,2023-06-29,25,18,9,5,7.0,35.0,2,28
10879,2023-06-20,10,18,9,2,15.29,30.58,4,26
10880,2023-06-01,9,5,9,2,16.35,32.7,4,27
10881,2023-06-22,10,5,9,5,12.66,63.3,4,26
10882,2023-06-06,20,16,9,5,21.38,106.9,4,27
10883,2023-06-25,2,16,9,2,9.99,19.98,4,26
10884,2023-06-25,16,6,9,4,32.99,131.96,4,27
10885,2023-06-30,18,14,9,1,111.81,111.81,4,28
10886,2023-06-02,20,20,9,2,40.29,80.58,4,28
10887,2023-06-23,26,18,9,1,8.78,8.78,4,28
10888,2023-06-05,20,20,9,3,23.25,69.75,4,28
10889,2023-06-19,28,11,9,1,572.17,572.17,4,26
10890,2023-06-23,22,6,9,2,30.74,61.48,4,28
10891,2023-06-14,3,18,9,2,13.66,27.32,4,27
10892,2023-06-09,3,16,9,1,14.71,14.71,4,26
10893,2023-06-07,25,13,9,2,105.99,211.98,4,26
10894,2023-06-10,9,18,9,2,13.99,27.98,4,28
10895,2023-06-28,20,10,9,2,60.76,121.52,3,26
10896,2023-06-30,6,5,9,1,11.91,11.91,4,26
10897,2023-06-05,12,3,9,1,127.59,127.59,4,26
10898,2023-06-15,4,16,9,1,21.99,21.99,4,28
10899,2023-06-03,20,8,9,2,26.99,53.98,4,26
10900,2023-06-15,8,16,9,1,14.32,14.32,4,26
10901,2023-06-04,19,18,10,5,12.45,62.25,4,31
10902,2023-06-27,23,19,10,3,23.34,70.02,4,30
10903,2023-06-29,15,8,10,3,31.99,95.97,4,30
10904,2023-06-22,20,3,10,2,136.99,273.98,4,29
10905,2023-06-19,16,6,10,2,29.99,59.98,4,31
10906,2023-06-30,15,16,10,1,14.01,14.01,4,29
10907,2023-06-23,17,6,10,3,28.99,86.97,4,31
10908,2023-06-29,30,13,10,2,55.42,110.84,4,31
10909,2023-06-02,12,20,10,4,26.99,107.96,4,29
10910,2023-06-13,12,5,10,1,16.13,16.13,4,30
10911,2023-06-28,16,19,10,2,15.99,31.98,4,29
10912,2023-06-21,9,10,10,3,63.99,191.97,4,30
10913,2023-06-14,20,1,10,3,1195.29,3585.87,4,30
10914,2023-06-07,29,5,10,2,26.52,53.04,4,30
10915,2023-06-17,2,9,10,1,172.51,172.51,4,30
10916,2023-06-05,23,19,10,1,34.7,34.7,4,31
10917,2023-06-22,30,16,10,1,13.23,13.23,4,29
10918,2023-06-18,19,7,10,2,100.99,201.98,4,29
10919,2023-06-18,14,13,10,1,52.59,52.59,4,30
10920,2023-06-22,3,7,10,5,88.99,444.95,4,31
10921,2023-06-28,7,6,10,1,14.39,14.39,4,30
10922,2023-06-06,14,3,10,1,129.99,129.99,4,29
10923,2023-06-12,15,13,10,2,95.99,191.98,4,31
10924,2023-06-24,9,5,10,1,15.12,15.12,4,29
10925,2023-06-17,18,13,10,3,68.99,206.97,4,31
10926,2023-06-11,12,16,10,3,22.99,68.97,4,31
10927,2023-06-04,7,14,10,3,155.44,466.32,2,31
10928,2023-06-22,22,14,10,2,99.59,199.18,4,30
10929,2023-06-09,6,13,10,1,49.39,49.39,4,29
10930,2023-06-13,1,5,10,1,24.38,24.38,4,29
10931,2023-06-19,29,2,10,5,105.41,527.05,4,29
10932,2023-06-30,7,19,10,1,19.13,19.13,1,31
10933,2023-06-26,6,19,10,5,14.99,74.95,4,31
10934,2023-06-30,14,5,10,1,19.86,19.86,4,31
10935,2023-06-14,13,5,10,2,13.99,27.98,4,29
10936,2023-06-02,4,2,10,1,60.99,60.99,4,31
10937,2023-06-13,9,14,10,2,240.01,480.02,4,31
10938,2023-06-09,8,11,10,1,277.56,277.56,4,29
10939,2023-06-18,22,16,10,2,11.99,23.98,4,31
10940,2023-06-25,10,5,10,1,15.18,15.18,4,30
10941,2023-06-01,3,17,10,1,26.99,26.99,4,30
10942,2023-06-14,16,14,10,2,129.99,259.98,4,29
10943,2023-06-17,29,7,10,2,87.99,175.98,4,30
10944,2023-06-14,23,6,10,1,19.16,19.16,4,31
10945,2023-06-25,7,4,10,5,245.99,1229.95,4,31
10946,2023-06-25,28,13,10,3,103.99,311.97,4,29
10947,2023-06-08,27,3,10,1,73.02,73.02,2,31
10948,2023-06-27,29,3,10,2,107.99,215.98,4,30
10949,2023-06-03,11,7,10,4,136.28,545.12,4,29
10950,2023-06-24,4,7,10,4,151.99,607.96,4,30
10951,2023-06-25,7,10,10,1,51.99,51.99,4,31
10952,2023-06-27,18,3,10,1,123.18,123.18,4,31
10953,2023-06-10,21,2,10,1,67.74,67.74,4,31
10954,2023-06-29,12,10,10,2,52.36,104.72,4,31
10955,2023-06-24,29,13,10,3,82.81,248.43,4,29
10956,2023-06-25,26,19,10,4,14.0,56.0,1,30
10957,2023-06-27,24,2,10,1,96.52,96.52,4,29
10958,2023-06-30,12,14,10,1,232.25,232.25,4,29
10959,2023-06-12,16,17,10,2,49.99,99.98,4,30
10960,2023-06-23,22,11,10,4,543.03,2172.12,4,30
10961,2023-06-01,3,15,11,1,72.99,72.99,4,32
10962,2023-06-19,24,3,11,2,106.27,212.54,4,32
10963,2023-06-13,10,14,11,3,120.92,362.76,4,32
10964,2023-06-02,16,15,11,1,40.46,40.46,4,33
10965,2023-06-25,10,16,11,2,11.99,23.98,4,32
10966,2023-06-29,3,9,11,2,168.13,336.26,4,32
10967,2023-06-24,6,7,11,1,112.99,112.99,4,32
10968,2023-06-26,15,7,11,2,115.61,231.22,4,32
10969,2023-06-22,3,6,11,1,21.99,21.99,3,32
10970,2023-06-08,3,2,11,4,75.62,302.48,4,32
10971,2023-06-24,28,3,11,3,136.99,410.97,4,33
10972,2023-06-24,9,20,11,1,22.99,22.99,4,33
10973,2023-06-12,27,18,11,1,13.75,13.75,4,33
10974,2023-06-15,11,6,11,1,30.39,30.39,4,33
10975,2023-06-26,20,4,11,2,240.99,481.98,4,33
10976,2023-06-03,5,3,11,3,120.34,361.02,4,33
10977,2023-06-16,5,7,11,1,109.9,109.9,4,33
10978,2023-06-20,23,10,11,2,66.99,133.98,4,33
10979,2023-06-15,18,15,11,1,67.3,67.3,4,32
10980,2023-06-15,7,18,11,1,10.79,10.79,4,33
10981,2023-06-15,2,4,11,1,111.99,111.99,4,32
10982,2023-06-27,3,20,11,1,40.51,40.51,4,33
10983,2023-06-15,23,5,11,1,10.99,10.99,4,33
10984,2023-06-03,17,13,11,1,104.99,104.99,4,32
10985,2023-06-17,10,3,11,3,73.25,219.75,4,33
10986,2023-06-04,5,4,11,1,254.99,254.99,1,32
10987,2023-06-26,5,20,11,3,21.97,65.91,4,32
10988,2023-06-09,9,18,11,4,8.22,32.88,4,32
10989,2023-06-10,18,14,11,1,149.65,149.65,4,33
10990,2023-06-02,24,7,11,4,133.21,532.84,4,32
10991,2023-06-09,8,6,11,5,27.25,136.25,4,32
10992,2023-06-07,26,5,11,4,15.99,63.96,4,32
10993,2023-06-28,25,18,11,1,15.99,15.99,4,32
10994,2023-06-04,25,20,11,1,30.99,30.99,4,33
10995,2023-06-19,15,10,11,1,31.99,31.99,4,33
10996,2023-06-25,10,11,11,2,269.99,539.98,4,33
10997,2023-06-06,29,9,11,1,178.99,178.99,4,32
10998,2023-06-08,6,10,11,4,38.06,152.24,3,33
10999,2023-06-26,21,17,11,2,19.99,39.98,4,32
11000,2023-06-11,5,9,11,1,94.99,94.99,4,33
11001,2023-06-25,7,2,12,2,99.19,198.38,4,35
11002,2023-06-15,1,14,12,1,114.2,114.2,4,34
11003,2023-06-29,1,10,12,1,33.99,33.99,4,35
11004,2023-06-06,19,3,12,1,157.99,157.99,3,35
11005,2023-06-17,10,16,12,2,10.99,21.98,1,35
11006,2023-06-06,23,13,12,3,115.75,347.25,4,35
11007,2023-06-06,7,6,12,3,9.99,29.97,4,35
11008,2023-06-30,9,18,12,2,16.94,33.88,4,35
11009,2023-06-03,28,2,12,3,67.99,203.97,4,34
11010,2023-06-06,30,1,12,2,1394.99,2789.98,4,35
11011,2023-06-03,12,7,12,4,64.99,259.96,4,35
11012,2023-06-03,20,19,12,1,30.37,30.37,4,34
11013,2023-06-01,8,19,12,2,33.87,67.74,3,35
11014,2023-06-06,8,19,12,2,28.88,57.76,4,34
11015,2023-06-22,29,19,12,1,22.67,22.67,4,34
11016,2023-06-07,16,8,12,2,46.53,93.06,4,35
11017,2023-06-29,8,9,12,1,106.99,106.99,4,34
11018,2023-06-26,28,9,12,5,93.67,468.35,4,34
11019,2023-06-05,19,13,12,1,96.15,96.15,4,34
11020,2023-06-17,14,20,12,4,16.7,66.8,4,34
11021,2023-06-20,17,8,12,3,27.16,81.48,4,35
11022,2023-06-22,18,4,12,1,253.03,253.03,4,35
11023,2023-06-22,12,13,12,2,39.99,79.98,4,35
11024,2023-06-29,30,18,12,1,8.14,8.14,4,34
11025,2023-06-09,10,14,12,3,127.99,383.97,4,35
11026,2023-06-27,19,12,12,2,712.99,1425.98,4,35
11027,2023-06-10,7,2,12,3,60.99,182.97,4,34
11028,2023-06-07,28,18,12,2,15.92,31.84,4,34
11029,2023-06-02,25,20,12,1,24.78,24.78,4,35
11030,2023-06-27,1,5,12,2,15.13,30.26,4,34
11031,2023-06-23,7,20,12,2,19.73,39.46,4,34
11032,2023-06-18,11,12,12,2,772.35,1544.7,4,34
11033,2023-06-12,13,19,13,1,28.36,28.36,4,37
11034,2023-06-23,26,15,13,1,64.59,64.59,4,37
11035,2023-06-07,12,8,13,1,31.99,31.99,4,37
11036,2023-06-10,16,9,13,2,150.99,301.98,4,37
11037,2023-06-05,20,17,13,5,20.97,104.85,4,38
11038,2023-06-21,26,8,13,1,86.54,86.54,1,36
11039,2023-06-16,25,12,13,1,866.99,866.99,4,37
11040,2023-06-15,9,19,13,2,25.28,50.56,4,36
11041,2023-06-15,16,11,13,2,283.84,567.68,4,37
11042,2023-06-22,5,8,13,2,72.57,145.14,4,36
11043,2023-06-15,3,6,13,2,30.08,60.16,4,38
11044,2023-06-05,2,7,13,2,96.6,193.2,4,38
11045,2023-06-18,3,8,13,2,81.39,162.78,4,38
11046,2023-06-28,11,20,13,4,24.72,98.88,4,36
11047,2023-06-20,14,9,13,1,143.08,143.08,4,38
11048,2023-06-03,10,6,13,1,33.09,33.09,4,36
11049,2023-06-14,15,4,13,1,180.27,180.27,4,37
11050,2023-06-22,6,20,13,5,21.99,109.95,4,38
11051,2023-06-12,12,6,13,4,30.0,120.0,4,36
11052,2023-06-25,17,13,13,5,92.27,461.35,2,36
11053,2023-06-15,29,1,13,2,982.92,1965.84,4,37
11054,2023-06-12,15,20,13,1,14.0,14.0,4,36
11055,2023-06-10,14,5,13,5,20.66,103.3,4,37
11056,2023-06-26,19,18,13,3,13.06,39.18,4,36
11057,2023-06-29,14,20,13,2,19.69,39.38,4,38
11058,2023-06-24,27,20,13,1,29.99,29.99,4,38
11059,2023-06-23,24,18,13,3,17.7,53.1,4,38
11060,2023-06-01,8,8,13,1,71.53,71.53,3,38
11061,2023-06-14,13,3,13,2,107.98,215.96,4,37
11062,2023-06-19,23,19,13,3,22.99,68.97,4,37
11063,2023-06-02,1,14,13,1,226.99,226.99,4,36
11064,2023-06-02,1,4,13,3,270.99,812.97,2,36
11065,2023-06-05,10,6,13,1,29.75,29.75,4,37
11066,2023-06-05,10,18,13,1,7.99,7.99,2,37
11067,2023-06-29,22,13,13,3,64.5,193.5,4,38
11068,2023-06-26,2,5,13,2,19.99,39.98,4,36
11069,2023-06-13,29,5,13,4,14.99,59.96,4,37
11070,2023-06-13,28,1,13,2,1358.33,2716.66,4,38
11071,2023-06-20,1,9,13,3,173.66,520.98,1,36
11072,2023-06-27,9,18,13,2,17.88,35.76,4,37
11073,2023-06-12,12,3,13,1,149.71,149.71,4,38
11074,2023-06-17,23,18,13,4,15.99,63.96,4,36
11075,2023-06-21,15,4,13,1,249.04,249.04,4,36
11076,2023-06-09,17,3,13,1,135.71,135.71,4,38
11077,2023-06-07,8,18,13,2,7.99,15.98,4,36
11078,2023-06-09,17,14,13,2,169.23,338.46,4,37
11079,2023-06-06,7,5,13,1,11.98,11.98,4,38
11080,2023-06-24,18,17,13,5,48.78,243.9,4,38
11081,2023-06-19,6,6,13,1,33.29,33.29,4,36
11082,2023-06-15,2,7,13,2,139.99,279.98,4,38
11083,2023-06-13,27,13,13,2,101.99,203.98,2,38
11084,2023-06-21,22,2,13,3,118.86,356.58,4,38
11085,2023-06-26,1,18,13,1,11.79,11.79,4,38
11086,2023-06-16,4,1,13,2,935.31,1870.62,4,36
11087,2023-06-03,13,20,14,1,35.6,35.6,4,40
11088,2023-06-25,22,6,14,3,26.58,79.74,4,39
11089,2023-06-22,13,12,14,2,790.46,1580.92,4,39
11090,2023-06-18,6,17,14,1,36.28,36.28,4,40
11091,2023-06-19,28,19,14,2,31.26,62.52,4,40
11092,2023-06-09,16,10,14,1,31.09,31.09,4,40
11093,2023-06-21,28,6,14,4,17.52,70.08,4,39
11094,2023-06-08,20,2,14,1,111.99,111.99,4,40
11095,2023-06-08,7,6,14,1,16.99,16.99,4,39
11096,2023-06-11,10,5,14,2,28.86,57.72,1,40
11097,2023-06-17,28,20,14,2,40.1,80.2,4,40
11098,2023-06-26,17,5,14,2,24.7,49.4,4,40
11099,2023-06-12,5,19,14,2,18.14,36.28,4,39
11100,2023-06-26,5,18,14,2,8.98,17.96,4,39
11101,2023-06-06,20,6,14,2,11.18,22.36,4,40
11102,2023-06-29,13,18,14,3,7.63,22.89,2,40
11103,2023-06-20,23,6,14,2,10.83,21.66,3,39
11104,2023-06-04,4,2,14,3,107.99,323.97,4,40
11105,2023-06-28,24,15,14,1,51.99,51.99,4,40
11106,2023-06-19,21,15,14,2,68.32,136.64,4,39
11107,2023-06-01,20,16,14,3,19.99,59.97,4,40
11108,2023-06-05,1,4,14,2,229.99,459.98,4,40
11109,2023-06-19,23,13,14,4,67.99,271.96,4,40
11110,2023-06-15,7,10,14,2,65.75,131.5,4,40
11111,2023-06-15,12,3,14,4,127.99,511.96,4,39
11112,2023-06-18,21,20,14,3,22.97,68.91,1,40
11113,2023-06-04,7,13,14,1,113.99,113.99,1,39
11114,2023-06-29,4,6,14,1,13.99,13.99,3,40
11115,2023-06-05,10,16,14,1,21.99,21.99,4,39
11116,2023-06-16,17,15,14,2,63.99,127.98,4,39
11117,2023-06-06,22,19,14,1,30.99,30.99,4,40
11118,2023-06-11,18,16,14,2,19.99,39.98,4,40
11119,2023-06-04,27,2,14,1,95.99,95.99,4,40
11120,2023-06-14,2,9,14,1,98.95,98.95,4,39
11121,2023-06-27,18,7,14,3,52.61,157.83,2,39
11122,2023-06-02,13,6,14,1,15.48,15.48,1,40
11123,2023-06-13,5,2,14,1,62.99,62.99,4,40
11124,2023-06-15,27,20,14,2,28.42,56.84,4,40
11125,2023-06-06,8,9,14,2,126.65,253.3,4,40
11126,2023-06-06,20,20,14,2,29.83,59.66,4,40
11127,2023-06-28,27,2,14,1,87.69,87.69,4,40
11128,2023-06-01,11,10,14,1,36.99,36.99,4,39
11129,2023-06-27,17,19,15,1,38.24,38.24,4,42
11130,2023-06-16,29,17,15,1,36.83,36.83,4,41
11131,2023-06-25,19,18,15,2,9.24,18.48,4,41
11132,2023-06-03,26,20,15,4,31.11,124.44,4,42
11133,2023-06-02,12,8,15,4,36.99,147.96,4,42
11134,2023-06-10,23,13,15,3,82.36,247.08,4,42
11135,2023-06-24,15,13,15,1,118.9,118.9,4,41
11136,2023-06-20,22,7,15,1,150.99,150.99,4,42
11137,2023-06-11,9,5,15,2,21.74,43.48,4,42
11138,2023-06-23,13,17,15,1,26.78,26.78,4,41
11139,2023-06-10,30,10,15,2,53.99,107.98,4,42
11140,2023-06-12,8,16,15,5,11.34,56.7,1,41
11141,2023-06-10,13,18,15,2,13.99,27.98,4,41
11142,2023-06-02,9,2,15,2,78.12,156.24,4,41
11143,2023-06-13,9,5,15,3,15.65,46.95,3,41
11144,2023-06-28,8,16,15,1,23.87,23.87,4,42
11145,2023-06-21,9,15,15,2,51.31,102.62,4,42
11146,2023-06-19,27,13,15,2,48.99,97.98,4,42
11147,2023-06-13,3,3,15,1,146.39,146.39,4,41
11148,2023-06-29,3,10,15,2,66.99,133.98,4,42
11149,2023-06-02,27,8,15,2,36.99,73.98,4,42
11150,2023-06-28,26,13,15,5,71.99,359.95,4,42
11151,2023-06-11,13,3,15,1,133.99,133.99,4,41
11152,2023-06-14,3,16,15,2,11.29,22.58,1,41
11153,2023-06-14,12,19,15,1,19.73,19.73,2,41
11154,2023-06-13,30,5,15,2,26.99,53.98,4,41
11155,2023-06-22,28,8,15,4,68.41,273.64,4,41
11156,2023-06-21,24,2,15,3,93.3,279.9,4,41
11157,2023-06-05,27,2,15,1,99.2,99.2,4,41
11158,2023-06-15,14,5,15,2,16.64,33.28,4,41
11159,2023-06-13,12,13,15,1,86.39,86.39,4,42
11160,2023-06-05,21,4,15,1,226.99,226.99,4,42
11161,2023-06-26,13,16,15,1,19.16,19.16,4,42
11162,2023-06-28,27,19,15,4,21.61,86.44,2,42
11163,2023-06-17,10,18,15,4,9.99,39.96,4,41
11164,2023-06-13,6,1,15,4,931.17,3724.68,4,42
11165,2023-06-24,25,10,15,1,29.99,29.99,4,42
11166,2023-06-09,23,5,15,1,25.63,25.63,4,41
11167,2023-06-09,3,4,15,1,296.38,296.38,4,42
11168,2023-06-01,29,9,15,1,159.99,159.99,4,42
11169,2023-06-22,1,18,15,1,15.02,15.02,4,41
11170,2023-06-21,5,18,15,4,9.28,37.12,4,42
11171,2023-06-21,26,4,15,1,177.87,177.87,4,41
11172,2023-06-10,8,13,15,1,69.12,69.12,4,41
11173,2023-07-17,6,9,1,2,71.99,143.98,4,4
11174,2023-07-15,26,16,1,4,21.03,84.12,4,2
11175,2023-07-11,19,10,1,5,45.99,229.95,4,1
11176,2023-07-17,12,11,1,1,348.17,348.17,4,2
11177,2023-07-23,1,8,1,3,28.39,85.17,2,3
11178,2023-07-07,27,7,1,2,103.83,207.66,4,4
11179,2023-07-17,16,17,1,1,43.99,43.99,4,4
11180,2023-07-25,9,10,1,1,43.72,43.72,4,1
11181,2023-07-30,18,4,1,2,242.66,485.32,4,4
11182,2023-07-27,16,19,1,1,23.34,23.34,4,4
11183,2023-07-10,8,8,1,1,67.77,67.77,4,3
11184,2023-07-10,14,17,1,4,53.85,215.4,4,2
11185,2023-07-16,23,5,1,1,12.09,12.09,1,4
11186,2023-07-03,23,18,1,2,16.75,33.5,4,4
11187,2023-07-14,23,14,1,1,198.99,198.99,3,1
11188,2023-07-15,12,18,1,1,12.4,12.4,4,2
11189,2023-07-30,28,7,1,3,136.59,409.77,4,1
11190,2023-07-01,7,4,1,1,126.59,126.59,4,1
11191,2023-07-03,11,20,1,2,27.14,54.28,4,3
11192,2023-07-30,9,3,1,1,127.99,127.99,4,1
11193,2023-07-02,7,8,1,2,81.0,162.0,4,4
11194,2023-07-09,22,18,1,1,14.13,14.13,4,4
11195,2023-07-29,12,2,1,1,92.99,92.99,4,1
11196,2023-07-13,22,13,1,1,98.2,98.2,4,2
11197,2023-07-16,15,16,1,3,15.99,47.97,4,1
11198,2023-07-28,20,6,1,4,26.99,107.96,4,2
11199,2023-07-19,15,3,1,3,111.43,334.29,4,1
11200,2023-07-16,14,16,2,2,8.0,16.0,4,5
11201,2023-07-06,30,13,2,3,91.99,275.97,4,8
11202,2023-07-14,15,16,2,2,11.94,23.88,3,5
11203,2023-07-22,28,20,2,1,32.99,32.99,4,5
11204,2023-07-28,16,4,2,1,123.01,123.01,4,7
11205,2023-07-01,22,7,2,3,124.99,374.97,4,6
11206,2023-07-22,22,10,2,2,63.36,126.72,2,8
11207,2023-07-16,22,13,2,2,82.87,165.74,4,5
11208,2023-07-23,19,16,2,2,19.99,39.98,4,8
11209,2023-07-13,3,18,2,2,8.17,16.34,3,8
11210,2023-07-21,7,4,2,2,150.68,301.36,4,8
11211,2023-07-22,9,6,2,1,22.99,22.99,4,8
11212,2023-07-17,16,5,2,3,19.99,59.97,4,8
11213,2023-07-15,14,3,2,3,65.66,196.98,2,7
11214,2023-07-21,7,15,2,1,79.2,79.2,4,5
11215,2023-07-03,30,7,2,1,70.07,70.07,1,5
11216,2023-07-19,4,18,2,3,14.99,44.97,4,7
11217,2023-07-23,3,6,2,3,17.8,53.4,4,6
11218,2023-07-07,17,16,2,3,17.94,53.82,1,5
11219,2023-07-28,11,19,2,1,20.59,20.59,4,8
11220,2023-07-08,2,20,2,2,21.99,43.98,4,8
11221,2023-07-05,17,5,2,5,23.15,115.75,4,5
11222,2023-07-16,17,13,2,2,87.48,174.96,4,8
11223,2023-07-07,5,18,2,3,18.54,55.62,4,7
11224,2023-07-15,5,19,2,3,23.18,69.54,4,6
11225,2023-07-15,22,3,2,1,141.27,141.27,4,8
11226,2023-07-26,30,5,2,2,11.81,23.62,4,5
11227,2023-07-27,7,5,2,5,28.28,141.4,4,5
11228,2023-07-05,4,17,2,1,41.99,41.99,4,8
11229,2023-07-27,16,14,2,2,184.21,368.42,4,7
11230,2023-07-10,12,3,2,1,129.99,129.99,4,6
11231,2023-07-14,6,14,2,4,223.99,895.96,4,8
11232,2023-07-29,9,2,2,5,122.9,614.5,4,8
11233,2023-07-02,17,20,2,2,19.99,39.98,4,6
11234,2023-07-15,15,19,2,3,22.49,67.47,4,7
11235,2023-07-31,20,8,2,4,68.85,275.4,4,8
11236,2023-07-17,16,4,2,2,188.78,377.56,4,8
11237,2023-07-08,14,2,2,2,59.99,119.98,4,8
11238,2023-07-14,9,11,2,1,316.04,316.04,4,6
11239,2023-07-25,27,18,2,3,15.42,46.26,4,7
11240,2023-07-21,9,13,3,3,91.06,273.18,3,11
11241,2023-07-17,27,19,3,1,26.88,26.88,4,11
11242,2023-07-30,24,18,3,2,17.99,35.98,4,11
11243,2023-07-21,20,19,3,2,24.99,49.98,4,9
11244,2023-07-29,13,16,3,1,20.91,20.91,4,9
11245,2023-07-28,22,10,3,2,54.91,109.82,4,11
11246,2023-07-30,10,3,3,1,79.99,79.99,3,9
11247,2023-07-26,9,18,3,4,7.57,30.28,4,11
11248,2023-07-08,22,5,3,3,15.71,47.13,4,9
11249,2023-07-23,19,11,3,1,523.92,523.92,4,10
11250,2023-07-11,10,13,3,2,92.51,185.02,3,10
11251,2023-07-25,6,15,3,2,50.19,100.38,4,10
11252,2023-07-29,23,20,3,2,33.99,67.98,4,11
11253,2023-07-07,14,20,3,1,30.83,30.83,4,10
11254,2023-07-01,29,3,3,1,124.77,124.77,4,9
11255,2023-07-06,24,16,3,1,17.09,17.09,4,9
11256,2023-07-13,1,7,3,1,59.47,59.47,4,9
11257,2023-07-21,24,5,3,3,11.08,33.24,4,11
11258,2023-07-12,24,7,3,4,63.26,253.04,4,9
11259,2023-07-26,5,5,3,2,13.92,27.84,4,11
11260,2023-07-11,23,6,3,5,23.6,118.0,4,11
11261,2023-07-23,2,5,3,4,24.99,99.96,4,9
11262,2023-07-17,13,15,3,1,29.0,29.0,4,9
11263,2023-07-17,5,5,3,1,24.76,24.76,2,11
11264,2023-07-12,30,4,3,3,270.29,810.87,4,11
11265,2023-07-02,19,16,3,2,8.0,16.0,4,9
11266,2023-07-22,27,2,3,1,123.99,123.99,4,11
11267,2023-07-30,21,2,3,3,71.08,213.24,4,9
11268,2023-07-20,14,19,4,3,38.84,116.52,4,14
11269,2023-07-20,11,16,4,4,13.99,55.96,4,13
11270,2023-07-27,10,3,4,2,148.99,297.98,4,13
11271,2023-07-08,12,15,4,2,30.51,61.02,1,14
11272,2023-07-19,28,16,4,1,18.64,18.64,4,13
11273,2023-07-21,13,7,4,1,124.99,124.99,4,12
11274,2023-07-27,29,9,4,1,175.99,175.99,4,14
11275,2023-07-17,6,2,4,2,105.99,211.98,4,14
11276,2023-07-09,25,9,4,1,84.99,84.99,4,13
11277,2023-07-18,23,5,4,5,25.86,129.3,4,14
11278,2023-07-12,22,16,4,1,16.68,16.68,4,12
11279,2023-07-01,21,4,4,3,171.41,514.23,4,14
11280,2023-07-06,10,5,4,3,22.99,68.97,1,13
11281,2023-07-20,16,16,4,1,21.6,21.6,4,12
11282,2023-07-29,19,5,4,1,20.99,20.99,4,13
11283,2023-07-21,22,1,4,1,1310.62,1310.62,4,14
11284,2023-07-14,16,4,4,1,183.99,183.99,4,14
11285,2023-07-28,3,14,4,2,145.01,290.02,4,13
11286,2023-07-02,4,4,4,5,265.5,1327.5,4,12
11287,2023-07-14,8,9,4,1,193.1,193.1,4,14
11288,2023-07-08,17,19,4,1,31.27,31.27,4,14
11289,2023-07-13,1,8,4,2,56.99,113.98,4,13
11290,2023-07-06,8,10,4,1,47.89,47.89,4,12
11291,2023-07-10,21,16,4,1,18.99,18.99,4,12
11292,2023-07-16,11,14,4,4,170.26,681.04,4,14
11293,2023-07-21,13,11,5,2,381.27,762.54,4,16
11294,2023-07-13,18,15,5,1,79.06,79.06,4,17
11295,2023-07-29,18,8,5,3,39.47,118.41,4,16
11296,2023-07-25,2,18,5,5,18.96,94.8,4,17
11297,2023-07-27,23,1,5,2,1367.77,2735.54,4,16
11298,2023-07-07,23,6,5,4,25.99,103.96,4,15
11299,2023-07-11,18,7,5,2,80.47,160.94,4,15
11300,2023-07-20,30,7,5,3,99.22,297.66,1,16
11301,2023-07-07,29,9,5,4,188.9,755.6,2,16
11302,2023-07-06,21,6,5,3,12.28,36.84,4,17
11303,2023-07-28,28,3,5,2,86.19,172.38,4,17
11304,2023-07-20,26,14,5,1,156.75,156.75,4,17
11305,2023-07-07,24,17,5,2,51.64,103.28,4,15
11306,2023-07-18,10,18,5,4,7.38,29.52,4,17
11307,2023-07-15,14,13,5,1,109.87,109.87,3,15
11308,2023-07-02,27,16,5,2,12.97,25.94,4,17
11309,2023-07-05,6,15,5,4,59.99,239.96,3,17
11310,2023-07-19,3,20,5,5,17.99,89.95,4,16
11311,2023-07-29,24,18,5,2,14.15,28.3,4,17
11312,2023-07-02,17,16,5,3,12.99,38.97,4,16
11313,2023-07-22,2,9,5,1,174.01,174.01,4,16
11314,2023-07-30,30,9,6,1,156.89,156.89,4,20
11315,2023-07-10,16,19,6,2,21.9,43.8,4,19
11316,2023-07-29,9,18,6,2,11.27,22.54,4,20
11317,2023-07-03,21,2,6,1,92.99,92.99,4,20
11318,2023-07-11,14,19,6,1,34.78,34.78,3,18
11319,2023-07-22,1,20,6,3,31.99,95.97,4,18
11320,2023-07-24,14,9,6,2,190.93,381.86,4,18
11321,2023-07-06,5,10,6,4,67.2,268.8,4,18
11322,2023-07-11,14,15,6,3,38.99,116.97,4,20
11323,2023-07-10,30,10,6,1,57.99,57.99,4,20
11324,2023-07-07,20,2,6,1,60.17,60.17,4,19
11325,2023-07-10,13,6,6,4,18.41,73.64,4,19
11326,2023-07-05,5,5,6,1,18.99,18.99,4,20
11327,2023-07-11,18,8,6,2,77.54,155.08,4,19
11328,2023-07-16,23,16,6,3,15.99,47.97,4,20
11329,2023-07-21,11,4,6,1,194.99,194.99,4,20
11330,2023-07-21,28,3,6,1,158.13,158.13,3,20
11331,2023-07-25,22,5,6,3,19.99,59.97,4,20
11332,2023-07-13,16,14,7,2,118.62,237.24,4,21
11333,2023-07-11,19,15,7,1,79.17,79.17,4,21
11334,2023-07-30,16,5,7,3,21.77,65.31,4,22
11335,2023-07-03,6,5,7,5,22.99,114.95,4,22
11336,2023-07-14,28,10,7,1,31.17,31.17,2,23
11337,2023-07-21,6,17,7,2,45.72,91.44,2,21
11338,2023-07-21,27,11,7,2,316.25,632.5,1,23
11339,2023-07-13,20,16,7,5,10.64,53.2,4,23
11340,2023-07-17,3,4,7,1,155.99,155.99,4,22
11341,2023-07-17,13,20,7,1,30.04,30.04,1,22
11342,2023-07-19,17,7,7,1,145.3,145.3,1,22
11343,2023-07-05,15,13,7,2,49.66,99.32,4,21
11344,2023-07-19,9,17,7,3,31.39,94.17,4,22
11345,2023-07-28,9,16,7,3,19.35,58.05,4,22
11346,2023-07-16,3,3,7,2,79.48,158.96,4,21
11347,2023-07-23,10,8,7,1,56.94,56.94,4,22
11348,2023-07-13,4,16,7,2,15.39,30.78,4,21
11349,2023-07-19,3,5,7,1,20.11,20.11,4,21
11350,2023-07-29,7,20,7,2,37.94,75.88,4,23
11351,2023-07-11,7,4,7,2,158.99,317.98,4,23
11352,2023-07-25,9,7,7,1,79.26,79.26,4,22
11353,2023-07-07,28,10,7,3,37.99,113.97,4,22
11354,2023-07-01,4,19,7,1,31.35,31.35,4,23
11355,2023-07-04,30,14,7,5,113.99,569.95,4,21
11356,2023-07-09,14,13,7,3,61.38,184.14,3,23
11357,2023-07-20,25,16,7,3,21.99,65.97,4,21
11358,2023-07-04,6,2,8,3,100.99,302.97,4,25
11359,2023-07-06,18,10,8,3,52.64,157.92,4,24
11360,2023-07-13,17,3,8,3,75.99,227.97,4,24
11361,2023-07-21,28,17,8,3,53.07,159.21,4,25
11362,2023-07-06,29,8,8,2,38.88,77.76,4,25
11363,2023-07-15,17,14,8,2,232.16,464.32,4,25
11364,2023-07-04,19,10,8,2,63.99,127.98,4,25
11365,2023-07-17,11,19,8,3,36.74,110.22,4,24
11366,2023-07-08,25,19,8,2,14.37,28.74,4,24
11367,2023-07-14,21,5,8,2,26.99,53.98,4,24
11368,2023-07-03,6,10,8,3,50.27,150.81,4,25
11369,2023-07-03,2,16,8,3,17.99,53.97,4,24
11370,2023-07-02,25,7,8,2,84.99,169.98,4,25
11371,2023-07-04,9,11,8,1,517.38,517.38,4,24
11372,2023-07-01,13,1,8,1,1250.99,1250.99,4,25
11373,2023-07-04,1,18,8,5,9.49,47.45,4,24
11374,2023-07-21,12,13,8,5,103.58,517.9,4,24
11375,2023-07-19,23,7,8,1,118.3,118.3,4,24
11376,2023-07-29,15,15,8,1,29.69,29.69,4,25
11377,2023-07-19,26,19,8,2,33.97,67.94,4,25
11378,2023-07-08,19,1,8,3,1371.99,4115.97,4,24
11379,2023-07-16,6,17,9,3,43.99,131.97,4,28
11380,2023-07-22,27,4,9,1,123.19,123.19,4,28
11381,2023-07-25,30,5,9,1,9.0,9.0,4,27
11382,2023-07-30,21,20,9,1,15.3,15.3,4,28
11383,2023-07-08,27,16,9,5,8.42,42.1,4,27
11384,2023-07-25,8,20,9,4,32.23,128.92,4,26
11385,2023-07-11,30,19,9,1,22.15,22.15,4,27
11386,2023-07-03,24,16,9,2,12.51,25.02,4,27
11387,2023-07-11,25,4,9,1,132.99,132.99,4,26
11388,2023-07-24,15,5,9,4,25.43,101.72,3,26
11389,2023-07-02,4,18,9,2,17.39,34.78,4,26
11390,2023-07-03,14,2,9,2,51.99,103.98,4,27
11391,2023-07-22,27,10,9,3,53.47,160.41,4,26
11392,2023-07-12,15,15,9,3,78.99,236.97,4,27
11393,2023-07-24,16,18,9,2,9.47,18.94,4,27
11394,2023-07-06,27,12,9,2,868.11,1736.22,4,26
11395,2023-07-22,3,20,9,1,28.45,28.45,4,27
11396,2023-07-05,4,16,9,1,11.99,11.99,4,27
11397,2023-07-05,17,8,9,2,38.99,77.98,4,26
11398,2023-07-18,26,18,9,5,18.64,93.2,4,27
11399,2023-07-18,29,3,9,1,128.11,128.11,4,26
11400,2023-07-16,3,20,9,5,39.99,199.95,4,28
11401,2023-07-28,10,6,9,2,32.99,65.98,4,26
11402,2023-07-29,7,16,10,1,15.99,15.99,4,31
11403,2023-07-07,5,2,10,1,96.62,96.62,4,29
11404,2023-07-21,28,15,10,3,53.73,161.19,3,30
11405,2023-07-22,4,18,10,1,17.99,17.99,4,29
11406,2023-07-25,9,18,10,1,7.59,7.59,4,31
11407,2023-07-15,10,8,10,5,67.01,335.05,4,29
11408,2023-07-01,4,18,10,3,8.99,26.97,4,30
11409,2023-07-20,12,2,10,1,98.99,98.99,2,30
11410,2023-07-15,26,16,10,1,23.17,23.17,2,31
11411,2023-07-11,14,3,10,2,93.29,186.58,4,31
11412,2023-07-10,8,5,10,2,10.2,20.4,4,30
11413,2023-07-11,9,5,10,1,18.61,18.61,4,31
11414,2023-07-01,9,6,10,2,20.99,41.98,4,31
11415,2023-07-26,19,5,10,2,28.69,57.38,4,29
11416,2023-07-18,3,2,10,3,81.81,245.43,4,31
11417,2023-07-12,27,18,10,1,14.99,14.99,1,31
11418,2023-07-04,11,15,10,1,82.99,82.99,4,31
11419,2023-07-07,28,4,10,4,241.49,965.96,4,29
11420,2023-07-27,26,8,10,1,70.67,70.67,4,30
11421,2023-07-23,27,17,10,4,39.99,159.96,4,30
11422,2023-07-26,17,6,11,3,10.99,32.97,4,32
11423,2023-07-20,4,8,11,1,59.99,59.99,4,32
11424,2023-07-07,19,6,11,3,25.99,77.97,4,33
11425,2023-07-10,28,16,11,2,13.99,27.98,4,33
11426,2023-07-06,23,17,11,1,42.99,42.99,4,32
11427,2023-07-16,23,10,11,2,55.26,110.52,4,32
11428,2023-07-05,12,17,11,1,20.99,20.99,4,33
11429,2023-07-27,28,6,11,5,20.99,104.95,4,33
11430,2023-07-19,17,9,11,1,168.99,168.99,4,33
11431,2023-07-27,29,3,11,1,83.99,83.99,4,32
11432,2023-07-18,8,2,11,1,120.0,120.0,4,33
11433,2023-07-24,8,15,11,2,40.79,81.58,4,33
11434,2023-07-04,20,9,11,1,121.52,121.52,4,32
11435,2023-07-27,26,19,11,2,28.49,56.98,4,32
11436,2023-07-18,2,8,11,1,53.99,53.99,4,32
11437,2023-07-23,5,10,11,4,53.86,215.44,3,32
11438,2023-07-05,13,5,11,1,13.41,13.41,4,33
11439,2023-07-03,17,11,11,5,303.99,1519.95,1,32
11440,2023-07-06,8,6,11,1,27.07,27.07,4,32
11441,2023-07-21,26,12,11,3,715.8,2147.4,4,33
11442,2023-07-23,11,15,11,4,48.37,193.48,4,33
11443,2023-07-27,25,10,12,2,64.35,128.7,4,34
11444,2023-07-27,14,5,12,1,18.67,18.67,4,34
11445,2023-07-11,2,20,12,2,39.87,79.74,4,35
11446,2023-07-02,19,20,12,3,37.99,113.97,4,35
11447,2023-07-23,3,9,12,1,180.99,180.99,4,34
11448,2023-07-07,24,6,12,1,15.96,15.96,4,35
11449,2023-07-26,4,5,12,2,13.65,27.3,4,35
11450,2023-07-07,12,3,12,5,119.99,599.95,4,34
11451,2023-07-30,5,19,12,3,24.99,74.97,4,35
11452,2023-07-18,21,7,12,1,112.99,112.99,1,35
11453,2023-07-21,23,6,12,2,31.09,62.18,4,35
11454,2023-07-06,25,6,12,2,12.44,24.88,4,35
11455,2023-07-06,17,19,12,2,35.99,71.98,4,34
11456,2023-07-12,27,5,12,1,23.99,23.99,1,35
11457,2023-07-31,20,15,12,2,67.99,135.98,4,35
11458,2023-07-16,16,20,12,1,27.99,27.99,4,35
11459,2023-07-23,6,15,12,5,63.99,319.95,4,34
11460,2023-07-31,19,6,12,2,33.99,67.98,4,34
11461,2023-07-29,30,8,12,2,66.99,133.98,4,34
11462,2023-07-21,22,12,12,3,824.99,2474.97,4,34
11463,2023-07-04,18,1,12,3,939.21,2817.63,4,34
11464,2023-07-21,21,2,12,1,64.5,64.5,4,34
11465,2023-07-09,9,5,12,1,23.08,23.08,1,34
11466,2023-07-15,15,18,13,1,9.99,9.99,4,36
11467,2023-07-21,5,16,13,2,12.13,24.26,4,37
11468,2023-07-06,8,4,13,3,164.22,492.66,4,38
11469,2023-07-23,27,16,13,3,22.38,67.14,4,38
11470,2023-07-25,25,8,13,2,63.25,126.5,4,37
11471,2023-07-16,16,11,13,4,522.99,2091.96,4,36
11472,2023-07-26,19,8,13,3,28.99,86.97,4,37
11473,2023-07-23,12,10,13,5,62.49,312.45,2,37
11474,2023-07-24,13,17,13,2,42.61,85.22,4,36
11475,2023-07-15,3,16,13,3,14.99,44.97,4,37
11476,2023-07-06,15,16,13,5,22.99,114.95,4,37
11477,2023-07-19,4,17,13,3,36.55,109.65,4,38
11478,2023-07-05,3,4,13,1,149.99,149.99,4,38
11479,2023-07-27,16,19,13,2,25.99,51.98,4,37
11480,2023-07-26,2,6,13,2,18.82,37.64,4,38
11481,2023-07-27,2,2,13,1,127.35,127.35,4,37
11482,2023-07-24,3,20,13,1,14.01,14.01,4,36
11483,2023-07-21,16,3,13,3,88.99,266.97,1,37
11484,2023-07-11,11,5,13,3,14.92,44.76,4,38
11485,2023-07-18,7,13,13,3,79.99,239.97,4,38
11486,2023-07-30,26,17,13,2,43.85,87.7,4,37
11487,2023-07-06,16,2,13,1,75.5,75.5,4,37
11488,2023-07-26,22,16,13,3,19.59,58.77,4,37
11489,2023-07-15,28,13,13,2,113.7,227.4,4,36
11490,2023-07-05,1,18,13,2,13.87,27.74,4,38
11491,2023-07-28,3,14,13,3,191.99,575.97,4,37
11492,2023-07-19,6,17,13,1,28.99,28.99,4,37
11493,2023-07-31,4,19,14,4,20.99,83.96,4,39
11494,2023-07-08,15,9,14,1,91.99,91.99,4,40
11495,2023-07-03,12,4,14,3,205.76,617.28,4,39
11496,2023-07-22,7,5,14,1,13.99,13.99,4,39
11497,2023-07-31,23,5,14,3,10.16,30.48,4,39
11498,2023-07-16,26,2,14,2,115.99,231.98,4,39
11499,2023-07-11,1,3,14,3,121.99,365.97,4,40
11500,2023-07-09,7,19,14,3,26.99,80.97,4,39
11501,2023-07-23,5,7,14,1,154.03,154.03,2,39
11502,2023-07-13,23,10,14,1,65.62,65.62,4,39
11503,2023-07-06,7,6,14,5,12.25,61.25,4,40
11504,2023-07-28,7,16,14,5,10.79,53.95,4,39
11505,2023-07-13,23,18,14,3,17.99,53.97,4,40
11506,2023-07-13,29,19,14,3,29.76,89.28,4,39
11507,2023-07-31,4,8,14,1,63.99,63.99,4,40
11508,2023-07-15,19,8,14,2,43.99,87.98,1,40
11509,2023-07-11,22,6,15,2,22.99,45.98,4,42
11510,2023-07-22,6,9,15,1,108.95,108.95,4,41
11511,2023-07-23,2,3,15,1,108.33,108.33,4,41
11512,2023-07-15,25,5,15,1,28.12,28.12,4,41
11513,2023-07-14,24,9,15,3,156.11,468.33,4,41
11514,2023-07-17,14,3,15,3,95.99,287.97,4,42
11515,2023-07-08,10,11,15,2,537.14,1074.28,4,42
11516,2023-07-16,25,16,15,2,21.51,43.02,4,41
11517,2023-07-29,14,9,15,2,86.64,173.28,4,41
11518,2023-07-29,19,6,15,1,23.99,23.99,4,41
11519,2023-07-14,1,8,15,2,59.99,119.98,4,41
11520,2023-07-02,8,3,15,3,152.6,457.8,4,41
11521,2023-07-29,7,5,15,2,24.99,49.98,4,41
11522,2023-07-22,30,8,15,1,80.81,80.81,4,41
11523,2023-07-02,25,20,15,1,25.5,25.5,1,41
11524,2023-07-24,9,3,15,3,144.27,432.81,4,42
11525,2023-07-17,8,6,15,1,30.8,30.8,4,42
11526,2023-07-06,16,20,15,3,39.99,119.97,4,41
11527,2023-07-15,1,16,15,2,17.02,34.04,4,42
11528,2023-08-06,9,17,1,2,37.8,75.6,3,2
11529,2023-08-30,14,5,1,2,19.99,39.98,4,4
11530,2023-08-23,4,7,1,3,99.99,299.97,4,1
11531,2023-08-06,25,3,1,3,69.3,207.9,4,4
11532,2023-08-14,12,17,1,1,33.13,33.13,4,2
11533,2023-08-08,24,14,1,4,137.52,550.08,4,3
11534,2023-08-14,5,10,1,4,39.38,157.52,4,3
11535,2023-08-28,29,19,1,2,15.95,31.9,4,3
11536,2023-08-16,3,2,1,2,76.99,153.98,4,3
11537,2023-08-17,8,15,1,2,72.99,145.98,4,3
11538,2023-08-10,11,18,1,1,9.15,9.15,4,4
11539,2023-08-07,13,20,1,5,28.84,144.2,4,1
11540,2023-08-04,8,5,1,2,23.99,47.98,4,1
11541,2023-08-13,18,10,1,2,32.99,65.98,4,2
11542,2023-08-15,22,17,2,3,26.73,80.19,4,6
11543,2023-08-05,2,5,2,3,13.99,41.97,4,5
11544,2023-08-29,23,6,2,2,11.58,23.16,3,7
11545,2023-08-31,18,2,2,1,86.82,86.82,4,5
11546,2023-08-21,9,18,2,4,10.06,40.24,4,5
11547,2023-08-14,29,20,2,1,27.99,27.99,1,7
11548,2023-08-29,25,3,2,3,124.99,374.97,3,5
11549,2023-08-03,6,5,2,3,26.99,80.97,4,8
11550,2023-08-11,29,12,3,2,559.18,1118.36,4,10
11551,2023-08-22,20,6,3,2,20.63,41.26,4,10
11552,2023-08-14,29,5,3,2,17.75,35.5,4,9
11553,2023-08-31,29,9,3,2,190.99,381.98,3,10
11554,2023-08-15,7,20,3,5,34.83,174.15,4,11
11555,2023-08-28,12,9,3,2,193.81,387.62,4,9
11556,2023-08-05,16,20,3,3,28.99,86.97,4,9
11557,2023-08-23,5,13,3,2,68.53,137.06,4,10
11558,2023-08-26,23,1,3,4,1088.99,4355.96,2,10
11559,2023-08-30,25,17,3,4,49.35,197.4,4,10
11560,2023-08-24,25,11,3,1,345.29,345.29,4,9
11561,2023-08-08,9,3,3,3,102.99,308.97,1,10
11562,2023-08-31,26,8,4,1,49.75,49.75,4,14
11563,2023-08-01,19,15,4,2,87.73,175.46,4,13
11564,2023-08-24,5,16,4,2,19.41,38.82,4,14
11565,2023-08-27,8,19,4,2,34.99,69.98,4,14
11566,2023-08-03,27,7,4,2,149.99,299.98,4,14
11567,2023-08-19,28,3,4,1,144.99,144.99,4,12
11568,2023-08-14,14,18,4,2,16.34,32.68,4,14
11569,2023-08-09,13,2,4,2,86.27,172.54,4,13
11570,2023-08-14,17,8,4,1,36.99,36.99,4,12
11571,2023-08-16,23,7,4,2,98.99,197.98,4,13
11572,2023-08-12,4,10,5,3,53.99,161.97,4,15
11573,2023-08-12,5,20,5,2,21.41,42.82,4,17
11574,2023-08-19,26,11,5,3,554.39,1663.17,4,17
11575,2023-08-04,19,20,5,1,19.99,19.99,4,16
11576,2023-08-22,13,15,5,1,85.68,85.68,4,17
11577,2023-08-02,17,17,5,5,36.84,184.2,4,15
11578,2023-08-16,22,9,5,3,138.35,415.05,4,15
11579,2023-08-14,4,2,5,1,65.04,65.04,4,15
11580,2023-08-31,20,5,5,1,14.99,14.99,3,17
11581,2023-08-14,17,4,5,3,105.34,316.02,4,15
11582,2023-08-08,3,5,5,2,28.32,56.64,4,16
11583,2023-08-07,11,17,6,1,51.35,51.35,1,18
11584,2023-08-23,17,13,6,2,39.58,79.16,4,20
11585,2023-08-22,4,6,6,2,15.2,30.4,4,20
11586,2023-08-10,12,9,6,5,159.99,799.95,4,20
11587,2023-08-21,17,4,6,1,251.47,251.47,4,19
11588,2023-08-15,3,16,6,5,22.71,113.55,4,20
11589,2023-08-26,4,2,6,2,92.42,184.84,3,18
11590,2023-08-04,24,20,6,2,29.82,59.64,4,20
11591,2023-08-11,16,3,6,1,117.1,117.1,4,20
11592,2023-08-09,1,4,6,3,197.99,593.97,4,20
11593,2023-08-04,10,8,6,1,64.99,64.99,4,19
11594,2023-08-02,13,13,6,2,115.21,230.42,4,18
11595,2023-08-08,9,13,7,1,110.45,110.45,4,21
11596,2023-08-13,4,5,7,2,15.99,31.98,3,22
11597,2023-08-04,30,8,7,1,64.48,64.48,3,22
11598,2023-08-23,29,7,7,2,95.06,190.12,4,21
11599,2023-08-13,26,5,7,2,14.99,29.98,4,23
11600,2023-08-07,5,16,7,2,11.05,22.1,4,21
11601,2023-08-30,8,6,7,1,12.13,12.13,4,23
11602,2023-08-06,21,14,7,1,170.76,170.76,4,22
11603,2023-08-07,19,5,7,3,25.78,77.34,4,22
11604,2023-08-28,29,14,7,1,218.05,218.05,4,23
11605,2023-08-06,15,9,7,4,180.65,722.6,4,22
11606,2023-08-30,2,16,8,5,21.99,109.95,4,25
11607,2023-08-30,6,14,8,1,185.42,185.42,2,25
11608,2023-08-10,10,4,8,1,145.99,145.99,4,24
11609,2023-08-18,14,17,8,1,21.04,21.04,4,24
11610,2023-08-27,5,10,8,4,59.56,238.24,3,25
11611,2023-08-15,7,15,8,3,56.69,170.07,4,24
11612,2023-08-17,5,19,8,2,15.18,30.36,4,24
11613,2023-08-13,30,6,8,4,34.06,136.24,4,24
11614,2023-08-21,17,5,9,2,17.21,34.42,4,27
11615,2023-08-25,9,10,9,2,59.04,118.08,4,26
11616,2023-08-18,3,15,9,5,54.81,274.05,4,28
11617,2023-08-27,10,1,9,5,1177.99,5889.95,2,27
11618,2023-08-06,15,19,9,2,35.99,71.98,4,28
11619,2023-08-23,8,9,9,2,144.21,288.42,4,28
11620,2023-08-31,25,16,9,5,13.32,66.6,4,28
11621,2023-08-23,20,19,9,1,36.26,36.26,4,26
11622,2023-08-03,12,2,9,4,66.35,265.4,4,28
11623,2023-08-31,14,18,9,1,11.5,11.5,4,26
11624,2023-08-03,14,10,10,2,31.02,62.04,4,31
11625,2023-08-16,18,9,10,1,143.39,143.39,4,30
11626,2023-08-22,24,1,10,4,1358.7,5434.8,4,31
11627,2023-08-24,29,16,10,4,11.43,45.72,4,31
11628,2023-08-06,12,8,10,4,80.75,323.0,4,29
11629,2023-08-29,20,6,10,1,28.32,28.32,4,30
11630,2023-08-15,18,9,10,1,164.99,164.99,2,29
11631,2023-08-11,9,20,10,1,19.65,19.65,4,29
11632,2023-08-13,3,20,10,3,18.99,56.97,4,31
11633,2023-08-04,3,8,10,5,64.99,324.95,4,30
11634,2023-08-31,6,19,10,2,27.08,54.16,4,31
11635,2023-08-14,7,6,10,2,33.99,67.98,4,29
11636,2023-08-24,25,20,10,4,34.99,139.96,4,31
11637,2023-08-11,4,19,10,2,35.99,71.98,4,31
11638,2023-08-07,5,5,11,3,26.99,80.97,4,32
11639,2023-08-04,23,4,11,1,260.13,260.13,4,33
11640,2023-08-15,20,10,11,1,46.79,46.79,4,33
11641,2023-08-09,20,2,11,3,56.99,170.97,4,32
11642,2023-08-25,21,7,11,4,156.99,627.96,4,32
11643,2023-08-06,3,14,11,1,149.1,149.1,4,32
11644,2023-08-29,10,18,11,2,13.99,27.98,4,33
11645,2023-08-12,27,6,11,2,22.64,45.28,4,33
11646,2023-08-27,28,17,11,1,26.99,26.99,4,33
11647,2023-08-17,11,14,12,2,213.99,427.98,4,35
11648,2023-08-27,29,5,12,2,20.26,40.52,4,35
11649,2023-08-25,19,16,12,4,23.51,94.04,4,35
11650,2023-08-02,23,19,12,3,19.0,57.0,4,35
11651,2023-08-09,28,19,12,4,18.99,75.96,4,35
11652,2023-08-07,14,19,12,4,16.12,64.48,4,34
11653,2023-08-25,22,4,12,2,275.42,550.84,3,35
11654,2023-08-12,15,2,13,2,53.78,107.56,4,37
11655,2023-08-22,4,17,13,4,36.83,147.32,3,37
11656,2023-08-27,24,14,13,1,247.89,247.89,4,38
11657,2023-08-28,28,5,13,1,27.05,27.05,4,38
11658,2023-08-15,3,6,13,1,29.52,29.52,4,37
11659,2023-08-29,10,11,13,1,317.73,317.73,4,38
11660,2023-08-06,24,18,13,5,13.17,65.85,4,38
11661,2023-08-24,9,9,13,5,115.16,575.8,4,38
11662,2023-08-29,2,20,13,3,37.53,112.59,4,38
11663,2023-08-28,4,11,13,4,449.31,1797.24,4,36
11664,2023-08-11,20,3,13,1,103.49,103.49,4,36
11665,2023-08-08,12,1,14,1,906.45,906.45,4,40
11666,2023-08-03,3,19,14,3,29.99,89.97,4,39
11667,2023-08-22,4,15,14,2,53.99,107.98,4,39
11668,2023-08-24,29,19,14,1,27.99,27.99,4,40
11669,2023-08-04,13,15,14,2,70.51,141.02,4,40
11670,2023-08-16,26,14,14,1,165.99,165.99,4,40
11671,2023-08-12,25,19,14,1,31.01,31.01,4,39
11672,2023-08-01,9,20,14,1,16.54,16.54,4,40
11673,2023-08-28,15,14,14,1,167.03,167.03,4,39
11674,2023-08-19,1,15,15,1,77.61,77.61,4,42
11675,2023-08-18,20,17,15,1,50.57,50.57,4,41
11676,2023-08-07,11,17,15,1,53.99,53.99,4,41
11677,2023-08-18,30,19,15,1,31.99,31.99,4,42
11678,2023-08-21,26,19,15,3,35.21,105.63,4,42
11679,2023-08-04,25,16,15,2,14.11,28.22,4,41
11680,2023-08-19,7,6,15,2,11.31,22.62,4,41
11681,2023-09-23,12,6,1,3,12.37,37.11,4,3
11682,2023-09-09,9,5,1,2,12.09,24.18,3,4
11683,2023-09-15,24,3,1,2,63.36,126.72,4,2
11684,2023-09-19,14,3,1,3,129.82,389.46,4,4
11685,2023-09-27,28,16,1,1,21.99,21.99,4,3
11686,2023-09-07,30,20,1,2,14.33,28.66,2,4
11687,2023-09-06,22,3,1,2,101.68,203.36,4,3
11688,2023-09-25,24,11,1,1,356.13,356.13,4,2
11689,2023-09-13,16,18,1,3,13.91,41.73,4,2
11690,2023-09-01,22,17,1,3,26.55,79.65,4,3
11691,2023-09-04,20,7,1,2,135.99,271.98,4,4
11692,2023-09-05,3,4,1,1,170.99,170.99,4,2
11693,2023-09-19,7,12,1,1,608.99,608.99,4,2
11694,2023-09-17,12,15,1,4,86.21,344.84,4,1
11695,2023-09-24,16,4,1,3,110.99,332.97,4,2
11696,2023-09-14,10,7,1,3,121.15,363.45,4,4
11697,2023-09-06,6,16,1,1,13.99,13.99,4,2
11698,2023-09-07,12,15,1,2,34.88,69.76,4,2
11699,2023-09-10,13,8,1,3,72.99,218.97,4,2
11700,2023-09-14,2,15,1,1,51.96,51.96,4,3
11701,2023-09-26,2,7,1,4,157.52,630.08,4,3
11702,2023-09-14,15,3,1,2,122.99,245.98,4,4
11703,2023-09-13,28,11,1,5,562.99,2814.95,3,1
11704,2023-09-15,16,18,1,2,7.99,15.98,4,4
11705,2023-09-27,17,18,1,2,8.88,17.76,4,4
11706,2023-09-16,30,18,1,2,15.66,31.32,4,3
11707,2023-09-03,15,15,1,1,77.99,77.99,4,4
11708,2023-09-08,16,7,1,5,133.96,669.8,4,3
11709,2023-09-18,3,9,1,1,181.27,181.27,4,3
11710,2023-09-30,13,1,1,3,1081.99,3245.97,4,3
11711,2023-09-30,23,4,1,2,148.99,297.98,4,4
11712,2023-09-12,26,9,1,2,177.54,355.08,4,1
11713,2023-09-25,21,6,1,2,33.15,66.3,4,1
11714,2023-09-18,25,16,1,1,8.0,8.0,4,1
11715,2023-09-25,26,5,1,3,22.99,68.97,4,3
11716,2023-09-26,16,3,1,4,93.08,372.32,4,3
11717,2023-09-28,25,18,1,3,11.36,34.08,4,4
11718,2023-09-28,7,3,1,3,79.08,237.24,4,4
11719,2023-09-24,4,4,1,1,109.54,109.54,4,4
11720,2023-09-26,5,18,1,3,12.3,36.9,4,4
11721,2023-09-10,5,16,1,4,13.26,53.04,3,1
11722,2023-09-19,22,16,1,1,8.0,8.0,2,3
11723,2023-09-14,9,12,1,4,620.99,2483.96,3,2
11724,2023-09-26,19,10,1,2,58.99,117.98,4,3
11725,2023-09-13,17,4,1,2,264.11,528.22,4,1
11726,2023-09-02,19,4,1,1,208.79,208.79,4,4
11727,2023-09-02,27,19,1,1,33.4,33.4,4,3
11728,2023-09-19,27,20,1,1,35.39,35.39,1,4
11729,2023-09-29,4,11,1,2,468.34,936.68,1,4
11730,2023-09-21,17,9,1,3,173.17,519.51,4,1
11731,2023-09-01,18,10,1,5,58.99,294.95,4,2
11732,2023-09-15,30,7,1,2,97.83,195.66,4,4
11733,2023-09-24,23,5,1,2,23.34,46.68,4,1
11734,2023-09-01,28,6,1,5,21.1,105.5,4,4
11735,2023-09-15,7,6,1,2,15.99,31.98,4,3
11736,2023-09-27,6,11,1,4,427.26,1709.04,4,3
11737,2023-09-29,5,13,1,1,72.54,72.54,4,3
11738,2023-09-18,13,3,1,3,142.85,428.55,4,4
11739,2023-09-13,25,17,1,1,19.2,19.2,3,3
11740,2023-09-08,9,16,1,1,14.99,14.99,1,2
11741,2023-09-17,16,5,1,5,19.66,98.3,4,1
11742,2023-09-07,20,10,1,5,52.99,264.95,4,3
11743,2023-09-18,11,6,1,4,18.94,75.76,4,3
11744,2023-09-16,14,18,1,5,17.37,86.85,1,4
11745,2023-09-24,23,5,1,2,20.57,41.14,1,3
11746,2023-09-25,21,7,1,2,70.99,141.98,3,4
11747,2023-09-19,30,5,1,4,20.15,80.6,4,1
11748,2023-09-25,11,6,1,1,17.99,17.99,4,3
11749,2023-09-07,23,8,1,4,28.99,115.96,4,4
11750,2023-09-23,19,16,1,2,8.73,17.46,4,2
11751,2023-09-28,24,7,1,2,105.99,211.98,4,1
11752,2023-09-22,3,19,1,1,37.17,37.17,4,3
11753,2023-09-24,10,20,1,5,30.8,154.0,4,4
11754,2023-09-11,6,16,1,1,22.34,22.34,4,4
11755,2023-09-20,22,3,1,3,70.99,212.97,4,2
11756,2023-09-26,18,2,1,1,100.64,100.64,4,1
11757,2023-09-10,27,19,1,2,31.99,63.98,4,3
11758,2023-09-19,16,20,1,2,39.58,79.16,4,4
11759,2023-09-11,12,20,1,5,33.28,166.4,4,1
11760,2023-09-01,10,6,1,2,15.99,31.98,4,2
11761,2023-09-12,2,4,1,2,211.13,422.26,4,2
11762,2023-09-08,8,17,1,2,46.99,93.98,4,1
11763,2023-09-26,27,9,1,3,123.99,371.97,4,2
11764,2023-09-19,11,6,1,2,30.73,61.46,4,2
11765,2023-09-06,20,3,1,2,126.24,252.48,4,3
11766,2023-09-13,1,10,1,3,59.99,179.97,4,2
11767,2023-09-03,25,3,1,1,133.99,133.99,4,3
11768,2023-09-17,8,10,1,1,67.01,67.01,4,4
11769,2023-09-28,10,8,1,1,47.46,47.46,4,3
11770,2023-09-18,5,16,1,5,23.08,115.4,4,4
11771,2023-09-18,6,6,2,2,17.99,35.98,4,8
11772,2023-09-18,19,5,2,1,23.98,23.98,4,6
11773,2023-09-22,18,1,2,2,1095.99,2191.98,4,5
11774,2023-09-05,19,7,2,2,82.99,165.98,4,6
11775,2023-09-25,15,5,2,1,22.76,22.76,4,7
11776,2023-09-06,8,20,2,4,17.28,69.12,4,7
11777,2023-09-09,27,19,2,2,38.01,76.02,4,8
11778,2023-09-02,11,4,2,3,159.99,479.97,4,7
11779,2023-09-08,9,20,2,1,20.99,20.99,4,8
11780,2023-09-05,21,14,2,1,118.0,118.0,4,5
11781,2023-09-05,11,4,2,1,223.65,223.65,4,5
11782,2023-09-12,28,4,2,1,169.62,169.62,4,6
11783,2023-09-23,10,5,2,2,12.99,25.98,4,8
11784,2023-09-19,13,19,2,3,18.19,54.57,4,7
11785,2023-09-26,22,10,2,2,30.99,61.98,4,5
11786,2023-09-03,27,13,2,4,72.99,291.96,4,7
11787,2023-09-25,15,20,2,1,21.11,21.11,3,6
11788,2023-09-01,4,12,2,4,646.39,2585.56,4,6
11789,2023-09-17,14,2,2,3,65.99,197.97,4,6
11790,2023-09-04,19,16,2,1,10.32,10.32,4,5
11791,2023-09-21,28,3,2,2,96.99,193.98,4,5
11792,2023-09-04,28,6,2,1,32.99,32.99,1,5
11793,2023-09-01,22,16,2,3,18.79,56.37,4,6
11794,2023-09-28,29,16,2,2,21.99,43.98,4,5
11795,2023-09-20,14,15,2,1,62.99,62.99,4,7
11796,2023-09-11,1,17,2,2,26.45,52.9,4,6
11797,2023-09-01,20,18,2,2,7.99,15.98,4,5
11798,2023-09-11,21,19,2,4,23.15,92.6,4,5
11799,2023-09-11,17,6,2,3,24.99,74.97,4,5
11800,2023-09-17,11,7,2,1,75.87,75.87,4,7
11801,2023-09-20,6,9,2,1,100.99,100.99,4,8
11802,2023-09-10,30,5,2,1,28.72,28.72,4,6
11803,2023-09-20,19,18,2,2,16.24,32.48,4,6
11804,2023-09-14,4,4,2,3,193.99,581.97,4,8
11805,2023-09-25,14,8,2,1,55.3,55.3,4,5
11806,2023-09-13,20,5,2,1,15.99,15.99,4,5
11807,2023-09-04,19,10,2,2,50.38,100.76,2,7
11808,2023-09-27,26,17,2,2,48.04,96.08,4,7
11809,2023-09-03,17,20,2,2,31.53,63.06,4,8
11810,2023-09-17,21,10,2,1,42.91,42.91,4,6
11811,2023-09-01,12,17,2,4,30.98,123.92,4,8
11812,2023-09-12,10,10,2,2,55.99,111.98,4,8
11813,2023-09-11,7,9,2,4,84.04,336.16,4,5
11814,2023-09-17,2,5,2,2,27.15,54.3,4,6
11815,2023-09-24,25,16,2,2,17.75,35.5,4,5
11816,2023-09-19,13,5,2,1,14.99,14.99,2,6
11817,2023-09-01,19,16,2,3,20.99,62.97,4,6
11818,2023-09-06,18,7,2,2,107.92,215.84,4,5
11819,2023-09-18,13,11,2,2,377.81,755.62,4,7
11820,2023-09-05,23,2,2,1,110.99,110.99,4,8
11821,2023-09-17,1,2,2,2,95.99,191.98,4,7
11822,2023-09-12,23,11,2,1,394.5,394.5,4,7
11823,2023-09-04,30,3,2,2,120.99,241.98,4,6
11824,2023-09-30,2,16,2,2,11.86,23.72,4,8
11825,2023-09-02,6,6,2,3,31.99,95.97,4,7
11826,2023-09-06,8,13,2,2,86.99,173.98,4,5
11827,2023-09-23,16,7,2,3,150.99,452.97,4,7
11828,2023-09-17,13,10,2,1,43.94,43.94,4,7
11829,2023-09-10,10,19,2,2,14.33,28.66,4,7
11830,2023-09-08,18,6,2,1,15.99,15.99,4,6
11831,2023-09-08,2,4,2,2,191.99,383.98,4,6
11832,2023-09-20,4,5,2,1,16.99,16.99,4,8
11833,2023-09-12,28,10,2,2,54.99,109.98,4,7
11834,2023-09-16,7,20,2,1,16.99,16.99,4,6
11835,2023-09-13,2,20,2,1,24.99,24.99,4,7
11836,2023-09-10,30,16,2,2,17.35,34.7,4,6
11837,2023-09-02,15,13,2,1,101.02,101.02,3,7
11838,2023-09-19,19,19,2,1,24.15,24.15,3,8
11839,2023-09-08,25,20,2,2,34.89,69.78,3,8
11840,2023-09-04,24,20,2,3,39.99,119.97,4,8
11841,2023-09-13,3,10,2,1,57.96,57.96,4,6
11842,2023-09-30,3,5,2,2,17.81,35.62,4,5
11843,2023-09-30,8,3,2,3,62.75,188.25,4,5
11844,2023-09-26,3,5,2,2,17.52,35.04,4,8
11845,2023-09-10,15,16,2,3,18.86,56.58,4,6
11846,2023-09-02,30,5,2,4,20.21,80.84,4,7
11847,2023-09-07,11,5,2,2,21.18,42.36,4,7
11848,2023-09-18,27,18,2,3,14.21,42.63,4,8
11849,2023-09-06,6,17,2,1,31.04,31.04,3,7
11850,2023-09-08,16,16,2,3,10.08,30.24,2,5
11851,2023-09-21,28,20,2,2,26.99,53.98,4,8
11852,2023-09-05,17,19,2,2,24.86,49.72,4,8
11853,2023-09-30,29,12,2,2,677.46,1354.92,2,8
11854,2023-09-21,18,15,2,1,87.02,87.02,4,7
11855,2023-09-25,22,5,3,1,11.99,11.99,4,9
11856,2023-09-03,11,9,3,2,77.99,155.98,4,11
11857,2023-09-19,30,7,3,1,92.09,92.09,4,9
11858,2023-09-27,21,6,3,1,29.51,29.51,4,11
11859,2023-09-27,10,18,3,1,11.99,11.99,4,11
11860,2023-09-23,11,16,3,4,13.92,55.68,4,11
11861,2023-09-05,6,16,3,1,16.99,16.99,4,11
11862,2023-09-16,12,10,3,2,50.11,100.22,4,9
11863,2023-09-20,27,11,3,1,460.99,460.99,4,11
11864,2023-09-13,30,15,3,1,56.99,56.99,4,9
11865,2023-09-15,30,9,3,1,190.97,190.97,3,10
11866,2023-09-01,21,7,3,2,120.08,240.16,4,10
11867,2023-09-12,3,18,3,4,14.72,58.88,1,11
11868,2023-09-07,23,7,3,2,155.99,311.98,4,11
11869,2023-09-04,25,6,3,1,26.99,26.99,4,10
11870,2023-09-08,18,6,3,4,12.99,51.96,4,10
11871,2023-09-25,20,13,3,1,62.99,62.99,4,9
11872,2023-09-17,1,18,3,1,18.11,18.11,2,9
11873,2023-09-09,2,10,3,2,65.42,130.84,4,9
11874,2023-09-23,13,14,3,4,212.5,850.0,4,9
11875,2023-09-01,21,14,3,4,242.69,970.76,4,11
11876,2023-09-24,3,15,3,1,86.74,86.74,4,10
11877,2023-09-28,19,19,3,3,36.99,110.97,4,11
11878,2023-09-01,9,17,3,1,25.76,25.76,4,11
11879,2023-09-30,19,16,3,3,23.26,69.78,4,11
11880,2023-09-19,17,6,3,1,32.99,32.99,1,10
11881,2023-09-25,21,6,3,1,30.2,30.2,2,10
11882,2023-09-07,18,4,3,4,191.99,767.96,4,11
11883,2023-09-13,16,20,3,1,14.21,14.21,4,9
11884,2023-09-27,15,5,3,1,26.4,26.4,4,10
11885,2023-09-07,3,14,3,4,165.69,662.76,4,9
11886,2023-09-12,7,9,3,2,82.58,165.16,4,9
11887,2023-09-23,22,18,3,2,11.99,23.98,4,11
11888,2023-09-22,10,5,3,3,23.91,71.73,4,9
11889,2023-09-23,2,1,3,3,1339.99,4019.97,4,10
11890,2023-09-13,24,7,3,1,96.99,96.99,4,10
11891,2023-09-10,8,2,3,1,76.54,76.54,4,11
11892,2023-09-08,28,19,3,2,15.27,30.54,4,10
11893,2023-09-06,12,5,3,3,24.99,74.97,4,10
11894,2023-09-06,13,2,3,3,51.79,155.37,4,10
11895,2023-09-25,10,18,3,3,11.44,34.32,4,9
11896,2023-09-11,16,5,3,4,24.84,99.36,4,10
11897,2023-09-22,30,10,3,1,33.99,33.99,4,9
11898,2023-09-09,11,16,3,1,9.66,9.66,4,10
11899,2023-09-17,8,20,3,4,24.66,98.64,2,11
11900,2023-09-23,23,10,3,2,39.94,79.88,4,11
11901,2023-09-22,6,6,3,2,30.48,60.96,4,11
11902,2023-09-20,27,11,3,1,572.99,572.99,1,11
11903,2023-09-19,1,6,3,1,17.72,17.72,4,10
11904,2023-09-24,18,18,3,1,11.99,11.99,2,9
11905,2023-09-29,27,10,3,4,51.42,205.68,4,11
11906,2023-09-08,21,6,3,4,20.57,82.28,4,11
11907,2023-09-02,7,2,3,2,66.99,133.98,4,9
11908,2023-09-14,5,2,3,2,69.99,139.98,4,9
11909,2023-09-16,22,11,3,3,402.99,1208.97,2,9
11910,2023-09-23,22,2,3,3,92.99,278.97,4,9
11911,2023-09-11,3,3,3,3,113.58,340.74,4,9
11912,2023-09-08,7,14,3,4,162.99,651.96,4,9
11913,2023-09-05,27,5,3,3,11.11,33.33,4,9
11914,2023-09-12,10,13,3,1,77.42,77.42,4,11
11915,2023-09-29,13,18,3,4,11.99,47.96,4,10
11916,2023-09-17,28,1,3,3,1006.91,3020.73,4,11
11917,2023-09-28,21,17,3,1,41.75,41.75,4,10
11918,2023-09-25,1,16,3,1,13.45,13.45,4,9
11919,2023-09-30,18,8,3,3,59.89,179.67,4,10
11920,2023-09-09,5,14,3,3,180.27,540.81,4,10
11921,2023-09-14,11,18,3,2,17.82,35.64,4,9
11922,2023-09-29,2,8,3,1,58.99,58.99,4,10
11923,2023-09-12,21,18,3,1,18.53,18.53,4,9
11924,2023-09-20,25,3,3,1,81.39,81.39,4,9
11925,2023-09-15,27,12,3,1,601.06,601.06,4,10
11926,2023-09-05,6,4,3,1,159.26,159.26,4,9
11927,2023-09-08,28,14,3,1,242.97,242.97,4,11
11928,2023-09-13,4,8,3,2,79.99,159.98,4,11
11929,2023-09-01,10,4,3,1,238.35,238.35,4,9
11930,2023-09-19,23,8,3,1,67.33,67.33,4,11
11931,2023-09-29,13,16,3,1,14.2,14.2,4,10
11932,2023-09-12,10,14,3,5,136.49,682.45,3,11
11933,2023-09-17,2,13,3,1,64.54,64.54,4,11
11934,2023-09-02,7,17,3,3,30.99,92.97,4,11
11935,2023-09-30,22,16,4,1,13.64,13.64,4,14
11936,2023-09-11,25,3,4,1,72.82,72.82,4,14
11937,2023-09-04,2,7,4,5,117.28,586.4,4,14
11938,2023-09-13,29,8,4,2,54.32,108.64,4,13
11939,2023-09-20,15,10,4,4,58.99,235.96,4,14
11940,2023-09-05,16,5,4,1,24.99,24.99,4,14
11941,2023-09-01,27,15,4,2,48.99,97.98,4,12
11942,2023-09-26,9,1,4,3,1311.39,3934.17,4,14
11943,2023-09-12,5,5,4,1,23.99,23.99,4,13
11944,2023-09-14,12,13,4,1,51.32,51.32,4,14
11945,2023-09-10,4,10,4,3,63.99,191.97,4,14
11946,2023-09-16,16,2,4,4,102.86,411.44,4,14
11947,2023-09-14,22,6,4,3,24.3,72.9,4,14
11948,2023-09-12,15,3,4,3,61.06,183.18,3,14
11949,2023-09-15,6,15,4,2,60.99,121.98,4,13
11950,2023-09-26,26,4,4,2,148.99,297.98,4,14
11951,2023-09-19,12,2,4,2,54.48,108.96,4,13
11952,2023-09-19,7,6,4,1,16.24,16.24,4,12
11953,2023-09-16,28,18,4,3,7.0,21.0,4,14
11954,2023-09-29,15,9,4,2,74.99,149.98,4,14
11955,2023-09-09,20,19,4,1,18.99,18.99,4,14
11956,2023-09-27,14,13,4,2,84.37,168.74,4,14
11957,2023-09-21,16,18,4,3,13.99,41.97,4,12
11958,2023-09-02,7,20,4,2,35.99,71.98,4,13
11959,2023-09-18,30,6,4,2,9.0,18.0,4,14
11960,2023-09-16,19,5,4,2,17.95,35.9,4,12
11961,2023-09-02,12,16,4,1,8.99,8.99,4,13
11962,2023-09-02,8,6,4,4,23.02,92.08,4,13
11963,2023-09-28,21,18,4,5,15.99,79.95,4,12
11964,2023-09-02,9,4,4,5,279.97,1399.85,4,14
11965,2023-09-30,3,18,4,3,8.99,26.97,4,12
11966,2023-09-29,24,16,4,2,10.65,21.3,4,13
11967,2023-09-11,8,6,4,1,28.99,28.99,4,12
11968,2023-09-07,4,2,4,2,79.64,159.28,2,12
11969,2023-09-12,24,18,4,1,13.99,13.99,4,14
11970,2023-09-10,14,16,4,2,8.0,16.0,4,13
11971,2023-09-13,9,5,4,2,9.0,18.0,4,12
11972,2023-09-19,1,4,4,1,156.99,156.99,4,14
11973,2023-09-05,28,3,4,4,71.26,285.04,4,12
11974,2023-09-19,2,18,4,2,11.21,22.42,4,13
11975,2023-09-05,16,20,4,1,20.02,20.02,4,13
11976,2023-09-15,5,5,4,1,9.57,9.57,4,14
11977,2023-09-17,18,18,4,3,11.1,33.3,4,14
11978,2023-09-23,21,13,4,1,88.09,88.09,4,12
11979,2023-09-14,24,13,4,1,117.75,117.75,4,13
11980,2023-09-15,18,14,4,1,197.36,197.36,4,13
11981,2023-09-03,20,16,4,3,8.95,26.85,4,13
11982,2023-09-17,24,8,4,4,60.85,243.4,4,13
11983,2023-09-07,10,18,4,3,14.73,44.19,4,13
11984,2023-09-19,11,9,4,3,148.55,445.65,4,12
11985,2023-09-18,3,8,4,5,81.99,409.95,4,12
11986,2023-09-28,6,13,4,2,74.09,148.18,4,14
11987,2023-09-20,25,18,4,1,13.2,13.2,4,12
11988,2023-09-28,21,17,4,5,54.4,272.0,4,12
11989,2023-09-01,12,18,4,4,18.91,75.64,4,13
11990,2023-09-09,9,19,4,1,34.02,34.02,4,12
11991,2023-09-11,29,6,4,2,30.61,61.22,4,13
11992,2023-09-01,24,13,4,2,113.26,226.52,4,13
11993,2023-09-03,18,3,4,2,111.99,223.98,4,13
11994,2023-09-21,30,19,4,4,23.25,93.0,4,12
11995,2023-09-13,12,18,4,3,14.2,42.6,4,12
11996,2023-09-29,7,7,4,4,49.59,198.36,3,12
11997,2023-09-18,1,20,4,1,17.08,17.08,4,13
11998,2023-09-01,3,17,4,1,23.99,23.99,4,12
11999,2023-09-05,26,13,4,3,63.28,189.84,4,14
12000,2023-09-15,25,5,4,5,17.11,85.55,4,12
12001,2023-09-02,8,10,4,2,54.18,108.36,4,14
12002,2023-09-09,12,6,4,3,28.99,86.97,4,13
12003,2023-09-21,2,10,4,1,46.68,46.68,4,13
12004,2023-09-17,25,13,4,2,47.75,95.5,4,13
12005,2023-09-03,17,19,5,2,15.99,31.98,1,17
12006,2023-09-24,12,5,5,1,16.29,16.29,4,15
12007,2023-09-25,2,4,5,2,117.29,234.58,4,17
12008,2023-09-27,20,16,5,1,9.26,9.26,4,17
12009,2023-09-24,27,19,5,5,16.99,84.95,1,15
12010,2023-09-27,5,16,5,1,18.99,18.99,4,15
12011,2023-09-21,21,19,5,2,17.99,35.98,4,17
12012,2023-09-19,30,19,5,2,34.88,69.76,4,15
12013,2023-09-30,26,10,5,1,37.99,37.99,2,16
12014,2023-09-20,18,19,5,3,28.45,85.35,3,15
12015,2023-09-21,16,20,5,2,17.27,34.54,4,15
12016,2023-09-30,15,12,5,1,624.25,624.25,4,16
12017,2023-09-21,9,15,5,2,59.41,118.82,2,16
12018,2023-09-22,18,16,5,1,12.99,12.99,4,17
12019,2023-09-23,30,6,5,3,12.99,38.97,4,17
12020,2023-09-10,5,19,5,3,22.56,67.68,4,17
12021,2023-09-11,22,4,5,1,252.71,252.71,4,17
12022,2023-09-26,19,14,5,1,197.99,197.99,4,15
12023,2023-09-27,6,6,5,2,11.34,22.68,4,17
12024,2023-09-28,16,11,5,1,344.99,344.99,4,16
12025,2023-09-25,8,8,5,1,54.7,54.7,4,15
12026,2023-09-24,11,17,5,1,30.78,30.78,4,17
12027,2023-09-18,17,9,5,1,192.2,192.2,4,17
12028,2023-09-26,25,13,5,2,79.32,158.64,4,16
12029,2023-09-25,25,18,5,2,12.11,24.22,2,17
12030,2023-09-10,5,6,5,1,26.99,26.99,4,17
12031,2023-09-21,11,6,5,1,9.99,9.99,4,16
12032,2023-09-15,11,9,5,4,134.99,539.96,4,16
12033,2023-09-08,27,17,5,3,53.34,160.02,4,17
12034,2023-09-13,29,13,5,1,109.05,109.05,4,17
12035,2023-09-06,25,5,5,1,17.77,17.77,2,15
12036,2023-09-02,21,3,5,3,145.99,437.97,4,15
12037,2023-09-25,18,7,5,5,97.99,489.95,4,17
12038,2023-09-22,5,16,5,1,12.89,12.89,4,15
12039,2023-09-09,19,19,5,3,33.99,101.97,4,15
12040,2023-09-01,30,5,5,2,9.99,19.98,4,15
12041,2023-09-02,20,3,5,1,105.99,105.99,1,17
12042,2023-09-21,8,2,5,2,67.59,135.18,4,17
12043,2023-09-07,3,17,5,1,22.5,22.5,4,15
12044,2023-09-03,24,17,5,3,53.96,161.88,3,16
12045,2023-09-29,8,7,5,1,140.99,140.99,4,17
12046,2023-09-08,5,19,5,1,31.93,31.93,4,17
12047,2023-09-11,12,3,5,2,68.55,137.1,4,15
12048,2023-09-01,11,13,5,5,70.6,353.0,4,15
12049,2023-09-12,24,15,5,1,34.96,34.96,4,15
12050,2023-09-20,8,8,5,2,29.0,58.0,4,16
12051,2023-09-03,9,13,5,5,78.99,394.95,1,15
12052,2023-09-08,21,16,5,2,9.99,19.98,4,15
12053,2023-09-30,15,5,5,1,17.99,17.99,4,17
12054,2023-09-15,28,16,5,3,12.53,37.59,4,15
12055,2023-09-14,21,9,5,1,146.82,146.82,4,17
12056,2023-09-11,3,16,5,2,15.2,30.4,4,17
12057,2023-09-14,14,8,5,1,38.11,38.11,4,15
12058,2023-09-11,10,8,5,4,77.99,311.96,4,16
12059,2023-09-30,2,8,5,3,26.99,80.97,4,17
12060,2023-09-09,3,1,5,1,1319.15,1319.15,4,17
12061,2023-09-14,15,19,5,5,27.57,137.85,4,15
12062,2023-09-10,3,6,5,2,33.99,67.98,4,17
12063,2023-09-10,7,14,5,1,156.33,156.33,4,17
12064,2023-09-01,29,14,5,5,238.12,1190.6,4,17
12065,2023-09-18,20,10,5,1,47.21,47.21,4,16
12066,2023-09-25,16,8,6,2,58.25,116.5,1,20
12067,2023-09-19,30,19,6,1,15.99,15.99,4,18
12068,2023-09-04,27,20,6,4,19.99,79.96,2,18
12069,2023-09-09,1,14,6,4,212.62,850.48,4,19
12070,2023-09-24,6,3,6,2,147.99,295.98,4,19
12071,2023-09-15,25,18,6,1,7.99,7.99,4,20
12072,2023-09-12,3,5,6,1,17.05,17.05,4,20
12073,2023-09-11,25,13,6,2,79.3,158.6,4,19
12074,2023-09-16,13,16,6,1,21.31,21.31,4,18
12075,2023-09-30,23,16,6,1,19.67,19.67,1,20
12076,2023-09-26,20,13,6,1,60.77,60.77,3,18
12077,2023-09-08,28,8,6,1,49.69,49.69,1,18
12078,2023-09-25,3,2,6,2,78.28,156.56,4,20
12079,2023-09-21,27,10,6,1,45.99,45.99,1,20
12080,2023-09-24,2,2,6,1,108.97,108.97,4,18
12081,2023-09-08,13,9,6,1,104.99,104.99,4,18
12082,2023-09-12,8,19,6,1,30.15,30.15,4,20
12083,2023-09-11,29,2,6,1,87.28,87.28,4,20
12084,2023-09-27,12,14,6,2,211.31,422.62,4,19
12085,2023-09-09,26,6,6,3,15.99,47.97,4,20
12086,2023-09-12,1,2,6,1,106.11,106.11,4,18
12087,2023-09-17,18,4,6,1,177.39,177.39,4,19
12088,2023-09-12,25,16,6,2,20.99,41.98,4,19
12089,2023-09-01,17,4,6,5,114.62,573.1,4,20
12090,2023-09-28,21,8,6,1,34.99,34.99,3,20
12091,2023-09-07,12,17,6,3,34.3,102.9,4,20
12092,2023-09-29,10,20,6,1,38.7,38.7,4,18
12093,2023-09-03,14,6,6,5,21.36,106.8,3,18
12094,2023-09-27,7,16,6,3,16.99,50.97,4,20
12095,2023-09-24,28,11,6,2,551.99,1103.98,4,19
12096,2023-09-13,26,10,6,2,36.99,73.98,4,19
12097,2023-09-26,17,8,6,1,36.39,36.39,4,18
12098,2023-09-21,24,11,6,2,536.4,1072.8,3,18
12099,2023-09-03,3,9,6,1,196.44,196.44,4,19
12100,2023-09-18,4,4,6,2,159.99,319.98,4,18
12101,2023-09-05,22,11,6,3,501.66,1504.98,4,18
12102,2023-09-16,13,14,6,2,121.68,243.36,4,18
12103,2023-09-05,5,13,6,2,95.34,190.68,4,19
12104,2023-09-02,14,10,6,3,48.37,145.11,4,20
12105,2023-09-17,15,16,6,1,20.26,20.26,4,20
12106,2023-09-23,10,18,6,1,8.99,8.99,4,20
12107,2023-09-18,17,3,6,1,130.05,130.05,4,18
12108,2023-09-09,16,13,6,3,102.21,306.63,4,19
12109,2023-09-27,2,2,6,4,94.99,379.96,4,20
12110,2023-09-08,13,10,6,1,35.99,35.99,4,18
12111,2023-09-11,14,10,6,2,60.99,121.98,4,18
12112,2023-09-11,1,14,6,5,220.04,1100.2,4,19
12113,2023-09-02,3,3,6,3,72.99,218.97,3,19
12114,2023-09-25,20,4,6,2,224.4,448.8,4,20
12115,2023-09-20,24,7,6,2,68.99,137.98,4,18
12116,2023-09-24,9,7,6,1,61.99,61.99,2,18
12117,2023-09-19,17,13,6,2,106.89,213.78,4,20
12118,2023-09-04,27,19,6,2,21.99,43.98,4,18
12119,2023-09-18,25,15,6,1,86.71,86.71,4,19
12120,2023-09-06,13,9,6,3,115.69,347.07,4,19
12121,2023-09-12,5,5,6,1,25.99,25.99,4,19
12122,2023-09-12,16,12,6,1,809.99,809.99,4,19
12123,2023-09-18,22,14,6,2,166.99,333.98,4,18
12124,2023-09-29,17,17,6,2,24.86,49.72,4,18
12125,2023-09-18,5,7,6,3,73.91,221.73,4,19
12126,2023-09-02,24,11,6,2,430.29,860.58,4,20
12127,2023-09-03,17,15,6,1,40.01,40.01,4,19
12128,2023-09-20,10,2,6,3,82.25,246.75,4,18
12129,2023-09-05,2,6,6,1,26.1,26.1,4,19
12130,2023-09-12,7,13,6,1,85.34,85.34,4,20
12131,2023-09-20,24,10,6,3,53.99,161.97,4,20
12132,2023-09-24,7,16,6,5,12.61,63.05,4,20
12133,2023-09-12,8,18,6,1,17.99,17.99,4,20
12134,2023-09-27,24,4,7,2,111.73,223.46,4,22
12135,2023-09-24,25,9,7,3,165.46,496.38,4,21
12136,2023-09-14,23,7,7,4,126.85,507.4,4,21
12137,2023-09-30,18,18,7,5,17.88,89.4,1,22
12138,2023-09-01,15,20,7,3,21.66,64.98,4,23
12139,2023-09-09,14,2,7,4,61.99,247.96,4,21
12140,2023-09-30,15,2,7,1,91.99,91.99,4,21
12141,2023-09-29,2,11,7,4,501.99,2007.96,4,23
12142,2023-09-21,1,5,7,3,13.99,41.97,4,22
12143,2023-09-30,10,5,7,1,25.99,25.99,4,23
12144,2023-09-01,2,16,7,2,18.95,37.9,4,23
12145,2023-09-06,28,5,7,1,19.36,19.36,4,23
12146,2023-09-30,14,14,7,2,148.27,296.54,4,21
12147,2023-09-25,16,18,7,3,15.58,46.74,4,23
12148,2023-09-30,9,9,7,3,78.99,236.97,2,22
12149,2023-09-29,28,4,7,4,108.99,435.96,4,23
12150,2023-09-21,12,14,7,2,113.99,227.98,4,23
12151,2023-09-05,1,6,7,2,33.68,67.36,4,21
12152,2023-09-21,8,6,7,3,16.96,50.88,4,23
12153,2023-09-24,24,12,7,4,400.61,1602.44,4,23
12154,2023-09-20,7,7,7,1,116.2,116.2,4,22
12155,2023-09-28,2,5,7,3,23.72,71.16,4,22
12156,2023-09-07,4,6,7,4,19.77,79.08,3,21
12157,2023-09-20,18,16,7,5,13.62,68.1,4,23
12158,2023-09-21,30,17,7,4,33.13,132.52,4,23
12159,2023-09-07,15,2,7,2,73.99,147.98,4,21
12160,2023-09-18,27,8,7,4,35.47,141.88,4,21
12161,2023-09-17,15,2,7,1,114.99,114.99,4,22
12162,2023-09-29,4,17,7,2,21.99,43.98,4,21
12163,2023-09-25,6,10,7,3,51.99,155.97,4,21
12164,2023-09-12,1,18,7,2,7.55,15.1,3,23
12165,2023-09-02,2,4,7,2,142.4,284.8,4,21
12166,2023-09-20,13,20,7,2,19.99,39.98,4,21
12167,2023-09-14,19,4,7,1,268.69,268.69,4,23
12168,2023-09-25,18,5,7,4,25.41,101.64,4,22
12169,2023-09-05,22,8,7,2,86.87,173.74,4,23
12170,2023-09-28,26,20,7,4,35.99,143.96,1,21
12171,2023-09-05,19,18,7,1,9.69,9.69,4,23
12172,2023-09-11,10,5,7,2,9.0,18.0,4,21
12173,2023-09-20,3,18,7,2,8.47,16.94,4,23
12174,2023-09-08,22,2,7,1,84.99,84.99,4,22
12175,2023-09-03,9,10,7,3,56.99,170.97,4,22
12176,2023-09-16,29,19,7,1,20.83,20.83,3,22
12177,2023-09-25,21,16,7,3,12.99,38.97,4,22
12178,2023-09-11,10,3,7,1,106.49,106.49,4,22
12179,2023-09-26,29,15,7,1,34.89,34.89,4,22
12180,2023-09-17,18,6,7,1,33.72,33.72,4,21
12181,2023-09-03,18,20,7,2,14.99,29.98,4,21
12182,2023-09-08,8,19,7,1,35.07,35.07,4,21
12183,2023-09-08,1,19,7,1,28.99,28.99,4,21
12184,2023-09-07,24,18,7,3,7.43,22.29,4,22
12185,2023-09-22,29,3,7,1,65.99,65.99,2,22
12186,2023-09-06,29,16,7,5,19.48,97.4,4,21
12187,2023-09-10,14,8,7,2,29.65,59.3,4,21
12188,2023-09-17,17,4,7,3,137.32,411.96,4,23
12189,2023-09-14,2,16,7,2,9.99,19.98,4,21
12190,2023-09-12,5,15,7,1,59.99,59.99,4,22
12191,2023-09-17,26,16,7,3,20.75,62.25,4,22
12192,2023-09-10,17,14,7,1,151.99,151.99,4,23
12193,2023-09-10,28,2,7,1,106.99,106.99,4,21
12194,2023-09-19,1,19,7,1,21.14,21.14,4,21
12195,2023-09-12,15,6,7,3,23.94,71.82,3,23
12196,2023-09-11,29,20,8,1,41.84,41.84,4,24
12197,2023-09-06,3,3,8,4,84.99,339.96,4,25
12198,2023-09-13,27,17,8,1,37.86,37.86,4,25
12199,2023-09-09,22,3,8,2,139.67,279.34,4,24
12200,2023-09-14,3,15,8,1,35.69,35.69,1,25
12201,2023-09-27,10,14,8,3,160.77,482.31,4,24
12202,2023-09-18,17,20,8,1,32.99,32.99,4,25
12203,2023-09-04,25,10,8,1,54.88,54.88,4,24
12204,2023-09-07,22,5,8,1,15.99,15.99,3,24
12205,2023-09-07,16,5,8,2,18.91,37.82,4,24
12206,2023-09-21,20,10,8,1,64.99,64.99,4,24
12207,2023-09-11,28,5,8,1,10.26,10.26,4,24
12208,2023-09-25,26,17,8,1,46.42,46.42,4,25
12209,2023-09-21,27,15,8,2,46.01,92.02,4,25
12210,2023-09-01,2,20,8,3,21.72,65.16,1,24
12211,2023-09-16,21,2,8,2,119.99,239.98,4,25
12212,2023-09-04,27,18,8,1,12.62,12.62,2,24
12213,2023-09-10,26,20,8,1,31.98,31.98,4,24
12214,2023-09-26,21,13,8,5,115.99,579.95,4,24
12215,2023-09-10,29,16,8,2,21.66,43.32,4,24
12216,2023-09-10,10,14,8,4,102.99,411.96,4,25
12217,2023-09-19,2,3,8,3,120.68,362.04,4,24
12218,2023-09-29,5,15,8,2,87.99,175.98,4,24
12219,2023-09-27,10,14,8,1,139.94,139.94,4,24
12220,2023-09-26,30,13,8,4,75.54,302.16,2,25
12221,2023-09-15,14,7,8,3,49.68,149.04,4,25
12222,2023-09-06,18,20,8,1,21.99,21.99,4,24
12223,2023-09-27,2,3,8,2,155.82,311.64,4,24
12224,2023-09-29,7,20,8,1,23.49,23.49,4,25
12225,2023-09-10,6,8,8,2,35.99,71.98,4,24
12226,2023-09-19,14,16,8,3,17.17,51.51,4,25
12227,2023-09-22,26,18,8,2,17.99,35.98,4,25
12228,2023-09-19,11,20,8,2,41.15,82.3,4,24
12229,2023-09-02,25,18,8,4,18.54,74.16,4,24
12230,2023-09-17,19,2,8,1,85.99,85.99,4,24
12231,2023-09-15,15,13,8,4,80.22,320.88,4,24
12232,2023-09-11,28,8,8,3,68.99,206.97,4,24
12233,2023-09-13,28,5,8,2,15.99,31.98,4,25
12234,2023-09-12,19,10,8,3,64.99,194.97,3,24
12235,2023-09-30,16,8,8,2,53.99,107.98,1,24
12236,2023-09-08,2,15,8,4,44.99,179.96,4,25
12237,2023-09-06,17,20,8,2,18.99,37.98,4,24
12238,2023-09-23,2,2,8,2,73.3,146.6,4,25
12239,2023-09-04,14,4,8,1,223.88,223.88,4,25
12240,2023-09-28,11,17,8,1,34.99,34.99,4,25
12241,2023-09-27,12,10,8,4,35.86,143.44,4,25
12242,2023-09-01,8,5,8,1,14.99,14.99,4,24
12243,2023-09-12,9,3,8,4,106.27,425.08,4,25
12244,2023-09-08,30,13,8,1,109.29,109.29,4,24
12245,2023-09-07,13,5,8,4,19.34,77.36,3,25
12246,2023-09-08,30,4,8,2,185.5,371.0,4,24
12247,2023-09-04,11,8,8,5,84.81,424.05,4,25
12248,2023-09-07,11,6,8,1,32.51,32.51,4,25
12249,2023-09-02,15,6,8,2,27.11,54.22,4,24
12250,2023-09-17,28,19,8,2,15.99,31.98,4,25
12251,2023-09-08,24,12,8,1,399.99,399.99,4,24
12252,2023-09-17,30,10,8,1,64.03,64.03,4,25
12253,2023-09-06,12,7,8,1,59.99,59.99,4,24
12254,2023-09-28,29,5,8,1,27.49,27.49,4,25
12255,2023-09-11,14,19,8,2,16.99,33.98,4,25
12256,2023-09-08,9,2,8,1,123.99,123.99,4,25
12257,2023-09-27,3,16,8,3,17.99,53.97,4,25
12258,2023-09-13,9,19,8,3,16.97,50.91,4,24
12259,2023-09-01,3,5,8,4,16.99,67.96,4,24
12260,2023-09-26,11,18,8,1,15.99,15.99,4,25
12261,2023-09-09,7,17,8,1,45.99,45.99,4,24
12262,2023-09-21,10,2,8,2,91.07,182.14,2,25
12263,2023-09-11,12,9,8,1,110.99,110.99,4,24
12264,2023-09-09,1,17,8,3,35.7,107.1,4,25
12265,2023-09-07,9,3,9,4,123.99,495.96,3,27
12266,2023-09-26,27,4,9,2,212.99,425.98,4,26
12267,2023-09-03,6,6,9,1,15.72,15.72,4,28
12268,2023-09-21,28,6,9,2,22.16,44.32,4,27
12269,2023-09-19,28,16,9,2,14.99,29.98,4,28
12270,2023-09-20,29,13,9,3,112.03,336.09,4,28
12271,2023-09-20,29,18,9,1,8.84,8.84,4,26
12272,2023-09-11,17,3,9,1,125.62,125.62,4,27
12273,2023-09-14,21,9,9,1,173.81,173.81,4,26
12274,2023-09-04,26,18,9,2,11.57,23.14,3,27
12275,2023-09-23,15,13,9,3,48.59,145.77,4,27
12276,2023-09-28,11,17,9,5,25.99,129.95,4,26
12277,2023-09-14,29,9,9,1,145.41,145.41,1,28
12278,2023-09-12,25,15,9,2,76.99,153.98,4,28
12279,2023-09-16,1,15,9,2,61.99,123.98,4,28
12280,2023-09-20,10,2,9,1,78.99,78.99,4,27
12281,2023-09-09,22,12,9,5,450.99,2254.95,4,28
12282,2023-09-11,28,3,9,2,82.99,165.98,2,27
12283,2023-09-26,6,2,9,2,65.99,131.98,4,26
12284,2023-09-06,28,5,9,2,13.99,27.98,4,28
12285,2023-09-29,7,4,9,3,193.99,581.97,4,28
12286,2023-09-28,10,3,9,1,120.83,120.83,3,28
12287,2023-09-09,13,6,9,1,22.99,22.99,4,28
12288,2023-09-06,28,19,9,1,38.83,38.83,4,28
12289,2023-09-17,25,18,9,3,15.33,45.99,4,26
12290,2023-09-09,24,6,9,1,27.8,27.8,4,28
12291,2023-09-27,28,10,9,1,54.48,54.48,4,26
12292,2023-09-13,19,9,9,2,72.51,145.02,4,27
12293,2023-09-21,2,9,9,2,190.99,381.98,4,27
12294,2023-09-24,26,15,9,1,39.7,39.7,4,27
12295,2023-09-21,25,20,9,3,26.26,78.78,4,28
12296,2023-09-14,22,18,9,4,8.99,35.96,4,26
12297,2023-09-12,2,18,9,1,7.99,7.99,4,28
12298,2023-09-25,16,10,9,1,39.99,39.99,4,26
12299,2023-09-17,2,10,9,1,46.99,46.99,4,27
12300,2023-09-30,24,5,9,1,28.31,28.31,4,27
12301,2023-09-04,29,11,9,1,265.99,265.99,3,27
12302,2023-09-20,11,20,9,5,27.99,139.95,4,26
12303,2023-09-28,11,12,9,1,625.59,625.59,4,27
12304,2023-09-05,27,2,9,1,76.99,76.99,4,28
12305,2023-09-21,21,17,9,2,34.51,69.02,4,27
12306,2023-09-27,13,6,9,1,14.99,14.99,2,28
12307,2023-09-30,21,20,9,5,40.71,203.55,4,27
12308,2023-09-04,18,10,9,3,49.95,149.85,4,26
12309,2023-09-20,20,1,9,1,1175.99,1175.99,4,27
12310,2023-09-18,10,15,9,1,33.99,33.99,4,28
12311,2023-09-09,14,12,9,2,694.99,1389.98,4,27
12312,2023-09-22,22,18,9,2,15.62,31.24,4,26
12313,2023-09-12,2,14,9,2,228.99,457.98,4,26
12314,2023-09-02,11,18,9,4,9.99,39.96,4,28
12315,2023-09-22,18,20,10,5,29.72,148.6,4,29
12316,2023-09-19,1,2,10,1,57.99,57.99,4,31
12317,2023-09-06,17,16,10,3,9.84,29.52,4,29
12318,2023-09-16,20,10,10,1,50.99,50.99,4,29
12319,2023-09-18,16,4,10,3,168.76,506.28,4,29
12320,2023-09-30,3,16,10,4,17.68,70.72,4,31
12321,2023-09-14,3,11,10,3,392.99,1178.97,4,31
12322,2023-09-29,7,17,10,2,30.49,60.98,4,31
12323,2023-09-13,7,7,10,1,82.59,82.59,4,31
12324,2023-09-20,8,7,10,1,102.99,102.99,4,31
12325,2023-09-16,25,6,10,2,13.96,27.92,4,30
12326,2023-09-26,5,1,10,2,1018.99,2037.98,4,31
12327,2023-09-28,1,20,10,1,34.99,34.99,4,29
12328,2023-09-10,5,2,10,5,49.62,248.1,4,30
12329,2023-09-09,12,18,10,1,7.0,7.0,4,31
12330,2023-09-16,26,20,10,3,26.99,80.97,4,29
12331,2023-09-30,13,19,10,3,33.25,99.75,4,30
12332,2023-09-06,13,16,10,1,9.99,9.99,4,29
12333,2023-09-25,29,4,10,5,150.26,751.3,4,30
12334,2023-09-15,10,8,10,1,42.99,42.99,4,30
12335,2023-09-02,22,20,10,2,36.99,73.98,4,30
12336,2023-09-25,22,19,10,1,29.99,29.99,2,30
12337,2023-09-20,30,15,10,1,37.67,37.67,4,31
12338,2023-09-05,6,7,10,2,59.2,118.4,4,31
12339,2023-09-29,21,5,10,1,20.13,20.13,4,31
12340,2023-09-08,17,6,10,2,11.64,23.28,4,30
12341,2023-09-11,23,18,10,4,17.99,71.96,4,29
12342,2023-09-05,20,13,10,1,40.94,40.94,4,31
12343,2023-09-22,1,9,10,1,181.99,181.99,2,31
12344,2023-09-16,21,19,10,1,28.21,28.21,4,29
12345,2023-09-30,2,20,10,3,24.99,74.97,4,30
12346,2023-09-15,2,18,10,2,16.21,32.42,4,30
12347,2023-09-05,5,2,10,3,112.95,338.85,4,29
12348,2023-09-18,5,10,10,1,50.99,50.99,4,31
12349,2023-09-19,19,18,10,2,11.99,23.98,4,31
12350,2023-09-02,17,9,10,5,71.54,357.7,4,29
12351,2023-09-29,8,17,10,2,22.06,44.12,4,30
12352,2023-09-21,9,14,10,4,188.99,755.96,4,31
12353,2023-09-04,21,19,10,2,33.62,67.24,4,30
12354,2023-09-07,21,2,10,1,121.99,121.99,4,29
12355,2023-09-02,15,3,10,2,131.99,263.98,4,29
12356,2023-09-16,25,5,10,2,16.94,33.88,3,31
12357,2023-09-16,2,6,10,3,14.99,44.97,4,29
12358,2023-09-05,13,2,10,1,76.01,76.01,4,31
12359,2023-09-24,30,4,10,1,245.64,245.64,4,31
12360,2023-09-06,5,20,10,4,22.99,91.96,4,29
12361,2023-09-12,11,2,10,2,87.99,175.98,4,29
12362,2023-09-04,14,17,10,1,31.76,31.76,4,30
12363,2023-09-08,5,6,10,3,9.99,29.97,4,30
12364,2023-09-03,25,2,10,2,92.99,185.98,4,30
12365,2023-09-06,12,6,10,1,10.3,10.3,4,30
12366,2023-09-05,5,8,10,1,30.81,30.81,4,29
12367,2023-09-18,2,12,10,1,821.99,821.99,4,31
12368,2023-09-12,8,5,10,1,16.87,16.87,4,29
12369,2023-09-25,25,18,10,2,18.93,37.86,4,29
12370,2023-09-30,25,10,10,1,63.99,63.99,4,29
12371,2023-09-26,5,10,10,3,39.49,118.47,4,31
12372,2023-09-07,26,19,10,1,34.64,34.64,4,30
12373,2023-09-01,27,13,10,2,48.37,96.74,4,30
12374,2023-09-23,25,10,10,3,55.55,166.65,4,30
12375,2023-09-07,30,7,10,2,101.99,203.98,4,29
12376,2023-09-21,6,4,10,2,100.12,200.24,4,31
12377,2023-09-21,25,14,10,2,171.8,343.6,4,30
12378,2023-09-20,6,5,10,3,9.78,29.34,4,30
12379,2023-09-06,4,9,10,2,166.16,332.32,4,31
12380,2023-09-30,4,1,10,1,920.07,920.07,4,29
12381,2023-09-02,17,20,10,1,22.8,22.8,4,29
12382,2023-09-07,29,19,10,4,21.99,87.96,4,31
12383,2023-09-27,20,8,10,1,30.28,30.28,4,30
12384,2023-09-13,22,8,10,3,78.79,236.37,4,30
12385,2023-09-22,28,5,10,2,18.97,37.94,2,29
12386,2023-09-30,6,9,10,2,189.59,379.18,4,30
12387,2023-09-10,26,13,10,2,86.99,173.98,4,29
12388,2023-09-25,3,17,10,4,41.99,167.96,4,29
12389,2023-09-26,6,20,10,2,17.99,35.98,4,29
12390,2023-09-24,28,18,10,2,8.38,16.76,3,29
12391,2023-09-14,10,16,10,2,12.36,24.72,4,29
12392,2023-09-27,10,5,10,1,22.99,22.99,4,31
12393,2023-09-01,24,13,10,2,76.54,153.08,4,30
12394,2023-09-29,23,17,11,2,37.94,75.88,4,33
12395,2023-09-01,29,11,11,2,465.99,931.98,4,32
12396,2023-09-06,14,9,11,2,79.84,159.68,4,32
12397,2023-09-02,5,9,11,3,155.92,467.76,4,32
12398,2023-09-14,10,8,11,2,35.99,71.98,4,32
12399,2023-09-19,28,3,11,1,90.21,90.21,3,33
12400,2023-09-13,1,3,11,1,126.99,126.99,3,33
12401,2023-09-27,17,17,11,1,42.99,42.99,4,33
12402,2023-09-19,5,16,11,2,15.99,31.98,4,32
12403,2023-09-18,22,14,11,1,145.99,145.99,4,32
12404,2023-09-11,29,16,11,2,9.99,19.98,4,32
12405,2023-09-25,6,3,11,2,75.99,151.98,4,32
12406,2023-09-08,14,8,11,1,58.37,58.37,4,32
12407,2023-09-11,10,4,11,2,271.19,542.38,4,32
12408,2023-09-08,15,4,11,1,172.57,172.57,4,32
12409,2023-09-08,10,13,11,2,68.21,136.42,4,33
12410,2023-09-04,23,16,11,3,23.55,70.65,4,32
12411,2023-09-13,7,18,11,2,8.99,17.98,4,32
12412,2023-09-01,28,5,11,2,10.99,21.98,4,33
12413,2023-09-27,23,5,11,5,13.12,65.6,4,32
12414,2023-09-21,25,6,11,5,10.99,54.95,4,32
12415,2023-09-10,8,9,11,5,181.02,905.1,4,33
12416,2023-09-30,13,3,11,1,138.82,138.82,4,32
12417,2023-09-23,18,19,11,2,32.31,64.62,4,32
12418,2023-09-25,3,13,11,3,73.99,221.97,4,32
12419,2023-09-21,26,3,11,1,65.99,65.99,4,32
12420,2023-09-23,19,6,11,1,11.4,11.4,1,32
12421,2023-09-20,26,3,11,1,74.99,74.99,4,33
12422,2023-09-18,14,16,11,1,12.97,12.97,4,33
12423,2023-09-24,7,8,11,1,27.99,27.99,4,32
12424,2023-09-19,2,9,11,2,194.16,388.32,4,32
12425,2023-09-22,4,3,11,4,149.99,599.96,4,32
12426,2023-09-27,22,17,11,4,50.02,200.08,4,33
12427,2023-09-15,13,17,11,1,40.98,40.98,2,33
12428,2023-09-13,21,16,11,2,12.66,25.32,4,33
12429,2023-09-26,17,20,11,1,16.65,16.65,4,33
12430,2023-09-23,24,10,11,5,39.86,199.3,1,33
12431,2023-09-17,30,3,11,2,98.99,197.98,4,32
12432,2023-09-05,29,20,11,3,39.47,118.41,4,32
12433,2023-09-26,11,16,11,3,11.99,35.97,4,33
12434,2023-09-21,15,6,11,2,16.28,32.56,4,33
12435,2023-09-18,10,10,11,2,63.7,127.4,3,33
12436,2023-09-10,28,6,11,3,17.99,53.97,4,32
12437,2023-09-04,28,4,11,1,123.15,123.15,4,33
12438,2023-09-08,25,7,11,2,118.99,237.98,2,33
12439,2023-09-15,22,4,11,5,131.99,659.95,4,32
12440,2023-09-09,29,4,11,1,293.99,293.99,1,32
12441,2023-09-15,7,19,11,1,37.77,37.77,4,33
12442,2023-09-15,29,18,11,1,16.11,16.11,4,33
12443,2023-09-22,9,11,11,1,574.99,574.99,4,33
12444,2023-09-16,17,16,11,3,20.99,62.97,4,33
12445,2023-09-16,1,16,11,2,13.99,27.98,4,33
12446,2023-09-26,3,1,11,1,1112.99,1112.99,4,32
12447,2023-09-06,26,8,11,3,81.28,243.84,4,33
12448,2023-09-18,13,17,11,1,21.99,21.99,4,32
12449,2023-09-26,5,10,11,1,62.3,62.3,4,32
12450,2023-09-18,12,20,11,1,15.65,15.65,4,32
12451,2023-09-13,16,6,11,2,12.0,24.0,4,33
12452,2023-09-20,6,14,11,2,243.29,486.58,4,33
12453,2023-09-17,12,7,11,2,112.99,225.98,4,33
12454,2023-09-25,14,11,11,3,562.64,1687.92,4,32
12455,2023-09-09,9,16,11,1,13.6,13.6,2,32
12456,2023-09-02,30,4,11,1,265.21,265.21,4,32
12457,2023-09-06,8,2,11,2,118.99,237.98,1,33
12458,2023-09-10,29,19,11,3,15.14,45.42,2,33
12459,2023-09-03,25,17,11,3,27.99,83.97,4,32
12460,2023-09-04,26,11,11,2,510.99,1021.98,4,32
12461,2023-09-20,25,9,11,1,117.99,117.99,4,32
12462,2023-09-20,14,13,11,2,78.56,157.12,4,32
12463,2023-09-25,8,20,11,3,38.99,116.97,4,32
12464,2023-09-11,8,19,11,4,31.5,126.0,4,32
12465,2023-09-01,5,5,12,3,11.82,35.46,4,35
12466,2023-09-05,25,16,12,5,22.99,114.95,4,35
12467,2023-09-11,14,13,12,1,90.98,90.98,4,34
12468,2023-09-07,5,16,12,1,21.99,21.99,3,35
12469,2023-09-10,16,5,12,1,24.99,24.99,4,34
12470,2023-09-08,5,13,12,3,110.99,332.97,4,34
12471,2023-09-13,15,5,12,1,15.74,15.74,4,35
12472,2023-09-29,10,1,12,1,894.99,894.99,4,35
12473,2023-09-08,4,17,12,1,41.99,41.99,4,34
12474,2023-09-24,2,5,12,1,17.6,17.6,4,34
12475,2023-09-15,3,13,12,3,109.99,329.97,4,35
12476,2023-09-08,9,3,12,2,158.93,317.86,4,35
12477,2023-09-26,9,19,12,1,33.99,33.99,4,34
12478,2023-09-09,17,19,12,3,14.36,43.08,4,34
12479,2023-09-08,25,20,12,2,23.77,47.54,4,35
12480,2023-09-03,20,18,12,1,8.99,8.99,2,35
12481,2023-09-21,28,1,12,5,967.99,4839.95,4,34
12482,2023-09-04,21,17,12,4,29.83,119.32,4,34
12483,2023-09-25,10,13,12,1,62.5,62.5,4,35
12484,2023-09-28,1,5,12,2,27.99,55.98,2,34
12485,2023-09-17,15,13,12,1,93.82,93.82,4,34
12486,2023-09-23,14,17,12,2,53.26,106.52,3,35
12487,2023-09-02,16,4,12,3,168.89,506.67,4,35
12488,2023-09-01,6,9,12,3,95.99,287.97,4,35
12489,2023-09-24,25,8,12,1,40.24,40.24,4,34
12490,2023-09-14,25,7,12,3,127.27,381.81,4,35
12491,2023-09-09,23,8,12,4,77.98,311.92,4,34
12492,2023-09-06,4,16,12,2,20.95,41.9,4,35
12493,2023-09-28,3,2,12,2,75.74,151.48,1,34
12494,2023-09-09,19,8,12,3,69.99,209.97,4,35
12495,2023-09-12,27,2,12,2,74.4,148.8,4,35
12496,2023-09-17,16,8,12,1,35.69,35.69,4,35
12497,2023-09-08,23,2,12,4,109.99,439.96,4,34
12498,2023-09-16,14,18,12,1,7.0,7.0,2,35
12499,2023-09-10,20,6,12,1,15.7,15.7,4,34
12500,2023-09-19,3,10,12,1,31.73,31.73,4,34
12501,2023-09-11,11,7,12,5,69.44,347.2,1,35
12502,2023-09-27,23,3,13,3,84.99,254.97,4,38
12503,2023-09-02,4,4,13,2,193.43,386.86,4,38
12504,2023-09-04,9,10,13,4,49.99,199.96,4,38
12505,2023-09-22,1,6,13,2,16.99,33.98,4,37
12506,2023-09-19,1,2,13,5,107.99,539.95,4,38
12507,2023-09-20,2,3,13,2,85.99,171.98,4,38
12508,2023-09-19,3,6,13,1,33.99,33.99,4,38
12509,2023-09-30,2,5,13,5,11.22,56.1,4,37
12510,2023-09-16,25,14,13,2,187.0,374.0,4,37
12511,2023-09-13,15,16,13,4,23.67,94.68,4,36
12512,2023-09-24,13,2,13,1,49.99,49.99,4,36
12513,2023-09-22,21,15,13,1,88.85,88.85,4,36
12514,2023-09-04,6,3,13,3,127.0,381.0,4,37
12515,2023-09-18,20,19,13,1,23.99,23.99,4,36
12516,2023-09-13,20,2,13,1,116.53,116.53,1,38
12517,2023-09-02,17,4,13,2,169.99,339.98,4,38
12518,2023-09-04,6,17,13,2,53.19,106.38,1,37
12519,2023-09-29,10,12,13,1,480.99,480.99,4,36
12520,2023-09-21,30,20,13,3,18.06,54.18,4,37
12521,2023-09-03,13,6,13,1,30.99,30.99,4,36
12522,2023-09-30,29,8,13,2,60.33,120.66,2,38
12523,2023-09-08,14,13,13,2,42.11,84.22,4,38
12524,2023-09-27,15,10,13,1,29.79,29.79,4,38
12525,2023-09-08,7,5,13,3,9.0,27.0,4,37
12526,2023-09-03,18,2,13,3,95.81,287.43,4,38
12527,2023-09-20,30,20,13,5,31.99,159.95,2,36
12528,2023-09-06,22,8,13,2,31.49,62.98,4,37
12529,2023-09-30,19,10,13,5,65.54,327.7,4,37
12530,2023-09-01,3,13,13,2,117.99,235.98,4,37
12531,2023-09-19,11,2,13,3,95.6,286.8,4,37
12532,2023-09-09,3,11,13,4,556.49,2225.96,4,36
12533,2023-09-22,6,5,13,2,11.55,23.1,4,38
12534,2023-09-23,24,19,13,1,34.99,34.99,2,37
12535,2023-09-21,7,16,13,2,13.99,27.98,4,36
12536,2023-09-16,14,8,13,2,75.69,151.38,2,36
12537,2023-09-22,23,5,13,1,15.99,15.99,4,36
12538,2023-09-09,20,10,13,1,48.14,48.14,4,36
12539,2023-09-03,22,16,13,1,19.7,19.7,4,36
12540,2023-09-10,18,18,13,3,16.59,49.77,4,36
12541,2023-09-10,20,18,13,2,9.99,19.98,1,38
12542,2023-09-22,3,2,13,1,72.28,72.28,4,36
12543,2023-09-23,24,2,13,1,120.99,120.99,4,38
12544,2023-09-30,28,1,13,3,1282.78,3848.34,4,36
12545,2023-09-30,27,17,13,4,52.84,211.36,4,38
12546,2023-09-15,12,8,13,3,56.99,170.97,4,36
12547,2023-09-25,24,6,13,1,26.97,26.97,4,37
12548,2023-09-22,9,5,13,4,19.99,79.96,4,38
12549,2023-09-13,25,8,13,1,46.99,46.99,4,38
12550,2023-09-03,19,16,13,1,17.62,17.62,4,36
12551,2023-09-05,11,5,13,4,14.14,56.56,3,36
12552,2023-09-04,22,13,13,1,63.3,63.3,4,37
12553,2023-09-03,13,7,13,1,140.92,140.92,4,36
12554,2023-09-19,17,2,13,1,102.67,102.67,4,36
12555,2023-09-30,23,11,13,5,488.94,2444.7,4,38
12556,2023-09-28,30,17,13,2,33.13,66.26,4,36
12557,2023-09-05,17,13,13,1,99.99,99.99,2,37
12558,2023-09-27,26,16,13,3,20.99,62.97,4,38
12559,2023-09-11,25,2,13,5,127.49,637.45,4,36
12560,2023-09-23,27,16,13,1,15.06,15.06,4,37
12561,2023-09-09,11,13,13,1,103.67,103.67,4,38
12562,2023-09-30,20,11,13,3,310.41,931.23,4,37
12563,2023-09-19,10,3,13,4,116.8,467.2,4,37
12564,2023-09-13,16,2,13,1,81.71,81.71,4,37
12565,2023-09-20,13,18,13,1,11.67,11.67,4,38
12566,2023-09-13,8,16,13,1,22.99,22.99,4,37
12567,2023-09-30,21,2,13,1,116.92,116.92,4,37
12568,2023-09-07,15,4,13,3,170.94,512.82,4,36
12569,2023-09-10,24,15,13,4,66.99,267.96,1,37
12570,2023-09-19,22,13,13,3,91.25,273.75,4,37
12571,2023-09-19,22,13,13,1,104.52,104.52,4,38
12572,2023-09-23,24,16,13,1,11.2,11.2,4,38
12573,2023-09-29,24,2,13,4,120.99,483.96,4,36
12574,2023-09-14,11,6,13,1,12.99,12.99,4,38
12575,2023-09-17,29,6,13,1,20.99,20.99,4,37
12576,2023-09-15,4,18,14,2,11.99,23.98,4,39
12577,2023-09-22,20,5,14,1,10.7,10.7,4,39
12578,2023-09-29,11,13,14,1,94.75,94.75,4,39
12579,2023-09-26,3,10,14,2,31.21,62.42,4,39
12580,2023-09-12,29,5,14,4,28.19,112.76,4,40
12581,2023-09-16,27,8,14,3,51.99,155.97,4,39
12582,2023-09-09,27,5,14,5,18.11,90.55,4,39
12583,2023-09-12,22,9,14,3,197.99,593.97,4,39
12584,2023-09-24,1,8,14,1,51.99,51.99,4,39
12585,2023-09-02,15,10,14,1,31.99,31.99,4,40
12586,2023-09-23,2,3,14,4,66.17,264.68,4,40
12587,2023-09-03,18,10,14,1,39.23,39.23,4,40
12588,2023-09-04,4,19,14,1,30.29,30.29,4,39
12589,2023-09-04,4,17,14,1,53.76,53.76,4,40
12590,2023-09-06,26,8,14,1,86.68,86.68,4,40
12591,2023-09-30,15,11,14,1,352.49,352.49,4,40
12592,2023-09-09,23,9,14,1,184.99,184.99,4,39
12593,2023-09-11,8,19,14,1,37.53,37.53,4,40
12594,2023-09-06,7,17,14,2,43.28,86.56,4,40
12595,2023-09-08,5,5,14,2,19.97,39.94,3,39
12596,2023-09-18,26,10,14,4,30.99,123.96,4,40
12597,2023-09-21,29,19,14,4,18.87,75.48,4,40
12598,2023-09-27,7,6,14,1,14.77,14.77,4,40
12599,2023-09-11,22,16,14,2,16.99,33.98,4,39
12600,2023-09-29,17,8,14,2,55.99,111.98,4,40
12601,2023-09-13,29,1,14,1,1079.73,1079.73,4,39
12602,2023-09-24,21,20,14,2,19.99,39.98,4,40
12603,2023-09-29,23,18,14,1,17.99,17.99,4,40
12604,2023-09-07,26,9,14,1,140.69,140.69,4,40
12605,2023-09-17,3,18,14,2,17.54,35.08,4,40
12606,2023-09-11,23,10,14,2,56.67,113.34,4,40
12607,2023-09-30,26,5,14,1,18.99,18.99,4,40
12608,2023-09-11,20,8,14,1,27.92,27.92,4,40
12609,2023-09-05,16,16,14,1,12.99,12.99,4,40
12610,2023-09-06,13,14,14,1,162.85,162.85,4,40
12611,2023-09-30,30,13,14,2,46.56,93.12,4,40
12612,2023-09-24,13,3,14,4,150.99,603.96,4,40
12613,2023-09-27,11,9,14,3,169.92,509.76,4,39
12614,2023-09-14,10,14,14,2,131.99,263.98,4,39
12615,2023-09-22,8,15,14,2,58.21,116.42,4,40
12616,2023-09-03,27,12,14,4,823.93,3295.72,4,39
12617,2023-09-10,27,7,14,2,134.59,269.18,4,39
12618,2023-09-07,27,15,14,1,32.99,32.99,4,39
12619,2023-09-14,11,7,14,1,151.19,151.19,4,39
12620,2023-09-25,28,19,14,2,15.76,31.52,4,40
12621,2023-09-04,23,6,14,1,21.38,21.38,4,40
12622,2023-09-27,22,19,14,3,18.18,54.54,4,40
12623,2023-09-20,1,8,14,2,33.99,67.98,4,39
12624,2023-09-07,23,4,14,2,270.54,541.08,4,40
12625,2023-09-29,17,5,14,1,16.02,16.02,4,39
12626,2023-09-30,5,16,14,2,11.76,23.52,4,40
12627,2023-09-29,8,6,14,2,10.99,21.98,4,40
12628,2023-09-02,8,3,14,1,77.47,77.47,4,40
12629,2023-09-04,16,8,14,1,33.32,33.32,4,39
12630,2023-09-04,11,2,14,1,89.31,89.31,4,40
12631,2023-09-01,15,8,15,1,63.99,63.99,4,41
12632,2023-09-26,9,6,15,1,29.05,29.05,4,41
12633,2023-09-14,26,18,15,2,15.38,30.76,4,42
12634,2023-09-07,23,12,15,1,726.56,726.56,1,42
12635,2023-09-21,14,4,15,2,242.55,485.1,4,41
12636,2023-09-05,15,10,15,2,58.18,116.36,4,42
12637,2023-09-08,1,6,15,1,20.99,20.99,4,41
12638,2023-09-23,29,6,15,5,25.89,129.45,4,41
12639,2023-09-15,17,10,15,1,66.94,66.94,4,42
12640,2023-09-04,17,13,15,2,47.08,94.16,4,42
12641,2023-09-16,22,6,15,1,28.99,28.99,4,41
12642,2023-09-19,15,5,15,5,25.03,125.15,4,41
12643,2023-09-18,14,1,15,1,1133.99,1133.99,4,42
12644,2023-09-27,25,16,15,2,21.99,43.98,4,41
12645,2023-09-24,13,19,15,3,23.65,70.95,1,42
12646,2023-09-14,5,11,15,5,445.04,2225.2,4,41
12647,2023-09-05,3,8,15,1,81.99,81.99,4,41
12648,2023-09-18,22,2,15,1,100.31,100.31,4,42
12649,2023-09-06,7,13,15,2,89.99,179.98,4,41
12650,2023-09-12,8,7,15,2,71.85,143.7,4,41
12651,2023-09-25,20,16,15,3,22.99,68.97,4,42
12652,2023-09-13,20,10,15,2,51.08,102.16,4,41
12653,2023-09-05,29,3,15,4,114.99,459.96,4,42
12654,2023-09-18,7,8,15,3,26.99,80.97,4,41
12655,2023-09-18,27,7,15,2,66.0,132.0,4,42
12656,2023-09-22,26,20,15,1,36.59,36.59,4,41
12657,2023-09-17,4,7,15,4,105.17,420.68,4,42
12658,2023-09-28,18,17,15,3,40.21,120.63,4,41
12659,2023-09-01,2,4,15,2,274.16,548.32,4,41
12660,2023-09-09,21,2,15,2,93.25,186.5,4,41
12661,2023-09-03,1,10,15,4,47.99,191.96,4,41
12662,2023-09-12,26,15,15,1,57.8,57.8,4,42
12663,2023-09-21,27,19,15,1,35.66,35.66,4,42
12664,2023-09-19,8,10,15,1,29.99,29.99,4,41
12665,2023-09-10,18,6,15,1,30.07,30.07,4,41
12666,2023-09-14,4,16,15,3,9.0,27.0,4,41
12667,2023-09-26,4,7,15,1,101.01,101.01,4,41
12668,2023-09-08,8,11,15,3,327.99,983.97,4,42
12669,2023-09-15,30,7,15,1,91.92,91.92,4,41
12670,2023-09-22,17,5,15,3,14.89,44.67,4,42
12671,2023-09-28,30,9,15,2,183.84,367.68,4,42
12672,2023-09-17,18,17,15,1,41.78,41.78,4,42
12673,2023-09-14,18,13,15,2,55.42,110.84,4,42
12674,2023-10-14,21,5,1,2,11.28,22.56,4,2
12675,2023-10-16,3,5,1,1,22.63,22.63,4,1
12676,2023-10-06,18,10,1,1,34.02,34.02,4,2
12677,2023-10-22,20,17,1,2,49.99,99.98,4,2
12678,2023-10-11,8,17,1,1,36.99,36.99,4,1
12679,2023-10-07,12,2,1,3,107.47,322.41,4,3
12680,2023-10-07,26,14,1,2,113.37,226.74,4,4
12681,2023-10-22,5,3,1,1,95.99,95.99,4,1
12682,2023-10-16,7,5,1,4,17.36,69.44,4,4
12683,2023-10-08,14,6,1,2,29.71,59.42,4,3
12684,2023-10-01,6,9,1,2,194.99,389.98,4,3
12685,2023-10-03,7,5,1,3,19.99,59.97,1,2
12686,2023-10-14,13,1,1,2,816.99,1633.98,4,2
12687,2023-10-30,1,16,1,4,15.99,63.96,4,2
12688,2023-10-19,6,8,1,3,36.96,110.88,4,3
12689,2023-10-02,25,8,1,3,76.99,230.97,4,4
12690,2023-10-06,13,6,1,3,24.47,73.41,4,1
12691,2023-10-31,30,3,1,1,86.7,86.7,4,3
12692,2023-10-31,22,19,1,3,14.39,43.17,3,3
12693,2023-10-03,16,19,1,3,24.99,74.97,4,1
12694,2023-10-07,24,4,1,1,137.35,137.35,4,2
12695,2023-10-04,25,18,1,3,15.97,47.91,4,2
12696,2023-10-30,23,6,1,1,9.29,9.29,4,2
12697,2023-10-17,14,5,1,5,16.65,83.25,4,2
12698,2023-10-06,1,9,1,4,174.99,699.96,1,4
12699,2023-10-03,8,16,1,1,8.0,8.0,4,4
12700,2023-10-08,3,17,1,1,43.4,43.4,4,4
12701,2023-10-17,19,18,1,2,15.47,30.94,4,1
12702,2023-10-10,23,10,1,1,45.68,45.68,4,3
12703,2023-10-10,18,2,1,3,117.98,353.94,4,3
12704,2023-10-04,18,19,1,2,25.99,51.98,4,2
12705,2023-10-20,29,1,1,1,1012.64,1012.64,4,3
12706,2023-10-07,11,17,1,1,24.99,24.99,4,2
12707,2023-10-24,17,4,1,3,285.75,857.25,4,1
12708,2023-10-05,14,6,1,2,13.99,27.98,2,4
12709,2023-10-11,24,3,1,1,123.42,123.42,4,4
12710,2023-10-05,10,5,1,3,9.99,29.97,4,2
12711,2023-10-09,25,10,1,5,55.16,275.8,4,4
12712,2023-10-06,17,19,1,2,34.3,68.6,4,1
12713,2023-10-02,19,19,1,2,21.99,43.98,4,1
12714,2023-10-07,9,17,1,1,33.86,33.86,4,3
12715,2023-10-06,12,16,1,1,16.99,16.99,4,3
12716,2023-10-16,14,8,1,3,73.24,219.72,4,3
12717,2023-10-06,21,16,1,3,8.3,24.9,4,1
12718,2023-10-28,23,3,1,1,95.88,95.88,4,2
12719,2023-10-24,15,19,1,1,20.7,20.7,4,2
12720,2023-10-02,19,6,1,5,19.68,98.4,4,3
12721,2023-10-12,22,9,1,4,171.97,687.88,4,2
12722,2023-10-20,10,3,1,1,95.99,95.99,4,1
12723,2023-10-07,12,6,1,3,27.01,81.03,4,1
12724,2023-10-12,25,5,1,4,26.54,106.16,4,3
12725,2023-10-05,17,4,1,4,222.56,890.24,4,2
12726,2023-10-08,16,6,1,2,34.2,68.4,4,4
12727,2023-10-13,12,13,1,3,85.81,257.43,4,1
12728,2023-10-10,20,5,1,5,18.19,90.95,4,4
12729,2023-10-15,12,2,2,5,87.99,439.95,3,6
12730,2023-10-02,14,17,2,4,36.2,144.8,4,6
12731,2023-10-15,21,3,2,1,98.98,98.98,4,6
12732,2023-10-16,3,16,2,2,10.99,21.98,4,6
12733,2023-10-07,4,18,2,4,12.71,50.84,4,7
12734,2023-10-01,17,1,2,3,1059.99,3179.97,4,6
12735,2023-10-04,6,16,2,1,8.2,8.2,4,6
12736,2023-10-01,11,10,2,1,58.99,58.99,4,6
12737,2023-10-08,28,5,2,1,16.63,16.63,4,7
12738,2023-10-02,5,14,2,1,203.83,203.83,4,7
12739,2023-10-05,14,20,2,3,19.55,58.65,4,7
12740,2023-10-11,24,2,2,5,121.74,608.7,4,5
12741,2023-10-27,21,6,2,3,28.64,85.92,2,7
12742,2023-10-13,14,17,2,2,54.86,109.72,4,6
12743,2023-10-19,6,6,2,1,23.99,23.99,4,8
12744,2023-10-05,15,20,2,2,37.99,75.98,4,7
12745,2023-10-08,14,1,2,1,989.96,989.96,4,5
12746,2023-10-26,9,10,2,3,39.65,118.95,4,6
12747,2023-10-13,22,11,2,5,464.52,2322.6,4,6
12748,2023-10-12,7,6,2,1,27.99,27.99,4,5
12749,2023-10-09,18,5,2,4,11.99,47.96,4,5
12750,2023-10-13,27,19,2,1,35.99,35.99,4,5
12751,2023-10-21,23,19,2,4,34.99,139.96,4,7
12752,2023-10-02,3,18,2,1,10.27,10.27,4,6
12753,2023-10-19,9,19,2,1,36.34,36.34,4,8
12754,2023-10-23,21,19,2,1,36.99,36.99,4,7
12755,2023-10-21,30,7,2,2,151.72,303.44,4,6
12756,2023-10-13,12,7,2,2,122.06,244.12,4,7
12757,2023-10-23,24,2,2,5,103.81,519.05,4,5
12758,2023-10-16,3,2,2,4,107.66,430.64,4,8
12759,2023-10-08,15,17,2,2,32.77,65.54,4,5
12760,2023-10-08,17,5,2,1,24.99,24.99,4,5
12761,2023-10-24,7,13,2,1,96.99,96.99,4,6
12762,2023-10-26,3,4,2,3,187.99,563.97,4,7
12763,2023-10-21,7,16,2,4,21.16,84.64,4,5
12764,2023-10-06,29,8,2,1,65.99,65.99,4,8
12765,2023-10-21,22,5,2,4,14.37,57.48,4,5
12766,2023-10-07,20,4,2,1,219.46,219.46,1,7
12767,2023-10-24,24,5,2,2,28.31,56.62,4,7
12768,2023-10-24,21,12,2,3,722.99,2168.97,2,6
12769,2023-10-14,10,18,2,3,16.33,48.99,4,5
12770,2023-10-27,17,11,2,2,388.84,777.68,4,8
12771,2023-10-14,9,19,2,1,27.99,27.99,4,8
12772,2023-10-05,22,16,2,2,15.2,30.4,4,5
12773,2023-10-16,26,3,2,3,120.99,362.97,4,6
12774,2023-10-15,7,4,2,3,118.99,356.97,4,5
12775,2023-10-21,17,10,2,3,47.24,141.72,4,7
12776,2023-10-03,29,15,2,1,84.99,84.99,4,8
12777,2023-10-15,18,13,2,1,89.0,89.0,4,7
12778,2023-10-22,3,17,3,2,45.32,90.64,4,9
12779,2023-10-15,23,13,3,1,49.99,49.99,4,11
12780,2023-10-16,19,12,3,1,841.99,841.99,4,10
12781,2023-10-18,22,17,3,1,47.16,47.16,4,11
12782,2023-10-02,23,3,3,3,61.24,183.72,4,10
12783,2023-10-06,24,20,3,1,18.84,18.84,4,9
12784,2023-10-11,18,6,3,1,20.86,20.86,4,9
12785,2023-10-27,7,12,3,1,849.15,849.15,4,10
12786,2023-10-04,18,6,3,2,15.65,31.3,4,10
12787,2023-10-27,6,2,3,2,76.99,153.98,4,9
12788,2023-10-04,18,5,3,1,10.99,10.99,4,10
12789,2023-10-23,1,17,3,1,22.99,22.99,4,10
12790,2023-10-26,8,3,3,1,110.94,110.94,2,10
12791,2023-10-25,19,14,3,2,194.99,389.98,4,10
12792,2023-10-19,10,4,3,1,230.99,230.99,4,9
12793,2023-10-08,30,18,3,2,7.99,15.98,4,10
12794,2023-10-25,23,5,3,3,21.24,63.72,4,10
12795,2023-10-04,27,18,3,1,7.0,7.0,4,10
12796,2023-10-28,7,18,3,4,17.75,71.0,4,10
12797,2023-10-01,2,14,3,1,219.99,219.99,4,11
12798,2023-10-12,12,1,3,3,1051.76,3155.28,3,9
12799,2023-10-04,14,16,3,1,18.1,18.1,4,10
12800,2023-10-22,2,16,3,1,19.99,19.99,4,10
12801,2023-10-11,5,20,3,1,31.96,31.96,4,9
12802,2023-10-11,8,16,3,1,13.99,13.99,4,9
12803,2023-10-21,15,4,3,5,126.99,634.95,4,10
12804,2023-10-10,19,16,3,3,10.12,30.36,3,9
12805,2023-10-13,2,10,3,3,33.99,101.97,2,11
12806,2023-10-08,20,11,3,1,475.7,475.7,4,10
12807,2023-10-30,11,15,3,5,73.99,369.95,4,9
12808,2023-10-24,27,2,3,1,104.99,104.99,4,9
12809,2023-10-03,17,14,3,1,177.99,177.99,4,11
12810,2023-10-23,1,8,3,2,65.75,131.5,4,9
12811,2023-10-04,21,13,3,2,66.5,133.0,4,10
12812,2023-10-12,23,19,3,5,16.99,84.95,4,11
12813,2023-10-23,8,16,3,2,14.07,28.14,4,11
12814,2023-10-30,2,11,3,2,488.99,977.98,4,11
12815,2023-10-28,20,17,3,4,24.23,96.92,4,10
12816,2023-10-05,11,3,3,2,78.19,156.38,4,10
12817,2023-10-22,11,2,3,2,112.99,225.98,4,11
12818,2023-10-29,11,18,3,1,13.99,13.99,4,10
12819,2023-10-21,5,20,3,1,24.77,24.77,4,10
12820,2023-10-26,24,8,3,2,39.99,79.98,1,10
12821,2023-10-06,30,4,3,2,262.99,525.98,4,11
12822,2023-10-11,4,3,3,5,91.55,457.75,3,11
12823,2023-10-29,30,16,3,2,18.63,37.26,4,9
12824,2023-10-27,23,8,3,1,37.89,37.89,4,9
12825,2023-10-13,21,3,3,1,148.99,148.99,4,9
12826,2023-10-16,22,19,3,2,36.99,73.98,4,9
12827,2023-10-01,23,15,3,4,73.58,294.32,4,11
12828,2023-10-08,11,2,3,3,127.19,381.57,4,10
12829,2023-10-20,20,18,3,1,16.99,16.99,4,9
12830,2023-10-08,25,10,3,2,46.99,93.98,4,9
12831,2023-10-23,11,4,3,1,124.82,124.82,4,10
12832,2023-10-09,28,2,3,1,94.08,94.08,4,10
12833,2023-10-25,14,15,3,2,55.09,110.18,3,10
12834,2023-10-31,16,5,3,5,9.0,45.0,4,9
12835,2023-10-18,16,20,3,1,40.99,40.99,4,10
12836,2023-10-01,30,14,3,4,125.0,500.0,1,9
12837,2023-10-31,7,1,3,4,973.99,3895.96,4,11
12838,2023-10-23,20,17,3,2,46.16,92.32,4,10
12839,2023-10-31,16,14,3,4,135.99,543.96,4,11
12840,2023-10-26,1,3,3,1,77.13,77.13,4,10
12841,2023-10-14,26,14,3,2,196.99,393.98,4,10
12842,2023-10-23,4,11,4,1,387.99,387.99,4,12
12843,2023-10-24,16,10,4,4,54.75,219.0,4,14
12844,2023-10-26,6,3,4,1,101.67,101.67,1,13
12845,2023-10-13,22,18,4,3,9.99,29.97,4,13
12846,2023-10-14,10,5,4,3,18.99,56.97,4,13
12847,2023-10-23,10,10,4,2,47.65,95.3,4,12
12848,2023-10-01,7,8,4,4,38.64,154.56,4,13
12849,2023-10-26,1,7,4,1,50.64,50.64,4,12
12850,2023-10-10,5,16,4,1,23.85,23.85,4,12
12851,2023-10-25,21,14,4,2,109.1,218.2,3,13
12852,2023-10-04,2,19,4,1,26.39,26.39,4,12
12853,2023-10-08,26,7,4,2,136.99,273.98,4,13
12854,2023-10-04,15,8,4,3,82.31,246.93,4,14
12855,2023-10-13,16,4,4,5,289.38,1446.9,4,12
12856,2023-10-22,3,12,4,1,881.54,881.54,4,13
12857,2023-10-12,12,16,4,3,20.22,60.66,4,13
12858,2023-10-27,12,15,4,4,45.52,182.08,4,13
12859,2023-10-24,2,7,4,2,155.99,311.98,2,14
12860,2023-10-14,30,4,4,1,216.99,216.99,4,13
12861,2023-10-07,2,2,4,2,113.78,227.56,4,14
12862,2023-10-03,16,1,4,1,1166.57,1166.57,4,14
12863,2023-10-27,30,17,4,1,35.96,35.96,4,13
12864,2023-10-09,27,2,4,2,80.99,161.98,4,12
12865,2023-10-20,26,3,4,3,129.99,389.97,4,12
12866,2023-10-24,28,19,4,1,23.99,23.99,4,14
12867,2023-10-31,5,4,4,2,144.99,289.98,4,14
12868,2023-10-21,8,2,4,2,99.99,199.98,4,14
12869,2023-10-03,3,5,4,1,28.24,28.24,4,13
12870,2023-10-02,4,7,4,1,70.99,70.99,1,12
12871,2023-10-05,2,1,4,3,1030.09,3090.27,4,13
12872,2023-10-20,8,8,4,4,83.99,335.96,4,12
12873,2023-10-04,30,20,4,3,40.99,122.97,4,13
12874,2023-10-18,29,3,4,1,123.99,123.99,4,12
12875,2023-10-15,2,18,4,4,8.47,33.88,4,12
12876,2023-10-04,13,11,4,3,332.44,997.32,2,12
12877,2023-10-21,7,3,4,4,113.75,455.0,4,13
12878,2023-10-28,27,17,4,4,54.29,217.16,4,13
12879,2023-10-20,15,9,4,2,89.99,179.98,4,14
12880,2023-10-28,20,3,4,2,114.99,229.98,4,14
12881,2023-10-21,23,19,4,2,18.99,37.98,4,14
12882,2023-10-21,13,7,4,2,107.45,214.9,4,12
12883,2023-10-06,29,9,4,1,157.04,157.04,4,12
12884,2023-10-15,6,17,4,1,47.15,47.15,4,14
12885,2023-10-14,17,20,4,2,29.99,59.98,4,12
12886,2023-10-19,27,5,4,2,25.17,50.34,4,13
12887,2023-10-18,25,11,4,1,496.99,496.99,4,12
12888,2023-10-13,5,6,4,2,28.99,57.98,4,14
12889,2023-10-30,21,16,4,4,21.62,86.48,3,12
12890,2023-10-11,6,19,4,2,37.95,75.9,4,14
12891,2023-10-11,10,17,4,1,33.99,33.99,4,14
12892,2023-10-12,2,4,4,3,131.99,395.97,4,12
12893,2023-10-31,3,20,4,2,16.99,33.98,4,12
12894,2023-10-25,9,19,4,1,26.99,26.99,3,14
12895,2023-10-12,3,5,4,1,10.99,10.99,4,12
12896,2023-10-19,3,16,5,2,8.68,17.36,3,15
12897,2023-10-04,30,16,5,2,14.99,29.98,2,16
12898,2023-10-02,19,4,5,3,252.99,758.97,4,16
12899,2023-10-01,16,10,5,3,34.99,104.97,4,17
12900,2023-10-10,16,18,5,2,10.13,20.26,4,16
12901,2023-10-28,23,20,5,4,38.99,155.96,4,17
12902,2023-10-19,10,5,5,1,14.25,14.25,4,16
12903,2023-10-10,2,6,5,1,13.32,13.32,4,16
12904,2023-10-10,23,16,5,1,8.58,8.58,4,15
12905,2023-10-16,14,15,5,1,60.99,60.99,4,16
12906,2023-10-03,28,10,5,3,33.99,101.97,3,16
12907,2023-10-05,12,6,5,3,11.52,34.56,4,17
12908,2023-10-24,14,17,5,1,20.5,20.5,4,16
12909,2023-10-29,28,7,5,1,95.53,95.53,4,17
12910,2023-10-01,16,6,5,1,10.78,10.78,4,16
12911,2023-10-09,19,3,5,4,110.32,441.28,4,16
12912,2023-10-25,1,11,5,3,427.99,1283.97,4,16
12913,2023-10-04,17,7,5,1,114.97,114.97,4,16
12914,2023-10-18,23,16,5,3,23.91,71.73,4,17
12915,2023-10-19,30,10,5,2,58.24,116.48,2,15
12916,2023-10-21,12,19,5,1,26.99,26.99,4,17
12917,2023-10-03,9,10,5,1,51.68,51.68,4,17
12918,2023-10-07,15,5,5,3,28.48,85.44,4,15
12919,2023-10-31,7,5,5,1,13.99,13.99,4,16
12920,2023-10-06,24,20,5,3,16.87,50.61,4,16
12921,2023-10-18,23,8,5,1,34.13,34.13,4,16
12922,2023-10-17,23,5,5,5,11.85,59.25,4,15
12923,2023-10-06,10,10,5,1,52.99,52.99,4,17
12924,2023-10-18,28,20,5,1,31.64,31.64,4,15
12925,2023-10-03,18,18,5,3,8.4,25.2,4,15
12926,2023-10-19,13,11,5,2,371.99,743.98,4,16
12927,2023-10-25,7,5,5,2,15.67,31.34,4,16
12928,2023-10-26,4,20,5,1,21.99,21.99,4,16
12929,2023-10-21,20,19,5,4,24.03,96.12,4,16
12930,2023-10-21,26,8,5,2,80.69,161.38,4,15
12931,2023-10-17,6,20,5,3,27.99,83.97,4,15
12932,2023-10-21,18,18,5,1,15.95,15.95,4,16
12933,2023-10-23,17,6,5,4,13.99,55.96,4,17
12934,2023-10-25,11,15,5,1,66.99,66.99,4,17
12935,2023-10-07,10,4,5,2,215.72,431.44,4,16
12936,2023-10-16,20,19,5,2,29.93,59.86,4,16
12937,2023-10-25,2,8,5,1,72.51,72.51,4,15
12938,2023-10-13,9,3,5,3,107.99,323.97,4,16
12939,2023-10-23,14,18,5,1,18.49,18.49,4,15
12940,2023-10-27,6,3,5,1,133.98,133.98,4,17
12941,2023-10-14,19,16,5,1,22.06,22.06,1,16
12942,2023-10-21,23,6,5,3,13.88,41.64,4,17
12943,2023-10-14,22,15,5,2,73.99,147.98,3,16
12944,2023-10-31,11,6,5,5,29.99,149.95,4,17
12945,2023-10-28,2,3,5,1,90.99,90.99,4,15
12946,2023-10-16,19,10,6,5,40.43,202.15,2,19
12947,2023-10-03,20,19,6,2,16.99,33.98,4,18
12948,2023-10-23,17,7,6,5,154.99,774.95,4,20
12949,2023-10-05,2,18,6,1,10.18,10.18,4,20
12950,2023-10-17,19,18,6,1,16.72,16.72,4,20
12951,2023-10-18,27,20,6,1,27.41,27.41,4,19
12952,2023-10-09,30,20,6,2,32.99,65.98,4,19
12953,2023-10-04,15,17,6,3,29.64,88.92,4,19
12954,2023-10-08,20,17,6,1,19.26,19.26,4,19
12955,2023-10-06,13,13,6,1,90.99,90.99,4,19
12956,2023-10-11,4,11,6,1,382.21,382.21,4,18
12957,2023-10-01,6,3,6,3,59.0,177.0,4,20
12958,2023-10-18,10,15,6,1,61.99,61.99,4,19
12959,2023-10-16,6,18,6,1,12.99,12.99,4,19
12960,2023-10-28,6,6,6,1,9.0,9.0,4,18
12961,2023-10-24,5,6,6,1,20.99,20.99,4,20
12962,2023-10-26,7,2,6,1,70.99,70.99,4,18
12963,2023-10-19,4,16,6,2,19.62,39.24,4,19
12964,2023-10-03,1,20,6,1,34.99,34.99,4,20
12965,2023-10-28,18,15,6,1,73.12,73.12,4,20
12966,2023-10-05,17,5,6,1,19.03,19.03,4,20
12967,2023-10-26,3,20,6,3,37.99,113.97,4,18
12968,2023-10-02,13,2,6,1,70.99,70.99,4,20
12969,2023-10-20,28,17,6,2,39.99,79.98,4,18
12970,2023-10-26,10,13,6,3,56.99,170.97,4,19
12971,2023-10-21,5,17,6,1,48.99,48.99,4,20
12972,2023-10-16,8,8,6,3,29.99,89.97,4,18
12973,2023-10-11,9,3,6,4,126.11,504.44,4,19
12974,2023-10-05,16,9,6,2,125.99,251.98,4,20
12975,2023-10-25,16,5,6,3,14.26,42.78,4,20
12976,2023-10-18,24,10,6,1,55.9,55.9,4,18
12977,2023-10-20,2,18,6,1,7.96,7.96,4,18
12978,2023-10-29,24,17,6,5,24.83,124.15,4,18
12979,2023-10-19,3,9,6,2,158.99,317.98,4,18
12980,2023-10-07,6,6,6,1,26.99,26.99,4,18
12981,2023-10-15,2,19,6,1,18.56,18.56,4,20
12982,2023-10-25,7,3,6,1,77.99,77.99,4,19
12983,2023-10-25,24,17,6,3,23.89,71.67,4,18
12984,2023-10-06,1,9,6,2,147.99,295.98,4,19
12985,2023-10-21,9,4,6,1,213.22,213.22,4,18
12986,2023-10-06,2,15,6,1,82.99,82.99,4,19
12987,2023-10-17,17,10,6,1,37.99,37.99,4,19
12988,2023-10-19,15,5,6,2,13.02,26.04,4,20
12989,2023-10-02,10,5,6,4,17.66,70.64,4,19
12990,2023-10-21,28,5,6,3,17.99,53.97,4,19
12991,2023-10-18,10,14,6,2,202.56,405.12,4,19
12992,2023-10-16,16,20,6,1,28.99,28.99,4,20
12993,2023-10-04,3,9,7,1,123.62,123.62,4,23
12994,2023-10-01,21,19,7,1,17.92,17.92,4,22
12995,2023-10-17,1,4,7,5,145.19,725.95,4,22
12996,2023-10-22,17,13,7,5,44.9,224.5,4,21
12997,2023-10-13,5,11,7,1,439.99,439.99,4,21
12998,2023-10-07,17,17,7,2,26.99,53.98,4,22
12999,2023-10-27,27,19,7,2,16.54,33.08,4,21
13000,2023-10-23,7,5,7,2,26.7,53.4,4,21
13001,2023-10-22,19,15,7,1,78.99,78.99,4,23
13002,2023-10-01,5,13,7,2,46.99,93.98,1,23
13003,2023-10-23,8,7,7,2,156.1,312.2,4,22
13004,2023-10-28,18,19,7,2,22.33,44.66,4,23
13005,2023-10-10,12,7,7,1,83.1,83.1,2,22
13006,2023-10-18,21,16,7,3,8.0,24.0,4,23
13007,2023-10-29,25,7,7,2,121.23,242.46,4,22
13008,2023-10-29,9,6,7,5,14.89,74.45,4,23
13009,2023-10-18,11,3,7,1,152.81,152.81,4,23
13010,2023-10-27,17,2,7,4,71.99,287.96,4,23
13011,2023-10-30,28,5,7,2,14.34,28.68,4,22
13012,2023-10-20,16,16,7,2,10.41,20.82,4,23
13013,2023-10-10,28,6,7,1,25.99,25.99,4,23
13014,2023-10-21,9,8,7,1,26.99,26.99,4,22
13015,2023-10-07,9,13,7,2,83.5,167.0,4,23
13016,2023-10-08,5,8,7,2,53.99,107.98,4,23
13017,2023-10-24,21,19,7,2,31.99,63.98,4,23
13018,2023-10-11,19,7,7,1,61.05,61.05,4,21
13019,2023-10-12,24,10,7,1,50.99,50.99,4,22
13020,2023-10-15,9,6,7,4,11.73,46.92,4,23
13021,2023-10-29,16,8,7,1,83.99,83.99,4,23
13022,2023-10-28,7,16,7,1,22.6,22.6,4,22
13023,2023-10-03,10,5,7,3,23.5,70.5,4,23
13024,2023-10-10,10,7,7,1,49.0,49.0,4,22
13025,2023-10-27,14,15,7,3,36.99,110.97,4,22
13026,2023-10-19,9,13,7,4,100.99,403.96,4,23
13027,2023-10-06,10,8,8,2,40.99,81.98,4,24
13028,2023-10-13,5,17,8,1,25.99,25.99,4,25
13029,2023-10-09,29,8,8,4,52.99,211.96,4,25
13030,2023-10-27,17,8,8,4,61.14,244.56,4,25
13031,2023-10-18,14,18,8,1,8.99,8.99,4,24
13032,2023-10-06,6,13,8,2,99.99,199.98,4,24
13033,2023-10-20,14,5,8,1,16.99,16.99,4,25
13034,2023-10-24,18,10,8,2,33.94,67.88,4,25
13035,2023-10-08,16,7,8,3,149.6,448.8,4,24
13036,2023-10-21,5,9,8,5,99.99,499.95,4,24
13037,2023-10-28,17,9,8,4,133.99,535.96,4,24
13038,2023-10-29,21,5,8,3,14.96,44.88,4,24
13039,2023-10-08,21,14,8,2,211.99,423.98,4,24
13040,2023-10-14,21,17,8,1,27.99,27.99,4,25
13041,2023-10-05,18,13,8,1,80.99,80.99,4,25
13042,2023-10-06,27,12,8,1,480.14,480.14,4,25
13043,2023-10-29,11,20,8,1,34.34,34.34,4,24
13044,2023-10-10,18,20,8,4,15.71,62.84,4,24
13045,2023-10-29,1,6,8,2,21.87,43.74,1,25
13046,2023-10-09,24,19,8,3,15.44,46.32,4,25
13047,2023-10-01,1,6,8,1,12.99,12.99,4,25
13048,2023-10-11,30,6,8,2,24.71,49.42,4,24
13049,2023-10-29,10,5,8,2,9.18,18.36,4,25
13050,2023-10-08,11,1,8,4,1015.99,4063.96,4,25
13051,2023-10-30,22,17,8,3,36.45,109.35,4,25
13052,2023-10-08,1,13,8,1,51.97,51.97,4,25
13053,2023-10-04,11,2,8,2,100.54,201.08,4,24
13054,2023-10-17,16,15,8,2,82.29,164.58,3,25
13055,2023-10-18,29,15,8,2,51.34,102.68,4,25
13056,2023-10-15,23,20,8,1,16.99,16.99,4,25
13057,2023-10-28,21,17,8,1,21.23,21.23,4,25
13058,2023-10-20,9,13,8,5,113.99,569.95,4,24
13059,2023-10-10,24,10,8,1,42.58,42.58,4,25
13060,2023-10-11,12,8,8,3,55.69,167.07,4,25
13061,2023-10-31,4,3,9,2,76.99,153.98,4,28
13062,2023-10-01,26,18,9,1,14.99,14.99,3,26
13063,2023-10-04,9,19,9,3,25.17,75.51,4,28
13064,2023-10-23,30,3,9,2,127.8,255.6,4,27
13065,2023-10-01,20,4,9,1,109.99,109.99,4,26
13066,2023-10-17,9,5,9,2,22.75,45.5,4,28
13067,2023-10-29,22,8,9,2,44.99,89.98,4,28
13068,2023-10-28,30,18,9,3,16.99,50.97,4,28
13069,2023-10-31,11,19,9,1,32.63,32.63,4,28
13070,2023-10-24,23,19,9,2,25.0,50.0,4,27
13071,2023-10-13,9,8,9,3,84.27,252.81,2,26
13072,2023-10-07,25,10,9,1,62.99,62.99,4,27
13073,2023-10-24,24,8,9,1,64.48,64.48,1,26
13074,2023-10-31,12,17,9,3,52.46,157.38,4,28
13075,2023-10-22,19,16,9,2,13.07,26.14,4,27
13076,2023-10-13,7,8,9,3,59.99,179.97,4,26
13077,2023-10-07,4,9,9,2,148.31,296.62,4,27
13078,2023-10-24,25,15,9,3,43.99,131.97,4,27
13079,2023-10-13,11,4,9,3,112.99,338.97,4,28
13080,2023-10-06,2,16,9,3,18.99,56.97,4,26
13081,2023-10-13,14,8,9,4,61.58,246.32,4,27
13082,2023-10-21,6,1,9,3,1295.28,3885.84,4,26
13083,2023-10-12,13,14,9,1,184.77,184.77,4,27
13084,2023-10-07,25,16,9,2,17.16,34.32,4,26
13085,2023-10-25,14,12,9,3,650.99,1952.97,3,27
13086,2023-10-04,27,16,9,1,9.94,9.94,4,26
13087,2023-10-08,19,14,9,2,212.02,424.04,3,27
13088,2023-10-29,9,19,9,1,38.36,38.36,2,26
13089,2023-10-22,12,2,9,3,113.99,341.97,4,27
13090,2023-10-27,25,18,9,1,8.72,8.72,4,28
13091,2023-10-13,13,1,9,1,1055.75,1055.75,4,27
13092,2023-10-08,3,3,9,2,105.66,211.32,4,26
13093,2023-10-14,21,3,9,1,84.99,84.99,3,28
13094,2023-10-18,27,4,9,2,136.99,273.98,4,26
13095,2023-10-02,28,8,9,2,51.74,103.48,2,27
13096,2023-10-03,4,4,9,5,224.21,1121.05,4,26
13097,2023-10-25,26,4,9,1,145.71,145.71,4,27
13098,2023-10-23,28,14,9,3,245.99,737.97,4,26
13099,2023-10-15,7,3,9,4,122.17,488.68,4,27
13100,2023-10-19,12,9,9,2,80.14,160.28,4,28
13101,2023-10-12,5,7,9,3,96.76,290.28,4,27
13102,2023-10-01,2,18,9,2,9.99,19.98,4,28
13103,2023-10-06,9,5,9,4,26.54,106.16,4,27
13104,2023-10-02,27,6,9,1,20.59,20.59,4,27
13105,2023-10-30,12,3,9,4,63.17,252.68,4,27
13106,2023-10-04,14,10,9,2,48.99,97.98,4,26
13107,2023-10-05,19,20,9,3,22.03,66.09,1,28
13108,2023-10-31,11,8,9,3,36.92,110.76,4,28
13109,2023-10-03,12,6,9,2,12.99,25.98,4,28
13110,2023-10-26,3,7,9,2,125.62,251.24,4,27
13111,2023-10-24,6,7,9,1,104.63,104.63,4,26
13112,2023-10-23,4,20,9,3,25.92,77.76,3,28
13113,2023-10-17,22,9,9,5,145.08,725.4,4,27
13114,2023-10-12,4,19,9,1,17.86,17.86,4,26
13115,2023-10-07,17,8,10,1,76.99,76.99,4,30
13116,2023-10-24,18,15,10,2,77.89,155.78,4,29
13117,2023-10-08,17,3,10,2,102.89,205.78,1,30
13118,2023-10-06,27,17,10,4,42.69,170.76,4,31
13119,2023-10-03,14,2,10,2,112.99,225.98,4,29
13120,2023-10-01,20,10,10,3,67.99,203.97,4,29
13121,2023-10-27,22,15,10,1,85.11,85.11,4,31
13122,2023-10-26,30,17,10,3,24.05,72.15,4,30
13123,2023-10-02,25,8,10,1,34.04,34.04,4,30
13124,2023-10-22,4,6,10,2,13.99,27.98,4,29
13125,2023-10-15,25,12,10,1,550.09,550.09,2,29
13126,2023-10-29,11,16,10,5,18.99,94.95,4,29
13127,2023-10-10,21,16,10,2,8.97,17.94,4,29
13128,2023-10-29,15,8,10,1,48.99,48.99,4,29
13129,2023-10-30,3,18,10,2,8.99,17.98,4,29
13130,2023-10-08,26,4,10,2,224.09,448.18,4,30
13131,2023-10-01,28,2,10,3,54.58,163.74,4,29
13132,2023-10-19,15,18,10,1,12.27,12.27,4,30
13133,2023-10-03,23,20,10,2,33.99,67.98,4,30
13134,2023-10-27,26,17,10,1,27.99,27.99,4,29
13135,2023-10-07,10,2,10,1,49.87,49.87,4,31
13136,2023-10-16,4,16,10,2,16.06,32.12,4,29
13137,2023-10-15,22,20,10,2,39.79,79.58,4,29
13138,2023-10-11,29,10,10,3,31.99,95.97,4,30
13139,2023-10-24,20,5,10,4,22.76,91.04,4,30
13140,2023-10-23,9,13,10,5,62.56,312.8,4,30
13141,2023-10-10,14,16,10,1,11.18,11.18,4,31
13142,2023-10-13,6,19,10,1,31.99,31.99,4,29
13143,2023-10-15,29,11,10,3,501.99,1505.97,4,30
13144,2023-10-17,4,2,10,4,79.84,319.36,4,29
13145,2023-10-27,20,18,10,1,8.38,8.38,4,31
13146,2023-10-14,15,7,10,1,97.99,97.99,4,29
13147,2023-10-26,2,4,10,4,144.84,579.36,4,31
13148,2023-10-27,10,4,10,2,292.95,585.9,4,31
13149,2023-10-10,12,10,10,1,50.01,50.01,4,31
13150,2023-10-19,26,10,10,3,47.92,143.76,4,30
13151,2023-10-28,23,12,11,3,646.99,1940.97,4,33
13152,2023-10-26,19,2,11,4,52.99,211.96,1,32
13153,2023-10-14,7,16,11,2,13.26,26.52,4,33
13154,2023-10-10,13,20,11,2,18.99,37.98,4,32
13155,2023-10-17,7,18,11,2,18.14,36.28,4,33
13156,2023-10-06,18,19,11,4,14.4,57.6,4,33
13157,2023-10-23,3,13,11,2,46.47,92.94,4,32
13158,2023-10-26,22,5,11,1,24.9,24.9,4,32
13159,2023-10-10,24,19,11,1,23.73,23.73,4,32
13160,2023-10-25,3,19,11,1,35.72,35.72,4,32
13161,2023-10-15,11,2,11,3,79.99,239.97,4,33
13162,2023-10-13,12,8,11,1,77.99,77.99,4,33
13163,2023-10-05,21,5,11,5,14.99,74.95,4,33
13164,2023-10-19,27,1,11,2,1219.02,2438.04,4,33
13165,2023-10-06,4,5,11,2,24.61,49.22,4,32
13166,2023-10-23,9,4,11,3,205.91,617.73,4,33
13167,2023-10-22,6,18,11,2,17.14,34.28,1,33
13168,2023-10-24,16,8,11,1,46.99,46.99,4,32
13169,2023-10-06,19,9,11,1,79.32,79.32,4,32
13170,2023-10-08,20,10,11,3,67.94,203.82,4,33
13171,2023-10-22,12,6,11,3,29.85,89.55,4,32
13172,2023-10-07,26,10,11,1,47.49,47.49,4,33
13173,2023-10-14,30,5,11,2,13.36,26.72,4,33
13174,2023-10-11,9,16,11,1,8.99,8.99,4,32
13175,2023-10-18,15,19,11,1,38.27,38.27,4,32
13176,2023-10-24,16,13,11,2,47.82,95.64,4,32
13177,2023-10-07,27,15,11,2,52.31,104.62,2,33
13178,2023-10-16,9,18,11,1,15.79,15.79,4,32
13179,2023-10-02,27,17,11,1,47.73,47.73,4,32
13180,2023-10-06,11,19,11,4,32.18,128.72,4,33
13181,2023-10-05,24,7,11,2,139.38,278.76,4,32
13182,2023-10-01,26,16,11,1,22.14,22.14,4,32
13183,2023-10-22,20,3,11,2,153.34,306.68,4,33
13184,2023-10-01,10,9,11,1,155.7,155.7,2,33
13185,2023-10-04,22,18,11,1,11.81,11.81,4,32
13186,2023-10-15,3,15,11,4,40.21,160.84,4,33
13187,2023-10-28,26,18,11,1,17.51,17.51,4,33
13188,2023-10-12,10,14,11,4,224.99,899.96,4,33
13189,2023-10-15,29,5,11,2,15.99,31.98,4,32
13190,2023-10-17,21,19,11,2,18.99,37.98,4,33
13191,2023-10-26,2,18,11,2,10.62,21.24,4,32
13192,2023-10-10,13,7,11,3,142.99,428.97,4,32
13193,2023-10-07,14,5,12,1,10.03,10.03,4,35
13194,2023-10-29,12,16,12,1,14.99,14.99,4,34
13195,2023-10-19,4,1,12,1,1157.82,1157.82,4,35
13196,2023-10-07,15,9,12,2,72.61,145.22,4,35
13197,2023-10-02,19,19,12,2,34.99,69.98,4,35
13198,2023-10-26,5,7,12,3,117.01,351.03,4,35
13199,2023-10-11,27,5,12,2,11.47,22.94,4,35
13200,2023-10-08,27,2,12,5,93.07,465.35,1,34
13201,2023-10-17,18,6,12,3,15.99,47.97,4,35
13202,2023-10-19,1,20,12,5,33.43,167.15,4,35
13203,2023-10-19,23,8,12,1,57.78,57.78,4,34
13204,2023-10-26,30,10,12,2,45.99,91.98,4,35
13205,2023-10-26,6,19,12,4,16.99,67.96,2,35
13206,2023-10-01,28,10,12,5,37.99,189.95,4,35
13207,2023-10-19,19,19,12,1,32.99,32.99,4,34
13208,2023-10-03,1,16,12,1,19.03,19.03,4,34
13209,2023-10-23,2,2,12,3,98.99,296.97,4,34
13210,2023-10-09,16,16,12,3,17.99,53.97,3,34
13211,2023-10-31,23,6,12,3,31.93,95.79,4,35
13212,2023-10-30,17,16,12,1,8.99,8.99,2,34
13213,2023-10-23,29,2,12,2,81.99,163.98,4,35
13214,2023-10-12,27,19,12,1,31.99,31.99,4,34
13215,2023-10-17,29,18,12,1,16.99,16.99,4,35
13216,2023-10-19,30,6,12,1,21.14,21.14,4,35
13217,2023-10-14,8,6,12,1,19.99,19.99,4,34
13218,2023-10-04,6,10,12,3,53.99,161.97,4,35
13219,2023-10-05,12,8,12,2,78.99,157.98,4,34
13220,2023-10-28,8,11,12,1,299.99,299.99,4,34
13221,2023-10-21,23,5,12,2,17.65,35.3,4,35
13222,2023-10-22,23,16,12,1,10.78,10.78,4,34
13223,2023-10-29,2,9,12,1,118.39,118.39,4,35
13224,2023-10-18,17,6,12,4,17.99,71.96,4,34
13225,2023-10-03,19,13,13,1,52.82,52.82,4,38
13226,2023-10-10,23,10,13,3,44.99,134.97,4,37
13227,2023-10-03,4,19,13,2,27.17,54.34,4,36
13228,2023-10-30,30,6,13,2,16.99,33.98,4,36
13229,2023-10-22,26,15,13,1,42.7,42.7,4,36
13230,2023-10-03,2,9,13,1,129.11,129.11,4,38
13231,2023-10-01,9,2,13,1,126.99,126.99,4,38
13232,2023-10-16,12,7,13,1,158.64,158.64,4,36
13233,2023-10-13,13,1,13,3,884.99,2654.97,4,38
13234,2023-10-25,14,7,13,5,54.87,274.35,4,36
13235,2023-10-03,13,6,13,2,30.99,61.98,4,37
13236,2023-10-06,15,8,13,1,78.17,78.17,4,38
13237,2023-10-08,18,4,13,2,152.99,305.98,4,37
13238,2023-10-21,28,6,13,4,11.87,47.48,4,37
13239,2023-10-10,13,5,13,4,11.04,44.16,4,37
13240,2023-10-16,7,6,13,2,20.99,41.98,4,36
13241,2023-10-12,16,3,13,3,146.99,440.97,4,36
13242,2023-10-11,11,8,13,1,71.25,71.25,4,37
13243,2023-10-13,9,3,13,5,63.03,315.15,4,36
13244,2023-10-29,27,19,13,1,34.99,34.99,1,36
13245,2023-10-12,26,5,13,1,22.89,22.89,4,36
13246,2023-10-10,28,14,13,3,172.38,517.14,4,37
13247,2023-10-21,19,6,13,2,13.34,26.68,4,37
13248,2023-10-31,4,17,13,1,37.99,37.99,4,37
13249,2023-10-08,19,16,13,2,8.0,16.0,4,36
13250,2023-10-15,23,20,13,2,22.54,45.08,4,37
13251,2023-10-22,3,14,13,1,187.01,187.01,4,36
13252,2023-10-08,26,15,13,2,30.99,61.98,4,36
13253,2023-10-16,19,2,13,2,57.99,115.98,4,38
13254,2023-10-16,3,7,13,3,50.99,152.97,4,37
13255,2023-10-30,12,5,13,1,16.99,16.99,4,38
13256,2023-10-07,23,19,13,4,14.0,56.0,4,38
13257,2023-10-04,18,8,13,1,36.99,36.99,4,36
13258,2023-10-04,7,2,13,3,91.68,275.04,4,38
13259,2023-10-06,30,16,13,2,12.99,25.98,4,37
13260,2023-10-16,7,4,13,1,135.63,135.63,4,38
13261,2023-10-29,28,10,13,2,53.99,107.98,4,36
13262,2023-10-27,18,16,13,1,19.99,19.99,4,37
13263,2023-10-09,9,13,13,4,98.52,394.08,4,37
13264,2023-10-25,25,18,13,1,13.99,13.99,4,36
13265,2023-10-27,7,5,13,2,22.99,45.98,4,37
13266,2023-10-15,5,15,13,3,71.99,215.97,4,38
13267,2023-10-05,13,10,13,1,31.99,31.99,2,38
13268,2023-10-28,26,16,13,1,13.99,13.99,4,38
13269,2023-10-03,23,4,13,4,216.0,864.0,4,37
13270,2023-10-07,26,13,13,5,116.71,583.55,2,37
13271,2023-10-23,22,14,13,2,222.99,445.98,4,36
13272,2023-10-13,19,4,14,1,120.63,120.63,4,40
13273,2023-10-03,10,18,14,1,14.24,14.24,4,39
13274,2023-10-16,13,6,14,2,30.99,61.98,4,39
13275,2023-10-20,8,16,14,1,16.66,16.66,4,39
13276,2023-10-10,1,7,14,2,75.77,151.54,4,39
13277,2023-10-18,28,20,14,3,37.99,113.97,4,39
13278,2023-10-02,12,8,14,1,32.65,32.65,4,39
13279,2023-10-08,4,15,14,1,72.99,72.99,4,40
13280,2023-10-20,23,20,14,2,32.99,65.98,4,40
13281,2023-10-06,8,2,14,5,55.99,279.95,4,39
13282,2023-10-12,14,6,14,1,27.85,27.85,4,40
13283,2023-10-02,1,1,14,1,1196.99,1196.99,4,40
13284,2023-10-20,5,7,14,1,59.2,59.2,4,40
13285,2023-10-07,5,15,14,4,62.04,248.16,4,40
13286,2023-10-13,3,8,14,3,28.99,86.97,4,40
13287,2023-10-22,1,16,14,1,16.99,16.99,4,40
13288,2023-10-20,13,16,14,5,22.99,114.95,4,39
13289,2023-10-06,23,3,14,4,157.91,631.64,4,40
13290,2023-10-01,23,17,14,3,42.86,128.58,4,40
13291,2023-10-11,17,6,14,1,21.99,21.99,4,40
13292,2023-10-09,13,5,14,2,18.99,37.98,4,40
13293,2023-10-18,27,3,14,1,122.27,122.27,4,40
13294,2023-10-28,26,2,14,4,83.99,335.96,4,39
13295,2023-10-30,21,10,14,3,47.99,143.97,4,40
13296,2023-10-10,30,3,14,3,92.95,278.85,4,39
13297,2023-10-04,28,6,14,1,29.33,29.33,4,39
13298,2023-10-24,18,18,14,2,7.0,14.0,4,39
13299,2023-10-07,14,16,14,3,18.16,54.48,4,39
13300,2023-10-18,25,20,14,4,32.99,131.96,4,40
13301,2023-10-11,9,13,14,3,47.75,143.25,4,40
13302,2023-10-17,25,12,14,3,414.81,1244.43,4,40
13303,2023-10-30,23,6,14,1,26.99,26.99,4,40
13304,2023-10-25,15,10,14,1,36.92,36.92,4,39
13305,2023-10-16,30,16,14,5,9.99,49.95,4,40
13306,2023-10-05,2,19,14,2,25.67,51.34,3,39
13307,2023-10-12,16,17,14,1,34.23,34.23,4,39
13308,2023-10-28,6,12,14,2,842.99,1685.98,4,39
13309,2023-10-22,1,2,14,3,94.99,284.97,4,40
13310,2023-10-25,6,13,14,4,42.99,171.96,4,40
13311,2023-10-28,13,2,14,4,65.46,261.84,3,39
13312,2023-10-04,21,5,14,1,16.06,16.06,4,39
13313,2023-10-05,24,18,15,2,7.99,15.98,4,42
13314,2023-10-17,28,10,15,2,32.71,65.42,2,41
13315,2023-10-01,6,8,15,3,31.99,95.97,4,42
13316,2023-10-15,19,5,15,2,12.09,24.18,4,42
13317,2023-10-10,7,16,15,2,22.27,44.54,4,42
13318,2023-10-03,12,2,15,2,73.91,147.82,2,42
13319,2023-10-12,21,6,15,1,20.99,20.99,4,42
13320,2023-10-04,18,8,15,1,84.61,84.61,4,42
13321,2023-10-03,18,17,15,5,35.99,179.95,4,41
13322,2023-10-21,28,19,15,4,14.99,59.96,4,42
13323,2023-10-13,23,5,15,3,14.99,44.97,4,42
13324,2023-10-17,16,8,15,1,38.88,38.88,4,42
13325,2023-10-06,19,16,15,3,14.96,44.88,4,41
13326,2023-10-03,13,3,15,1,60.59,60.59,4,42
13327,2023-10-19,29,18,15,3,14.8,44.4,4,42
13328,2023-10-02,12,16,15,1,20.16,20.16,4,42
13329,2023-10-02,2,15,15,5,50.59,252.95,4,41
13330,2023-10-10,14,6,15,1,10.99,10.99,4,41
13331,2023-10-07,13,10,15,1,47.57,47.57,4,42
13332,2023-10-23,23,16,15,2,17.65,35.3,4,42
13333,2023-10-04,6,16,15,2,10.32,20.64,4,41
13334,2023-10-31,14,20,15,3,38.99,116.97,4,42
13335,2023-10-13,5,18,15,1,17.19,17.19,4,41
13336,2023-10-29,11,1,15,2,1132.36,2264.72,2,42
13337,2023-10-11,15,18,15,4,12.31,49.24,4,42
13338,2023-10-24,4,14,15,2,227.99,455.98,4,42
13339,2023-10-08,2,16,15,1,22.99,22.99,3,41
13340,2023-10-13,28,10,15,2,38.17,76.34,4,41
13341,2023-10-29,6,16,15,2,17.99,35.98,4,41
13342,2023-10-03,19,8,15,1,43.99,43.99,4,42
13343,2023-10-23,9,7,15,1,138.33,138.33,4,42
13344,2023-10-04,1,8,15,1,83.47,83.47,4,42
13345,2023-10-13,27,6,15,1,24.32,24.32,4,41
13346,2023-10-14,29,15,15,4,51.46,205.84,4,41
13347,2023-10-13,16,7,15,2,134.35,268.7,2,41
13348,2023-10-03,12,20,15,1,14.99,14.99,4,41
13349,2023-11-04,2,14,1,2,230.05,460.1,1,1
13350,2023-11-02,24,19,1,1,34.99,34.99,4,3
13351,2023-11-14,8,19,1,1,33.23,33.23,4,3
13352,2023-11-02,13,2,1,2,104.19,208.38,4,3
13353,2023-11-06,24,5,1,5,26.03,130.15,1,2
13354,2023-11-18,26,2,1,2,98.95,197.9,4,4
13355,2023-11-29,9,2,1,3,111.06,333.18,4,2
13356,2023-11-10,5,4,1,2,184.23,368.46,4,2
13357,2023-11-23,29,18,1,1,7.99,7.99,4,4
13358,2023-11-21,11,5,1,3,28.4,85.2,4,3
13359,2023-11-28,10,12,1,1,857.99,857.99,4,2
13360,2023-11-26,22,6,1,3,30.58,91.74,4,2
13361,2023-11-11,8,20,1,4,29.62,118.48,4,2
13362,2023-11-29,18,9,1,1,140.99,140.99,4,2
13363,2023-11-23,7,6,1,2,10.29,20.58,4,2
13364,2023-11-07,17,8,1,4,86.99,347.96,4,2
13365,2023-11-12,15,1,1,2,1072.43,2144.86,4,1
13366,2023-11-16,19,5,1,1,28.91,28.91,4,1
13367,2023-11-12,30,15,1,1,74.49,74.49,4,3
13368,2023-11-10,26,13,1,1,84.99,84.99,4,4
13369,2023-11-27,26,4,1,1,202.5,202.5,4,1
13370,2023-11-08,1,5,1,1,19.47,19.47,4,3
13371,2023-11-25,22,5,1,2,27.99,55.98,4,4
13372,2023-11-24,21,5,1,3,25.99,77.97,4,3
13373,2023-11-23,13,20,1,2,22.99,45.98,4,2
13374,2023-11-08,27,15,1,3,84.23,252.69,4,2
13375,2023-11-24,20,17,1,2,47.21,94.42,4,2
13376,2023-11-07,13,20,1,4,19.99,79.96,4,1
13377,2023-11-05,6,1,1,2,1339.99,2679.98,4,3
13378,2023-11-15,14,18,1,4,17.67,70.68,4,3
13379,2023-11-01,29,2,1,1,119.87,119.87,4,1
13380,2023-11-24,30,4,1,2,221.95,443.9,4,4
13381,2023-11-04,25,15,1,1,69.99,69.99,4,3
13382,2023-11-17,29,4,1,1,175.29,175.29,4,3
13383,2023-11-29,29,17,1,1,19.02,19.02,4,3
13384,2023-11-10,1,15,1,2,87.57,175.14,4,3
13385,2023-11-12,6,3,1,5,97.38,486.9,4,3
13386,2023-11-05,8,7,1,1,58.88,58.88,4,1
13387,2023-11-28,29,1,1,2,1303.5,2607.0,4,4
13388,2023-11-08,3,13,1,3,81.22,243.66,3,2
13389,2023-11-26,4,14,1,1,142.99,142.99,4,1
13390,2023-11-11,2,6,1,1,22.67,22.67,4,4
13391,2023-11-28,7,3,1,2,132.99,265.98,4,3
13392,2023-11-19,6,11,1,2,511.99,1023.98,4,1
13393,2023-11-17,4,17,1,2,39.67,79.34,4,2
13394,2023-11-18,22,16,1,1,13.14,13.14,4,2
13395,2023-11-10,21,6,1,2,17.99,35.98,4,4
13396,2023-11-02,6,16,1,2,16.79,33.58,4,4
13397,2023-11-14,23,18,1,1,8.99,8.99,4,4
13398,2023-11-10,29,6,1,1,23.61,23.61,4,1
13399,2023-11-30,8,1,1,4,1036.39,4145.56,4,4
13400,2023-11-30,17,16,1,2,17.28,34.56,4,1
13401,2023-11-27,7,1,1,1,1229.55,1229.55,4,1
13402,2023-11-19,10,16,1,2,9.39,18.78,4,2
13403,2023-11-29,13,16,1,3,12.79,38.37,4,4
13404,2023-11-29,17,20,1,3,36.99,110.97,4,4
13405,2023-11-10,1,15,1,3,58.13,174.39,4,4
13406,2023-11-10,12,6,1,2,29.23,58.46,2,2
13407,2023-11-30,16,13,1,1,82.35,82.35,4,4
13408,2023-11-22,30,7,1,1,147.99,147.99,4,2
13409,2023-11-24,12,16,2,3,11.32,33.96,4,5
13410,2023-11-16,27,15,2,4,76.64,306.56,4,7
13411,2023-11-30,16,17,2,3,40.84,122.52,1,6
13412,2023-11-25,13,3,2,4,66.58,266.32,4,8
13413,2023-11-23,22,9,2,4,158.33,633.32,4,8
13414,2023-11-26,10,11,2,1,543.99,543.99,4,7
13415,2023-11-28,2,17,2,1,48.96,48.96,4,8
13416,2023-11-19,7,7,2,1,87.2,87.2,4,7
13417,2023-11-10,6,17,2,2,50.28,100.56,4,6
13418,2023-11-29,21,10,2,1,37.68,37.68,4,6
13419,2023-11-25,19,10,2,3,29.0,87.0,4,5
13420,2023-11-19,18,19,2,3,24.18,72.54,3,8
13421,2023-11-25,7,6,2,1,30.99,30.99,4,6
13422,2023-11-24,21,15,2,4,65.61,262.44,4,6
13423,2023-11-01,27,5,2,3,15.99,47.97,4,7
13424,2023-11-30,4,7,2,4,71.49,285.96,4,7
13425,2023-11-25,7,15,2,1,37.06,37.06,3,5
13426,2023-11-15,16,8,2,1,48.62,48.62,4,8
13427,2023-11-24,30,18,2,3,9.07,27.21,4,8
13428,2023-11-07,20,8,2,2,47.19,94.38,3,7
13429,2023-11-06,28,13,2,3,106.99,320.97,3,5
13430,2023-11-28,3,2,2,1,81.33,81.33,1,6
13431,2023-11-13,5,19,2,2,29.99,59.98,3,6
13432,2023-11-03,22,17,2,5,31.73,158.65,4,7
13433,2023-11-14,23,3,2,3,112.02,336.06,4,6
13434,2023-11-12,2,1,2,3,1067.21,3201.63,4,5
13435,2023-11-30,28,2,2,2,120.88,241.76,4,5
13436,2023-11-30,20,1,2,3,1102.99,3308.97,4,5
13437,2023-11-28,10,17,2,1,45.29,45.29,4,8
13438,2023-11-10,13,8,2,4,79.27,317.08,4,6
13439,2023-11-09,19,14,2,5,152.62,763.1,4,6
13440,2023-11-12,18,18,2,1,14.99,14.99,4,6
13441,2023-11-24,1,5,2,3,19.95,59.85,4,6
13442,2023-11-15,29,4,2,3,264.99,794.97,4,6
13443,2023-11-08,25,3,2,2,117.93,235.86,4,8
13444,2023-11-25,7,2,2,1,67.13,67.13,4,8
13445,2023-11-14,2,6,2,1,28.83,28.83,4,6
13446,2023-11-10,20,16,2,1,18.99,18.99,4,5
13447,2023-11-03,23,2,2,1,127.38,127.38,4,6
13448,2023-11-26,12,18,2,1,12.68,12.68,4,5
13449,2023-11-05,25,6,2,2,33.99,67.98,4,8
13450,2023-11-29,9,17,2,2,44.65,89.3,4,6
13451,2023-11-26,27,17,2,1,41.94,41.94,4,5
13452,2023-11-02,25,7,2,2,146.19,292.38,4,7
13453,2023-11-23,18,13,2,1,62.98,62.98,4,7
13454,2023-11-12,16,13,2,2,52.35,104.7,4,7
13455,2023-11-10,3,9,2,4,125.76,503.04,4,5
13456,2023-11-16,1,3,2,2,117.99,235.98,4,5
13457,2023-11-11,7,20,2,1,25.99,25.99,4,5
13458,2023-11-26,13,3,2,1,77.39,77.39,3,7
13459,2023-11-22,7,17,2,2,48.43,96.86,4,7
13460,2023-11-19,3,4,2,2,221.92,443.84,1,6
13461,2023-11-27,20,18,2,1,7.99,7.99,4,5
13462,2023-11-24,29,18,2,1,9.19,9.19,4,7
13463,2023-11-19,7,3,2,2,66.99,133.98,4,7
13464,2023-11-27,15,8,2,2,84.97,169.94,4,7
13465,2023-11-14,6,4,2,1,100.96,100.96,1,8
13466,2023-11-23,25,18,2,3,11.13,33.39,1,7
13467,2023-11-22,2,18,2,3,16.99,50.97,4,5
13468,2023-11-02,22,17,2,3,42.67,128.01,4,8
13469,2023-11-20,25,4,2,1,229.63,229.63,4,6
13470,2023-11-08,10,16,2,1,10.71,10.71,4,8
13471,2023-11-03,16,19,2,2,30.99,61.98,4,5
13472,2023-11-15,13,13,2,1,109.99,109.99,4,8
13473,2023-11-13,28,5,2,1,12.9,12.9,4,8
13474,2023-11-09,5,19,2,1,26.99,26.99,4,7
13475,2023-11-20,18,3,2,2,133.91,267.82,4,7
13476,2023-11-13,11,19,2,1,18.83,18.83,4,7
13477,2023-11-08,24,6,2,4,9.99,39.96,4,6
13478,2023-11-17,20,15,3,4,58.99,235.96,4,11
13479,2023-11-11,18,16,3,3,13.99,41.97,4,10
13480,2023-11-10,13,5,3,5,18.2,91.0,4,9
13481,2023-11-25,16,10,3,1,30.21,30.21,1,9
13482,2023-11-07,7,6,3,1,18.99,18.99,1,10
13483,2023-11-17,11,14,3,2,112.04,224.08,4,9
13484,2023-11-05,1,2,3,2,49.14,98.28,4,9
13485,2023-11-22,26,10,3,2,49.99,99.98,4,11
13486,2023-11-12,17,9,3,1,164.68,164.68,1,11
13487,2023-11-08,8,20,3,1,21.22,21.22,4,9
13488,2023-11-27,20,16,3,1,22.99,22.99,4,10
13489,2023-11-24,20,13,3,1,94.99,94.99,4,10
13490,2023-11-02,4,4,3,2,143.98,287.96,4,9
13491,2023-11-25,6,5,3,3,10.37,31.11,4,11
13492,2023-11-30,3,5,3,2,9.26,18.52,4,9
13493,2023-11-05,19,3,3,2,133.99,267.98,4,11
13494,2023-11-26,22,20,3,1,40.99,40.99,4,11
13495,2023-11-25,7,17,3,3,41.99,125.97,4,11
13496,2023-11-09,18,18,3,2,15.99,31.98,2,11
13497,2023-11-23,18,10,3,1,65.99,65.99,4,9
13498,2023-11-21,7,8,3,3,46.99,140.97,4,10
13499,2023-11-19,10,19,3,2,31.2,62.4,4,11
13500,2023-11-09,7,9,3,1,122.03,122.03,4,10
13501,2023-11-28,26,5,3,2,14.99,29.98,4,11
13502,2023-11-06,14,8,3,2,87.97,175.94,4,11
13503,2023-11-14,27,3,3,2,96.79,193.58,4,10
13504,2023-11-30,4,10,3,1,60.35,60.35,4,10
13505,2023-11-30,5,10,3,2,61.99,123.98,4,11
13506,2023-11-05,4,15,3,1,64.53,64.53,4,9
13507,2023-11-15,29,2,3,5,93.99,469.95,4,10
13508,2023-11-29,12,17,3,1,31.25,31.25,4,10
13509,2023-11-26,4,18,3,1,11.13,11.13,4,11
13510,2023-11-24,19,5,3,1,23.99,23.99,4,10
13511,2023-11-18,23,15,3,5,53.14,265.7,4,9
13512,2023-11-12,13,16,3,1,16.11,16.11,4,9
13513,2023-11-27,4,15,3,4,88.6,354.4,4,10
13514,2023-11-26,5,10,3,1,46.45,46.45,4,10
13515,2023-11-16,22,7,3,1,143.59,143.59,4,11
13516,2023-11-16,5,3,3,1,149.73,149.73,4,9
13517,2023-11-23,3,3,3,1,119.99,119.99,4,9
13518,2023-11-25,13,8,3,1,42.99,42.99,4,10
13519,2023-11-25,3,20,3,1,40.04,40.04,4,10
13520,2023-11-17,3,14,3,2,102.99,205.98,4,11
13521,2023-11-16,8,20,3,1,23.99,23.99,4,11
13522,2023-11-12,20,16,3,3,17.01,51.03,1,11
13523,2023-11-08,9,4,4,3,189.43,568.29,4,12
13524,2023-11-04,17,3,4,2,133.87,267.74,4,13
13525,2023-11-10,16,14,4,1,187.36,187.36,4,12
13526,2023-11-11,23,9,4,1,149.38,149.38,4,13
13527,2023-11-10,24,16,4,1,13.99,13.99,4,12
13528,2023-11-17,26,7,4,1,62.99,62.99,4,13
13529,2023-11-27,27,5,4,4,21.12,84.48,1,12
13530,2023-11-19,9,9,4,1,83.99,83.99,4,13
13531,2023-11-03,16,7,4,2,110.12,220.24,4,13
13532,2023-11-14,7,20,4,1,19.19,19.19,4,14
13533,2023-11-11,6,2,4,1,127.66,127.66,4,13
13534,2023-11-29,5,7,4,1,116.99,116.99,4,14
13535,2023-11-16,11,2,4,2,79.25,158.5,4,12
13536,2023-11-06,18,3,4,1,100.64,100.64,3,13
13537,2023-11-19,7,10,4,4,61.99,247.96,4,14
13538,2023-11-21,22,10,4,4,39.53,158.12,4,13
13539,2023-11-05,18,10,4,3,63.99,191.97,4,12
13540,2023-11-16,26,17,4,1,20.99,20.99,4,13
13541,2023-11-08,1,5,4,2,18.6,37.2,4,13
13542,2023-11-09,18,8,4,3,31.99,95.97,3,14
13543,2023-11-11,6,18,4,5,13.52,67.6,4,14
13544,2023-11-30,23,14,4,1,108.66,108.66,4,13
13545,2023-11-04,16,10,4,4,45.28,181.12,4,14
13546,2023-11-27,23,20,4,1,23.99,23.99,4,13
13547,2023-11-20,10,17,4,1,43.26,43.26,4,14
13548,2023-11-15,26,2,4,1,95.06,95.06,4,14
13549,2023-11-29,13,16,4,2,21.64,43.28,3,13
13550,2023-11-12,17,17,4,3,49.99,149.97,2,13
13551,2023-11-04,19,3,4,4,61.81,247.24,4,13
13552,2023-11-12,17,19,4,3,27.99,83.97,4,14
13553,2023-11-02,28,4,4,1,132.75,132.75,4,12
13554,2023-11-14,7,16,4,1,20.53,20.53,4,12
13555,2023-11-09,6,3,4,4,66.65,266.6,4,13
13556,2023-11-18,13,2,4,1,117.99,117.99,4,12
13557,2023-11-04,21,17,4,3,20.88,62.64,4,14
13558,2023-11-23,5,15,4,3,80.08,240.24,4,12
13559,2023-11-21,23,17,4,4,26.99,107.96,3,12
13560,2023-11-09,24,9,4,2,171.99,343.98,3,12
13561,2023-11-22,18,4,4,4,256.16,1024.64,4,12
13562,2023-11-09,15,3,4,1,99.99,99.99,4,12
13563,2023-11-04,4,16,4,3,19.34,58.02,4,14
13564,2023-11-30,27,18,4,1,12.77,12.77,4,13
13565,2023-11-02,6,2,4,3,49.42,148.26,4,12
13566,2023-11-18,20,2,4,5,124.4,622.0,4,14
13567,2023-11-14,11,8,4,4,26.99,107.96,4,13
13568,2023-11-12,18,1,4,3,1316.99,3950.97,4,14
13569,2023-11-26,15,19,4,1,34.66,34.66,4,13
13570,2023-11-12,4,4,4,2,267.94,535.88,3,13
13571,2023-11-27,26,5,4,1,18.99,18.99,4,13
13572,2023-11-23,2,15,4,1,74.99,74.99,4,12
13573,2023-11-02,10,15,4,3,76.99,230.97,4,12
13574,2023-11-15,24,2,4,1,68.99,68.99,4,12
13575,2023-11-10,16,18,4,3,12.6,37.8,2,14
13576,2023-11-16,8,14,5,4,159.99,639.96,3,17
13577,2023-11-09,3,16,5,2,8.99,17.98,4,17
13578,2023-11-03,9,15,5,2,83.99,167.98,1,15
13579,2023-11-01,23,2,5,2,61.73,123.46,4,16
13580,2023-11-22,30,3,5,2,104.99,209.98,4,17
13581,2023-11-02,9,15,5,5,55.99,279.95,4,17
13582,2023-11-02,19,16,5,2,15.99,31.98,3,17
13583,2023-11-05,30,2,5,1,118.85,118.85,4,16
13584,2023-11-05,2,16,5,1,13.98,13.98,4,16
13585,2023-11-05,22,2,5,5,95.86,479.3,4,17
13586,2023-11-04,3,5,5,4,24.99,99.96,4,17
13587,2023-11-17,25,16,5,4,19.18,76.72,4,16
13588,2023-11-23,23,9,5,1,70.99,70.99,4,16
13589,2023-11-24,4,2,5,3,96.22,288.66,4,15
13590,2023-11-13,17,6,5,1,18.99,18.99,4,16
13591,2023-11-21,1,6,5,2,31.25,62.5,4,16
13592,2023-11-19,4,17,5,2,33.99,67.98,4,15
13593,2023-11-21,11,6,5,4,27.1,108.4,4,16
13594,2023-11-01,24,16,5,1,14.99,14.99,4,15
13595,2023-11-05,2,15,5,1,60.09,60.09,4,15
13596,2023-11-21,23,5,5,2,20.3,40.6,4,15
13597,2023-11-16,6,7,5,4,120.82,483.28,4,15
13598,2023-11-24,27,3,5,1,85.24,85.24,4,17
13599,2023-11-29,30,1,5,5,961.99,4809.95,4,17
13600,2023-11-05,9,15,5,1,42.99,42.99,4,17
13601,2023-11-16,25,3,5,1,149.27,149.27,4,15
13602,2023-11-28,8,18,5,2,11.99,23.98,3,15
13603,2023-11-26,19,6,5,2,27.49,54.98,4,16
13604,2023-11-20,13,19,5,1,18.12,18.12,4,15
13605,2023-11-21,21,16,5,4,11.67,46.68,4,15
13606,2023-11-01,24,5,5,1,19.66,19.66,4,15
13607,2023-11-20,13,5,5,4,17.99,71.96,4,15
13608,2023-11-05,4,11,5,3,291.99,875.97,4,17
13609,2023-11-23,19,15,5,3,67.99,203.97,2,17
13610,2023-11-05,18,4,5,1,253.71,253.71,4,16
13611,2023-11-17,25,10,5,2,53.29,106.58,4,16
13612,2023-11-16,6,5,5,3,16.17,48.51,4,15
13613,2023-11-29,25,8,5,4,25.4,101.6,4,17
13614,2023-11-14,11,17,5,5,33.99,169.95,3,17
13615,2023-11-28,21,10,5,1,40.47,40.47,4,15
13616,2023-11-03,25,14,5,3,149.57,448.71,4,17
13617,2023-11-08,22,17,5,2,51.99,103.98,4,17
13618,2023-11-28,11,16,5,2,21.85,43.7,4,16
13619,2023-11-22,7,2,5,1,71.99,71.99,4,17
13620,2023-11-16,8,19,5,1,27.99,27.99,4,16
13621,2023-11-07,14,15,5,1,49.99,49.99,4,16
13622,2023-11-11,6,9,5,2,89.61,179.22,4,17
13623,2023-11-25,7,14,6,3,182.18,546.54,4,18
13624,2023-11-13,1,1,6,1,1000.62,1000.62,4,19
13625,2023-11-04,28,15,6,3,77.99,233.97,4,18
13626,2023-11-08,3,3,6,1,83.86,83.86,4,20
13627,2023-11-03,23,20,6,5,14.99,74.95,4,20
13628,2023-11-05,4,13,6,4,60.58,242.32,1,18
13629,2023-11-21,3,20,6,4,40.27,161.08,1,20
13630,2023-11-19,25,2,6,1,64.28,64.28,4,18
13631,2023-11-19,23,16,6,2,19.03,38.06,4,19
13632,2023-11-01,23,1,6,5,861.0,4305.0,4,20
13633,2023-11-07,12,18,6,4,15.99,63.96,2,20
13634,2023-11-13,11,6,6,1,9.61,9.61,4,19
13635,2023-11-08,2,16,6,1,20.99,20.99,4,19
13636,2023-11-09,14,2,6,3,116.99,350.97,4,18
13637,2023-11-04,13,3,6,2,118.5,237.0,4,20
13638,2023-11-09,22,6,6,2,17.99,35.98,4,18
13639,2023-11-05,19,7,6,1,66.25,66.25,4,19
13640,2023-11-22,4,14,6,2,109.84,219.68,4,19
13641,2023-11-10,4,17,6,2,40.35,80.7,4,19
13642,2023-11-03,18,4,6,2,120.99,241.98,1,19
13643,2023-11-02,18,9,6,1,143.9,143.9,4,19
13644,2023-11-04,9,10,6,2,52.65,105.3,4,18
13645,2023-11-26,14,3,6,1,80.71,80.71,4,20
13646,2023-11-08,7,20,6,4,32.76,131.04,4,20
13647,2023-11-06,9,19,6,2,23.54,47.08,4,20
13648,2023-11-29,25,10,6,3,44.99,134.97,4,19
13649,2023-11-29,3,15,6,2,75.99,151.98,4,19
13650,2023-11-19,8,8,6,4,60.71,242.84,4,18
13651,2023-11-02,8,13,6,3,49.99,149.97,4,20
13652,2023-11-07,14,5,6,4,16.99,67.96,4,19
13653,2023-11-04,5,7,6,1,114.4,114.4,4,18
13654,2023-11-29,22,14,6,2,187.99,375.98,4,20
13655,2023-11-18,6,17,6,3,27.99,83.97,4,20
13656,2023-11-23,28,2,6,1,113.12,113.12,4,19
13657,2023-11-15,28,5,6,3,13.46,40.38,4,18
13658,2023-11-21,4,6,6,2,21.99,43.98,4,18
13659,2023-11-28,23,8,6,1,29.99,29.99,4,19
13660,2023-11-19,24,13,6,3,70.99,212.97,4,18
13661,2023-11-24,11,18,6,1,16.4,16.4,4,20
13662,2023-11-03,10,18,6,2,11.99,23.98,4,20
13663,2023-11-19,4,5,6,1,11.52,11.52,1,20
13664,2023-11-04,24,11,6,2,376.41,752.82,4,18
13665,2023-11-18,1,13,7,3,72.74,218.22,4,21
13666,2023-11-15,11,5,7,2,11.93,23.86,4,22
13667,2023-11-04,16,17,7,3,38.52,115.56,2,23
13668,2023-11-25,17,16,7,2,14.99,29.98,4,23
13669,2023-11-10,13,10,7,1,44.37,44.37,4,21
13670,2023-11-07,10,6,7,2,28.99,57.98,4,23
13671,2023-11-22,25,10,7,1,66.99,66.99,4,21
13672,2023-11-11,1,13,7,3,49.68,149.04,2,23
13673,2023-11-07,9,4,7,1,169.05,169.05,4,23
13674,2023-11-09,1,10,7,5,33.99,169.95,4,23
13675,2023-11-13,18,6,7,4,26.53,106.12,3,21
13676,2023-11-08,17,7,7,2,153.8,307.6,4,21
13677,2023-11-18,19,5,7,1,10.83,10.83,4,22
13678,2023-11-17,30,8,7,4,64.16,256.64,4,23
13679,2023-11-01,28,12,7,4,796.06,3184.24,4,23
13680,2023-11-24,28,2,7,1,52.13,52.13,4,22
13681,2023-11-06,15,20,7,2,40.99,81.98,4,21
13682,2023-11-10,21,7,7,4,49.99,199.96,1,21
13683,2023-11-23,23,12,7,2,760.99,1521.98,4,21
13684,2023-11-08,11,18,7,3,9.99,29.97,4,23
13685,2023-11-02,18,17,7,5,29.99,149.95,4,22
13686,2023-11-07,3,19,7,1,23.91,23.91,4,23
13687,2023-11-18,1,3,7,1,123.03,123.03,4,23
13688,2023-11-28,25,19,7,2,17.2,34.4,4,21
13689,2023-11-27,4,9,7,2,81.9,163.8,4,22
13690,2023-11-21,5,5,7,2,24.41,48.82,4,21
13691,2023-11-04,29,7,7,2,93.94,187.88,4,22
13692,2023-11-12,15,14,7,2,241.81,483.62,4,22
13693,2023-11-04,11,5,7,1,12.22,12.22,4,23
13694,2023-11-05,26,19,7,2,16.42,32.84,4,23
13695,2023-11-21,9,4,7,4,187.09,748.36,4,22
13696,2023-11-05,15,20,7,2,18.78,37.56,3,22
13697,2023-11-11,3,19,7,4,16.91,67.64,4,21
13698,2023-11-14,26,4,7,1,179.99,179.99,4,23
13699,2023-11-01,16,6,7,1,15.99,15.99,2,21
13700,2023-11-10,20,8,7,1,41.39,41.39,4,22
13701,2023-11-21,24,7,7,1,152.99,152.99,4,21
13702,2023-11-01,1,10,7,1,44.75,44.75,4,22
13703,2023-11-03,7,20,7,1,38.99,38.99,4,21
13704,2023-11-12,30,2,7,5,63.91,319.55,3,22
13705,2023-11-18,29,2,7,2,51.8,103.6,4,23
13706,2023-11-08,16,18,7,5,16.25,81.25,3,21
13707,2023-11-04,5,19,7,1,19.81,19.81,1,22
13708,2023-11-20,24,17,8,2,51.51,103.02,4,24
13709,2023-11-02,5,14,8,1,239.99,239.99,4,24
13710,2023-11-13,17,13,8,3,93.17,279.51,4,25
13711,2023-11-09,14,7,8,1,65.34,65.34,4,24
13712,2023-11-18,22,1,8,1,855.99,855.99,1,24
13713,2023-11-15,8,2,8,5,117.91,589.55,4,25
13714,2023-11-08,10,10,8,2,41.99,83.98,1,24
13715,2023-11-01,13,16,8,1,21.23,21.23,4,24
13716,2023-11-25,20,7,8,1,145.74,145.74,4,25
13717,2023-11-07,23,19,8,1,27.39,27.39,1,25
13718,2023-11-09,7,20,8,5,35.99,179.95,4,24
13719,2023-11-18,4,20,8,3,40.83,122.49,4,24
13720,2023-11-05,9,8,8,2,57.99,115.98,4,25
13721,2023-11-17,15,16,8,3,12.99,38.97,1,25
13722,2023-11-29,17,18,8,3,17.99,53.97,4,24
13723,2023-11-24,3,16,8,1,8.36,8.36,4,25
13724,2023-11-08,5,18,8,4,10.99,43.96,1,25
13725,2023-11-19,30,18,8,2,16.07,32.14,4,25
13726,2023-11-03,29,19,8,5,16.99,84.95,4,25
13727,2023-11-25,17,9,8,4,147.75,591.0,4,24
13728,2023-11-16,26,18,8,2,9.92,19.84,1,25
13729,2023-11-11,6,3,8,2,65.27,130.54,4,24
13730,2023-11-06,24,17,8,2,34.39,68.78,4,24
13731,2023-11-22,9,10,8,2,38.39,76.78,4,25
13732,2023-11-07,21,6,8,4,29.05,116.2,4,25
13733,2023-11-24,9,1,8,3,1354.99,4064.97,4,25
13734,2023-11-27,7,17,8,1,48.59,48.59,4,24
13735,2023-11-26,6,7,8,5,154.99,774.95,4,25
13736,2023-11-25,22,13,8,2,111.99,223.98,3,24
13737,2023-11-30,20,17,8,1,23.87,23.87,4,24
13738,2023-11-26,18,9,8,1,185.32,185.32,4,25
13739,2023-11-13,18,4,9,1,255.44,255.44,3,26
13740,2023-11-29,12,5,9,2,16.99,33.98,4,28
13741,2023-11-04,8,13,9,3,106.78,320.34,4,28
13742,2023-11-13,2,8,9,3,59.99,179.97,4,27
13743,2023-11-05,24,11,9,3,328.1,984.3,4,28
13744,2023-11-26,23,17,9,1,45.99,45.99,4,28
13745,2023-11-09,20,3,9,1,94.26,94.26,4,27
13746,2023-11-28,12,5,9,1,23.39,23.39,4,26
13747,2023-11-28,28,16,9,5,14.98,74.9,4,27
13748,2023-11-25,14,18,9,1,17.24,17.24,4,28
13749,2023-11-26,11,7,9,4,137.93,551.72,4,28
13750,2023-11-22,3,2,9,2,84.32,168.64,4,26
13751,2023-11-02,12,1,9,2,1104.99,2209.98,3,28
13752,2023-11-13,15,18,9,2,17.99,35.98,4,28
13753,2023-11-16,18,8,9,1,70.49,70.49,4,26
13754,2023-11-17,15,9,9,1,186.09,186.09,4,28
13755,2023-11-18,13,7,9,3,135.99,407.97,4,27
13756,2023-11-27,27,19,9,2,36.88,73.76,4,28
13757,2023-11-20,18,4,9,1,249.04,249.04,4,28
13758,2023-11-22,2,3,9,1,92.99,92.99,4,27
13759,2023-11-08,13,20,9,4,32.78,131.12,4,27
13760,2023-11-26,30,18,9,3,12.27,36.81,3,26
13761,2023-11-09,17,17,9,1,35.99,35.99,4,26
13762,2023-11-12,26,4,9,1,178.45,178.45,4,26
13763,2023-11-22,1,5,9,1,12.99,12.99,1,28
13764,2023-11-06,17,10,9,3,41.98,125.94,4,27
13765,2023-11-13,8,4,9,2,175.99,351.98,4,26
13766,2023-11-30,6,17,9,1,21.99,21.99,4,27
13767,2023-11-27,22,6,9,1,31.63,31.63,4,27
13768,2023-11-15,12,13,9,1,62.99,62.99,4,28
13769,2023-11-02,12,9,9,2,105.49,210.98,4,28
13770,2023-11-23,10,1,9,1,851.27,851.27,2,26
13771,2023-11-25,7,7,9,1,94.02,94.02,4,27
13772,2023-11-07,30,8,9,2,54.99,109.98,4,27
13773,2023-11-14,2,20,9,1,14.99,14.99,4,26
13774,2023-11-29,16,15,9,2,73.99,147.98,4,28
13775,2023-11-15,8,3,9,2,133.05,266.1,4,28
13776,2023-11-22,29,7,9,1,107.99,107.99,4,27
13777,2023-11-29,18,10,9,1,42.43,42.43,4,28
13778,2023-11-12,23,18,9,3,15.26,45.78,4,26
13779,2023-11-18,3,6,9,4,20.42,81.68,4,26
13780,2023-11-09,13,17,9,3,45.61,136.83,4,27
13781,2023-11-04,19,18,9,2,8.99,17.98,4,26
13782,2023-11-22,5,7,9,3,112.53,337.59,4,28
13783,2023-11-17,5,3,9,1,132.61,132.61,4,28
13784,2023-11-22,25,5,9,2,22.14,44.28,4,26
13785,2023-11-13,23,18,9,4,12.99,51.96,4,26
13786,2023-11-25,11,18,9,2,11.99,23.98,4,28
13787,2023-11-04,11,13,9,2,55.99,111.98,4,26
13788,2023-11-05,19,16,9,2,23.07,46.14,4,27
13789,2023-11-14,4,5,9,4,18.6,74.4,4,28
13790,2023-11-18,23,15,9,5,35.99,179.95,4,28
13791,2023-11-02,30,16,9,1,11.76,11.76,4,27
13792,2023-11-03,24,19,9,2,34.21,68.42,4,26
13793,2023-11-16,27,19,9,2,14.99,29.98,3,26
13794,2023-11-16,2,18,9,3,14.99,44.97,2,28
13795,2023-11-03,4,9,9,1,153.23,153.23,4,26
13796,2023-11-17,16,18,9,1,16.99,16.99,3,28
13797,2023-11-16,4,19,10,1,19.99,19.99,4,30
13798,2023-11-11,1,6,10,4,33.99,135.96,2,29
13799,2023-11-29,14,10,10,2,44.99,89.98,4,29
13800,2023-11-16,6,19,10,2,35.04,70.08,3,29
13801,2023-11-24,5,17,10,3,41.54,124.62,4,31
13802,2023-11-17,24,17,10,4,46.92,187.68,3,29
13803,2023-11-02,3,19,10,5,27.74,138.7,3,31
13804,2023-11-04,14,4,10,2,178.68,357.36,4,31
13805,2023-11-04,6,11,10,3,314.99,944.97,4,31
13806,2023-11-04,20,12,10,2,722.99,1445.98,4,31
13807,2023-11-08,16,6,10,1,13.99,13.99,4,30
13808,2023-11-22,1,10,10,1,65.99,65.99,4,30
13809,2023-11-20,29,4,10,2,125.99,251.98,4,30
13810,2023-11-24,29,2,10,2,120.81,241.62,4,29
13811,2023-11-24,14,2,10,1,120.89,120.89,4,29
13812,2023-11-13,22,16,10,2,19.99,39.98,4,30
13813,2023-11-09,2,5,10,2,15.51,31.02,3,30
13814,2023-11-18,26,13,10,5,50.99,254.95,4,29
13815,2023-11-23,14,10,10,1,36.56,36.56,4,31
13816,2023-11-09,30,15,10,1,41.99,41.99,4,31
13817,2023-11-02,8,5,10,2,20.57,41.14,4,31
13818,2023-11-11,17,15,10,1,83.99,83.99,4,30
13819,2023-11-26,21,6,10,1,15.99,15.99,4,29
13820,2023-11-11,28,18,10,3,10.07,30.21,4,29
13821,2023-11-23,27,5,10,2,21.99,43.98,4,30
13822,2023-11-28,25,19,10,3,17.99,53.97,4,30
13823,2023-11-12,2,14,10,3,216.99,650.97,4,31
13824,2023-11-27,16,6,10,3,26.4,79.2,4,31
13825,2023-11-05,21,9,10,2,192.43,384.86,4,29
13826,2023-11-02,22,18,10,1,12.9,12.9,4,30
13827,2023-11-24,4,16,10,2,18.64,37.28,4,30
13828,2023-11-23,1,16,10,2,16.99,33.98,4,31
13829,2023-11-30,4,9,10,2,160.51,321.02,4,30
13830,2023-11-25,19,7,10,2,115.99,231.98,4,30
13831,2023-11-01,16,20,10,1,40.99,40.99,2,31
13832,2023-11-28,19,2,10,3,91.99,275.97,4,31
13833,2023-11-04,8,17,10,3,23.86,71.58,4,29
13834,2023-11-04,17,16,10,3,21.71,65.13,4,29
13835,2023-11-06,20,7,10,5,127.55,637.75,4,29
13836,2023-11-09,6,7,10,1,75.99,75.99,4,31
13837,2023-11-27,25,18,10,2,8.99,17.98,4,29
13838,2023-11-03,9,9,10,2,170.99,341.98,4,30
13839,2023-11-08,22,3,10,2,148.99,297.98,4,30
13840,2023-11-04,7,8,11,2,79.65,159.3,4,33
13841,2023-11-12,20,6,11,5,13.13,65.65,4,33
13842,2023-11-22,26,14,11,1,201.94,201.94,4,32
13843,2023-11-08,8,3,11,2,130.99,261.98,4,32
13844,2023-11-19,7,2,11,3,58.46,175.38,4,33
13845,2023-11-04,26,16,11,1,22.14,22.14,4,32
13846,2023-11-11,3,2,11,1,85.27,85.27,4,33
13847,2023-11-08,11,10,11,3,60.13,180.39,4,32
13848,2023-11-23,1,16,11,1,22.23,22.23,4,32
13849,2023-11-04,21,2,11,2,126.23,252.46,4,33
13850,2023-11-09,26,7,11,1,148.75,148.75,1,32
13851,2023-11-14,4,16,11,1,18.29,18.29,1,32
13852,2023-11-09,2,13,11,3,80.99,242.97,4,33
13853,2023-11-03,21,6,11,3,19.58,58.74,4,32
13854,2023-11-30,7,19,11,4,17.99,71.96,4,33
13855,2023-11-11,20,5,11,2,20.25,40.5,3,33
13856,2023-11-29,21,3,11,1,143.99,143.99,4,32
13857,2023-11-14,30,1,11,1,925.05,925.05,2,33
13858,2023-11-08,9,10,11,2,33.99,67.98,4,32
13859,2023-11-20,18,16,11,2,19.99,39.98,1,32
13860,2023-11-28,29,15,11,1,30.56,30.56,4,33
13861,2023-11-12,5,7,11,2,49.06,98.12,4,32
13862,2023-11-11,23,3,11,1,101.56,101.56,4,33
13863,2023-11-02,6,6,11,5,25.14,125.7,4,32
13864,2023-11-09,4,10,11,1,31.62,31.62,4,32
13865,2023-11-24,28,2,11,3,112.97,338.91,4,33
13866,2023-11-09,12,18,11,2,10.93,21.86,4,33
13867,2023-11-22,19,14,11,4,103.1,412.4,4,32
13868,2023-11-07,4,18,11,1,10.99,10.99,4,32
13869,2023-11-25,11,5,11,2,27.3,54.6,4,32
13870,2023-11-06,20,6,11,1,30.99,30.99,4,32
13871,2023-11-10,12,7,11,1,109.99,109.99,4,32
13872,2023-11-16,9,17,11,2,34.99,69.98,4,32
13873,2023-11-17,16,15,11,1,63.6,63.6,3,32
13874,2023-11-08,17,8,11,1,74.16,74.16,4,32
13875,2023-11-28,16,5,11,4,21.99,87.96,4,32
13876,2023-11-11,7,15,12,1,87.99,87.99,3,34
13877,2023-11-27,22,3,12,2,127.82,255.64,4,35
13878,2023-11-22,13,15,12,2,83.35,166.7,4,34
13879,2023-11-16,19,3,12,2,66.58,133.16,4,35
13880,2023-11-16,6,1,12,2,1005.67,2011.34,4,34
13881,2023-11-28,5,14,12,1,189.99,189.99,4,35
13882,2023-11-25,15,8,12,4,72.47,289.88,4,34
13883,2023-11-17,10,2,12,2,60.26,120.52,4,34
13884,2023-11-28,3,7,12,1,70.99,70.99,4,34
13885,2023-11-25,20,11,12,3,587.99,1763.97,4,34
13886,2023-11-02,2,8,12,5,66.99,334.95,4,35
13887,2023-11-04,29,19,12,2,15.99,31.98,4,34
13888,2023-11-09,23,4,12,2,252.99,505.98,4,34
13889,2023-11-17,22,19,12,1,25.03,25.03,3,34
13890,2023-11-16,7,5,12,1,22.57,22.57,4,34
13891,2023-11-05,27,3,12,2,125.28,250.56,4,34
13892,2023-11-22,6,20,12,1,31.99,31.99,2,35
13893,2023-11-27,5,13,12,1,98.67,98.67,4,34
13894,2023-11-18,10,8,12,4,71.99,287.96,4,35
13895,2023-11-14,14,17,12,1,34.75,34.75,4,35
13896,2023-11-10,9,19,12,2,14.77,29.54,4,35
13897,2023-11-01,9,5,12,2,16.16,32.32,4,35
13898,2023-11-13,22,1,12,3,878.99,2636.97,4,34
13899,2023-11-14,21,3,12,3,61.7,185.1,4,34
13900,2023-11-09,28,17,12,1,52.48,52.48,4,34
13901,2023-11-16,14,5,12,1,27.33,27.33,4,34
13902,2023-11-28,6,20,12,1,23.99,23.99,4,34
13903,2023-11-02,30,2,12,2,75.38,150.76,4,35
13904,2023-11-23,26,6,12,3,19.99,59.97,4,35
13905,2023-11-27,8,2,12,1,71.94,71.94,4,35
13906,2023-11-12,16,19,12,2,29.81,59.62,4,34
13907,2023-11-26,24,16,12,1,16.74,16.74,4,35
13908,2023-11-27,13,18,12,1,12.66,12.66,4,34
13909,2023-11-23,25,18,12,4,7.0,28.0,4,34
13910,2023-11-25,29,3,12,1,92.99,92.99,4,34
13911,2023-11-29,11,16,12,1,20.71,20.71,4,35
13912,2023-11-12,13,2,12,3,100.99,302.97,4,34
13913,2023-11-19,10,15,12,2,29.4,58.8,4,34
13914,2023-11-30,7,10,12,1,61.23,61.23,4,34
13915,2023-11-03,21,3,13,3,124.99,374.97,4,38
13916,2023-11-08,22,2,13,1,105.99,105.99,4,37
13917,2023-11-05,17,17,13,2,23.99,47.98,4,37
13918,2023-11-02,22,5,13,1,10.63,10.63,4,38
13919,2023-11-21,10,19,13,1,23.52,23.52,4,36
13920,2023-11-14,21,3,13,2,137.99,275.98,4,37
13921,2023-11-08,27,11,13,1,563.38,563.38,3,37
13922,2023-11-17,22,17,13,1,29.82,29.82,4,38
13923,2023-11-06,13,17,13,3,50.99,152.97,4,38
13924,2023-11-01,7,20,13,1,18.99,18.99,4,36
13925,2023-11-21,19,2,13,3,100.04,300.12,4,38
13926,2023-11-06,1,19,13,1,21.5,21.5,3,37
13927,2023-11-24,13,16,13,3,10.51,31.53,4,36
13928,2023-11-26,6,8,13,1,62.99,62.99,2,37
13929,2023-11-03,5,19,13,3,36.23,108.69,4,38
13930,2023-11-23,24,5,13,1,18.69,18.69,4,38
13931,2023-11-02,28,7,13,2,81.92,163.84,3,36
13932,2023-11-10,12,6,13,1,19.83,19.83,4,36
13933,2023-11-12,12,11,13,1,459.99,459.99,4,36
13934,2023-11-02,27,3,13,2,113.99,227.98,4,38
13935,2023-11-14,27,8,13,2,83.99,167.98,4,36
13936,2023-11-30,21,10,13,3,59.75,179.25,4,37
13937,2023-11-29,16,8,13,1,85.99,85.99,4,36
13938,2023-11-22,21,10,13,2,46.4,92.8,2,36
13939,2023-11-17,10,5,13,1,12.97,12.97,4,36
13940,2023-11-09,23,16,13,1,10.99,10.99,4,38
13941,2023-11-23,24,11,13,3,543.27,1629.81,4,37
13942,2023-11-03,23,17,13,2,51.13,102.26,4,36
13943,2023-11-26,22,2,13,3,58.99,176.97,4,38
13944,2023-11-24,22,2,13,4,108.99,435.96,4,38
13945,2023-11-18,23,5,13,2,24.4,48.8,4,38
13946,2023-11-30,3,5,13,5,9.99,49.95,4,38
13947,2023-11-15,23,7,13,2,131.71,263.42,4,37
13948,2023-11-10,17,20,13,1,36.99,36.99,4,38
13949,2023-11-29,12,8,13,1,81.67,81.67,4,38
13950,2023-11-06,21,8,13,2,31.31,62.62,4,36
13951,2023-11-06,19,18,13,3,14.99,44.97,4,38
13952,2023-11-15,10,18,13,2,13.99,27.98,4,37
13953,2023-11-30,3,8,13,5,37.99,189.95,4,38
13954,2023-11-18,21,19,13,5,31.66,158.3,4,37
13955,2023-11-27,8,6,13,2,20.41,40.82,4,38
13956,2023-11-16,1,19,13,2,23.99,47.98,4,37
13957,2023-11-10,11,15,13,1,67.99,67.99,4,38
13958,2023-11-27,7,6,13,1,9.99,9.99,3,37
13959,2023-11-16,18,6,13,5,24.45,122.25,4,38
13960,2023-11-16,25,18,14,3,15.99,47.97,4,39
13961,2023-11-04,18,7,14,3,76.41,229.23,4,40
13962,2023-11-29,18,17,14,2,19.0,38.0,4,40
13963,2023-11-12,29,2,14,5,66.43,332.15,4,39
13964,2023-11-08,25,10,14,3,43.99,131.97,4,39
13965,2023-11-07,14,4,14,2,267.47,534.94,4,40
13966,2023-11-22,7,3,14,2,66.49,132.98,4,39
13967,2023-11-08,27,18,14,2,16.99,33.98,4,40
13968,2023-11-20,12,20,14,1,18.13,18.13,4,40
13969,2023-11-16,22,8,14,1,59.99,59.99,4,39
13970,2023-11-03,9,15,14,3,43.99,131.97,4,39
13971,2023-11-03,7,20,14,2,19.42,38.84,4,39
13972,2023-11-18,18,15,14,5,75.75,378.75,4,40
13973,2023-11-19,18,4,14,4,265.99,1063.96,4,40
13974,2023-11-10,19,16,14,2,19.94,39.88,4,40
13975,2023-11-22,12,16,14,1,8.3,8.3,4,40
13976,2023-11-29,26,13,14,4,109.99,439.96,4,40
13977,2023-11-22,13,19,14,3,28.99,86.97,4,40
13978,2023-11-19,19,19,14,5,29.47,147.35,4,39
13979,2023-11-09,30,6,14,1,18.69,18.69,4,39
13980,2023-11-20,27,10,14,3,32.75,98.25,4,39
13981,2023-11-24,22,3,14,1,111.99,111.99,4,39
13982,2023-11-23,15,3,14,3,74.99,224.97,4,40
13983,2023-11-24,21,19,14,1,36.44,36.44,4,40
13984,2023-11-08,17,18,14,3,10.99,32.97,4,39
13985,2023-11-30,18,13,14,5,61.99,309.95,4,39
13986,2023-11-18,11,8,14,2,48.99,97.98,4,39
13987,2023-11-11,26,10,14,4,39.81,159.24,4,40
13988,2023-11-14,13,9,14,2,71.67,143.34,4,39
13989,2023-11-25,10,4,14,1,240.57,240.57,4,39
13990,2023-11-30,11,16,15,1,18.99,18.99,4,42
13991,2023-11-01,25,9,15,5,69.0,345.0,4,42
13992,2023-11-27,10,8,15,2,41.12,82.24,4,41
13993,2023-11-20,28,19,15,1,19.95,19.95,4,42
13994,2023-11-30,13,13,15,3,52.02,156.06,4,42
13995,2023-11-19,3,2,15,3,64.99,194.97,4,42
13996,2023-11-10,10,9,15,2,121.97,243.94,4,41
13997,2023-11-17,18,4,15,3,179.48,538.44,4,41
13998,2023-11-06,29,2,15,2,95.72,191.44,4,41
13999,2023-11-09,2,19,15,3,37.99,113.97,4,42
14000,2023-11-25,28,13,15,1,110.94,110.94,4,41
14001,2023-11-16,3,19,15,5,20.99,104.95,4,41
14002,2023-11-29,28,10,15,3,43.99,131.97,4,41
14003,2023-11-23,29,4,15,2,120.51,241.02,4,41
14004,2023-11-10,30,5,15,5,13.99,69.95,4,41
14005,2023-11-25,14,3,15,2,123.99,247.98,4,42
14006,2023-11-10,16,17,15,2,43.8,87.6,2,41
14007,2023-11-10,28,10,15,1,43.99,43.99,4,42
14008,2023-11-03,13,6,15,1,28.12,28.12,4,41
14009,2023-11-26,17,8,15,2,51.99,103.98,4,41
14010,2023-11-23,28,3,15,4,74.91,299.64,4,42
14011,2023-11-05,20,18,15,1,15.47,15.47,4,41
14012,2023-11-19,28,9,15,2,160.94,321.88,4,41
14013,2023-11-23,20,2,15,3,70.84,212.52,4,41
14014,2023-11-11,3,17,15,2,46.24,92.48,4,42
14015,2023-11-15,19,16,15,2,23.24,46.48,4,41
14016,2023-11-10,27,5,15,4,15.99,63.96,4,42
14017,2023-12-27,10,10,1,2,52.13,104.26,4,1
14018,2023-12-10,5,13,1,3,118.03,354.09,4,4
14019,2023-12-09,4,17,1,1,30.99,30.99,4,2
14020,2023-12-13,17,17,1,1,39.03,39.03,4,3
14021,2023-12-10,14,13,1,2,101.61,203.22,4,3
14022,2023-12-02,29,8,1,2,60.87,121.74,4,3
14023,2023-12-28,17,18,1,1,7.99,7.99,4,1
14024,2023-12-23,7,14,1,2,235.86,471.72,1,2
14025,2023-12-30,9,7,1,1,127.99,127.99,4,1
14026,2023-12-02,27,19,1,2,18.92,37.84,4,2
14027,2023-12-14,4,6,1,3,12.8,38.4,4,3
14028,2023-12-16,16,2,1,1,82.99,82.99,4,1
14029,2023-12-25,29,5,1,2,12.02,24.04,4,3
14030,2023-12-12,4,16,1,1,12.99,12.99,4,3
14031,2023-12-06,7,7,1,1,130.54,130.54,4,4
14032,2023-12-19,12,5,1,1,25.99,25.99,4,1
14033,2023-12-21,6,15,1,1,63.93,63.93,4,3
14034,2023-12-08,24,5,1,3,14.99,44.97,4,2
14035,2023-12-04,19,13,1,3,44.32,132.96,3,2
14036,2023-12-09,23,3,1,1,99.64,99.64,4,1
14037,2023-12-19,6,11,2,1,508.99,508.99,4,5
14038,2023-12-09,26,18,2,4,11.88,47.52,4,6
14039,2023-12-04,17,13,2,1,71.99,71.99,4,8
14040,2023-12-20,6,3,2,1,132.99,132.99,4,8
14041,2023-12-28,30,15,2,5,45.63,228.15,4,6
14042,2023-12-04,13,10,2,1,48.78,48.78,4,8
14043,2023-12-27,24,13,2,1,62.21,62.21,4,8
14044,2023-12-03,1,8,2,1,51.99,51.99,4,8
14045,2023-12-17,23,10,2,4,57.99,231.96,4,7
14046,2023-12-26,24,6,2,1,31.99,31.99,1,6
14047,2023-12-11,16,19,2,2,14.99,29.98,4,5
14048,2023-12-25,25,8,2,1,82.17,82.17,4,7
14049,2023-12-03,21,1,2,4,1309.38,5237.52,4,7
14050,2023-12-02,1,18,2,2,14.99,29.98,4,6
14051,2023-12-30,10,15,3,2,85.99,171.98,4,11
14052,2023-12-19,7,14,3,4,147.99,591.96,4,9
14053,2023-12-17,3,18,3,3,8.95,26.85,4,9
14054,2023-12-25,30,6,3,1,21.99,21.99,4,11
14055,2023-12-23,2,8,3,2,32.99,65.98,4,10
14056,2023-12-01,4,7,3,3,136.7,410.1,4,10
14057,2023-12-11,5,9,3,1,110.99,110.99,4,11
14058,2023-12-17,6,4,3,2,99.99,199.98,4,11
14059,2023-12-07,7,16,3,1,10.83,10.83,4,11
14060,2023-12-25,4,4,3,1,118.99,118.99,4,11
14061,2023-12-21,4,18,3,2,7.99,15.98,4,11
14062,2023-12-12,21,16,3,3,19.37,58.11,4,11
14063,2023-12-01,17,3,3,2,107.62,215.24,4,11
14064,2023-12-21,12,8,3,3,52.35,157.05,4,9
14065,2023-12-08,12,14,3,2,148.99,297.98,4,9
14066,2023-12-11,6,5,3,1,14.23,14.23,2,10
14067,2023-12-28,21,4,3,4,266.48,1065.92,4,9
14068,2023-12-12,28,5,3,1,12.54,12.54,4,11
14069,2023-12-05,14,5,3,2,9.18,18.36,1,10
14070,2023-12-15,7,4,4,1,273.99,273.99,4,14
14071,2023-12-14,18,2,4,3,64.79,194.37,4,12
14072,2023-12-24,25,8,4,2,29.2,58.4,1,12
14073,2023-12-26,28,5,4,1,16.24,16.24,4,12
14074,2023-12-19,14,19,4,2,37.84,75.68,4,14
14075,2023-12-24,28,5,4,1,27.18,27.18,4,14
14076,2023-12-05,19,15,4,1,58.09,58.09,1,12
14077,2023-12-08,28,13,4,5,61.99,309.95,4,14
14078,2023-12-18,27,5,4,1,9.0,9.0,4,14
14079,2023-12-30,18,13,4,2,76.03,152.06,4,12
14080,2023-12-18,29,20,5,1,33.22,33.22,4,17
14081,2023-12-26,9,17,5,1,33.62,33.62,2,17
14082,2023-12-16,7,6,5,1,31.99,31.99,4,17
14083,2023-12-22,30,8,5,2,25.86,51.72,4,17
14084,2023-12-19,25,6,5,1,17.99,17.99,4,17
14085,2023-12-24,17,19,5,1,17.87,17.87,2,16
14086,2023-12-30,20,3,5,2,109.99,219.98,4,17
14087,2023-12-13,17,3,5,1,127.02,127.02,4,15
14088,2023-12-10,2,4,5,1,224.03,224.03,4,15
14089,2023-12-04,23,13,5,2,74.78,149.56,4,17
14090,2023-12-15,8,2,5,2,113.99,227.98,4,17
14091,2023-12-10,23,17,5,2,32.99,65.98,2,16
14092,2023-12-19,17,12,5,2,528.25,1056.5,4,17
14093,2023-12-26,20,9,5,3,98.02,294.06,4,15
14094,2023-12-22,5,18,5,2,13.7,27.4,4,16
14095,2023-12-17,15,7,6,2,100.99,201.98,4,18
14096,2023-12-22,3,16,6,1,20.99,20.99,4,19
14097,2023-12-07,23,6,6,2,21.34,42.68,4,18
14098,2023-12-18,24,8,6,2,63.99,127.98,4,19
14099,2023-12-11,1,18,6,1,14.19,14.19,4,20
14100,2023-12-07,7,1,6,2,813.67,1627.34,4,19
14101,2023-12-14,25,20,6,2,22.57,45.14,4,18
14102,2023-12-23,18,17,6,5,42.97,214.85,4,20
14103,2023-12-22,4,18,6,1,8.99,8.99,4,19
14104,2023-12-03,21,19,6,3,33.18,99.54,4,18
14105,2023-12-28,30,9,6,1,125.99,125.99,4,19
14106,2023-12-28,20,17,6,1,42.99,42.99,4,19
14107,2023-12-17,7,20,6,1,17.99,17.99,4,19
14108,2023-12-14,9,4,7,3,235.99,707.97,4,23
14109,2023-12-12,7,5,7,2,22.47,44.94,4,21
14110,2023-12-20,30,17,7,3,28.99,86.97,4,22
14111,2023-12-20,27,5,7,1,17.3,17.3,4,21
14112,2023-12-12,13,6,7,2,9.4,18.8,4,21
14113,2023-12-07,17,16,7,2,13.34,26.68,4,21
14114,2023-12-29,1,1,7,5,1304.07,6520.35,4,22
14115,2023-12-24,19,15,7,1,30.66,30.66,4,22
14116,2023-12-31,22,6,7,1,30.71,30.71,4,22
14117,2023-12-08,1,20,7,4,19.45,77.8,4,22
14118,2023-12-21,27,9,7,4,115.84,463.36,1,23
14119,2023-12-17,14,11,7,4,443.6,1774.4,4,23
14120,2023-12-11,1,2,8,4,95.99,383.96,3,25
14121,2023-12-30,15,5,8,1,24.76,24.76,4,24
14122,2023-12-14,17,14,8,1,137.87,137.87,4,25
14123,2023-12-15,5,20,8,1,21.55,21.55,4,24
14124,2023-12-18,10,9,8,1,151.45,151.45,4,25
14125,2023-12-06,15,7,8,5,65.09,325.45,4,24
14126,2023-12-18,19,13,8,1,65.99,65.99,4,24
14127,2023-12-16,13,3,8,3,71.46,214.38,4,24
14128,2023-12-04,15,6,8,4,9.5,38.0,4,24
14129,2023-12-06,11,8,8,1,72.99,72.99,4,25
14130,2023-12-04,23,19,9,2,34.83,69.66,4,27
14131,2023-12-05,14,3,9,1,111.35,111.35,4,27
14132,2023-12-21,30,8,9,1,74.39,74.39,4,28
14133,2023-12-13,18,8,9,2,54.07,108.14,4,27
14134,2023-12-12,6,7,9,5,100.23,501.15,4,27
14135,2023-12-22,23,7,9,2,83.99,167.98,4,28
14136,2023-12-18,13,13,9,3,52.6,157.8,4,27
14137,2023-12-11,27,10,9,1,59.99,59.99,3,28
14138,2023-12-14,8,7,9,1,79.11,79.11,4,27
14139,2023-12-19,23,9,9,1,82.42,82.42,4,26
14140,2023-12-22,6,8,9,2,80.94,161.88,4,27
14141,2023-12-31,28,6,9,5,10.79,53.95,4,28
14142,2023-12-27,16,9,9,1,177.99,177.99,4,27
14143,2023-12-26,4,16,9,4,8.99,35.96,4,26
14144,2023-12-14,8,5,9,1,15.96,15.96,4,26
14145,2023-12-15,3,20,9,3,20.42,61.26,4,26
14146,2023-12-02,18,5,10,1,20.44,20.44,4,30
14147,2023-12-08,13,5,10,1,15.99,15.99,4,30
14148,2023-12-31,29,16,10,1,12.99,12.99,4,30
14149,2023-12-16,2,3,10,2,94.21,188.42,3,30
14150,2023-12-14,22,8,10,2,67.65,135.3,4,29
14151,2023-12-06,2,12,10,1,714.01,714.01,4,30
14152,2023-12-28,25,10,10,4,30.33,121.32,4,30
14153,2023-12-23,4,18,10,2,9.99,19.98,4,30
14154,2023-12-15,11,6,10,2,22.99,45.98,4,29
14155,2023-12-12,29,4,10,4,185.18,740.72,4,31
14156,2023-12-22,16,15,10,1,55.99,55.99,4,31
14157,2023-12-14,13,19,10,2,29.99,59.98,4,29
14158,2023-12-30,5,6,10,1,11.33,11.33,4,31
14159,2023-12-29,11,10,11,1,31.89,31.89,4,32
14160,2023-12-29,29,20,11,3,37.99,113.97,4,33
14161,2023-12-12,25,19,11,2,27.99,55.98,4,32
14162,2023-12-26,25,20,11,2,19.85,39.7,4,33
14163,2023-12-23,29,11,11,1,505.99,505.99,4,32
14164,2023-12-04,18,9,11,2,75.36,150.72,4,33
14165,2023-12-26,3,11,11,2,496.99,993.98,4,32
14166,2023-12-07,2,5,11,4,25.54,102.16,4,33
14167,2023-12-18,18,8,11,2,54.21,108.42,4,32
14168,2023-12-27,23,5,11,2,24.99,49.98,4,32
14169,2023-12-19,4,16,11,3,14.99,44.97,4,33
14170,2023-12-12,26,20,11,1,36.57,36.57,4,33
14171,2023-12-26,4,3,11,2,139.03,278.06,4,33
14172,2023-12-18,10,9,12,2,117.8,235.6,4,35
14173,2023-12-06,30,4,12,1,184.01,184.01,4,34
14174,2023-12-23,4,10,12,1,65.99,65.99,4,35
14175,2023-12-06,16,2,12,5,64.99,324.95,4,35
14176,2023-12-26,11,5,12,1,16.99,16.99,4,35
14177,2023-12-09,19,9,12,1,159.99,159.99,4,35
14178,2023-12-15,13,2,12,3,124.1,372.3,1,34
14179,2023-12-11,21,4,12,1,101.12,101.12,4,34
14180,2023-12-15,30,1,12,1,1197.58,1197.58,4,34
14181,2023-12-19,1,6,12,2,18.99,37.98,4,34
14182,2023-12-04,14,13,13,1,110.3,110.3,4,36
14183,2023-12-03,11,16,13,3,17.43,52.29,4,38
14184,2023-12-17,26,19,13,3,24.1,72.3,4,37
14185,2023-12-21,7,6,13,3,23.57,70.71,4,37
14186,2023-12-05,28,9,13,1,96.02,96.02,4,38
14187,2023-12-18,29,17,13,3,38.34,115.02,4,36
14188,2023-12-23,29,13,13,2,97.99,195.98,4,37
14189,2023-12-11,28,1,13,2,906.78,1813.56,4,38
14190,2023-12-13,15,13,13,1,72.58,72.58,4,37
14191,2023-12-27,14,13,13,1,110.34,110.34,4,36
14192,2023-12-07,9,19,13,1,33.11,33.11,4,38
14193,2023-12-06,14,5,13,3,18.05,54.15,4,38
14194,2023-12-10,29,7,13,5,143.57,717.85,2,36
14195,2023-12-05,29,20,13,5,16.72,83.6,4,37
14196,2023-12-06,27,4,13,1,182.96,182.96,4,36
14197,2023-12-20,22,13,14,2,55.99,111.98,4,39
14198,2023-12-08,2,16,14,2,17.91,35.82,4,39
14199,2023-12-04,13,1,14,1,1368.07,1368.07,4,40
14200,2023-12-31,26,15,14,3,49.89,149.67,4,39
14201,2023-12-06,19,16,14,5,22.0,110.0,4,39
14202,2023-12-18,26,15,14,4,77.43,309.72,4,39
14203,2023-12-16,7,5,14,2,28.98,57.96,4,40
14204,2023-12-13,30,16,14,1,22.99,22.99,4,40
14205,2023-12-23,19,13,14,3,117.99,353.97,4,40
14206,2023-12-28,6,18,14,4,14.39,57.56,4,40
14207,2023-12-13,11,10,15,2,29.0,58.0,4,41
14208,2023-12-10,6,8,15,4,82.99,331.96,4,41
14209,2023-12-15,19,8,15,2,63.99,127.98,4,41
14210,2023-12-03,12,5,15,1,24.99,24.99,4,42
14211,2023-12-04,22,7,15,1,90.99,90.99,4,41
14212,2023-12-24,2,9,15,1,146.99,146.99,4,42
14213,2023-12-01,19,10,15,3,41.99,125.97,4,42
14214,2023-12-04,14,20,15,5,39.7,198.5,4,41
14215,2023-12-04,12,1,15,2,1109.91,2219.82,4,41
14216,2023-12-08,4,9,15,2,194.07,388.14,4,42
14217,2024-01-25,30,19,1,1,25.25,25.25,4,2
14218,2024-01-05,28,19,1,4,21.99,87.96,3,1
14219,2024-01-31,11,10,1,2,36.99,73.98,4,2
14220,2024-01-07,28,16,1,2,17.99,35.98,4,3
14221,2024-01-14,27,19,1,1,14.99,14.99,4,3
14222,2024-01-19,2,2,1,3,88.99,266.97,1,3
14223,2024-01-28,29,10,1,1,52.36,52.36,4,2
14224,2024-01-19,21,7,1,1,134.16,134.16,4,1
14225,2024-01-22,27,13,1,3,41.99,125.97,4,2
14226,2024-01-02,3,1,1,1,1099.99,1099.99,4,3
14227,2024-01-13,24,3,1,2,69.99,139.98,4,3
14228,2024-01-17,2,15,1,1,37.83,37.83,4,2
14229,2024-01-26,16,19,1,5,15.98,79.9,4,4
14230,2024-01-18,22,19,1,1,36.8,36.8,4,2
14231,2024-01-04,18,1,1,5,1005.81,5029.05,4,3
14232,2024-01-06,10,4,1,4,283.25,1133.0,3,3
14233,2024-01-03,11,5,1,1,14.99,14.99,4,3
14234,2024-01-04,8,11,1,2,502.8,1005.6,4,2
14235,2024-01-30,19,18,1,1,16.14,16.14,2,3
14236,2024-01-14,28,8,1,5,84.48,422.4,4,4
14237,2024-01-06,24,19,1,2,25.93,51.86,4,1
14238,2024-01-12,22,13,1,2,95.64,191.28,4,1
14239,2024-01-13,13,6,1,1,33.99,33.99,2,4
14240,2024-01-27,6,7,1,1,152.99,152.99,4,2
14241,2024-01-15,11,13,1,3,59.99,179.97,4,1
14242,2024-01-29,24,10,1,4,50.99,203.96,4,4
14243,2024-01-29,24,16,1,4,8.06,32.24,4,4
14244,2024-01-21,16,8,1,1,50.99,50.99,4,4
14245,2024-01-09,19,3,1,3,79.15,237.45,4,2
14246,2024-01-05,22,13,1,1,96.99,96.99,3,1
14247,2024-01-01,10,3,1,2,139.99,279.98,3,2
14248,2024-01-17,8,20,1,2,22.03,44.06,4,2
14249,2024-01-16,22,5,1,1,16.99,16.99,4,1
14250,2024-01-10,7,9,1,3,110.79,332.37,4,3
14251,2024-01-12,25,5,1,1,12.99,12.99,4,1
14252,2024-01-09,24,18,1,3,13.24,39.72,4,2
14253,2024-01-04,10,16,1,5,11.44,57.2,4,3
14254,2024-01-15,12,6,1,1,32.89,32.89,4,1
14255,2024-01-25,8,15,1,2,64.26,128.52,4,1
14256,2024-01-25,15,3,1,1,76.08,76.08,4,4
14257,2024-01-31,3,20,1,1,24.99,24.99,4,4
14258,2024-01-23,23,4,1,1,101.99,101.99,4,4
14259,2024-01-03,5,17,1,2,54.35,108.7,4,2
14260,2024-01-31,19,3,1,2,141.09,282.18,4,2
14261,2024-01-15,21,13,1,1,53.99,53.99,4,4
14262,2024-01-03,26,20,2,1,29.99,29.99,4,6
14263,2024-01-31,22,2,2,1,74.01,74.01,4,6
14264,2024-01-22,6,17,2,2,28.19,56.38,4,6
14265,2024-01-09,18,19,2,2,31.99,63.98,4,6
14266,2024-01-19,22,6,2,2,10.99,21.98,4,5
14267,2024-01-28,2,7,2,3,68.99,206.97,4,8
14268,2024-01-05,10,8,2,1,58.99,58.99,4,6
14269,2024-01-28,25,16,2,2,8.0,16.0,4,5
14270,2024-01-02,26,13,2,3,49.73,149.19,4,7
14271,2024-01-09,10,5,2,3,14.99,44.97,2,7
14272,2024-01-20,20,15,2,2,58.99,117.98,4,5
14273,2024-01-09,10,17,2,3,40.78,122.34,4,7
14274,2024-01-16,9,19,2,5,15.85,79.25,3,7
14275,2024-01-10,4,3,2,1,133.79,133.79,4,7
14276,2024-01-11,5,4,2,2,124.91,249.82,4,7
14277,2024-01-08,25,17,2,1,47.99,47.99,4,5
14278,2024-01-11,23,4,2,3,163.43,490.29,4,7
14279,2024-01-08,14,3,2,1,122.66,122.66,2,6
14280,2024-01-24,30,6,2,2,18.32,36.64,4,6
14281,2024-01-14,11,17,2,2,40.06,80.12,4,8
14282,2024-01-12,20,2,2,1,60.73,60.73,4,5
14283,2024-01-28,26,11,2,1,417.59,417.59,4,6
14284,2024-01-22,13,17,2,1,25.73,25.73,4,5
14285,2024-01-16,3,20,2,1,21.99,21.99,4,8
14286,2024-01-02,27,20,2,1,22.99,22.99,4,6
14287,2024-01-02,6,13,2,2,74.06,148.12,4,7
14288,2024-01-16,17,6,2,2,28.07,56.14,4,5
14289,2024-01-29,29,14,2,2,216.99,433.98,4,5
14290,2024-01-19,14,10,2,2,53.04,106.08,4,5
14291,2024-01-01,6,7,2,2,95.99,191.98,4,8
14292,2024-01-25,5,15,3,1,71.76,71.76,4,11
14293,2024-01-02,13,3,3,1,157.68,157.68,4,9
14294,2024-01-04,29,9,3,1,108.99,108.99,4,11
14295,2024-01-07,14,1,3,1,1353.66,1353.66,2,10
14296,2024-01-10,4,7,3,2,117.13,234.26,4,10
14297,2024-01-05,9,3,3,1,59.99,59.99,4,11
14298,2024-01-22,3,5,3,3,13.99,41.97,4,10
14299,2024-01-30,30,19,3,2,24.99,49.98,2,9
14300,2024-01-12,15,1,3,1,823.81,823.81,1,11
14301,2024-01-11,11,7,3,1,111.99,111.99,4,9
14302,2024-01-15,23,15,3,5,29.86,149.3,4,10
14303,2024-01-12,30,18,3,2,10.56,21.12,4,11
14304,2024-01-14,5,5,3,1,16.99,16.99,4,11
14305,2024-01-13,21,9,3,1,187.99,187.99,4,11
14306,2024-01-07,18,3,3,3,134.99,404.97,4,10
14307,2024-01-12,7,2,3,3,112.01,336.03,4,10
14308,2024-01-02,9,5,3,1,11.99,11.99,4,10
14309,2024-01-23,20,19,3,1,30.99,30.99,4,11
14310,2024-01-29,14,8,3,1,39.67,39.67,4,10
14311,2024-01-11,29,4,3,1,232.65,232.65,4,9
14312,2024-01-23,29,6,3,2,26.99,53.98,4,10
14313,2024-01-24,25,10,3,1,51.73,51.73,4,11
14314,2024-01-19,3,3,3,2,146.46,292.92,4,9
14315,2024-01-02,19,15,3,1,86.09,86.09,4,9
14316,2024-01-01,6,3,3,2,91.79,183.58,4,11
14317,2024-01-18,1,16,3,2,18.99,37.98,4,11
14318,2024-01-10,25,15,3,2,39.99,79.98,4,10
14319,2024-01-15,21,1,3,1,873.98,873.98,4,9
14320,2024-01-02,28,16,3,2,9.99,19.98,4,10
14321,2024-01-17,10,12,4,1,479.84,479.84,4,14
14322,2024-01-12,23,2,4,1,50.99,50.99,4,14
14323,2024-01-11,15,16,4,3,8.47,25.41,4,14
14324,2024-01-29,1,13,4,1,95.99,95.99,4,12
14325,2024-01-30,28,9,4,3,113.99,341.97,3,14
14326,2024-01-01,15,18,4,1,10.99,10.99,4,14
14327,2024-01-31,20,6,4,2,15.35,30.7,3,14
14328,2024-01-19,20,6,4,2,15.99,31.98,4,12
14329,2024-01-21,15,9,4,2,154.99,309.98,4,12
14330,2024-01-06,28,2,4,1,94.99,94.99,4,12
14331,2024-01-29,21,8,4,3,45.59,136.77,4,14
14332,2024-01-23,5,13,4,1,109.24,109.24,4,12
14333,2024-01-04,23,7,4,1,140.11,140.11,4,13
14334,2024-01-13,16,18,4,3,7.0,21.0,4,12
14335,2024-01-16,17,3,4,4,140.83,563.32,4,14
14336,2024-01-24,24,9,4,2,166.99,333.98,4,13
14337,2024-01-31,1,16,4,2,20.99,41.98,4,14
14338,2024-01-14,16,6,4,1,21.99,21.99,4,12
14339,2024-01-24,16,5,4,1,27.07,27.07,4,12
14340,2024-01-25,30,14,4,1,182.19,182.19,4,12
14341,2024-01-23,30,8,4,4,61.87,247.48,4,13
14342,2024-01-30,25,3,4,5,106.99,534.95,4,13
14343,2024-01-07,15,13,4,1,77.99,77.99,4,13
14344,2024-01-19,13,18,4,2,7.77,15.54,2,13
14345,2024-01-02,5,18,4,1,15.2,15.2,4,13
14346,2024-01-15,27,18,4,2,14.15,28.3,4,12
14347,2024-01-22,3,10,4,5,63.41,317.05,3,13
14348,2024-01-10,26,4,4,3,210.38,631.14,4,12
14349,2024-01-04,14,20,4,5,31.18,155.9,4,14
14350,2024-01-22,1,10,4,4,59.02,236.08,4,14
14351,2024-01-07,25,6,4,3,33.27,99.81,4,13
14352,2024-01-17,8,17,4,3,36.52,109.56,2,13
14353,2024-01-26,18,4,4,4,135.49,541.96,4,13
14354,2024-01-25,10,13,4,1,95.99,95.99,4,12
14355,2024-01-17,4,16,4,3,8.94,26.82,4,14
14356,2024-01-02,8,17,4,4,51.4,205.6,4,14
14357,2024-01-13,20,13,5,2,84.99,169.98,4,15
14358,2024-01-24,10,7,5,4,62.99,251.96,4,15
14359,2024-01-16,20,20,5,1,32.05,32.05,4,15
14360,2024-01-26,3,18,5,2,16.46,32.92,4,15
14361,2024-01-08,10,8,5,3,56.99,170.97,4,17
14362,2024-01-04,18,20,5,4,29.99,119.96,4,16
14363,2024-01-29,14,2,5,1,76.99,76.99,4,15
14364,2024-01-04,22,9,5,2,146.99,293.98,4,15
14365,2024-01-04,4,3,5,3,78.99,236.97,4,17
14366,2024-01-31,28,6,5,4,13.99,55.96,1,17
14367,2024-01-01,21,10,5,1,65.99,65.99,4,17
14368,2024-01-22,27,3,5,1,66.89,66.89,4,17
14369,2024-01-08,10,7,5,1,156.41,156.41,4,16
14370,2024-01-09,4,18,5,1,11.99,11.99,4,17
14371,2024-01-12,17,8,5,1,29.26,29.26,1,15
14372,2024-01-11,2,8,5,1,64.99,64.99,4,17
14373,2024-01-20,29,10,5,2,39.64,79.28,4,16
14374,2024-01-21,2,13,5,4,104.99,419.96,4,16
14375,2024-01-10,7,7,5,3,51.99,155.97,4,17
14376,2024-01-10,22,19,5,2,19.99,39.98,4,17
14377,2024-01-16,5,20,5,5,19.99,99.95,4,17
14378,2024-01-13,8,18,5,1,10.92,10.92,4,17
14379,2024-01-31,1,6,5,1,13.99,13.99,4,17
14380,2024-01-03,9,11,5,2,486.86,973.72,4,16
14381,2024-01-03,3,2,5,1,127.99,127.99,4,15
14382,2024-01-10,6,1,5,1,859.99,859.99,4,15
14383,2024-01-04,5,3,5,1,72.99,72.99,4,17
14384,2024-01-04,14,16,5,3,18.99,56.97,4,16
14385,2024-01-24,10,10,5,4,49.55,198.2,4,16
14386,2024-01-16,29,3,5,4,123.2,492.8,4,16
14387,2024-01-23,14,2,6,2,88.99,177.98,4,19
14388,2024-01-07,25,16,6,2,16.08,32.16,4,18
14389,2024-01-06,21,2,6,2,106.6,213.2,4,19
14390,2024-01-11,24,20,6,3,30.6,91.8,4,18
14391,2024-01-06,14,5,6,4,19.03,76.12,4,20
14392,2024-01-15,24,10,6,1,39.46,39.46,4,20
14393,2024-01-05,1,6,6,5,11.99,59.95,4,20
14394,2024-01-28,25,16,6,1,13.4,13.4,4,20
14395,2024-01-17,26,5,6,4,19.99,79.96,4,20
14396,2024-01-10,1,15,6,5,46.98,234.9,4,20
14397,2024-01-10,27,9,6,3,115.94,347.82,3,19
14398,2024-01-24,6,18,6,1,11.87,11.87,4,19
14399,2024-01-10,28,20,6,2,32.99,65.98,3,19
14400,2024-01-28,24,10,6,1,60.99,60.99,4,20
14401,2024-01-29,27,16,6,1,17.04,17.04,4,19
14402,2024-01-19,10,20,6,1,26.99,26.99,4,18
14403,2024-01-21,17,8,6,1,51.2,51.2,4,18
14404,2024-01-28,15,10,6,1,34.88,34.88,4,19
14405,2024-01-25,28,20,6,3,26.99,80.97,4,20
14406,2024-01-08,18,16,6,2,16.99,33.98,4,18
14407,2024-01-04,10,4,6,3,288.99,866.97,4,18
14408,2024-01-20,20,7,6,2,120.0,240.0,4,18
14409,2024-01-09,8,8,6,3,55.99,167.97,4,18
14410,2024-01-03,4,8,6,1,60.25,60.25,4,18
14411,2024-01-20,17,10,6,2,30.49,60.98,3,19
14412,2024-01-12,27,6,6,1,29.41,29.41,4,19
14413,2024-01-09,25,4,6,2,190.99,381.98,4,19
14414,2024-01-13,21,5,6,1,10.31,10.31,4,20
14415,2024-01-15,6,16,6,2,21.5,43.0,4,18
14416,2024-01-30,21,18,7,3,12.0,36.0,4,22
14417,2024-01-30,22,10,7,1,53.99,53.99,4,21
14418,2024-01-21,7,6,7,3,11.99,35.97,4,21
14419,2024-01-05,16,8,7,2,55.59,111.18,4,23
14420,2024-01-23,3,2,7,3,68.77,206.31,1,22
14421,2024-01-12,10,4,7,3,274.51,823.53,4,23
14422,2024-01-02,7,14,7,1,232.23,232.23,4,23
14423,2024-01-06,4,15,7,3,84.05,252.15,4,21
14424,2024-01-29,29,19,7,4,22.09,88.36,4,23
14425,2024-01-05,20,17,7,3,35.97,107.91,2,21
14426,2024-01-24,30,14,7,3,124.99,374.97,3,23
14427,2024-01-01,2,13,7,4,39.16,156.64,4,23
14428,2024-01-26,22,3,7,1,158.25,158.25,4,21
14429,2024-01-04,25,13,7,2,43.67,87.34,4,22
14430,2024-01-04,24,15,7,1,79.18,79.18,4,22
14431,2024-01-20,14,19,7,2,35.42,70.84,4,21
14432,2024-01-24,29,16,7,4,23.16,92.64,4,21
14433,2024-01-03,2,7,7,5,97.42,487.1,4,23
14434,2024-01-30,22,13,7,1,105.08,105.08,4,22
14435,2024-01-03,9,5,7,1,16.99,16.99,4,21
14436,2024-01-26,29,10,7,5,53.87,269.35,4,21
14437,2024-01-22,1,5,7,1,15.99,15.99,4,22
14438,2024-01-13,24,5,7,1,17.99,17.99,4,21
14439,2024-01-30,12,3,7,2,115.85,231.7,4,21
14440,2024-01-09,25,9,7,1,162.99,162.99,4,22
14441,2024-01-11,21,2,7,3,81.99,245.97,4,21
14442,2024-01-07,4,7,7,1,141.33,141.33,4,21
14443,2024-01-12,29,2,7,2,52.85,105.7,4,21
14444,2024-01-15,5,4,8,1,124.49,124.49,4,24
14445,2024-01-03,5,4,8,2,147.99,295.98,4,25
14446,2024-01-04,21,5,8,1,21.99,21.99,4,24
14447,2024-01-24,20,8,8,2,77.21,154.42,4,25
14448,2024-01-11,14,8,8,1,70.99,70.99,4,25
14449,2024-01-17,23,10,8,1,58.99,58.99,4,24
14450,2024-01-20,15,16,8,2,15.08,30.16,4,25
14451,2024-01-20,18,17,8,3,20.7,62.1,4,25
14452,2024-01-12,13,14,8,2,158.59,317.18,4,25
14453,2024-01-06,28,4,8,2,138.99,277.98,4,25
14454,2024-01-16,16,19,8,5,21.57,107.85,4,24
14455,2024-01-08,3,2,8,2,59.09,118.18,4,25
14456,2024-01-07,12,5,8,2,10.7,21.4,4,24
14457,2024-01-07,1,11,8,5,500.57,2502.85,4,24
14458,2024-01-08,21,6,8,1,11.99,11.99,4,25
14459,2024-01-26,19,4,8,1,206.99,206.99,4,25
14460,2024-01-03,14,18,8,4,7.07,28.28,2,24
14461,2024-01-01,6,9,8,2,184.49,368.98,4,24
14462,2024-01-06,11,10,8,2,66.99,133.98,3,24
14463,2024-01-26,10,18,8,3,7.39,22.17,4,24
14464,2024-01-01,30,5,8,1,26.99,26.99,4,25
14465,2024-01-20,20,2,8,1,97.03,97.03,4,24
14466,2024-01-21,18,5,8,1,17.99,17.99,4,25
14467,2024-01-11,22,6,8,3,10.93,32.79,2,24
14468,2024-01-31,30,19,8,4,23.49,93.96,4,25
14469,2024-01-15,9,5,8,1,24.92,24.92,4,24
14470,2024-01-08,17,20,9,3,18.63,55.89,4,28
14471,2024-01-24,1,1,9,1,927.18,927.18,2,26
14472,2024-01-11,27,18,9,2,12.99,25.98,4,27
14473,2024-01-14,4,9,9,1,170.12,170.12,4,27
14474,2024-01-20,6,3,9,3,147.99,443.97,4,26
14475,2024-01-08,22,18,9,1,7.5,7.5,4,27
14476,2024-01-31,30,15,9,1,37.99,37.99,4,27
14477,2024-01-27,27,10,9,1,41.71,41.71,4,27
14478,2024-01-09,29,8,9,1,29.99,29.99,4,27
14479,2024-01-29,10,2,9,1,103.93,103.93,4,26
14480,2024-01-10,27,18,9,2,7.99,15.98,4,26
14481,2024-01-18,1,3,9,2,128.29,256.58,4,27
14482,2024-01-24,22,10,9,2,29.0,58.0,4,27
14483,2024-01-20,4,18,9,2,11.29,22.58,4,28
14484,2024-01-16,1,16,9,1,14.36,14.36,4,26
14485,2024-01-20,8,10,9,5,34.99,174.95,4,26
14486,2024-01-22,5,19,9,4,29.99,119.96,4,26
14487,2024-01-16,1,17,9,3,37.99,113.97,4,27
14488,2024-01-22,27,13,9,1,114.51,114.51,4,26
14489,2024-01-22,9,3,9,1,69.82,69.82,4,28
14490,2024-01-21,23,18,9,1,16.0,16.0,2,26
14491,2024-01-08,15,7,9,1,97.99,97.99,4,26
14492,2024-01-13,26,8,9,3,88.64,265.92,4,28
14493,2024-01-12,6,6,9,2,32.99,65.98,4,26
14494,2024-01-04,26,17,9,5,45.99,229.95,4,27
14495,2024-01-01,3,20,9,1,39.45,39.45,4,28
14496,2024-01-18,24,2,9,2,73.99,147.98,4,27
14497,2024-01-05,26,16,9,1,9.14,9.14,4,28
14498,2024-01-23,1,9,9,5,191.99,959.95,4,28
14499,2024-01-12,11,3,9,2,126.51,253.02,4,28
14500,2024-01-13,30,10,9,3,48.99,146.97,4,26
14501,2024-01-27,27,10,9,1,67.74,67.74,4,28
14502,2024-01-10,2,5,10,1,19.99,19.99,4,29
14503,2024-01-26,9,18,10,2,16.99,33.98,4,30
14504,2024-01-29,10,20,10,4,27.08,108.32,2,30
14505,2024-01-28,24,8,10,2,33.99,67.98,4,31
14506,2024-01-12,16,4,10,3,171.88,515.64,4,31
14507,2024-01-05,15,3,10,4,139.04,556.16,4,31
14508,2024-01-22,22,3,10,1,133.16,133.16,4,29
14509,2024-01-12,22,11,10,1,357.52,357.52,4,31
14510,2024-01-29,11,8,10,2,58.99,117.98,4,29
14511,2024-01-29,19,18,10,3,10.04,30.12,4,29
14512,2024-01-14,23,10,10,2,34.85,69.7,1,29
14513,2024-01-06,11,4,10,1,110.35,110.35,4,30
14514,2024-01-12,16,13,10,1,103.29,103.29,2,31
14515,2024-01-24,8,2,10,4,93.99,375.96,4,29
14516,2024-01-17,7,15,10,5,39.63,198.15,4,29
14517,2024-01-23,5,20,10,2,29.48,58.96,4,29
14518,2024-01-05,6,10,10,3,52.35,157.05,4,31
14519,2024-01-05,9,1,10,2,1397.99,2795.98,4,29
14520,2024-01-16,18,6,10,2,25.96,51.92,4,30
14521,2024-01-26,29,13,10,2,50.55,101.1,4,29
14522,2024-01-23,30,4,10,1,199.99,199.99,4,31
14523,2024-01-25,23,18,10,1,16.99,16.99,4,30
14524,2024-01-05,24,19,10,2,19.05,38.1,1,29
14525,2024-01-07,1,8,10,5,34.99,174.95,2,30
14526,2024-01-06,26,6,10,2,15.71,31.42,4,30
14527,2024-01-31,14,5,10,4,24.42,97.68,4,31
14528,2024-01-14,8,6,10,1,13.99,13.99,4,29
14529,2024-01-05,22,17,11,3,36.7,110.1,4,32
14530,2024-01-12,21,10,11,3,33.99,101.97,4,32
14531,2024-01-06,15,16,11,2,11.99,23.98,4,32
14532,2024-01-22,12,16,11,2,8.99,17.98,1,32
14533,2024-01-07,1,2,11,1,100.99,100.99,1,33
14534,2024-01-17,29,16,11,2,16.99,33.98,4,33
14535,2024-01-01,23,2,11,2,116.52,233.04,4,33
14536,2024-01-25,29,20,11,2,14.99,29.98,4,33
14537,2024-01-06,17,12,11,3,503.99,1511.97,4,33
14538,2024-01-02,16,5,11,1,19.99,19.99,4,32
14539,2024-01-23,14,9,11,4,161.22,644.88,4,33
14540,2024-01-16,10,9,11,4,81.3,325.2,4,32
14541,2024-01-29,15,16,11,3,9.06,27.18,4,32
14542,2024-01-14,21,4,11,2,132.62,265.24,4,32
14543,2024-01-04,21,20,11,2,32.38,64.76,4,33
14544,2024-01-09,22,15,11,3,43.99,131.97,4,33
14545,2024-01-21,24,14,11,2,193.11,386.22,4,32
14546,2024-01-13,4,11,11,1,370.99,370.99,4,33
14547,2024-01-12,14,17,11,1,47.99,47.99,4,33
14548,2024-01-19,7,4,11,4,254.06,1016.24,4,32
14549,2024-01-23,1,9,11,1,198.0,198.0,4,32
14550,2024-01-02,10,8,11,1,74.69,74.69,4,32
14551,2024-01-04,15,9,11,3,110.56,331.68,4,32
14552,2024-01-21,9,16,11,4,8.86,35.44,4,33
14553,2024-01-25,7,18,11,1,17.99,17.99,4,32
14554,2024-01-07,1,5,11,4,14.56,58.24,4,33
14555,2024-01-10,17,12,11,1,623.42,623.42,4,33
14556,2024-01-19,23,4,12,1,292.99,292.99,3,35
14557,2024-01-27,24,16,12,1,22.99,22.99,3,35
14558,2024-01-26,6,5,12,1,9.91,9.91,4,35
14559,2024-01-18,6,20,12,1,29.75,29.75,4,35
14560,2024-01-29,13,7,12,2,93.84,187.68,4,35
14561,2024-01-19,1,5,12,3,12.63,37.89,4,34
14562,2024-01-24,9,10,12,1,64.99,64.99,4,35
14563,2024-01-03,21,6,12,1,24.61,24.61,4,34
14564,2024-01-09,1,5,12,1,11.11,11.11,4,35
14565,2024-01-15,24,10,12,1,33.01,33.01,4,35
14566,2024-01-30,8,4,12,2,109.09,218.18,4,34
14567,2024-01-09,25,5,12,2,9.0,18.0,4,34
14568,2024-01-18,22,3,12,1,116.43,116.43,4,34
14569,2024-01-27,28,9,12,2,82.99,165.98,4,34
14570,2024-01-07,29,18,12,1,7.99,7.99,4,35
14571,2024-01-30,30,11,12,1,260.99,260.99,4,34
14572,2024-01-08,17,2,12,2,101.99,203.98,4,35
14573,2024-01-07,15,14,12,5,212.17,1060.85,4,34
14574,2024-01-03,5,8,12,5,61.91,309.55,4,34
14575,2024-01-05,19,12,12,1,403.71,403.71,3,35
14576,2024-01-29,26,18,13,2,10.94,21.88,4,36
14577,2024-01-11,27,18,13,1,14.13,14.13,2,38
14578,2024-01-06,23,9,13,3,92.13,276.39,4,38
14579,2024-01-06,25,5,13,2,28.32,56.64,4,38
14580,2024-01-25,11,4,13,2,146.99,293.98,4,37
14581,2024-01-28,16,7,13,3,120.99,362.97,4,37
14582,2024-01-03,11,15,13,2,30.14,60.28,4,37
14583,2024-01-31,12,20,13,1,35.99,35.99,4,38
14584,2024-01-31,30,18,13,2,8.99,17.98,4,36
14585,2024-01-13,30,18,13,2,8.34,16.68,4,38
14586,2024-01-13,5,13,13,4,104.99,419.96,4,37
14587,2024-01-05,21,4,13,1,110.13,110.13,4,36
14588,2024-01-20,16,15,13,1,57.99,57.99,4,36
14589,2024-01-09,7,18,13,1,14.99,14.99,4,38
14590,2024-01-08,9,13,13,2,103.99,207.98,4,37
14591,2024-01-17,19,8,13,2,34.99,69.98,4,37
14592,2024-01-28,20,10,13,2,32.23,64.46,4,38
14593,2024-01-27,12,16,13,1,19.77,19.77,2,37
14594,2024-01-16,28,5,13,2,9.0,18.0,4,36
14595,2024-01-30,4,10,13,2,32.88,65.76,4,37
14596,2024-01-29,16,19,13,1,22.99,22.99,2,38
14597,2024-01-08,20,8,13,4,54.36,217.44,4,38
14598,2024-01-07,4,15,13,3,41.06,123.18,4,37
14599,2024-01-10,26,7,13,1,138.47,138.47,4,38
14600,2024-01-27,5,9,13,1,109.99,109.99,4,37
14601,2024-01-14,15,15,13,1,83.2,83.2,4,37
14602,2024-01-08,16,16,13,3,15.99,47.97,4,38
14603,2024-01-16,1,2,13,3,122.05,366.15,4,37
14604,2024-01-26,8,4,13,4,155.58,622.32,4,37
14605,2024-01-16,12,17,13,3,47.99,143.97,4,38
14606,2024-01-19,25,18,13,1,14.66,14.66,4,36
14607,2024-01-11,20,6,13,1,26.99,26.99,4,36
14608,2024-01-25,27,16,13,2,16.73,33.46,4,38
14609,2024-01-03,11,8,13,4,80.4,321.6,4,38
14610,2024-01-26,7,13,13,1,106.99,106.99,4,37
14611,2024-01-07,8,17,13,1,21.84,21.84,4,38
14612,2024-01-29,2,18,14,5,9.99,49.95,4,40
14613,2024-01-20,25,17,14,1,47.99,47.99,1,39
14614,2024-01-09,22,20,14,1,29.0,29.0,4,40
14615,2024-01-15,27,10,14,2,42.05,84.1,4,40
14616,2024-01-22,12,1,14,2,821.99,1643.98,4,40
14617,2024-01-06,9,5,14,3,17.99,53.97,4,40
14618,2024-01-11,27,8,14,2,27.99,55.98,4,39
14619,2024-01-03,30,9,14,5,195.84,979.2,4,40
14620,2024-01-31,13,17,14,1,19.72,19.72,4,40
14621,2024-01-29,22,11,14,4,319.6,1278.4,4,39
14622,2024-01-19,22,2,14,1,118.84,118.84,3,40
14623,2024-01-25,10,4,14,1,240.67,240.67,4,39
14624,2024-01-01,10,7,14,2,150.96,301.92,4,39
14625,2024-01-12,19,3,14,1,151.89,151.89,4,39
14626,2024-01-03,13,4,14,2,126.47,252.94,4,39
14627,2024-01-16,27,9,14,4,166.85,667.4,4,39
14628,2024-01-18,21,17,14,1,37.99,37.99,4,39
14629,2024-01-04,24,19,14,2,19.82,39.64,4,39
14630,2024-01-03,17,12,14,2,630.99,1261.98,4,39
14631,2024-01-17,14,9,15,2,99.99,199.98,4,41
14632,2024-01-13,4,20,15,4,17.71,70.84,4,42
14633,2024-01-30,10,15,15,2,88.1,176.2,4,42
14634,2024-01-23,17,7,15,3,113.99,341.97,4,41
14635,2024-01-31,19,6,15,1,10.1,10.1,4,41
14636,2024-01-21,25,9,15,4,145.99,583.96,4,41
14637,2024-01-24,7,10,15,1,38.99,38.99,4,42
14638,2024-01-23,28,9,15,1,138.02,138.02,4,41
14639,2024-01-29,7,20,15,1,40.83,40.83,4,41
14640,2024-01-26,20,3,15,3,117.99,353.97,3,41
14641,2024-01-04,13,17,15,3,31.22,93.66,4,42
14642,2024-01-11,28,5,15,5,9.5,47.5,4,41
14643,2024-01-17,3,4,15,3,298.97,896.91,4,41
14644,2024-01-19,4,7,15,2,62.5,125.0,4,42
14645,2024-01-14,21,16,15,3,9.89,29.67,4,41
14646,2024-01-16,17,10,15,4,38.99,155.96,4,41
14647,2024-01-20,7,9,15,1,73.99,73.99,3,42
14648,2024-01-17,4,4,15,1,215.75,215.75,4,42
14649,2024-01-09,29,8,15,1,39.99,39.99,4,42
14650,2024-01-15,1,15,15,3,85.41,256.23,4,42
14651,2024-01-18,3,16,15,2,21.79,43.58,4,42
14652,2024-01-27,21,17,15,3,53.15,159.45,4,41
14653,2024-01-22,14,17,15,2,23.53,47.06,3,41
14654,2024-01-01,2,9,15,2,192.56,385.12,3,41
14655,2024-01-02,22,2,15,1,83.76,83.76,4,42
14656,2024-01-18,25,5,15,4,16.6,66.4,4,41
14657,2024-01-23,12,1,15,1,852.99,852.99,4,41
14658,2024-02-11,28,4,1,2,128.87,257.74,4,2
14659,2024-02-15,30,18,1,4,7.0,28.0,4,4
14660,2024-02-10,10,19,1,4,23.8,95.2,4,4
14661,2024-02-21,20,6,1,1,32.35,32.35,4,1
14662,2024-02-16,11,16,1,3,18.99,56.97,4,4
14663,2024-02-26,11,4,1,4,142.38,569.52,4,3
14664,2024-02-13,23,19,1,2,21.53,43.06,4,1
14665,2024-02-12,25,13,1,1,95.14,95.14,4,3
14666,2024-02-24,5,7,1,1,123.58,123.58,4,1
14667,2024-02-13,10,17,1,2,24.99,49.98,4,1
14668,2024-02-21,27,6,1,1,19.99,19.99,4,3
14669,2024-02-25,17,2,1,1,116.67,116.67,4,1
14670,2024-02-18,9,10,1,1,32.99,32.99,2,3
14671,2024-02-15,18,2,1,2,94.41,188.82,4,2
14672,2024-02-01,25,5,1,1,16.29,16.29,4,1
14673,2024-02-27,22,3,1,3,64.56,193.68,4,2
14674,2024-02-17,8,1,1,3,1013.99,3041.97,4,2
14675,2024-02-14,10,16,1,1,21.85,21.85,4,3
14676,2024-02-29,13,9,1,2,184.99,369.98,4,4
14677,2024-02-11,29,9,1,1,75.87,75.87,1,2
14678,2024-02-09,27,2,1,3,96.99,290.97,4,4
14679,2024-02-02,2,13,1,1,45.91,45.91,4,2
14680,2024-02-05,11,10,1,3,33.99,101.97,1,1
14681,2024-02-16,13,19,1,3,23.49,70.47,4,2
14682,2024-02-01,19,13,2,1,41.99,41.99,4,5
14683,2024-02-09,6,18,2,2,13.9,27.8,4,5
14684,2024-02-26,18,18,2,1,13.33,13.33,4,6
14685,2024-02-07,27,17,2,5,35.99,179.95,4,8
14686,2024-02-12,17,14,2,1,153.63,153.63,4,5
14687,2024-02-12,30,14,2,2,188.51,377.02,4,8
14688,2024-02-19,19,2,2,1,104.99,104.99,4,7
14689,2024-02-16,16,1,2,3,1230.99,3692.97,4,5
14690,2024-02-19,3,17,2,3,53.62,160.86,4,5
14691,2024-02-26,20,14,2,1,179.82,179.82,4,8
14692,2024-02-23,14,2,2,2,113.06,226.12,4,5
14693,2024-02-14,21,4,2,1,289.99,289.99,4,5
14694,2024-02-24,12,8,2,1,49.99,49.99,4,6
14695,2024-02-13,16,13,2,1,50.02,50.02,1,6
14696,2024-02-03,20,6,2,4,15.99,63.96,3,8
14697,2024-02-10,16,17,2,3,51.48,154.44,4,7
14698,2024-02-29,8,8,2,1,47.2,47.2,4,6
14699,2024-02-24,15,16,2,1,10.42,10.42,4,5
14700,2024-02-06,25,13,2,5,49.99,249.95,4,5
14701,2024-02-10,20,5,2,1,10.04,10.04,4,8
14702,2024-02-16,5,10,2,2,48.99,97.98,4,8
14703,2024-02-18,12,15,3,2,86.99,173.98,4,11
14704,2024-02-07,2,17,3,1,35.38,35.38,4,10
14705,2024-02-20,7,4,3,2,129.67,259.34,4,11
14706,2024-02-05,24,5,3,1,26.57,26.57,4,9
14707,2024-02-05,14,3,3,2,138.12,276.24,4,10
14708,2024-02-03,3,8,3,3,41.8,125.4,4,10
14709,2024-02-18,4,9,3,1,121.07,121.07,4,9
14710,2024-02-13,16,3,3,1,143.35,143.35,4,10
14711,2024-02-19,21,18,3,1,16.99,16.99,4,10
14712,2024-02-28,9,3,3,1,126.99,126.99,4,11
14713,2024-02-27,14,17,3,1,23.68,23.68,4,11
14714,2024-02-12,10,9,3,1,153.38,153.38,4,11
14715,2024-02-02,13,18,3,2,15.99,31.98,4,10
14716,2024-02-16,25,5,3,2,13.99,27.98,4,11
14717,2024-02-18,23,15,3,3,49.99,149.97,2,10
14718,2024-02-04,8,2,3,2,71.91,143.82,4,11
14719,2024-02-26,4,16,3,2,20.99,41.98,4,9
14720,2024-02-07,5,9,3,1,152.72,152.72,4,10
14721,2024-02-06,11,9,3,1,155.57,155.57,4,9
14722,2024-02-28,6,2,3,3,82.99,248.97,4,9
14723,2024-02-13,13,6,3,5,12.46,62.3,4,11
14724,2024-02-12,10,6,4,2,9.0,18.0,4,13
14725,2024-02-22,7,16,4,1,9.99,9.99,4,12
14726,2024-02-11,8,15,4,2,87.99,175.98,4,14
14727,2024-02-04,1,18,4,1,16.99,16.99,4,12
14728,2024-02-08,21,4,4,1,298.57,298.57,4,12
14729,2024-02-18,30,5,4,2,18.56,37.12,4,13
14730,2024-02-24,27,3,4,2,93.99,187.98,4,14
14731,2024-02-21,13,12,4,4,486.99,1947.96,4,13
14732,2024-02-06,4,1,4,1,1039.54,1039.54,1,13
14733,2024-02-26,14,14,4,1,163.09,163.09,4,14
14734,2024-02-25,27,6,4,2,31.74,63.48,4,12
14735,2024-02-23,21,5,4,2,14.06,28.12,1,13
14736,2024-02-23,12,6,4,3,31.99,95.97,4,14
14737,2024-02-08,28,7,4,4,116.25,465.0,4,12
14738,2024-02-02,30,18,4,2,7.57,15.14,4,13
14739,2024-02-25,1,7,4,1,103.3,103.3,4,14
14740,2024-02-18,5,16,4,1,8.13,8.13,2,13
14741,2024-02-01,6,6,4,2,9.0,18.0,4,14
14742,2024-02-22,26,2,4,2,65.4,130.8,4,12
14743,2024-02-21,7,8,4,5,45.26,226.3,4,12
14744,2024-02-07,3,2,4,2,111.14,222.28,4,14
14745,2024-02-21,13,17,5,1,21.21,21.21,4,16
14746,2024-02-02,26,19,5,3,24.99,74.97,4,17
14747,2024-02-02,13,16,5,1,18.26,18.26,1,15
14748,2024-02-19,11,5,5,5,17.99,89.95,3,17
14749,2024-02-29,23,20,5,3,37.99,113.97,4,15
14750,2024-02-06,8,14,5,3,147.64,442.92,4,16
14751,2024-02-25,25,8,5,5,85.37,426.85,4,16
14752,2024-02-01,29,3,5,1,88.99,88.99,1,15
14753,2024-02-11,12,20,5,1,16.99,16.99,2,17
14754,2024-02-16,19,15,5,5,39.99,199.95,4,16
14755,2024-02-21,1,1,5,4,1183.99,4735.96,4,17
14756,2024-02-03,6,3,5,5,87.46,437.3,4,15
14757,2024-02-24,19,2,5,2,87.99,175.98,4,15
14758,2024-02-21,8,13,5,2,95.99,191.98,4,17
14759,2024-02-25,13,11,5,3,517.76,1553.28,4,15
14760,2024-02-14,9,7,5,3,55.2,165.6,4,15
14761,2024-02-20,22,3,5,2,136.79,273.58,4,15
14762,2024-02-27,3,3,6,1,145.92,145.92,4,20
14763,2024-02-03,18,8,6,1,68.27,68.27,4,20
14764,2024-02-04,22,7,6,1,101.49,101.49,4,20
14765,2024-02-25,12,2,6,1,109.34,109.34,4,18
14766,2024-02-16,14,6,6,1,16.99,16.99,3,18
14767,2024-02-09,7,20,6,5,21.49,107.45,4,20
14768,2024-02-08,3,6,6,5,23.19,115.95,4,19
14769,2024-02-02,3,18,6,2,17.99,35.98,4,20
14770,2024-02-15,27,3,6,1,150.2,150.2,4,20
14771,2024-02-07,14,19,6,1,31.99,31.99,4,20
14772,2024-02-29,24,2,6,1,50.83,50.83,4,20
14773,2024-02-11,10,16,7,3,20.78,62.34,4,22
14774,2024-02-02,14,7,7,2,61.31,122.62,4,22
14775,2024-02-24,8,9,7,1,128.09,128.09,4,21
14776,2024-02-12,25,20,7,1,29.99,29.99,4,21
14777,2024-02-13,10,13,7,1,58.54,58.54,4,22
14778,2024-02-15,16,9,7,2,76.5,153.0,4,22
14779,2024-02-03,25,20,7,4,27.5,110.0,4,21
14780,2024-02-22,16,18,7,5,14.99,74.95,4,21
14781,2024-02-25,10,19,7,1,16.99,16.99,4,23
14782,2024-02-13,2,10,7,1,56.99,56.99,4,23
14783,2024-02-12,2,7,7,1,136.99,136.99,4,21
14784,2024-02-07,11,10,7,1,53.99,53.99,4,21
14785,2024-02-22,30,18,8,3,15.7,47.1,4,25
14786,2024-02-09,15,16,8,1,9.18,9.18,4,24
14787,2024-02-20,29,4,8,1,209.89,209.89,4,24
14788,2024-02-13,20,5,8,1,17.99,17.99,4,25
14789,2024-02-06,26,19,8,3,15.79,47.37,2,24
14790,2024-02-20,28,16,8,1,15.34,15.34,4,24
14791,2024-02-03,28,8,8,1,81.43,81.43,4,24
14792,2024-02-19,4,19,8,2,22.37,44.74,4,24
14793,2024-02-15,14,20,8,4,41.36,165.44,4,25
14794,2024-02-04,3,18,8,1,7.0,7.0,4,25
14795,2024-02-13,3,10,8,2,39.99,79.98,4,25
14796,2024-02-24,11,15,8,2,40.99,81.98,4,24
14797,2024-02-06,20,8,9,1,81.99,81.99,1,26
14798,2024-02-09,4,19,9,2,22.71,45.42,4,27
14799,2024-02-01,1,3,9,2,118.38,236.76,4,26
14800,2024-02-20,13,7,9,2,115.99,231.98,4,27
14801,2024-02-09,20,20,9,2,30.98,61.96,4,28
14802,2024-02-11,26,9,9,1,84.95,84.95,4,28
14803,2024-02-15,29,5,9,3,18.87,56.61,4,27
14804,2024-02-08,21,7,9,1,71.54,71.54,4,27
14805,2024-02-21,6,2,9,3,76.99,230.97,4,27
14806,2024-02-20,19,18,9,1,10.79,10.79,4,26
14807,2024-02-11,14,14,9,3,151.99,455.97,4,26
14808,2024-02-15,4,14,9,2,234.05,468.1,3,27
14809,2024-02-28,17,10,9,2,36.99,73.98,1,28
14810,2024-02-14,26,17,9,1,28.7,28.7,1,27
14811,2024-02-16,19,18,9,2,17.12,34.24,4,28
14812,2024-02-04,2,9,9,4,146.65,586.6,4,26
14813,2024-02-24,27,9,9,1,161.99,161.99,4,27
14814,2024-02-18,6,17,9,1,22.99,22.99,4,28
14815,2024-02-13,16,7,10,1,78.99,78.99,4,30
14816,2024-02-11,4,10,10,2,59.15,118.3,4,30
14817,2024-02-10,14,2,10,2,120.99,241.98,4,31
14818,2024-02-06,19,5,10,1,23.99,23.99,4,29
14819,2024-02-22,12,6,10,1,16.76,16.76,4,30
14820,2024-02-25,5,4,10,4,152.99,611.96,4,31
14821,2024-02-01,20,1,10,2,1042.49,2084.98,4,30
14822,2024-02-11,15,17,10,3,37.94,113.82,4,29
14823,2024-02-28,21,19,10,1,26.78,26.78,3,30
14824,2024-02-06,25,17,10,1,19.99,19.99,4,30
14825,2024-02-19,6,3,10,4,140.34,561.36,4,29
14826,2024-02-27,6,10,10,1,58.45,58.45,1,30
14827,2024-02-29,30,5,10,1,26.47,26.47,4,29
14828,2024-02-06,7,9,10,1,178.99,178.99,4,30
14829,2024-02-28,24,5,10,1,22.59,22.59,4,31
14830,2024-02-05,18,10,10,1,40.99,40.99,4,29
14831,2024-02-02,5,18,10,2,17.49,34.98,3,31
14832,2024-02-09,24,18,11,5,13.99,69.95,4,32
14833,2024-02-13,19,7,11,3,106.8,320.4,4,33
14834,2024-02-09,8,17,11,3,32.99,98.97,3,32
14835,2024-02-16,21,5,11,1,12.99,12.99,4,32
14836,2024-02-23,22,6,11,3,28.46,85.38,4,32
14837,2024-02-10,11,15,11,3,76.99,230.97,4,32
14838,2024-02-07,18,10,11,1,53.02,53.02,4,33
14839,2024-02-29,2,13,11,4,52.99,211.96,4,33
14840,2024-02-10,2,8,11,4,75.76,303.04,4,32
14841,2024-02-15,29,9,11,3,115.38,346.14,4,32
14842,2024-02-18,18,5,11,3,19.89,59.67,4,33
14843,2024-02-22,2,10,11,2,63.68,127.36,4,32
14844,2024-02-14,9,16,12,2,12.16,24.32,4,35
14845,2024-02-26,30,13,12,4,108.34,433.36,4,35
14846,2024-02-25,4,6,12,2,27.91,55.82,4,35
14847,2024-02-23,19,16,12,5,21.08,105.4,4,35
14848,2024-02-07,8,9,12,1,171.81,171.81,4,34
14849,2024-02-26,13,9,12,2,71.99,143.98,4,35
14850,2024-02-18,8,8,12,4,28.99,115.96,4,35
14851,2024-02-20,10,8,12,4,71.99,287.96,4,34
14852,2024-02-29,8,16,12,2,14.64,29.28,4,34
14853,2024-02-19,26,3,12,1,71.99,71.99,4,35
14854,2024-02-06,8,17,12,2,52.02,104.04,1,35
14855,2024-02-11,5,19,12,2,15.99,31.98,4,34
14856,2024-02-29,28,7,13,1,75.99,75.99,4,37
14857,2024-02-26,4,3,13,3,91.64,274.92,4,36
14858,2024-02-21,3,8,13,2,26.51,53.02,4,37
14859,2024-02-22,22,12,13,3,587.43,1762.29,4,38
14860,2024-02-25,10,2,13,5,120.99,604.95,4,36
14861,2024-02-23,30,20,13,1,21.32,21.32,4,38
14862,2024-02-02,11,13,13,1,63.1,63.1,4,37
14863,2024-02-11,13,13,13,3,85.82,257.46,4,37
14864,2024-02-20,22,11,13,1,588.62,588.62,4,38
14865,2024-02-16,13,5,13,1,23.49,23.49,4,37
14866,2024-02-23,7,16,13,1,16.99,16.99,4,38
14867,2024-02-26,12,7,13,3,113.16,339.48,4,38
14868,2024-02-13,4,18,13,1,15.99,15.99,3,36
14869,2024-02-27,4,7,13,1,107.35,107.35,4,36
14870,2024-02-07,14,10,13,1,62.99,62.99,4,37
14871,2024-02-19,9,17,13,4,40.99,163.96,3,37
14872,2024-02-03,5,19,14,1,28.29,28.29,4,39
14873,2024-02-02,15,4,14,2,196.99,393.98,4,39
14874,2024-02-27,7,1,14,2,946.99,1893.98,4,39
14875,2024-02-15,13,10,14,3,58.45,175.35,1,39
14876,2024-02-17,11,5,14,1,26.99,26.99,4,40
14877,2024-02-16,20,4,14,1,193.42,193.42,4,40
14878,2024-02-04,8,5,14,3,16.91,50.73,4,39
14879,2024-02-10,7,7,14,1,150.99,150.99,4,40
14880,2024-02-20,25,18,14,3,11.23,33.69,4,39
14881,2024-02-10,15,16,14,3,14.78,44.34,4,39
14882,2024-02-12,16,5,14,1,18.99,18.99,2,39
14883,2024-02-01,5,16,14,1,11.99,11.99,4,40
14884,2024-02-26,9,7,15,1,115.81,115.81,4,42
14885,2024-02-04,24,2,15,3,74.51,223.53,4,41
14886,2024-02-26,21,19,15,1,26.45,26.45,4,41
14887,2024-02-29,2,13,15,4,59.99,239.96,4,42
14888,2024-02-17,1,3,15,5,104.99,524.95,4,41
14889,2024-02-27,19,2,15,4,75.99,303.96,4,41
14890,2024-02-09,4,18,15,1,12.8,12.8,4,42
14891,2024-02-28,3,13,15,3,44.41,133.23,4,41
14892,2024-02-11,27,10,15,2,37.99,75.98,4,41
14893,2024-02-04,25,2,15,1,94.05,94.05,4,41
14894,2024-03-16,30,1,1,3,1386.99,4160.97,4,3
14895,2024-03-26,23,6,1,1,11.99,11.99,4,4
14896,2024-03-16,4,13,1,2,115.51,231.02,4,3
14897,2024-03-30,12,3,1,4,151.99,607.96,4,1
14898,2024-03-14,15,17,1,4,53.81,215.24,4,1
14899,2024-03-10,26,8,1,5,57.14,285.7,4,3
14900,2024-03-28,30,1,1,5,1076.99,5384.95,2,4
14901,2024-03-20,29,3,1,1,123.99,123.99,4,3
14902,2024-03-04,22,6,1,2,29.99,59.98,3,2
14903,2024-03-20,27,9,1,3,105.65,316.95,4,4
14904,2024-03-23,25,13,1,2,81.52,163.04,4,1
14905,2024-03-14,6,9,1,2,105.91,211.82,4,1
14906,2024-03-04,6,16,1,2,15.99,31.98,4,4
14907,2024-03-23,7,18,1,1,8.99,8.99,4,2
14908,2024-03-20,1,3,1,5,86.72,433.6,3,3
14909,2024-03-26,21,6,1,1,28.76,28.76,4,3
14910,2024-03-27,12,10,1,2,57.99,115.98,4,2
14911,2024-03-05,3,5,1,4,28.88,115.52,4,1
14912,2024-03-26,29,9,1,1,197.99,197.99,3,3
14913,2024-03-20,18,15,1,1,41.99,41.99,4,3
14914,2024-03-04,2,15,1,3,82.84,248.52,4,3
14915,2024-03-06,12,6,1,3,33.46,100.38,4,1
14916,2024-03-09,8,5,1,1,20.07,20.07,4,3
14917,2024-03-04,27,2,1,1,99.39,99.39,1,4
14918,2024-03-05,20,1,1,1,1034.79,1034.79,4,2
14919,2024-03-28,27,8,1,2,60.99,121.98,4,2
14920,2024-03-04,11,4,1,2,146.99,293.98,4,2
14921,2024-03-02,5,2,2,4,107.63,430.52,4,5
14922,2024-03-18,22,3,2,1,81.99,81.99,4,8
14923,2024-03-02,20,14,2,3,216.86,650.58,4,5
14924,2024-03-04,17,8,2,2,34.9,69.8,4,7
14925,2024-03-23,11,9,2,4,146.99,587.96,4,5
14926,2024-03-23,25,3,2,2,136.99,273.98,4,7
14927,2024-03-07,18,2,2,2,83.99,167.98,4,6
14928,2024-03-01,16,13,2,1,115.99,115.99,4,7
14929,2024-03-01,1,20,2,1,38.99,38.99,4,6
14930,2024-03-10,18,6,2,2,14.87,29.74,4,7
14931,2024-03-27,27,9,2,1,142.34,142.34,4,7
14932,2024-03-08,3,8,2,1,87.31,87.31,4,8
14933,2024-03-19,22,7,2,3,60.58,181.74,4,6
14934,2024-03-07,5,2,2,1,81.99,81.99,4,8
14935,2024-03-18,20,13,2,2,79.99,159.98,4,7
14936,2024-03-09,24,4,2,3,265.41,796.23,4,8
14937,2024-03-25,4,17,2,3,47.98,143.94,4,5
14938,2024-03-16,20,3,2,1,78.99,78.99,4,6
14939,2024-03-01,11,15,2,2,80.51,161.02,4,6
14940,2024-03-17,16,20,2,5,37.99,189.95,4,5
14941,2024-03-29,7,14,2,4,145.99,583.96,1,7
14942,2024-03-10,24,9,2,3,86.03,258.09,4,6
14943,2024-03-30,2,14,2,3,106.85,320.55,4,5
14944,2024-03-16,1,5,3,2,10.59,21.18,4,11
14945,2024-03-12,26,15,3,1,68.99,68.99,4,11
14946,2024-03-12,5,13,3,2,63.99,127.98,4,9
14947,2024-03-05,9,4,3,1,174.06,174.06,1,9
14948,2024-03-10,2,5,3,3,9.31,27.93,4,11
14949,2024-03-28,30,16,3,1,16.99,16.99,4,9
14950,2024-03-31,10,4,3,4,267.99,1071.96,4,11
14951,2024-03-16,15,20,3,3,26.99,80.97,4,11
14952,2024-03-29,18,19,3,1,20.72,20.72,4,10
14953,2024-03-03,30,2,3,3,110.6,331.8,4,11
14954,2024-03-21,27,19,3,2,17.99,35.98,4,9
14955,2024-03-07,7,16,3,4,22.13,88.52,4,10
14956,2024-03-03,13,2,3,3,127.29,381.87,4,10
14957,2024-03-20,16,19,3,2,14.0,28.0,4,9
14958,2024-03-11,11,13,3,1,57.39,57.39,4,9
14959,2024-03-08,2,9,3,1,121.23,121.23,4,10
14960,2024-03-11,3,14,3,2,196.82,393.64,4,10
14961,2024-03-26,21,17,3,1,32.51,32.51,4,11
14962,2024-03-15,4,5,3,2,18.99,37.98,4,9
14963,2024-03-06,8,17,3,2,31.22,62.44,4,11
14964,2024-03-23,12,5,3,1,15.28,15.28,4,9
14965,2024-03-03,28,16,3,1,11.28,11.28,4,10
14966,2024-03-09,18,16,4,1,15.99,15.99,4,13
14967,2024-03-08,25,17,4,2,30.99,61.98,3,12
14968,2024-03-04,28,18,4,1,7.0,7.0,4,14
14969,2024-03-08,30,15,4,1,36.99,36.99,2,14
14970,2024-03-15,11,10,4,2,46.99,93.98,4,12
14971,2024-03-11,7,19,4,2,17.99,35.98,4,12
14972,2024-03-02,17,4,4,1,253.51,253.51,4,13
14973,2024-03-14,27,3,4,1,82.33,82.33,2,12
14974,2024-03-01,25,3,4,1,80.99,80.99,4,12
14975,2024-03-22,13,19,4,4,17.37,69.48,4,14
14976,2024-03-27,13,19,4,3,29.13,87.39,4,14
14977,2024-03-26,25,20,4,1,20.99,20.99,4,14
14978,2024-03-09,6,20,4,4,36.42,145.68,4,14
14979,2024-03-03,28,7,4,3,97.72,293.16,1,14
14980,2024-03-04,22,16,4,1,11.49,11.49,4,14
14981,2024-03-26,5,4,4,2,172.99,345.98,4,13
14982,2024-03-20,7,8,4,1,67.17,67.17,4,14
14983,2024-03-06,18,6,4,2,26.99,53.98,2,14
14984,2024-03-25,30,18,4,1,8.99,8.99,4,14
14985,2024-03-26,9,19,4,1,31.88,31.88,4,13
14986,2024-03-03,17,4,4,3,141.99,425.97,4,13
14987,2024-03-09,29,13,4,5,82.32,411.6,4,12
14988,2024-03-03,25,7,4,5,100.99,504.95,4,14
14989,2024-03-06,10,6,4,1,12.47,12.47,4,12
14990,2024-03-18,13,4,4,2,166.32,332.64,4,12
14991,2024-03-20,4,15,4,2,29.99,59.98,4,12
14992,2024-03-02,25,16,4,1,22.99,22.99,4,12
14993,2024-03-19,13,6,5,4,11.99,47.96,2,16
14994,2024-03-10,5,6,5,1,15.43,15.43,4,15
14995,2024-03-24,4,6,5,2,27.99,55.98,4,15
14996,2024-03-13,5,4,5,1,241.85,241.85,4,16
14997,2024-03-24,23,18,5,2,14.99,29.98,4,15
14998,2024-03-29,17,6,5,1,13.99,13.99,4,17
14999,2024-03-28,17,13,5,3,90.99,272.97,4,16
15000,2024-03-29,1,17,5,2,19.47,38.94,4,15
15001,2024-03-21,30,4,5,2,266.36,532.72,3,17
15002,2024-03-04,15,3,5,1,96.99,96.99,4,16
15003,2024-03-17,21,14,5,1,200.35,200.35,3,15
15004,2024-03-10,25,1,5,3,1239.1,3717.3,4,15
15005,2024-03-11,9,3,5,2,107.99,215.98,4,17
15006,2024-03-19,9,15,5,3,43.99,131.97,4,16
15007,2024-03-09,20,6,5,3,30.49,91.47,4,17
15008,2024-03-27,29,6,5,4,23.99,95.96,4,15
15009,2024-03-14,13,7,5,2,58.36,116.72,4,15
15010,2024-03-14,10,14,5,1,139.99,139.99,4,16
15011,2024-03-28,4,17,6,4,35.99,143.96,4,18
15012,2024-03-03,24,10,6,1,56.44,56.44,4,18
15013,2024-03-18,6,13,6,2,75.99,151.98,4,18
15014,2024-03-15,20,8,6,2,73.79,147.58,4,19
15015,2024-03-22,8,4,6,5,165.99,829.95,4,18
15016,2024-03-31,8,15,6,5,46.99,234.95,4,19
15017,2024-03-30,9,15,6,1,53.82,53.82,4,20
15018,2024-03-24,19,3,6,4,125.16,500.64,4,20
15019,2024-03-03,13,18,6,1,13.99,13.99,1,19
15020,2024-03-04,2,5,6,1,24.36,24.36,4,20
15021,2024-03-31,13,8,6,3,80.99,242.97,4,20
15022,2024-03-16,12,14,6,4,116.99,467.96,4,19
15023,2024-03-23,2,14,6,3,144.89,434.67,4,20
15024,2024-03-14,30,19,6,3,14.99,44.97,4,19
15025,2024-03-11,17,6,6,3,23.99,71.97,4,18
15026,2024-03-13,29,14,6,1,155.52,155.52,4,18
15027,2024-03-02,19,5,6,3,27.72,83.16,4,19
15028,2024-03-30,2,17,6,3,52.27,156.81,4,18
15029,2024-03-02,10,7,6,1,86.7,86.7,4,20
15030,2024-03-09,25,19,6,2,14.0,28.0,4,19
15031,2024-03-21,18,5,6,4,28.74,114.96,4,20
15032,2024-03-10,3,18,6,1,18.69,18.69,4,18
15033,2024-03-08,14,19,6,2,31.99,63.98,4,18
15034,2024-03-31,24,19,6,4,32.45,129.8,4,18
15035,2024-03-27,28,10,6,3,57.77,173.31,4,18
15036,2024-03-07,22,5,6,1,12.99,12.99,4,20
15037,2024-03-27,3,7,6,1,114.99,114.99,2,18
15038,2024-03-20,4,19,6,1,16.73,16.73,2,18
15039,2024-03-16,7,13,6,3,41.51,124.53,4,19
15040,2024-03-23,30,5,7,2,27.99,55.98,4,23
15041,2024-03-26,29,15,7,5,72.99,364.95,4,21
15042,2024-03-27,6,17,7,1,44.99,44.99,4,23
15043,2024-03-03,11,5,7,1,20.7,20.7,4,21
15044,2024-03-22,19,6,7,2,20.99,41.98,4,21
15045,2024-03-17,18,5,7,4,14.06,56.24,4,21
15046,2024-03-25,5,19,7,5,14.31,71.55,4,23
15047,2024-03-02,2,7,7,2,59.99,119.98,4,23
15048,2024-03-21,20,3,7,2,84.51,169.02,4,21
15049,2024-03-27,15,6,7,1,19.5,19.5,4,22
15050,2024-03-05,29,3,7,1,135.99,135.99,4,22
15051,2024-03-15,2,7,7,2,56.05,112.1,4,22
15052,2024-03-03,5,5,7,1,13.69,13.69,4,23
15053,2024-03-21,21,5,7,4,25.76,103.04,4,22
15054,2024-03-26,29,6,7,3,17.24,51.72,2,22
15055,2024-03-07,24,5,7,2,26.22,52.44,4,22
15056,2024-03-19,7,5,7,1,10.64,10.64,4,23
15057,2024-03-30,1,18,7,2,17.77,35.54,4,21
15058,2024-03-22,15,2,7,4,97.15,388.6,4,23
15059,2024-03-26,15,15,7,5,84.41,422.05,4,22
15060,2024-03-16,10,14,7,2,195.99,391.98,4,22
15061,2024-03-02,1,19,7,3,29.47,88.41,4,21
15062,2024-03-12,3,1,8,1,1198.99,1198.99,4,24
15063,2024-03-13,21,15,8,1,61.89,61.89,4,24
15064,2024-03-25,2,16,8,1,10.8,10.8,4,24
15065,2024-03-12,6,9,8,2,90.99,181.98,4,25
15066,2024-03-30,2,4,8,1,294.96,294.96,4,24
15067,2024-03-18,25,2,8,4,69.95,279.8,4,25
15068,2024-03-27,13,13,8,1,101.22,101.22,4,24
15069,2024-03-27,30,18,8,1,10.99,10.99,4,24
15070,2024-03-25,17,14,8,1,222.99,222.99,4,25
15071,2024-03-09,16,6,8,2,24.67,49.34,4,25
15072,2024-03-13,2,7,8,5,135.97,679.85,3,25
15073,2024-03-08,3,13,8,2,47.99,95.98,4,24
15074,2024-03-24,28,20,8,4,34.36,137.44,4,25
15075,2024-03-26,7,16,8,1,18.99,18.99,4,25
15076,2024-03-26,24,7,8,1,141.99,141.99,3,25
15077,2024-03-15,17,17,8,4,40.99,163.96,4,25
15078,2024-03-09,26,6,8,1,16.99,16.99,4,25
15079,2024-03-01,12,15,8,1,60.99,60.99,4,24
15080,2024-03-06,13,1,9,2,814.99,1629.98,4,27
15081,2024-03-31,13,10,9,1,53.37,53.37,3,26
15082,2024-03-03,25,9,9,2,145.2,290.4,4,28
15083,2024-03-08,20,15,9,5,70.31,351.55,4,26
15084,2024-03-25,16,8,9,4,85.96,343.84,4,26
15085,2024-03-15,3,15,9,3,31.99,95.97,3,27
15086,2024-03-11,27,14,9,1,233.35,233.35,4,28
15087,2024-03-20,6,13,9,3,84.29,252.87,1,26
15088,2024-03-12,10,7,9,1,87.99,87.99,4,28
15089,2024-03-30,1,9,9,1,197.8,197.8,4,28
15090,2024-03-17,28,16,9,4,8.99,35.96,2,27
15091,2024-03-12,9,18,9,1,9.99,9.99,1,27
15092,2024-03-30,6,17,9,2,43.42,86.84,4,28
15093,2024-03-25,14,8,9,2,69.84,139.68,4,26
15094,2024-03-28,2,4,9,2,227.99,455.98,4,28
15095,2024-03-17,26,18,9,2,7.99,15.98,4,27
15096,2024-03-11,30,19,9,1,16.82,16.82,4,27
15097,2024-03-08,16,3,9,4,103.52,414.08,4,26
15098,2024-03-14,27,7,9,5,71.99,359.95,4,26
15099,2024-03-21,17,13,9,5,113.95,569.75,4,26
15100,2024-03-12,9,5,9,2,19.81,39.62,4,28
15101,2024-03-24,6,7,9,2,60.17,120.34,4,28
15102,2024-03-19,7,10,10,1,62.1,62.1,4,30
15103,2024-03-15,7,9,10,4,138.89,555.56,4,31
15104,2024-03-14,2,4,10,2,153.54,307.08,4,30
15105,2024-03-10,24,2,10,1,110.34,110.34,4,29
15106,2024-03-19,19,15,10,2,88.87,177.74,4,29
15107,2024-03-17,14,17,10,2,48.01,96.02,4,29
15108,2024-03-28,8,3,10,2,75.24,150.48,4,29
15109,2024-03-30,4,10,10,2,32.18,64.36,4,31
15110,2024-03-21,25,6,10,1,10.83,10.83,1,31
15111,2024-03-30,3,13,10,2,109.45,218.9,4,30
15112,2024-03-28,15,16,10,2,22.78,45.56,4,31
15113,2024-03-20,19,2,10,3,107.13,321.39,4,29
15114,2024-03-10,19,20,10,1,26.68,26.68,4,31
15115,2024-03-26,24,8,10,4,30.88,123.52,4,29
15116,2024-03-14,6,7,10,4,95.16,380.64,4,30
15117,2024-03-25,27,7,10,1,128.13,128.13,4,31
15118,2024-03-14,9,2,10,1,58.99,58.99,4,31
15119,2024-03-02,11,4,10,1,169.99,169.99,4,31
15120,2024-03-06,11,3,10,1,130.99,130.99,4,29
15121,2024-03-11,22,6,10,2,18.81,37.62,4,29
15122,2024-03-03,18,20,10,4,38.99,155.96,4,29
15123,2024-03-09,11,19,10,2,34.25,68.5,4,30
15124,2024-03-27,26,14,10,1,189.99,189.99,2,30
15125,2024-03-19,19,17,10,3,36.83,110.49,4,31
15126,2024-03-31,18,18,11,1,9.92,9.92,4,33
15127,2024-03-14,30,6,11,2,33.2,66.4,4,33
15128,2024-03-12,24,6,11,1,26.99,26.99,4,33
15129,2024-03-01,27,18,11,1,15.99,15.99,4,33
15130,2024-03-08,11,2,11,1,99.62,99.62,2,33
15131,2024-03-06,16,9,11,1,90.99,90.99,4,33
15132,2024-03-13,1,18,11,4,17.58,70.32,4,33
15133,2024-03-12,25,18,11,1,18.68,18.68,4,32
15134,2024-03-23,6,17,11,4,19.55,78.2,4,32
15135,2024-03-26,3,16,11,1,10.99,10.99,4,33
15136,2024-03-12,12,14,11,1,141.99,141.99,1,33
15137,2024-03-08,8,10,11,2,29.54,59.08,4,32
15138,2024-03-01,29,13,11,3,98.83,296.49,4,32
15139,2024-03-24,29,10,11,5,59.06,295.3,4,33
15140,2024-03-30,10,8,11,4,45.07,180.28,4,32
15141,2024-03-14,4,17,11,2,40.99,81.98,4,32
15142,2024-03-03,20,4,11,1,218.99,218.99,4,33
15143,2024-03-27,18,15,12,4,36.99,147.96,4,34
15144,2024-03-06,23,4,12,3,224.57,673.71,4,34
15145,2024-03-22,13,7,12,2,113.99,227.98,4,34
15146,2024-03-06,11,3,12,2,72.99,145.98,1,34
15147,2024-03-25,16,2,12,1,49.99,49.99,4,34
15148,2024-03-07,22,5,12,4,10.15,40.6,4,35
15149,2024-03-27,2,13,12,3,54.99,164.97,4,34
15150,2024-03-12,26,17,12,1,23.99,23.99,4,34
15151,2024-03-22,18,8,12,2,43.35,86.7,4,35
15152,2024-03-25,23,3,12,1,89.77,89.77,4,35
15153,2024-03-26,25,19,12,2,37.99,75.98,4,34
15154,2024-03-27,16,10,12,1,34.5,34.5,4,34
15155,2024-03-06,15,4,12,2,229.88,459.76,4,35
15156,2024-03-02,8,16,12,2,10.77,21.54,4,35
15157,2024-03-04,22,15,12,2,66.44,132.88,4,34
15158,2024-03-06,23,18,12,4,17.05,68.2,4,35
15159,2024-03-19,1,5,12,1,18.24,18.24,4,35
15160,2024-03-12,5,3,13,1,100.99,100.99,4,37
15161,2024-03-09,27,10,13,1,50.39,50.39,4,38
15162,2024-03-07,3,1,13,1,931.2,931.2,4,37
15163,2024-03-10,11,5,13,1,21.99,21.99,4,38
15164,2024-03-26,5,19,13,1,33.33,33.33,3,36
15165,2024-03-08,21,14,13,3,246.45,739.35,4,38
15166,2024-03-28,22,16,13,2,21.02,42.04,4,37
15167,2024-03-11,10,5,13,1,13.99,13.99,4,38
15168,2024-03-26,23,6,13,2,19.69,39.38,4,38
15169,2024-03-01,15,5,13,3,10.18,30.54,4,38
15170,2024-03-04,14,2,13,3,90.99,272.97,4,38
15171,2024-03-28,12,7,13,3,85.3,255.9,4,37
15172,2024-03-11,9,5,13,1,14.97,14.97,4,37
15173,2024-03-21,30,2,13,1,113.55,113.55,4,36
15174,2024-03-11,3,20,13,2,35.21,70.42,4,37
15175,2024-03-05,25,5,13,1,27.39,27.39,4,38
15176,2024-03-07,19,13,13,1,40.09,40.09,4,36
15177,2024-03-09,16,7,13,1,58.99,58.99,4,38
15178,2024-03-09,9,15,13,2,31.26,62.52,2,37
15179,2024-03-04,17,8,13,1,78.14,78.14,4,37
15180,2024-03-15,15,14,13,2,159.99,319.98,4,38
15181,2024-03-06,5,4,13,4,229.39,917.56,4,38
15182,2024-03-31,22,19,13,1,19.99,19.99,4,38
15183,2024-03-29,24,10,13,2,63.83,127.66,4,36
15184,2024-03-01,24,7,13,1,92.99,92.99,4,36
15185,2024-03-06,10,5,13,2,24.99,49.98,4,37
15186,2024-03-19,1,18,13,3,10.15,30.45,4,36
15187,2024-03-19,7,3,13,2,99.3,198.6,1,37
15188,2024-03-21,4,4,13,1,123.42,123.42,4,37
15189,2024-03-15,9,10,13,3,54.27,162.81,4,37
15190,2024-03-05,6,16,13,1,17.13,17.13,4,38
15191,2024-03-18,6,18,13,2,16.52,33.04,4,38
15192,2024-03-14,11,20,13,2,32.13,64.26,4,37
15193,2024-03-01,11,18,14,2,11.3,22.6,4,39
15194,2024-03-04,22,4,14,2,156.99,313.98,4,40
15195,2024-03-16,19,6,14,1,13.99,13.99,4,40
15196,2024-03-07,20,4,14,1,295.99,295.99,4,39
15197,2024-03-19,9,2,14,2,74.99,149.98,4,40
15198,2024-03-12,28,14,14,1,187.99,187.99,4,39
15199,2024-03-27,17,13,14,2,57.71,115.42,4,39
15200,2024-03-13,5,18,14,2,12.81,25.62,4,39
15201,2024-03-21,16,1,14,2,1070.27,2140.54,4,39
15202,2024-03-24,8,20,14,4,38.99,155.96,4,39
15203,2024-03-19,13,6,14,3,28.99,86.97,4,40
15204,2024-03-23,10,19,14,2,34.3,68.6,4,40
15205,2024-03-14,27,3,14,3,67.99,203.97,4,40
15206,2024-03-04,12,15,14,3,81.12,243.36,4,39
15207,2024-03-25,13,7,14,2,130.99,261.98,4,40
15208,2024-03-12,17,2,14,3,86.0,258.0,1,39
15209,2024-03-21,19,18,14,2,10.03,20.06,4,39
15210,2024-03-10,14,9,14,3,70.99,212.97,4,39
15211,2024-03-27,1,19,15,1,23.99,23.99,4,41
15212,2024-03-14,5,13,15,1,102.27,102.27,4,42
15213,2024-03-05,28,1,15,1,984.99,984.99,4,41
15214,2024-03-08,2,16,15,4,17.99,71.96,4,42
15215,2024-03-06,8,6,15,3,14.99,44.97,4,41
15216,2024-03-19,1,3,15,1,83.99,83.99,4,42
15217,2024-03-03,9,4,15,1,183.52,183.52,4,42
15218,2024-03-01,25,5,15,4,14.99,59.96,4,42
15219,2024-03-16,7,4,15,1,257.75,257.75,3,42
15220,2024-03-01,30,3,15,1,121.44,121.44,4,42
15221,2024-03-06,8,8,15,3,76.99,230.97,4,41
15222,2024-03-26,27,11,15,1,463.13,463.13,4,41
15223,2024-03-02,13,3,15,3,100.81,302.43,4,42
15224,2024-03-26,9,16,15,1,17.96,17.96,4,41
15225,2024-03-30,3,20,15,5,17.02,85.1,4,41
15226,2024-03-18,4,8,15,2,67.99,135.98,4,41
15227,2024-03-24,2,5,15,1,14.99,14.99,2,42
15228,2024-03-17,22,5,15,4,14.99,59.96,4,41
15229,2024-03-23,25,17,15,1,47.99,47.99,4,41
15230,2024-03-05,26,7,15,1,107.84,107.84,4,42
15231,2024-04-11,24,20,1,4,21.51,86.04,4,1
15232,2024-04-23,30,8,1,4,82.59,330.36,4,4
15233,2024-04-29,20,18,1,2,8.99,17.98,4,4
15234,2024-04-03,14,2,1,2,76.62,153.24,4,4
15235,2024-04-04,5,20,1,2,14.0,28.0,4,3
15236,2024-04-04,12,18,1,2,16.93,33.86,4,4
15237,2024-04-12,8,16,1,1,17.29,17.29,4,1
15238,2024-04-29,4,8,1,1,61.99,61.99,4,1
15239,2024-04-14,28,7,1,4,58.99,235.96,4,4
15240,2024-04-17,24,10,1,2,38.99,77.98,4,3
15241,2024-04-12,13,17,1,3,29.63,88.89,2,3
15242,2024-04-07,29,3,1,1,154.99,154.99,4,4
15243,2024-04-10,8,15,1,3,36.99,110.97,3,2
15244,2024-04-23,21,6,1,2,15.89,31.78,4,2
15245,2024-04-05,11,16,1,1,18.99,18.99,4,3
15246,2024-04-21,18,20,1,1,25.99,25.99,1,1
15247,2024-04-01,5,13,1,5,59.54,297.7,1,4
15248,2024-04-01,29,6,1,3,30.58,91.74,4,4
15249,2024-04-24,1,1,1,2,1244.99,2489.98,4,4
15250,2024-04-09,17,17,2,1,50.97,50.97,4,8
15251,2024-04-20,4,16,2,1,8.93,8.93,3,8
15252,2024-04-20,2,19,2,4,29.74,118.96,4,8
15253,2024-04-01,13,5,2,3,17.99,53.97,4,7
15254,2024-04-01,9,7,2,1,138.65,138.65,4,5
15255,2024-04-29,27,17,2,3,25.32,75.96,4,8
15256,2024-04-12,30,7,2,4,76.99,307.96,4,7
15257,2024-04-30,26,16,2,5,10.99,54.95,2,5
15258,2024-04-27,30,18,2,2,12.99,25.98,4,6
15259,2024-04-12,21,14,2,2,206.99,413.98,4,7
15260,2024-04-08,4,7,2,3,63.12,189.36,4,8
15261,2024-04-29,2,8,2,4,67.99,271.96,4,8
15262,2024-04-19,21,10,2,1,34.56,34.56,4,6
15263,2024-04-16,24,7,2,3,113.89,341.67,3,5
15264,2024-04-16,14,5,2,2,18.24,36.48,4,7
15265,2024-04-11,14,20,2,1,14.89,14.89,1,6
15266,2024-04-07,3,3,2,1,149.99,149.99,4,7
15267,2024-04-28,26,19,2,1,31.53,31.53,4,5
15268,2024-04-19,20,5,2,1,12.41,12.41,4,6
15269,2024-04-14,5,16,2,1,20.06,20.06,4,6
15270,2024-04-11,9,16,3,3,8.99,26.97,4,10
15271,2024-04-13,23,18,3,2,12.84,25.68,4,11
15272,2024-04-03,9,5,3,2,13.29,26.58,4,9
15273,2024-04-14,25,16,3,3,19.86,59.58,4,9
15274,2024-04-24,6,19,3,2,25.33,50.66,4,11
15275,2024-04-03,3,20,3,1,37.78,37.78,4,9
15276,2024-04-15,26,4,3,1,190.99,190.99,4,9
15277,2024-04-24,23,5,3,1,13.12,13.12,4,11
15278,2024-04-03,15,3,3,1,76.99,76.99,4,10
15279,2024-04-13,9,7,3,4,147.44,589.76,4,9
15280,2024-04-19,11,10,3,4,64.99,259.96,4,9
15281,2024-04-21,14,15,3,2,87.99,175.98,4,11
15282,2024-04-01,6,12,3,2,830.99,1661.98,1,10
15283,2024-04-06,4,1,3,2,1260.54,2521.08,4,10
15284,2024-04-09,11,5,3,1,20.99,20.99,4,11
15285,2024-04-15,10,16,3,1,10.99,10.99,4,9
15286,2024-04-16,7,5,3,2,11.35,22.7,3,11
15287,2024-04-24,7,16,3,3,10.99,32.97,4,9
15288,2024-04-22,10,18,3,2,15.23,30.46,4,9
15289,2024-04-18,25,6,3,1,12.99,12.99,4,10
15290,2024-04-15,1,13,3,3,64.95,194.85,4,11
15291,2024-04-27,1,8,3,3,65.99,197.97,4,9
15292,2024-04-26,13,1,4,1,981.99,981.99,4,14
15293,2024-04-04,4,15,4,2,67.83,135.66,4,12
15294,2024-04-29,13,1,4,1,1163.99,1163.99,4,14
15295,2024-04-25,5,7,4,2,115.0,230.0,4,13
15296,2024-04-16,30,6,4,2,14.99,29.98,1,14
15297,2024-04-15,29,2,4,2,76.99,153.98,4,14
15298,2024-04-12,16,20,4,2,18.35,36.7,4,13
15299,2024-04-02,11,4,4,1,247.99,247.99,4,12
15300,2024-04-30,7,4,4,1,118.83,118.83,4,12
15301,2024-04-30,4,15,4,3,73.99,221.97,3,13
15302,2024-04-15,4,16,4,1,16.17,16.17,4,14
15303,2024-04-03,5,12,4,1,821.7,821.7,4,13
15304,2024-04-13,27,4,4,2,230.55,461.1,4,12
15305,2024-04-06,14,5,4,1,25.26,25.26,4,13
15306,2024-04-25,4,18,4,2,17.15,34.3,4,12
15307,2024-04-17,10,17,5,2,36.99,73.98,4,17
15308,2024-04-26,19,10,5,1,67.96,67.96,4,17
15309,2024-04-28,2,3,5,1,67.99,67.99,4,17
15310,2024-04-09,27,16,5,1,16.27,16.27,4,15
15311,2024-04-21,2,16,5,3,14.99,44.97,4,17
15312,2024-04-21,15,17,5,3,44.04,132.12,4,17
15313,2024-04-11,21,19,5,1,33.9,33.9,4,15
15314,2024-04-21,7,9,5,2,184.99,369.98,4,16
15315,2024-04-08,15,4,5,1,137.99,137.99,4,16
15316,2024-04-06,30,19,5,1,28.73,28.73,4,15
15317,2024-04-01,17,20,5,1,36.99,36.99,4,17
15318,2024-04-01,28,3,5,4,71.99,287.96,4,16
15319,2024-04-03,12,10,5,1,48.99,48.99,4,16
15320,2024-04-05,20,8,5,2,68.92,137.84,4,15
15321,2024-04-19,2,19,5,3,18.72,56.16,4,17
15322,2024-04-08,4,9,5,1,80.0,80.0,4,16
15323,2024-04-26,11,11,5,1,333.06,333.06,4,16
15324,2024-04-24,23,19,5,1,20.99,20.99,4,15
15325,2024-04-20,13,19,6,3,20.26,60.78,4,18
15326,2024-04-29,3,5,6,3,16.99,50.97,2,19
15327,2024-04-18,2,8,6,2,53.24,106.48,4,20
15328,2024-04-04,10,15,6,1,67.99,67.99,4,18
15329,2024-04-04,18,2,6,1,113.77,113.77,4,18
15330,2024-04-28,13,17,6,3,29.78,89.34,4,19
15331,2024-04-11,20,9,6,1,183.01,183.01,4,20
15332,2024-04-21,5,18,6,4,17.24,68.96,4,19
15333,2024-04-09,24,18,6,3,17.99,53.97,4,19
15334,2024-04-24,4,18,6,1,10.74,10.74,3,18
15335,2024-04-02,2,9,6,1,102.99,102.99,4,20
15336,2024-04-20,26,10,6,1,61.25,61.25,2,20
15337,2024-04-25,22,5,6,2,25.73,51.46,4,19
15338,2024-04-06,7,16,6,4,21.99,87.96,4,18
15339,2024-04-23,16,5,6,3,16.87,50.61,4,20
15340,2024-04-05,13,5,6,4,26.99,107.96,4,19
15341,2024-04-05,6,18,7,1,9.58,9.58,3,23
15342,2024-04-20,22,4,7,3,282.99,848.97,4,22
15343,2024-04-21,5,8,7,2,85.87,171.74,4,23
15344,2024-04-27,14,20,7,1,17.99,17.99,4,23
15345,2024-04-24,28,8,7,1,57.99,57.99,4,23
15346,2024-04-18,28,17,7,3,41.83,125.49,4,21
15347,2024-04-11,3,3,7,2,117.99,235.98,4,21
15348,2024-04-20,20,19,7,2,26.36,52.72,4,22
15349,2024-04-27,2,9,7,2,164.99,329.98,4,23
15350,2024-04-28,24,8,7,1,41.99,41.99,4,21
15351,2024-04-25,24,8,7,2,61.25,122.5,4,21
15352,2024-04-18,6,8,7,1,25.99,25.99,4,21
15353,2024-04-25,16,6,7,2,13.73,27.46,4,23
15354,2024-04-16,15,8,8,3,53.65,160.95,4,25
15355,2024-04-26,17,8,8,2,26.88,53.76,4,24
15356,2024-04-11,21,20,8,1,39.99,39.99,4,25
15357,2024-04-10,9,3,8,3,122.99,368.97,4,24
15358,2024-04-21,29,15,8,2,72.03,144.06,4,25
15359,2024-04-27,13,11,8,3,281.58,844.74,4,24
15360,2024-04-10,4,14,8,3,117.99,353.97,4,25
15361,2024-04-12,13,19,8,2,20.99,41.98,4,24
15362,2024-04-07,6,2,8,1,71.99,71.99,4,24
15363,2024-04-03,13,5,8,2,9.99,19.98,4,24
15364,2024-04-12,1,5,8,3,20.99,62.97,4,25
15365,2024-04-26,8,20,8,4,20.18,80.72,3,24
15366,2024-04-30,28,19,8,3,27.42,82.26,4,25
15367,2024-04-06,4,18,9,4,10.99,43.96,4,28
15368,2024-04-12,10,5,9,2,22.04,44.08,4,26
15369,2024-04-23,28,1,9,3,982.99,2948.97,4,26
15370,2024-04-18,29,16,9,1,14.0,14.0,3,27
15371,2024-04-27,5,18,9,1,7.99,7.99,4,28
15372,2024-04-24,9,5,9,1,18.93,18.93,4,28
15373,2024-04-10,1,13,9,4,99.99,399.96,1,27
15374,2024-04-23,19,12,9,3,614.77,1844.31,4,27
15375,2024-04-10,14,18,9,1,15.21,15.21,4,28
15376,2024-04-08,1,3,9,1,131.99,131.99,4,26
15377,2024-04-19,13,8,9,4,79.5,318.0,4,27
15378,2024-04-17,24,4,9,1,153.68,153.68,4,28
15379,2024-04-09,24,19,9,1,28.7,28.7,4,26
15380,2024-04-13,28,19,9,4,24.99,99.96,4,27
15381,2024-04-28,3,8,9,1,79.05,79.05,4,26
15382,2024-04-05,3,14,9,2,240.15,480.3,4,27
15383,2024-04-07,16,6,9,2,33.68,67.36,4,28
15384,2024-04-23,29,19,9,3,29.67,89.01,4,28
15385,2024-04-15,13,5,9,5,25.76,128.8,4,26
15386,2024-04-22,1,5,9,1,24.78,24.78,4,28
15387,2024-04-18,5,19,10,1,20.99,20.99,4,29
15388,2024-04-27,25,6,10,2,26.99,53.98,4,29
15389,2024-04-05,11,20,10,5,40.99,204.95,2,29
15390,2024-04-17,28,15,10,4,65.78,263.12,2,30
15391,2024-04-26,22,14,10,2,240.7,481.4,4,30
15392,2024-04-21,19,8,10,1,27.13,27.13,3,31
15393,2024-04-17,16,3,10,1,81.99,81.99,4,29
15394,2024-04-13,8,6,10,1,15.35,15.35,4,31
15395,2024-04-25,14,4,10,2,142.12,284.24,4,31
15396,2024-04-23,6,7,10,2,106.4,212.8,4,29
15397,2024-04-28,2,6,10,2,33.99,67.98,4,30
15398,2024-04-26,25,8,10,2,56.84,113.68,4,29
15399,2024-04-30,27,16,10,1,19.99,19.99,4,31
15400,2024-04-13,21,9,10,2,184.86,369.72,4,31
15401,2024-04-10,12,2,10,1,70.36,70.36,4,29
15402,2024-04-29,26,5,10,4,20.82,83.28,4,31
15403,2024-04-24,21,3,11,1,152.99,152.99,4,32
15404,2024-04-06,25,2,11,1,100.99,100.99,4,32
15405,2024-04-30,21,18,11,3,8.13,24.39,4,33
15406,2024-04-09,22,5,11,1,25.99,25.99,4,33
15407,2024-04-27,29,8,11,2,31.88,63.76,4,33
15408,2024-04-13,10,3,11,1,107.99,107.99,3,32
15409,2024-04-07,14,2,11,1,114.1,114.1,4,33
15410,2024-04-13,5,15,11,1,88.94,88.94,4,32
15411,2024-04-18,9,13,11,4,47.99,191.96,4,32
15412,2024-04-01,29,13,11,1,103.99,103.99,4,33
15413,2024-04-13,7,7,12,3,84.04,252.12,3,34
15414,2024-04-16,20,10,12,4,30.32,121.28,1,35
15415,2024-04-15,24,5,12,1,15.07,15.07,4,34
15416,2024-04-08,29,8,12,5,44.26,221.3,4,35
15417,2024-04-15,25,6,12,1,28.69,28.69,4,34
15418,2024-04-03,3,20,12,4,28.99,115.96,4,35
15419,2024-04-29,10,13,12,2,102.05,204.1,4,34
15420,2024-04-13,27,3,12,4,123.71,494.84,4,35
15421,2024-04-14,29,18,12,2,18.62,37.24,4,34
15422,2024-04-07,7,15,12,3,66.99,200.97,4,35
15423,2024-04-02,11,9,13,3,185.99,557.97,4,37
15424,2024-04-07,21,9,13,5,194.23,971.15,4,36
15425,2024-04-26,17,17,13,2,34.6,69.2,4,38
15426,2024-04-24,6,16,13,3,23.38,70.14,4,36
15427,2024-04-08,23,9,13,2,178.71,357.42,4,37
15428,2024-04-15,4,7,13,4,117.96,471.84,4,37
15429,2024-04-05,17,2,13,5,82.99,414.95,4,36
15430,2024-04-14,23,6,13,4,22.1,88.4,4,37
15431,2024-04-29,22,11,13,1,482.99,482.99,4,38
15432,2024-04-15,21,16,13,1,9.99,9.99,4,36
15433,2024-04-01,20,15,13,5,33.11,165.55,4,37
15434,2024-04-27,25,10,13,1,62.08,62.08,4,38
15435,2024-04-09,26,17,13,2,39.99,79.98,4,36
15436,2024-04-27,6,17,13,1,19.0,19.0,4,37
15437,2024-04-09,10,9,13,2,79.99,159.98,4,38
15438,2024-04-04,19,8,13,4,29.66,118.64,4,37
15439,2024-04-12,29,19,14,2,29.46,58.92,4,40
15440,2024-04-10,15,17,14,1,26.99,26.99,4,40
15441,2024-04-29,9,6,14,1,24.19,24.19,4,39
15442,2024-04-18,17,9,14,1,155.97,155.97,4,40
15443,2024-04-14,18,19,14,2,17.34,34.68,4,39
15444,2024-04-16,10,2,14,1,122.71,122.71,4,39
15445,2024-04-16,18,15,14,2,85.7,171.4,4,39
15446,2024-04-16,15,7,14,2,138.99,277.98,4,39
15447,2024-04-30,20,4,14,1,206.99,206.99,4,39
15448,2024-04-19,10,18,14,1,18.89,18.89,3,40
15449,2024-04-28,6,19,14,3,26.99,80.97,4,40
15450,2024-04-29,2,10,14,1,57.07,57.07,4,40
15451,2024-04-20,14,16,15,2,18.99,37.98,4,41
15452,2024-04-04,8,4,15,5,215.6,1078.0,4,42
15453,2024-04-03,9,20,15,1,33.46,33.46,4,41
15454,2024-04-03,2,3,15,3,60.67,182.01,4,41
15455,2024-04-08,12,9,15,1,162.99,162.99,4,42
15456,2024-04-16,15,16,15,1,9.64,9.64,4,42
15457,2024-04-14,16,5,15,1,23.99,23.99,4,42
15458,2024-04-11,15,2,15,2,82.54,165.08,4,41
15459,2024-04-15,5,4,15,3,265.48,796.44,4,42
15460,2024-04-29,14,5,15,1,14.99,14.99,4,42
15461,2024-04-18,28,6,15,2,31.99,63.98,4,42
15462,2024-04-21,3,16,15,2,22.99,45.98,3,42
15463,2024-04-29,22,6,15,3,20.99,62.97,4,42
15464,2024-05-17,28,8,1,1,35.23,35.23,4,3
15465,2024-05-01,20,8,1,2,86.99,173.98,4,4
15466,2024-05-22,25,10,1,4,47.99,191.96,4,3
15467,2024-05-05,2,15,1,1,72.99,72.99,3,4
15468,2024-05-12,11,6,1,5,26.99,134.95,4,3
15469,2024-05-07,7,3,1,1,141.69,141.69,4,2
15470,2024-05-31,18,4,1,3,268.99,806.97,4,4
15471,2024-05-11,9,6,1,3,27.53,82.59,4,3
15472,2024-05-05,21,3,1,2,70.99,141.98,4,4
15473,2024-05-21,29,17,1,1,20.99,20.99,1,1
15474,2024-05-26,3,9,1,2,144.99,289.98,4,1
15475,2024-05-04,28,6,1,3,11.83,35.49,4,2
15476,2024-05-26,15,2,1,4,57.39,229.56,4,4
15477,2024-05-18,11,20,1,1,18.63,18.63,4,1
15478,2024-05-25,4,5,1,2,27.99,55.98,3,3
15479,2024-05-16,15,16,1,2,18.7,37.4,4,4
15480,2024-05-28,25,1,1,2,1258.58,2517.16,4,1
15481,2024-05-29,10,13,1,4,69.74,278.96,4,3
15482,2024-05-15,12,19,1,1,36.99,36.99,4,3
15483,2024-05-02,20,19,1,1,16.47,16.47,4,2
15484,2024-05-22,30,12,1,2,877.96,1755.92,4,3
15485,2024-05-31,23,15,1,1,78.25,78.25,4,3
15486,2024-05-11,5,7,1,1,87.99,87.99,3,3
15487,2024-05-23,16,7,1,1,140.23,140.23,4,2
15488,2024-05-17,5,7,1,1,86.23,86.23,4,1
15489,2024-05-26,10,7,1,1,146.72,146.72,4,3
15490,2024-05-08,22,18,1,5,7.0,35.0,4,4
15491,2024-05-05,18,5,1,1,9.5,9.5,4,1
15492,2024-05-24,28,11,1,2,588.26,1176.52,4,2
15493,2024-05-18,2,3,1,1,104.99,104.99,4,4
15494,2024-05-01,4,9,1,3,84.24,252.72,4,4
15495,2024-05-01,21,16,1,2,15.5,31.0,4,3
15496,2024-05-31,6,13,1,1,90.3,90.3,4,1
15497,2024-05-24,13,2,1,3,91.36,274.08,4,3
15498,2024-05-20,15,6,1,1,15.06,15.06,4,1
15499,2024-05-28,21,19,1,4,27.99,111.96,4,2
15500,2024-05-29,24,10,1,5,38.99,194.95,4,1
15501,2024-05-28,8,13,1,1,63.16,63.16,4,3
15502,2024-05-04,13,16,1,4,14.99,59.96,4,4
15503,2024-05-06,22,11,1,2,339.62,679.24,4,3
15504,2024-05-15,16,8,2,2,38.07,76.14,3,5
15505,2024-05-02,23,16,2,2,19.89,39.78,4,8
15506,2024-05-13,15,5,2,1,25.99,25.99,4,8
15507,2024-05-22,20,18,2,4,9.56,38.24,4,8
15508,2024-05-24,23,10,2,1,46.66,46.66,4,5
15509,2024-05-03,27,3,2,1,77.99,77.99,4,5
15510,2024-05-19,9,4,2,4,99.23,396.92,3,6
15511,2024-05-15,1,10,2,1,49.99,49.99,4,7
15512,2024-05-23,13,8,2,1,37.94,37.94,4,6
15513,2024-05-25,21,14,2,1,226.99,226.99,4,6
15514,2024-05-25,11,17,2,1,49.99,49.99,4,8
15515,2024-05-18,28,5,2,1,19.99,19.99,4,5
15516,2024-05-25,11,18,2,3,14.82,44.46,4,5
15517,2024-05-29,10,15,2,4,73.99,295.96,3,8
15518,2024-05-16,5,10,2,1,29.44,29.44,4,8
15519,2024-05-28,15,7,2,1,133.41,133.41,4,5
15520,2024-05-20,18,13,2,3,51.57,154.71,4,6
15521,2024-05-14,24,19,2,2,25.25,50.5,4,5
15522,2024-05-30,22,6,2,2,19.74,39.48,4,7
15523,2024-05-26,4,2,2,5,92.89,464.45,4,7
15524,2024-05-27,10,13,2,2,93.99,187.98,4,6
15525,2024-05-02,28,13,2,2,92.64,185.28,4,5
15526,2024-05-11,15,18,2,3,15.99,47.97,4,6
15527,2024-05-17,8,5,2,4,22.99,91.96,4,5
15528,2024-05-06,13,12,2,3,874.89,2624.67,4,5
15529,2024-05-29,16,20,2,3,19.81,59.43,4,7
15530,2024-05-23,24,13,2,1,80.52,80.52,4,6
15531,2024-05-26,28,16,2,2,16.13,32.26,4,6
15532,2024-05-22,12,9,2,1,182.19,182.19,4,6
15533,2024-05-31,6,6,3,1,23.99,23.99,4,9
15534,2024-05-25,5,7,3,1,76.31,76.31,4,10
15535,2024-05-18,24,8,3,2,28.35,56.7,4,11
15536,2024-05-04,21,13,3,1,81.97,81.97,4,11
15537,2024-05-14,3,15,3,4,88.33,353.32,4,10
15538,2024-05-02,20,20,3,1,14.76,14.76,4,10
15539,2024-05-16,10,10,3,2,59.48,118.96,4,11
15540,2024-05-29,24,14,3,2,124.15,248.3,4,10
15541,2024-05-28,27,14,3,1,142.99,142.99,4,10
15542,2024-05-28,16,20,3,3,28.99,86.97,4,9
15543,2024-05-16,28,8,3,5,78.28,391.4,4,10
15544,2024-05-03,8,6,3,1,30.83,30.83,4,9
15545,2024-05-13,12,15,3,5,79.57,397.85,4,10
15546,2024-05-16,6,18,3,3,17.7,53.1,4,11
15547,2024-05-09,7,18,3,3,9.99,29.97,4,9
15548,2024-05-16,24,3,3,2,145.99,291.98,4,9
15549,2024-05-04,6,15,3,2,49.99,99.98,4,10
15550,2024-05-30,2,16,3,1,9.99,9.99,4,11
15551,2024-05-07,27,3,3,1,68.99,68.99,3,11
15552,2024-05-03,1,17,3,2,30.13,60.26,4,10
15553,2024-05-03,20,3,3,2,136.99,273.98,4,9
15554,2024-05-16,21,18,3,1,15.99,15.99,4,11
15555,2024-05-29,8,7,3,2,129.99,259.98,3,11
15556,2024-05-17,5,19,3,3,19.85,59.55,4,10
15557,2024-05-16,4,2,3,2,74.69,149.38,4,11
15558,2024-05-08,24,18,3,1,12.71,12.71,4,11
15559,2024-05-01,12,9,3,1,154.89,154.89,4,11
15560,2024-05-24,12,11,3,2,504.88,1009.76,4,11
15561,2024-05-08,23,18,3,1,7.0,7.0,4,11
15562,2024-05-14,4,5,3,1,9.99,9.99,4,10
15563,2024-05-23,23,5,3,2,22.04,44.08,4,11
15564,2024-05-09,17,1,3,2,1003.99,2007.98,2,9
15565,2024-05-02,15,5,3,1,23.99,23.99,4,11
15566,2024-05-11,19,19,3,4,17.29,69.16,4,11
15567,2024-05-31,2,7,4,1,97.53,97.53,4,13
15568,2024-05-05,19,2,4,3,68.59,205.77,4,12
15569,2024-05-02,25,4,4,2,175.99,351.98,4,13
15570,2024-05-27,16,20,4,1,39.87,39.87,4,13
15571,2024-05-23,21,19,4,1,35.99,35.99,4,14
15572,2024-05-13,26,5,4,1,19.64,19.64,4,13
15573,2024-05-07,3,14,4,1,220.7,220.7,4,12
15574,2024-05-15,6,9,4,1,129.5,129.5,4,14
15575,2024-05-15,6,2,4,1,71.54,71.54,4,13
15576,2024-05-16,28,19,4,4,33.25,133.0,4,13
15577,2024-05-23,16,7,4,3,71.99,215.97,4,13
15578,2024-05-30,3,17,4,5,51.99,259.95,4,13
15579,2024-05-22,8,6,4,2,14.37,28.74,4,13
15580,2024-05-23,23,4,4,1,258.39,258.39,4,14
15581,2024-05-07,18,18,4,2,9.99,19.98,4,14
15582,2024-05-09,17,14,4,1,119.99,119.99,4,14
15583,2024-05-12,12,18,4,1,8.99,8.99,4,14
15584,2024-05-09,5,19,4,3,32.77,98.31,4,13
15585,2024-05-11,24,3,4,1,79.24,79.24,4,12
15586,2024-05-06,26,20,4,1,31.99,31.99,2,13
15587,2024-05-20,22,18,4,5,8.63,43.15,4,14
15588,2024-05-31,26,9,4,3,75.04,225.12,4,13
15589,2024-05-03,2,18,4,1,16.99,16.99,4,14
15590,2024-05-01,25,10,4,4,53.99,215.96,4,12
15591,2024-05-29,5,6,4,2,17.99,35.98,4,12
15592,2024-05-11,11,9,4,2,144.2,288.4,3,14
15593,2024-05-11,8,17,4,2,51.99,103.98,4,14
15594,2024-05-07,16,9,4,2,128.43,256.86,4,13
15595,2024-05-20,20,6,4,4,21.66,86.64,4,14
15596,2024-05-01,13,10,4,3,47.99,143.97,4,12
15597,2024-05-26,20,7,4,4,98.14,392.56,4,13
15598,2024-05-26,28,7,4,1,124.57,124.57,4,14
15599,2024-05-06,28,7,4,1,92.58,92.58,4,14
15600,2024-05-30,26,11,5,1,335.68,335.68,4,16
15601,2024-05-22,3,5,5,1,16.99,16.99,4,16
15602,2024-05-01,19,18,5,2,8.51,17.02,4,15
15603,2024-05-16,18,9,5,1,129.89,129.89,4,17
15604,2024-05-23,25,20,5,3,20.13,60.39,4,17
15605,2024-05-26,17,10,5,1,60.54,60.54,4,15
15606,2024-05-02,30,6,5,1,17.99,17.99,4,17
15607,2024-05-13,15,6,5,2,29.99,59.98,4,17
15608,2024-05-12,28,14,5,2,147.99,295.98,4,15
15609,2024-05-02,2,2,5,1,91.64,91.64,4,15
15610,2024-05-10,25,16,5,2,19.69,39.38,4,15
15611,2024-05-02,4,20,5,2,17.99,35.98,4,17
15612,2024-05-26,10,18,5,2,15.99,31.98,4,15
15613,2024-05-11,14,6,5,1,18.99,18.99,4,17
15614,2024-05-14,28,6,5,1,22.29,22.29,4,15
15615,2024-05-11,17,19,5,3,20.18,60.54,4,16
15616,2024-05-24,4,19,5,1,24.99,24.99,4,15
15617,2024-05-19,15,17,5,1,43.19,43.19,4,17
15618,2024-05-06,30,16,5,2,21.38,42.76,4,16
15619,2024-05-11,18,19,5,4,30.44,121.76,4,16
15620,2024-05-23,30,6,5,1,22.99,22.99,4,17
15621,2024-05-16,3,5,5,1,21.99,21.99,4,17
15622,2024-05-29,9,5,5,3,10.99,32.97,4,16
15623,2024-05-14,28,10,5,2,65.99,131.98,4,17
15624,2024-05-22,5,2,5,1,112.99,112.99,4,16
15625,2024-05-21,25,3,5,1,67.99,67.99,4,16
15626,2024-05-10,17,18,5,1,8.8,8.8,4,16
15627,2024-05-17,15,13,5,1,88.76,88.76,4,16
15628,2024-05-06,5,5,5,4,19.99,79.96,4,17
15629,2024-05-12,27,8,6,3,52.99,158.97,4,20
15630,2024-05-15,9,13,6,1,52.88,52.88,4,18
15631,2024-05-25,23,3,6,4,105.32,421.28,4,19
15632,2024-05-28,25,7,6,1,71.99,71.99,1,18
15633,2024-05-08,9,7,6,3,139.27,417.81,4,18
15634,2024-05-26,2,4,6,2,213.02,426.04,4,20
15635,2024-05-30,16,5,6,1,10.99,10.99,4,19
15636,2024-05-03,11,18,6,4,13.28,53.12,4,18
15637,2024-05-18,20,10,6,3,67.14,201.42,4,19
15638,2024-05-19,13,3,6,3,87.99,263.97,4,18
15639,2024-05-15,4,18,6,2,8.43,16.86,4,19
15640,2024-05-26,22,13,6,1,116.33,116.33,4,18
15641,2024-05-18,9,5,6,1,27.07,27.07,4,20
15642,2024-05-28,25,13,6,1,59.5,59.5,4,19
15643,2024-05-10,2,19,6,4,23.44,93.76,3,20
15644,2024-05-17,1,7,6,4,56.24,224.96,1,18
15645,2024-05-15,20,16,6,1,20.99,20.99,4,19
15646,2024-05-31,13,16,6,2,21.34,42.68,4,20
15647,2024-05-14,15,4,6,1,287.61,287.61,4,20
15648,2024-05-08,1,12,6,2,662.99,1325.98,4,19
15649,2024-05-10,5,13,6,3,61.12,183.36,4,20
15650,2024-05-03,26,20,6,4,30.99,123.96,4,18
15651,2024-05-27,24,20,6,2,14.0,28.0,4,19
15652,2024-05-06,3,19,6,2,20.68,41.36,4,20
15653,2024-05-08,21,8,6,4,40.99,163.96,4,20
15654,2024-05-16,18,10,6,1,38.0,38.0,4,20
15655,2024-05-10,11,4,6,1,272.31,272.31,3,18
15656,2024-05-17,3,20,6,1,19.11,19.11,4,18
15657,2024-05-31,19,19,6,2,28.15,56.3,4,19
15658,2024-05-18,18,11,6,3,371.95,1115.85,4,20
15659,2024-05-09,21,4,6,3,103.55,310.65,4,20
15660,2024-05-18,7,16,7,1,10.99,10.99,3,22
15661,2024-05-16,7,3,7,2,134.99,269.98,4,22
15662,2024-05-04,24,5,7,2,11.4,22.8,4,23
15663,2024-05-09,25,5,7,3,24.52,73.56,4,22
15664,2024-05-02,10,16,7,1,14.99,14.99,4,23
15665,2024-05-25,22,20,7,4,14.96,59.84,4,22
15666,2024-05-24,20,3,7,1,98.7,98.7,4,21
15667,2024-05-17,30,19,7,2,14.0,28.0,4,22
15668,2024-05-13,9,10,7,1,54.26,54.26,4,21
15669,2024-05-24,8,3,7,3,149.88,449.64,4,21
15670,2024-05-13,10,15,7,1,46.03,46.03,2,22
15671,2024-05-31,24,20,7,2,24.84,49.68,4,23
15672,2024-05-14,8,6,7,2,28.59,57.18,4,22
15673,2024-05-06,19,19,7,2,19.66,39.32,4,21
15674,2024-05-25,2,19,7,5,31.17,155.85,4,23
15675,2024-05-31,29,15,7,2,77.54,155.08,4,22
15676,2024-05-30,19,13,7,4,49.22,196.88,4,21
15677,2024-05-18,19,18,7,2,17.37,34.74,4,23
15678,2024-05-24,12,6,7,1,23.99,23.99,4,23
15679,2024-05-26,8,14,7,4,144.24,576.96,4,22
15680,2024-05-28,10,18,7,2,9.0,18.0,2,23
15681,2024-05-08,16,16,7,2,17.99,35.98,4,21
15682,2024-05-21,6,5,7,2,12.71,25.42,4,21
15683,2024-05-08,23,5,7,4,23.99,95.96,4,22
15684,2024-05-05,14,13,7,2,61.66,123.32,4,22
15685,2024-05-04,3,3,7,3,97.63,292.89,4,23
15686,2024-05-11,10,15,7,1,70.62,70.62,4,23
15687,2024-05-08,15,13,7,5,88.16,440.8,4,21
15688,2024-05-14,9,10,8,1,55.76,55.76,1,24
15689,2024-05-23,28,16,8,2,8.0,16.0,4,25
15690,2024-05-17,8,8,8,3,58.47,175.41,4,24
15691,2024-05-28,10,2,8,2,49.99,99.98,4,24
15692,2024-05-30,6,19,8,2,26.06,52.12,4,24
15693,2024-05-14,24,19,8,3,29.99,89.97,4,25
15694,2024-05-01,8,16,8,2,18.99,37.98,4,25
15695,2024-05-31,9,2,8,3,65.99,197.97,4,24
15696,2024-05-20,20,1,8,2,1195.99,2391.98,4,24
15697,2024-05-24,26,19,8,1,21.29,21.29,4,25
15698,2024-05-16,5,13,8,1,112.99,112.99,3,25
15699,2024-05-27,2,3,8,1,149.99,149.99,4,25
15700,2024-05-12,10,2,8,1,49.0,49.0,4,25
15701,2024-05-27,15,18,8,1,10.77,10.77,4,24
15702,2024-05-03,6,4,8,2,138.36,276.72,2,24
15703,2024-05-16,9,10,8,1,48.99,48.99,2,24
15704,2024-05-22,21,5,8,5,20.16,100.8,4,24
15705,2024-05-04,24,16,8,3,8.21,24.63,1,24
15706,2024-05-21,18,17,8,1,32.99,32.99,4,24
15707,2024-05-14,1,3,8,1,78.16,78.16,2,25
15708,2024-05-09,30,2,8,3,76.46,229.38,4,25
15709,2024-05-13,7,19,8,1,25.46,25.46,2,24
15710,2024-05-27,10,6,8,5,32.26,161.3,1,24
15711,2024-05-08,12,3,8,3,114.79,344.37,4,24
15712,2024-05-04,11,3,9,5,72.99,364.95,4,26
15713,2024-05-29,20,18,9,2,11.34,22.68,4,26
15714,2024-05-15,20,5,9,2,16.37,32.74,4,26
15715,2024-05-04,20,2,9,1,51.99,51.99,4,27
15716,2024-05-10,6,13,9,1,87.52,87.52,4,28
15717,2024-05-07,22,8,9,1,30.83,30.83,2,27
15718,2024-05-28,4,16,9,2,11.99,23.98,1,27
15719,2024-05-07,16,8,9,3,54.42,163.26,4,28
15720,2024-05-07,3,7,9,1,121.2,121.2,2,26
15721,2024-05-05,1,6,9,1,20.84,20.84,4,27
15722,2024-05-17,6,5,9,2,14.71,29.42,4,27
15723,2024-05-31,24,3,9,5,121.25,606.25,3,26
15724,2024-05-26,23,1,9,3,799.42,2398.26,4,27
15725,2024-05-16,17,15,9,3,34.99,104.97,4,28
15726,2024-05-04,20,2,9,3,118.99,356.97,2,28
15727,2024-05-02,11,3,9,1,120.87,120.87,4,26
15728,2024-05-16,26,12,9,1,503.27,503.27,4,27
15729,2024-05-26,6,16,9,1,15.72,15.72,4,27
15730,2024-05-26,1,2,9,2,77.99,155.98,4,27
15731,2024-05-25,7,6,9,4,9.73,38.92,4,27
15732,2024-05-08,7,4,9,3,262.99,788.97,4,27
15733,2024-05-12,22,7,9,2,96.39,192.78,4,26
15734,2024-05-12,2,15,9,1,58.99,58.99,4,26
15735,2024-05-30,10,17,9,1,37.37,37.37,4,28
15736,2024-05-09,27,6,9,2,30.67,61.34,4,27
15737,2024-05-06,22,7,9,1,70.56,70.56,4,27
15738,2024-05-19,21,15,9,2,70.99,141.98,4,27
15739,2024-05-06,3,6,9,1,31.74,31.74,4,27
15740,2024-05-12,13,9,9,4,179.81,719.24,4,27
15741,2024-05-13,19,9,9,2,145.9,291.8,4,27
15742,2024-05-07,28,5,9,1,21.29,21.29,4,28
15743,2024-05-20,10,16,10,1,16.99,16.99,1,31
15744,2024-05-29,19,10,10,1,50.09,50.09,4,30
15745,2024-05-26,29,5,10,2,15.99,31.98,4,30
15746,2024-05-01,30,9,10,4,175.99,703.96,4,31
15747,2024-05-10,6,13,10,1,89.99,89.99,4,30
15748,2024-05-21,11,16,10,2,10.99,21.98,4,30
15749,2024-05-27,5,17,10,1,45.99,45.99,4,29
15750,2024-05-11,5,19,10,1,27.01,27.01,4,31
15751,2024-05-22,10,4,10,1,265.13,265.13,4,29
15752,2024-05-09,30,13,10,1,73.66,73.66,4,31
15753,2024-05-29,5,5,10,1,26.58,26.58,4,29
15754,2024-05-16,6,17,10,1,51.99,51.99,4,29
15755,2024-05-22,11,7,10,1,109.99,109.99,4,30
15756,2024-05-14,16,18,10,2,9.33,18.66,4,29
15757,2024-05-02,6,19,10,1,18.48,18.48,1,30
15758,2024-05-25,9,13,10,2,86.92,173.84,4,30
15759,2024-05-16,7,19,10,2,17.66,35.32,4,31
15760,2024-05-02,14,4,10,3,124.36,373.08,4,29
15761,2024-05-06,22,19,10,3,34.22,102.66,4,30
15762,2024-05-10,29,16,10,4,22.99,91.96,4,29
15763,2024-05-17,24,7,10,1,128.3,128.3,4,30
15764,2024-05-13,9,15,11,1,43.99,43.99,4,32
15765,2024-05-07,28,11,11,1,517.67,517.67,4,33
15766,2024-05-10,25,20,11,1,22.75,22.75,4,32
15767,2024-05-27,6,14,11,3,133.12,399.36,4,32
15768,2024-05-31,2,3,11,2,82.99,165.98,3,32
15769,2024-05-02,30,20,11,1,28.99,28.99,4,32
15770,2024-05-04,27,7,11,2,59.65,119.3,4,33
15771,2024-05-05,18,2,11,2,59.13,118.26,4,32
15772,2024-05-03,13,7,11,1,71.22,71.22,4,33
15773,2024-05-05,26,10,11,3,38.99,116.97,4,32
15774,2024-05-30,26,12,11,1,582.53,582.53,4,33
15775,2024-05-22,20,7,11,4,123.99,495.96,4,33
15776,2024-05-22,26,20,11,1,18.97,18.97,4,33
15777,2024-05-17,27,15,11,1,71.0,71.0,3,33
15778,2024-05-18,9,2,11,2,60.38,120.76,2,33
15779,2024-05-31,14,5,11,1,14.99,14.99,4,32
15780,2024-05-11,18,16,11,2,21.99,43.98,4,33
15781,2024-05-29,4,19,11,1,21.33,21.33,4,33
15782,2024-05-14,24,20,11,2,14.09,28.18,4,33
15783,2024-05-07,26,15,11,2,86.68,173.36,3,32
15784,2024-05-11,9,9,11,1,105.99,105.99,4,33
15785,2024-05-13,17,17,11,1,35.99,35.99,4,33
15786,2024-05-09,25,5,11,2,25.04,50.08,4,32
15787,2024-05-28,30,20,11,2,28.73,57.46,4,32
15788,2024-05-17,21,16,11,3,11.99,35.97,4,33
15789,2024-05-29,20,16,12,1,17.01,17.01,4,35
15790,2024-05-20,27,18,12,1,8.72,8.72,4,35
15791,2024-05-12,25,7,12,1,146.99,146.99,3,34
15792,2024-05-26,7,9,12,1,195.99,195.99,4,34
15793,2024-05-21,10,17,12,3,41.93,125.79,4,34
15794,2024-05-15,16,18,12,1,16.99,16.99,3,34
15795,2024-05-21,24,16,12,2,16.9,33.8,4,35
15796,2024-05-09,3,8,12,4,37.62,150.48,4,35
15797,2024-05-05,17,10,12,1,48.99,48.99,1,35
15798,2024-05-07,10,5,12,1,23.07,23.07,2,35
15799,2024-05-05,10,6,12,1,15.96,15.96,4,34
15800,2024-05-05,6,18,12,4,8.99,35.96,4,35
15801,2024-05-20,25,16,12,2,8.99,17.98,4,34
15802,2024-05-21,16,19,12,1,23.66,23.66,4,34
15803,2024-05-16,28,20,12,2,25.99,51.98,4,35
15804,2024-05-15,20,14,12,1,238.64,238.64,4,35
15805,2024-05-03,4,8,12,2,74.03,148.06,1,35
15806,2024-05-14,22,7,12,2,120.99,241.98,4,34
15807,2024-05-20,16,20,12,2,32.99,65.98,2,35
15808,2024-05-25,30,18,12,1,16.27,16.27,4,35
15809,2024-05-07,3,6,12,1,17.01,17.01,4,35
15810,2024-05-22,7,15,13,2,50.38,100.76,4,38
15811,2024-05-16,11,18,13,2,9.99,19.98,4,37
15812,2024-05-23,20,12,13,1,515.13,515.13,4,36
15813,2024-05-07,1,6,13,1,20.38,20.38,4,36
15814,2024-05-24,10,5,13,1,28.26,28.26,4,37
15815,2024-05-30,14,3,13,1,146.38,146.38,4,38
15816,2024-05-29,4,8,13,2,46.92,93.84,4,37
15817,2024-05-16,28,5,13,1,25.43,25.43,4,36
15818,2024-05-18,25,7,13,5,107.99,539.95,4,37
15819,2024-05-16,13,6,13,1,12.99,12.99,4,38
15820,2024-05-04,5,6,13,1,28.54,28.54,4,37
15821,2024-05-04,30,17,13,5,44.9,224.5,4,38
15822,2024-05-14,21,2,13,2,95.99,191.98,4,38
15823,2024-05-25,21,13,13,1,50.99,50.99,4,37
15824,2024-05-01,25,20,13,1,14.0,14.0,4,38
15825,2024-05-08,11,16,13,4,18.87,75.48,4,36
15826,2024-05-08,11,2,13,4,57.44,229.76,4,36
15827,2024-05-04,14,16,13,1,22.82,22.82,4,38
15828,2024-05-22,4,18,13,2,12.43,24.86,4,38
15829,2024-05-07,30,2,13,4,127.99,511.96,4,36
15830,2024-05-19,14,14,13,1,177.99,177.99,4,38
15831,2024-05-15,19,5,13,4,9.99,39.96,4,37
15832,2024-05-10,24,3,13,2,104.3,208.6,1,37
15833,2024-05-16,26,18,13,3,15.45,46.35,4,37
15834,2024-05-09,2,20,13,3,28.28,84.84,1,36
15835,2024-05-08,18,5,13,3,18.99,56.97,4,36
15836,2024-05-21,3,20,13,3,31.99,95.97,4,37
15837,2024-05-31,6,17,13,1,45.99,45.99,4,36
15838,2024-05-05,13,2,13,1,118.99,118.99,2,36
15839,2024-05-27,9,7,13,1,49.99,49.99,4,37
15840,2024-05-21,25,4,13,2,261.99,523.98,4,37
15841,2024-05-27,11,15,13,2,30.34,60.68,4,37
15842,2024-05-21,30,11,14,3,366.52,1099.56,4,39
15843,2024-05-07,5,5,14,5,27.35,136.75,4,39
15844,2024-05-23,13,11,14,3,256.69,770.07,1,40
15845,2024-05-06,25,17,14,1,44.37,44.37,4,39
15846,2024-05-23,6,3,14,2,93.47,186.94,4,40
15847,2024-05-31,22,16,14,3,19.51,58.53,4,39
15848,2024-05-02,26,2,14,1,62.27,62.27,4,40
15849,2024-05-03,17,20,14,1,14.0,14.0,4,40
15850,2024-05-22,9,3,14,2,149.28,298.56,4,39
15851,2024-05-11,15,6,14,3,25.13,75.39,4,39
15852,2024-05-04,29,10,14,4,46.99,187.96,4,40
15853,2024-05-08,26,12,14,3,420.07,1260.21,4,39
15854,2024-05-02,20,5,14,1,10.02,10.02,4,40
15855,2024-05-17,6,6,14,2,28.99,57.98,4,40
15856,2024-05-07,7,14,14,3,127.99,383.97,3,40
15857,2024-05-23,4,9,14,1,190.65,190.65,4,39
15858,2024-05-17,30,20,14,3,29.21,87.63,4,39
15859,2024-05-02,19,18,14,1,11.59,11.59,2,40
15860,2024-05-19,5,20,14,1,20.99,20.99,4,40
15861,2024-05-24,17,1,15,5,957.99,4789.95,4,42
15862,2024-05-01,12,15,15,1,73.07,73.07,4,42
15863,2024-05-04,9,20,15,1,21.99,21.99,4,42
15864,2024-05-14,3,13,15,3,83.99,251.97,4,42
15865,2024-05-10,24,13,15,5,83.9,419.5,4,41
15866,2024-05-11,2,19,15,1,19.99,19.99,4,42
15867,2024-05-03,18,4,15,3,214.8,644.4,4,41
15868,2024-05-07,18,4,15,1,117.78,117.78,4,41
15869,2024-05-27,10,20,15,1,24.49,24.49,4,42
15870,2024-05-01,4,10,15,2,55.39,110.78,4,42
15871,2024-05-27,26,11,15,2,336.99,673.98,4,42
15872,2024-05-18,2,8,15,2,76.99,153.98,4,42
15873,2024-05-14,8,8,15,1,49.81,49.81,4,41
15874,2024-05-13,30,13,15,1,92.09,92.09,4,41
15875,2024-05-17,25,5,15,1,20.53,20.53,4,41
15876,2024-05-13,25,16,15,5,16.99,84.95,1,42
15877,2024-05-01,15,19,15,1,14.0,14.0,4,41
15878,2024-05-16,26,3,15,1,135.99,135.99,4,42
15879,2024-06-18,21,5,1,1,27.13,27.13,4,1
15880,2024-06-10,3,16,1,5,18.99,94.95,4,3
15881,2024-06-13,4,20,1,5,19.99,99.95,4,1
15882,2024-06-13,16,15,1,3,79.99,239.97,4,3
15883,2024-06-06,24,10,1,5,32.42,162.1,4,1
15884,2024-06-21,29,13,1,4,81.84,327.36,2,1
15885,2024-06-02,2,1,1,2,1216.24,2432.48,4,1
15886,2024-06-03,6,4,1,4,189.65,758.6,4,3
15887,2024-06-12,29,17,1,4,19.23,76.92,4,3
15888,2024-06-20,16,6,1,2,25.99,51.98,4,2
15889,2024-06-22,29,5,1,1,12.99,12.99,4,2
15890,2024-06-27,12,13,1,5,45.99,229.95,4,1
15891,2024-06-22,21,5,1,3,10.99,32.97,4,1
15892,2024-06-07,22,19,1,1,35.99,35.99,4,2
15893,2024-06-18,25,5,1,2,14.68,29.36,4,2
15894,2024-06-24,20,19,1,1,33.99,33.99,4,2
15895,2024-06-24,15,10,1,1,29.06,29.06,4,1
15896,2024-06-15,21,16,1,2,19.68,39.36,3,1
15897,2024-06-27,15,20,1,2,28.99,57.98,4,3
15898,2024-06-20,1,8,1,1,86.37,86.37,4,4
15899,2024-06-07,27,4,1,2,209.6,419.2,4,4
15900,2024-06-29,22,8,1,2,75.76,151.52,4,3
15901,2024-06-02,9,15,1,5,67.69,338.45,4,2
15902,2024-06-09,16,6,1,4,12.81,51.24,4,1
15903,2024-06-29,28,15,1,1,45.02,45.02,4,1
15904,2024-06-14,6,4,1,2,214.48,428.96,4,2
15905,2024-06-01,27,17,1,3,20.99,62.97,4,3
15906,2024-06-18,10,16,1,4,23.58,94.32,4,3
15907,2024-06-12,5,13,1,2,62.21,124.42,4,2
15908,2024-06-05,21,18,1,5,17.9,89.5,4,2
15909,2024-06-28,26,6,1,2,24.99,49.98,4,2
15910,2024-06-16,5,14,1,1,225.99,225.99,4,3
15911,2024-06-08,5,17,1,2,31.53,63.06,4,1
15912,2024-06-17,9,7,1,5,97.99,489.95,4,4
15913,2024-06-03,6,18,1,1,16.49,16.49,4,3
15914,2024-06-03,2,10,1,2,47.65,95.3,4,3
15915,2024-06-12,8,7,1,1,131.3,131.3,2,3
15916,2024-06-02,24,5,1,2,22.99,45.98,4,4
15917,2024-06-04,15,20,1,2,17.99,35.98,4,1
15918,2024-06-12,1,13,1,3,67.12,201.36,4,4
15919,2024-06-23,21,3,1,4,101.99,407.96,4,4
15920,2024-06-23,23,1,1,5,965.52,4827.6,4,1
15921,2024-06-23,3,18,1,3,13.99,41.97,4,4
15922,2024-06-16,18,8,1,4,51.99,207.96,4,1
15923,2024-06-20,30,18,1,3,18.42,55.26,4,4
15924,2024-06-26,21,10,1,3,44.74,134.22,4,3
15925,2024-06-14,8,5,1,4,10.54,42.16,4,2
15926,2024-06-20,24,2,1,4,99.99,399.96,4,3
15927,2024-06-23,3,9,1,1,71.95,71.95,4,3
15928,2024-06-04,22,16,1,1,15.99,15.99,4,4
15929,2024-06-09,27,19,1,5,37.76,188.8,4,4
15930,2024-06-12,18,3,1,4,133.2,532.8,4,3
15931,2024-06-29,12,16,1,2,9.99,19.98,4,1
15932,2024-06-30,18,5,1,3,27.99,83.97,4,1
15933,2024-06-27,14,12,1,2,701.5,1403.0,4,2
15934,2024-06-04,5,17,1,1,47.99,47.99,4,1
15935,2024-06-22,11,14,1,2,245.99,491.98,4,3
15936,2024-06-07,25,18,1,3,7.06,21.18,4,3
15937,2024-06-25,5,7,1,2,58.49,116.98,4,4
15938,2024-06-03,4,8,1,3,47.77,143.31,4,3
15939,2024-06-23,6,16,1,4,16.29,65.16,4,4
15940,2024-06-29,12,17,1,1,49.99,49.99,4,3
15941,2024-06-26,29,18,1,2,15.99,31.98,4,4
15942,2024-06-10,22,2,1,2,64.08,128.16,4,1
15943,2024-06-15,2,17,1,1,30.69,30.69,4,1
15944,2024-06-14,24,11,1,2,521.76,1043.52,3,3
15945,2024-06-21,18,19,1,4,27.3,109.2,4,3
15946,2024-06-10,18,4,1,1,111.21,111.21,2,3
15947,2024-06-09,16,10,1,1,59.08,59.08,4,4
15948,2024-06-28,26,13,1,2,100.42,200.84,3,4
15949,2024-06-07,14,13,1,2,74.99,149.98,1,3
15950,2024-06-08,20,20,1,2,41.25,82.5,3,1
15951,2024-06-26,22,5,1,1,25.74,25.74,4,1
15952,2024-06-25,27,10,1,4,55.45,221.8,4,4
15953,2024-06-08,2,6,1,4,24.99,99.96,4,3
15954,2024-06-02,9,6,1,1,34.52,34.52,4,4
15955,2024-06-22,13,15,1,1,66.1,66.1,4,1
15956,2024-06-24,15,16,1,4,23.56,94.24,4,2
15957,2024-06-17,22,6,1,1,12.69,12.69,4,2
15958,2024-06-12,17,14,1,1,206.99,206.99,4,1
15959,2024-06-11,18,6,1,2,17.99,35.98,4,2
15960,2024-06-21,8,14,1,2,148.15,296.3,4,1
15961,2024-06-29,23,5,1,3,26.99,80.97,4,3
15962,2024-06-01,7,9,1,1,193.25,193.25,4,1
15963,2024-06-30,7,11,1,3,521.99,1565.97,4,1
15964,2024-06-11,7,3,1,2,93.99,187.98,4,2
15965,2024-06-10,7,20,2,2,14.99,29.98,4,8
15966,2024-06-12,10,15,2,2,76.73,153.46,1,5
15967,2024-06-09,25,5,2,1,14.99,14.99,4,5
15968,2024-06-13,23,16,2,4,22.66,90.64,4,6
15969,2024-06-27,13,2,2,2,62.83,125.66,4,8
15970,2024-06-22,24,11,2,1,436.99,436.99,4,7
15971,2024-06-23,29,14,2,1,168.76,168.76,4,7
15972,2024-06-25,19,2,2,3,106.26,318.78,4,7
15973,2024-06-02,1,18,2,2,11.99,23.98,4,7
15974,2024-06-20,21,17,2,1,25.99,25.99,4,6
15975,2024-06-10,18,18,2,4,17.99,71.96,4,7
15976,2024-06-21,21,17,2,1,26.34,26.34,4,5
15977,2024-06-25,16,11,2,3,566.99,1700.97,4,6
15978,2024-06-07,12,3,2,5,99.99,499.95,4,8
15979,2024-06-05,9,20,2,3,27.69,83.07,3,5
15980,2024-06-03,23,11,2,5,484.2,2421.0,4,6
15981,2024-06-10,5,3,2,4,93.99,375.96,4,7
15982,2024-06-08,18,6,2,2,34.81,69.62,4,8
15983,2024-06-18,11,7,2,1,81.99,81.99,4,6
15984,2024-06-25,18,14,2,4,165.56,662.24,3,8
15985,2024-06-01,28,18,2,2,8.41,16.82,4,7
15986,2024-06-19,22,6,2,2,30.99,61.98,3,8
15987,2024-06-28,19,19,2,2,26.95,53.9,4,6
15988,2024-06-08,10,4,2,5,291.98,1459.9,2,5
15989,2024-06-09,22,10,2,1,61.59,61.59,4,8
15990,2024-06-04,20,19,2,2,27.32,54.64,3,8
15991,2024-06-14,8,10,2,1,30.07,30.07,4,5
15992,2024-06-15,29,10,2,3,57.09,171.27,4,8
15993,2024-06-30,26,19,2,1,36.21,36.21,4,5
15994,2024-06-06,21,5,2,4,14.49,57.96,4,6
15995,2024-06-04,2,16,2,4,10.52,42.08,4,8
15996,2024-06-12,25,4,2,1,258.99,258.99,4,5
15997,2024-06-23,23,2,2,3,108.33,324.99,4,5
15998,2024-06-26,9,13,2,1,76.94,76.94,4,5
15999,2024-06-05,4,9,2,1,96.99,96.99,4,7
16000,2024-06-02,9,5,2,3,27.41,82.23,4,8
16001,2024-06-12,22,8,2,1,47.48,47.48,4,6
16002,2024-06-05,18,3,2,5,65.12,325.6,4,6
16003,2024-06-20,5,16,2,2,11.97,23.94,4,8
16004,2024-06-22,4,10,2,4,35.83,143.32,4,8
16005,2024-06-30,28,18,2,2,10.3,20.6,3,7
16006,2024-06-16,26,13,2,1,98.54,98.54,4,8
16007,2024-06-06,28,7,2,3,123.99,371.97,4,7
16008,2024-06-15,28,6,2,1,13.48,13.48,4,5
16009,2024-06-24,6,4,2,2,117.99,235.98,4,6
16010,2024-06-15,30,19,2,1,29.99,29.99,4,5
16011,2024-06-06,28,5,2,1,21.99,21.99,4,7
16012,2024-06-18,21,8,2,2,37.24,74.48,4,8
16013,2024-06-10,6,13,2,1,54.99,54.99,4,7
16014,2024-06-17,18,18,2,3,9.99,29.97,4,6
16015,2024-06-12,29,19,2,2,36.56,73.12,3,8
16016,2024-06-24,29,19,2,3,38.13,114.39,4,7
16017,2024-06-27,20,5,2,2,23.36,46.72,4,6
16018,2024-06-10,19,2,2,1,90.99,90.99,4,7
16019,2024-06-17,21,8,2,1,27.55,27.55,4,7
16020,2024-06-23,20,2,2,1,100.17,100.17,4,8
16021,2024-06-29,15,5,2,1,16.03,16.03,4,6
16022,2024-06-06,13,16,2,4,10.43,41.72,4,5
16023,2024-06-05,15,6,2,1,10.99,10.99,4,7
16024,2024-06-12,10,20,2,1,27.16,27.16,2,8
16025,2024-06-05,15,7,2,4,93.94,375.76,4,8
16026,2024-06-26,16,2,2,1,107.99,107.99,4,5
16027,2024-06-14,23,4,2,1,224.42,224.42,4,8
16028,2024-06-16,3,6,2,4,9.6,38.4,4,5
16029,2024-06-25,13,2,2,1,113.99,113.99,4,5
16030,2024-06-11,17,8,2,1,37.99,37.99,4,6
16031,2024-06-15,29,18,2,2,15.72,31.44,1,7
16032,2024-06-05,8,7,2,1,122.99,122.99,4,5
16033,2024-06-18,29,2,2,2,122.21,244.42,4,5
16034,2024-06-30,10,2,2,1,121.99,121.99,4,6
16035,2024-06-09,19,2,3,1,112.99,112.99,4,11
16036,2024-06-24,17,19,3,2,19.99,39.98,4,10
16037,2024-06-30,9,17,3,5,44.98,224.9,4,10
16038,2024-06-09,7,2,3,1,119.63,119.63,4,11
16039,2024-06-30,11,2,3,3,97.99,293.97,4,9
16040,2024-06-05,14,3,3,1,136.99,136.99,4,9
16041,2024-06-08,12,6,3,2,27.8,55.6,4,9
16042,2024-06-04,29,17,3,4,20.42,81.68,4,9
16043,2024-06-15,26,19,3,1,14.99,14.99,4,11
16044,2024-06-01,16,13,3,1,68.61,68.61,4,11
16045,2024-06-09,29,3,3,1,73.12,73.12,4,11
16046,2024-06-17,9,3,3,1,106.9,106.9,4,11
16047,2024-06-21,17,13,3,2,60.89,121.78,4,11
16048,2024-06-14,8,18,3,4,13.99,55.96,4,10
16049,2024-06-12,21,5,3,1,12.02,12.02,4,10
16050,2024-06-08,7,9,3,1,85.81,85.81,4,10
16051,2024-06-21,18,17,3,1,28.99,28.99,4,9
16052,2024-06-09,6,7,3,3,87.99,263.97,3,11
16053,2024-06-28,2,5,3,5,27.69,138.45,4,9
16054,2024-06-06,20,8,3,2,25.27,50.54,4,9
16055,2024-06-23,15,19,3,1,30.99,30.99,4,10
16056,2024-06-28,26,13,3,2,84.99,169.98,4,10
16057,2024-06-13,11,11,3,2,318.99,637.98,3,11
16058,2024-06-25,30,9,3,1,153.9,153.9,4,9
16059,2024-06-27,3,9,3,5,172.99,864.95,1,10
16060,2024-06-20,15,18,3,2,7.99,15.98,4,9
16061,2024-06-10,11,15,3,3,50.61,151.83,4,11
16062,2024-06-04,1,19,3,3,34.81,104.43,4,10
16063,2024-06-09,27,20,3,4,32.22,128.88,4,10
16064,2024-06-15,27,2,3,4,82.57,330.28,4,10
16065,2024-06-12,4,7,3,1,128.3,128.3,4,9
16066,2024-06-15,17,11,3,1,297.99,297.99,4,10
16067,2024-06-12,9,19,3,2,33.49,66.98,4,11
16068,2024-06-03,4,19,3,2,14.99,29.98,4,11
16069,2024-06-15,20,17,3,3,21.99,65.97,4,11
16070,2024-06-26,30,19,3,2,31.99,63.98,4,9
16071,2024-06-23,3,20,3,2,17.24,34.48,4,9
16072,2024-06-20,3,10,3,2,34.43,68.86,4,9
16073,2024-06-26,14,2,3,3,84.72,254.16,4,11
16074,2024-06-03,8,8,3,4,50.36,201.44,4,9
16075,2024-06-11,10,3,3,3,59.0,177.0,4,11
16076,2024-06-27,22,17,3,1,27.99,27.99,4,9
16077,2024-06-18,17,19,3,3,15.34,46.02,4,10
16078,2024-06-19,8,18,3,3,15.99,47.97,2,9
16079,2024-06-02,28,13,3,2,47.99,95.98,4,11
16080,2024-06-14,5,16,3,1,10.56,10.56,2,10
16081,2024-06-08,9,3,3,3,87.38,262.14,4,11
16082,2024-06-04,6,3,3,2,103.99,207.98,4,9
16083,2024-06-06,10,5,3,2,17.97,35.94,4,9
16084,2024-06-22,18,18,3,1,13.52,13.52,4,10
16085,2024-06-22,1,7,3,1,69.32,69.32,1,10
16086,2024-06-24,14,11,3,1,569.68,569.68,4,10
16087,2024-06-01,15,15,3,1,43.87,43.87,4,10
16088,2024-06-23,16,5,3,2,16.74,33.48,4,10
16089,2024-06-22,7,3,3,2,88.99,177.98,4,10
16090,2024-06-02,5,5,3,1,15.99,15.99,4,11
16091,2024-06-03,28,14,3,5,123.44,617.2,4,10
16092,2024-06-19,24,8,3,2,70.99,141.98,4,11
16093,2024-06-02,26,4,3,2,137.99,275.98,4,11
16094,2024-06-07,14,8,3,1,70.99,70.99,4,10
16095,2024-06-10,20,19,3,1,18.99,18.99,4,10
16096,2024-06-20,24,20,3,3,30.99,92.97,4,11
16097,2024-06-28,9,15,3,2,41.99,83.98,4,9
16098,2024-06-22,28,14,3,2,103.98,207.96,4,11
16099,2024-06-26,11,14,3,3,171.6,514.8,4,9
16100,2024-06-11,1,10,3,1,43.99,43.99,4,11
16101,2024-06-18,9,20,3,1,38.8,38.8,4,10
16102,2024-06-22,9,2,3,4,74.99,299.96,4,9
16103,2024-06-22,16,10,4,1,55.49,55.49,4,12
16104,2024-06-24,7,18,4,3,7.0,21.0,4,14
16105,2024-06-29,1,2,4,1,61.53,61.53,4,13
16106,2024-06-22,18,16,4,1,18.05,18.05,4,14
16107,2024-06-27,12,2,4,1,113.67,113.67,4,14
16108,2024-06-06,1,20,4,4,28.99,115.96,4,14
16109,2024-06-05,13,19,4,2,33.14,66.28,4,12
16110,2024-06-26,10,1,4,5,987.99,4939.95,4,14
16111,2024-06-07,9,19,4,2,15.99,31.98,4,13
16112,2024-06-08,5,4,4,1,108.41,108.41,4,12
16113,2024-06-18,25,3,4,5,94.65,473.25,4,14
16114,2024-06-17,29,4,4,1,211.84,211.84,4,13
16115,2024-06-18,30,19,4,1,26.99,26.99,4,14
16116,2024-06-08,13,18,4,3,13.1,39.3,4,14
16117,2024-06-06,14,18,4,5,7.74,38.7,4,13
16118,2024-06-07,16,13,4,1,104.66,104.66,4,14
16119,2024-06-02,29,4,4,1,254.44,254.44,4,13
16120,2024-06-30,23,18,4,3,10.6,31.8,4,13
16121,2024-06-28,20,3,4,1,109.63,109.63,4,12
16122,2024-06-17,2,16,4,1,17.99,17.99,4,13
16123,2024-06-28,28,11,4,2,293.99,587.98,4,12
16124,2024-06-07,5,2,4,1,88.4,88.4,4,14
16125,2024-06-02,20,16,4,4,21.52,86.08,4,13
16126,2024-06-07,29,3,4,3,117.99,353.97,3,14
16127,2024-06-22,24,11,4,4,487.11,1948.44,4,12
16128,2024-06-13,15,7,4,3,125.99,377.97,4,12
16129,2024-06-21,27,4,4,1,254.99,254.99,4,14
16130,2024-06-16,20,6,4,1,25.02,25.02,4,12
16131,2024-06-30,29,10,4,3,31.75,95.25,4,13
16132,2024-06-24,11,19,4,1,30.99,30.99,4,14
16133,2024-06-07,16,9,4,1,74.66,74.66,4,12
16134,2024-06-10,25,6,4,5,21.8,109.0,4,13
16135,2024-06-27,12,16,4,3,14.99,44.97,4,13
16136,2024-06-21,12,18,4,3,14.13,42.39,4,14
16137,2024-06-26,10,17,4,5,53.82,269.1,2,14
16138,2024-06-01,2,2,4,1,92.99,92.99,4,12
16139,2024-06-28,28,8,4,1,53.99,53.99,4,12
16140,2024-06-21,22,19,4,1,31.43,31.43,4,13
16141,2024-06-27,10,17,4,3,52.9,158.7,4,14
16142,2024-06-08,27,6,4,1,18.99,18.99,4,14
16143,2024-06-15,25,8,4,4,71.99,287.96,2,13
16144,2024-06-14,27,3,4,2,152.62,305.24,4,12
16145,2024-06-20,24,6,4,1,21.38,21.38,4,13
16146,2024-06-30,23,17,4,2,26.99,53.98,4,13
16147,2024-06-02,14,6,4,3,18.99,56.97,4,14
16148,2024-06-20,26,5,4,2,27.86,55.72,4,12
16149,2024-06-13,13,16,4,1,16.31,16.31,4,14
16150,2024-06-17,19,3,4,1,147.99,147.99,4,13
16151,2024-06-20,13,16,4,1,17.99,17.99,4,13
16152,2024-06-08,15,7,4,1,143.67,143.67,4,14
16153,2024-06-10,19,16,4,2,9.89,19.78,1,14
16154,2024-06-05,9,7,4,3,89.28,267.84,4,14
16155,2024-06-05,18,9,4,3,158.7,476.1,4,13
16156,2024-06-19,28,19,4,3,38.41,115.23,4,14
16157,2024-06-23,29,5,4,2,23.99,47.98,4,13
16158,2024-06-04,7,20,4,5,16.99,84.95,4,12
16159,2024-06-27,15,3,4,4,69.99,279.96,4,13
16160,2024-06-29,26,6,4,1,11.99,11.99,4,14
16161,2024-06-05,19,1,5,3,853.17,2559.51,4,17
16162,2024-06-10,29,4,5,3,229.86,689.58,4,17
16163,2024-06-29,11,18,5,2,17.99,35.98,4,16
16164,2024-06-04,22,5,5,1,26.99,26.99,4,17
16165,2024-06-13,13,5,5,3,9.0,27.0,4,16
16166,2024-06-03,17,19,5,1,25.13,25.13,4,17
16167,2024-06-23,29,15,5,2,42.29,84.58,4,16
16168,2024-06-23,17,3,5,2,72.99,145.98,4,15
16169,2024-06-04,23,18,5,3,18.93,56.79,4,16
16170,2024-06-10,12,6,5,4,33.17,132.68,3,15
16171,2024-06-30,11,20,5,4,26.99,107.96,4,16
16172,2024-06-18,25,9,5,4,101.8,407.2,4,17
16173,2024-06-07,7,16,5,3,11.15,33.45,4,17
16174,2024-06-22,12,9,5,2,164.99,329.98,1,16
16175,2024-06-21,18,2,5,2,81.99,163.98,4,15
16176,2024-06-14,7,16,5,2,14.99,29.98,4,15
16177,2024-06-30,10,18,5,4,11.48,45.92,4,16
16178,2024-06-07,28,18,5,4,16.99,67.96,1,16
16179,2024-06-26,8,3,5,5,115.99,579.95,4,17
16180,2024-06-26,19,3,5,1,137.52,137.52,4,16
16181,2024-06-12,26,15,5,3,83.67,251.01,4,16
16182,2024-06-27,11,19,5,2,19.94,39.88,4,17
16183,2024-06-07,18,4,5,1,129.31,129.31,4,15
16184,2024-06-30,17,4,5,1,149.0,149.0,4,16
16185,2024-06-20,27,13,5,4,103.32,413.28,4,17
16186,2024-06-05,15,10,5,1,55.23,55.23,4,17
16187,2024-06-22,7,18,5,3,8.99,26.97,4,15
16188,2024-06-16,16,10,5,2,52.21,104.42,4,16
16189,2024-06-03,16,15,5,4,48.07,192.28,4,16
16190,2024-06-29,28,11,5,3,492.63,1477.89,4,17
16191,2024-06-07,5,15,5,1,64.61,64.61,4,17
16192,2024-06-22,21,16,5,2,16.07,32.14,4,15
16193,2024-06-13,24,2,5,1,102.95,102.95,4,15
16194,2024-06-18,15,5,5,1,24.35,24.35,4,15
16195,2024-06-09,2,14,5,1,177.99,177.99,4,16
16196,2024-06-06,5,15,5,3,87.71,263.13,4,16
16197,2024-06-04,26,6,5,3,13.94,41.82,4,17
16198,2024-06-27,10,5,5,1,27.99,27.99,4,15
16199,2024-06-29,17,3,5,1,92.32,92.32,4,16
16200,2024-06-25,24,5,5,1,25.52,25.52,4,16
16201,2024-06-03,29,15,5,2,68.27,136.54,4,16
16202,2024-06-04,26,10,5,1,35.99,35.99,4,15
16203,2024-06-12,22,20,5,2,22.54,45.08,4,16
16204,2024-06-30,28,3,5,1,67.77,67.77,4,15
16205,2024-06-01,19,17,5,2,50.17,100.34,4,15
16206,2024-06-05,29,5,5,3,25.9,77.7,4,17
16207,2024-06-07,27,17,5,2,37.99,75.98,4,15
16208,2024-06-24,20,3,5,1,77.29,77.29,4,15
16209,2024-06-02,26,5,5,3,22.99,68.97,4,15
16210,2024-06-28,12,13,5,2,105.99,211.98,4,15
16211,2024-06-11,15,2,5,1,68.74,68.74,4,17
16212,2024-06-13,27,19,5,2,19.09,38.18,1,17
16213,2024-06-19,23,4,6,1,197.73,197.73,4,20
16214,2024-06-21,25,4,6,4,214.63,858.52,4,19
16215,2024-06-12,1,6,6,2,20.4,40.8,4,20
16216,2024-06-20,10,16,6,1,11.31,11.31,4,18
16217,2024-06-19,17,20,6,3,27.99,83.97,4,18
16218,2024-06-15,9,17,6,4,50.99,203.96,4,20
16219,2024-06-02,8,1,6,1,979.74,979.74,4,20
16220,2024-06-05,19,19,6,1,27.99,27.99,4,18
16221,2024-06-05,25,2,6,5,86.66,433.3,4,20
16222,2024-06-26,14,9,6,2,114.47,228.94,4,19
16223,2024-06-30,6,5,6,1,19.78,19.78,1,18
16224,2024-06-21,28,4,6,3,167.99,503.97,4,20
16225,2024-06-07,9,17,6,2,43.94,87.88,4,19
16226,2024-06-26,9,16,6,1,15.99,15.99,4,19
16227,2024-06-15,1,17,6,1,23.96,23.96,4,18
16228,2024-06-08,21,2,6,1,107.85,107.85,4,18
16229,2024-06-30,12,3,6,1,133.44,133.44,4,18
16230,2024-06-04,14,13,6,4,44.67,178.68,4,20
16231,2024-06-21,29,20,6,1,18.99,18.99,4,20
16232,2024-06-15,19,19,6,1,34.99,34.99,4,19
16233,2024-06-12,25,2,6,1,65.67,65.67,4,20
16234,2024-06-01,17,6,6,1,18.77,18.77,4,18
16235,2024-06-01,23,12,6,2,868.97,1737.94,4,19
16236,2024-06-30,26,10,6,4,38.97,155.88,4,19
16237,2024-06-25,30,6,6,2,12.24,24.48,4,18
16238,2024-06-08,30,5,6,2,26.04,52.08,4,20
16239,2024-06-09,26,15,6,1,70.99,70.99,4,18
16240,2024-06-11,30,16,6,1,13.99,13.99,4,18
16241,2024-06-23,28,9,6,1,157.44,157.44,4,19
16242,2024-06-29,4,13,6,1,60.99,60.99,1,20
16243,2024-06-06,19,14,6,4,173.99,695.96,4,18
16244,2024-06-30,27,5,6,3,15.52,46.56,4,19
16245,2024-06-15,18,2,6,4,55.54,222.16,2,18
16246,2024-06-23,10,17,6,2,32.99,65.98,4,20
16247,2024-06-16,25,1,6,2,1056.61,2113.22,4,18
16248,2024-06-21,4,2,6,1,117.19,117.19,4,18
16249,2024-06-12,12,2,6,3,108.89,326.67,4,18
16250,2024-06-08,11,7,6,3,67.99,203.97,4,18
16251,2024-06-28,7,2,6,5,96.21,481.05,4,20
16252,2024-06-18,19,6,6,2,12.91,25.82,4,18
16253,2024-06-19,25,10,6,3,61.99,185.97,4,19
16254,2024-06-05,3,3,6,1,89.41,89.41,3,18
16255,2024-06-06,9,8,6,4,43.99,175.96,4,20
16256,2024-06-28,17,5,6,1,13.99,13.99,3,18
16257,2024-06-03,18,18,6,5,18.29,91.45,4,20
16258,2024-06-20,22,2,6,3,80.41,241.23,4,20
16259,2024-06-17,1,2,6,1,64.48,64.48,4,18
16260,2024-06-05,2,2,6,4,112.49,449.96,4,20
16261,2024-06-04,2,18,6,1,16.99,16.99,4,20
16262,2024-06-17,4,15,6,4,67.99,271.96,4,19
16263,2024-06-17,19,3,6,2,116.7,233.4,4,19
16264,2024-06-24,24,20,6,2,28.43,56.86,4,18
16265,2024-06-11,25,19,6,1,17.54,17.54,4,18
16266,2024-06-02,12,16,6,4,13.31,53.24,4,20
16267,2024-06-12,6,17,6,3,27.99,83.97,4,20
16268,2024-06-15,4,7,6,2,148.98,297.96,4,20
16269,2024-06-28,4,10,6,1,45.99,45.99,4,18
16270,2024-06-14,16,9,6,4,83.58,334.32,4,20
16271,2024-06-26,29,20,6,3,29.05,87.15,4,19
16272,2024-06-02,1,16,7,1,12.85,12.85,4,23
16273,2024-06-07,11,8,7,2,27.14,54.28,4,23
16274,2024-06-14,17,5,7,2,12.99,25.98,4,23
16275,2024-06-10,7,20,7,1,22.53,22.53,4,23
16276,2024-06-20,18,5,7,4,24.99,99.96,4,22
16277,2024-06-14,14,18,7,1,15.99,15.99,4,21
16278,2024-06-02,13,16,7,1,12.88,12.88,4,23
16279,2024-06-11,6,13,7,3,114.14,342.42,2,22
16280,2024-06-24,5,2,7,2,75.15,150.3,4,22
16281,2024-06-09,9,18,7,4,7.0,28.0,4,23
16282,2024-06-16,19,18,7,5,16.99,84.95,4,23
16283,2024-06-10,3,4,7,1,223.55,223.55,4,22
16284,2024-06-10,13,8,7,2,55.81,111.62,4,21
16285,2024-06-09,12,5,7,3,22.99,68.97,4,21
16286,2024-06-14,4,19,7,1,16.19,16.19,4,23
16287,2024-06-14,1,10,7,4,46.99,187.96,4,23
16288,2024-06-19,7,2,7,2,64.62,129.24,4,22
16289,2024-06-27,8,15,7,1,42.42,42.42,4,22
16290,2024-06-14,22,10,7,2,33.99,67.98,4,23
16291,2024-06-06,26,2,7,4,92.99,371.96,4,23
16292,2024-06-10,17,16,7,3,17.99,53.97,4,23
16293,2024-06-15,24,4,7,5,281.92,1409.6,4,21
16294,2024-06-24,17,13,7,2,67.67,135.34,4,23
16295,2024-06-01,21,2,7,4,76.25,305.0,4,21
16296,2024-06-25,1,19,7,2,23.99,47.98,4,21
16297,2024-06-02,13,2,7,1,63.99,63.99,4,21
16298,2024-06-22,27,18,7,1,16.99,16.99,4,22
16299,2024-06-05,16,19,7,3,14.27,42.81,4,23
16300,2024-06-20,30,6,7,2,13.99,27.98,4,22
16301,2024-06-17,22,6,7,5,26.99,134.95,4,23
16302,2024-06-13,13,16,7,1,22.13,22.13,4,23
16303,2024-06-05,30,1,7,1,1239.29,1239.29,4,22
16304,2024-06-20,7,10,7,1,42.22,42.22,4,23
16305,2024-06-23,28,17,7,1,24.0,24.0,4,23
16306,2024-06-22,1,6,7,1,9.0,9.0,4,22
16307,2024-06-24,3,15,7,1,47.15,47.15,4,23
16308,2024-06-11,1,15,7,3,85.99,257.97,4,22
16309,2024-06-28,24,11,7,1,337.99,337.99,2,22
16310,2024-06-26,30,5,7,1,22.89,22.89,3,21
16311,2024-06-11,30,19,7,5,36.56,182.8,4,23
16312,2024-06-10,10,2,7,1,121.99,121.99,1,21
16313,2024-06-17,12,18,7,4,8.99,35.96,4,22
16314,2024-06-15,27,7,7,2,151.16,302.32,4,22
16315,2024-06-30,10,7,7,2,115.71,231.42,2,22
16316,2024-06-13,9,10,7,1,57.99,57.99,2,22
16317,2024-06-03,6,10,8,1,47.85,47.85,4,25
16318,2024-06-03,28,16,8,1,23.1,23.1,4,24
16319,2024-06-20,15,9,8,1,155.07,155.07,3,24
16320,2024-06-23,2,10,8,2,35.99,71.98,4,25
16321,2024-06-02,22,11,8,1,489.99,489.99,4,24
16322,2024-06-28,18,15,8,1,87.89,87.89,4,24
16323,2024-06-16,10,17,8,1,20.99,20.99,3,25
16324,2024-06-05,30,3,8,3,132.81,398.43,2,25
16325,2024-06-19,3,18,8,1,16.99,16.99,4,25
16326,2024-06-05,4,8,8,1,46.99,46.99,4,25
16327,2024-06-04,21,4,8,3,130.99,392.97,4,25
16328,2024-06-18,24,16,8,3,12.04,36.12,4,25
16329,2024-06-09,18,17,8,2,24.15,48.3,1,24
16330,2024-06-16,20,3,8,3,66.99,200.97,4,24
16331,2024-06-10,27,20,8,3,17.99,53.97,4,25
16332,2024-06-29,4,5,8,2,22.1,44.2,4,24
16333,2024-06-12,2,18,8,1,7.0,7.0,4,24
16334,2024-06-14,27,16,8,5,15.32,76.6,4,25
16335,2024-06-15,11,3,8,2,75.99,151.98,3,24
16336,2024-06-13,30,14,8,1,237.67,237.67,4,25
16337,2024-06-21,1,4,8,1,290.58,290.58,3,25
16338,2024-06-09,25,17,8,2,43.77,87.54,4,25
16339,2024-06-16,24,17,8,3,34.79,104.37,4,24
16340,2024-06-23,3,18,8,4,17.99,71.96,4,25
16341,2024-06-28,5,13,8,3,44.01,132.03,4,24
16342,2024-06-28,5,19,8,3,26.08,78.24,4,25
16343,2024-06-12,6,1,8,3,1160.77,3482.31,4,25
16344,2024-06-21,29,19,8,2,34.99,69.98,4,25
16345,2024-06-17,7,3,8,1,136.99,136.99,4,25
16346,2024-06-27,4,15,8,3,43.99,131.97,4,25
16347,2024-06-24,13,8,8,3,41.99,125.97,4,25
16348,2024-06-21,20,18,8,3,7.0,21.0,4,24
16349,2024-06-21,30,18,8,3,13.35,40.05,4,25
16350,2024-06-11,22,1,8,3,970.83,2912.49,4,24
16351,2024-06-14,6,17,8,2,33.99,67.98,4,25
16352,2024-06-13,11,4,8,1,207.63,207.63,4,25
16353,2024-06-09,29,9,8,2,88.21,176.42,3,25
16354,2024-06-21,12,10,8,1,32.65,32.65,4,25
16355,2024-06-19,29,6,8,2,15.99,31.98,4,25
16356,2024-06-25,26,5,8,2,18.99,37.98,4,25
16357,2024-06-27,7,5,8,1,14.99,14.99,4,25
16358,2024-06-03,29,1,8,2,1016.99,2033.98,4,24
16359,2024-06-23,16,10,8,2,66.99,133.98,4,24
16360,2024-06-23,13,14,8,4,164.29,657.16,4,24
16361,2024-06-24,22,3,9,3,124.89,374.67,4,26
16362,2024-06-01,6,8,9,2,34.99,69.98,4,28
16363,2024-06-13,15,4,9,4,149.99,599.96,4,28
16364,2024-06-20,6,7,9,1,112.58,112.58,4,28
16365,2024-06-10,30,19,9,2,22.99,45.98,4,27
16366,2024-06-22,15,17,9,2,27.99,55.98,4,26
16367,2024-06-27,9,19,9,1,14.41,14.41,4,28
16368,2024-06-27,5,4,9,2,270.99,541.98,4,28
16369,2024-06-09,6,16,9,2,14.7,29.4,4,28
16370,2024-06-01,8,10,9,1,47.49,47.49,3,26
16371,2024-06-21,23,6,9,3,15.87,47.61,4,28
16372,2024-06-17,24,5,9,4,20.99,83.96,4,26
16373,2024-06-24,4,4,9,1,111.63,111.63,4,28
16374,2024-06-22,8,16,9,1,19.28,19.28,4,28
16375,2024-06-15,8,19,9,3,30.09,90.27,1,28
16376,2024-06-18,5,19,9,2,15.4,30.8,4,28
16377,2024-06-19,29,5,9,2,27.75,55.5,4,28
16378,2024-06-15,7,5,9,3,24.61,73.83,4,28
16379,2024-06-08,18,16,9,4,9.99,39.96,4,26
16380,2024-06-24,4,9,9,4,158.99,635.96,4,26
16381,2024-06-12,18,20,9,3,25.99,77.97,4,27
16382,2024-06-06,29,6,9,2,32.99,65.98,4,26
16383,2024-06-14,3,3,9,1,132.44,132.44,4,27
16384,2024-06-21,20,2,9,3,83.78,251.34,4,26
16385,2024-06-11,19,10,9,2,45.83,91.66,4,27
16386,2024-06-10,16,6,9,1,12.8,12.8,4,26
16387,2024-06-22,15,10,9,1,50.21,50.21,4,26
16388,2024-06-04,1,10,9,1,39.1,39.1,4,26
16389,2024-06-16,16,2,9,1,49.0,49.0,4,26
16390,2024-06-02,8,6,9,3,22.99,68.97,4,26
16391,2024-06-27,18,16,9,1,12.4,12.4,1,28
16392,2024-06-04,26,13,9,1,59.99,59.99,2,27
16393,2024-06-15,8,1,9,4,1046.99,4187.96,1,27
16394,2024-06-08,29,18,9,1,9.69,9.69,4,27
16395,2024-06-03,14,16,9,3,18.12,54.36,4,27
16396,2024-06-09,23,17,9,3,27.99,83.97,4,27
16397,2024-06-03,14,16,9,1,15.99,15.99,4,27
16398,2024-06-16,8,17,9,1,51.99,51.99,4,26
16399,2024-06-22,24,17,9,2,28.99,57.98,4,27
16400,2024-06-09,5,7,9,3,123.99,371.97,4,27
16401,2024-06-27,27,19,9,5,28.77,143.85,4,28
16402,2024-06-23,8,3,9,3,72.29,216.87,4,26
16403,2024-06-08,4,6,9,1,12.26,12.26,4,27
16404,2024-06-05,8,8,9,2,54.99,109.98,4,28
16405,2024-06-29,2,8,9,1,47.26,47.26,4,27
16406,2024-06-19,15,8,9,2,30.5,61.0,4,26
16407,2024-06-08,20,8,9,1,45.98,45.98,3,26
16408,2024-06-29,26,15,9,4,88.53,354.12,4,28
16409,2024-06-04,12,2,9,3,103.99,311.97,1,26
16410,2024-06-10,5,18,9,1,18.22,18.22,4,26
16411,2024-06-01,7,17,9,3,36.99,110.97,4,27
16412,2024-06-16,9,15,9,2,52.99,105.98,2,28
16413,2024-06-19,17,3,9,2,61.89,123.78,4,27
16414,2024-06-20,14,7,9,5,58.01,290.05,4,26
16415,2024-06-23,4,6,9,2,15.99,31.98,4,27
16416,2024-06-15,24,7,9,3,51.99,155.97,1,27
16417,2024-06-26,5,2,9,1,78.8,78.8,4,28
16418,2024-06-28,8,6,10,1,18.13,18.13,1,29
16419,2024-06-18,26,18,10,2,10.99,21.98,4,31
16420,2024-06-16,8,1,10,2,1264.31,2528.62,4,30
16421,2024-06-07,21,10,10,3,45.99,137.97,4,30
16422,2024-06-22,28,13,10,1,57.55,57.55,4,31
16423,2024-06-02,25,14,10,2,244.94,489.88,4,29
16424,2024-06-19,6,10,10,5,54.99,274.95,1,31
16425,2024-06-17,5,19,10,1,28.99,28.99,4,30
16426,2024-06-04,15,10,10,5,37.93,189.65,4,30
16427,2024-06-10,20,16,10,1,21.21,21.21,2,29
16428,2024-06-05,15,3,10,4,64.99,259.96,4,31
16429,2024-06-06,4,15,10,3,71.99,215.97,4,31
16430,2024-06-03,30,8,10,2,66.64,133.28,4,31
16431,2024-06-08,9,16,10,5,12.99,64.95,4,30
16432,2024-06-23,6,3,10,2,130.4,260.8,2,29
16433,2024-06-11,17,16,10,1,8.25,8.25,4,31
16434,2024-06-06,7,11,10,5,571.99,2859.95,4,30
16435,2024-06-30,20,10,10,4,66.28,265.12,4,30
16436,2024-06-02,28,4,10,4,229.99,919.96,4,31
16437,2024-06-05,8,8,10,1,51.03,51.03,4,31
16438,2024-06-08,16,20,10,2,39.99,79.98,4,30
16439,2024-06-05,28,10,10,3,67.99,203.97,4,29
16440,2024-06-20,11,3,10,1,118.99,118.99,4,31
16441,2024-06-19,18,16,10,1,8.99,8.99,3,30
16442,2024-06-07,13,6,10,1,10.91,10.91,4,31
16443,2024-06-15,6,8,10,1,81.44,81.44,2,29
16444,2024-06-10,27,14,10,3,130.04,390.12,4,30
16445,2024-06-30,12,13,10,1,76.03,76.03,4,31
16446,2024-06-01,21,16,10,3,9.02,27.06,4,29
16447,2024-06-12,18,3,10,1,158.0,158.0,4,30
16448,2024-06-25,26,7,10,1,132.99,132.99,4,29
16449,2024-06-25,7,3,10,2,135.99,271.98,4,29
16450,2024-06-12,10,16,10,1,15.52,15.52,4,31
16451,2024-06-05,17,15,10,2,70.99,141.98,4,31
16452,2024-06-12,15,18,10,2,10.64,21.28,4,30
16453,2024-06-12,24,8,10,1,26.99,26.99,4,29
16454,2024-06-23,10,9,10,1,141.36,141.36,4,31
16455,2024-06-26,29,11,10,3,369.99,1109.97,4,29
16456,2024-06-05,12,3,10,1,147.0,147.0,4,29
16457,2024-06-02,9,14,10,1,109.4,109.4,4,30
16458,2024-06-27,13,18,10,1,7.94,7.94,4,30
16459,2024-06-06,25,3,10,5,99.07,495.35,4,30
16460,2024-06-17,17,11,10,1,457.46,457.46,4,30
16461,2024-06-30,12,10,10,2,58.93,117.86,4,30
16462,2024-06-03,16,7,10,4,90.99,363.96,4,29
16463,2024-06-21,18,2,10,1,72.09,72.09,4,30
16464,2024-06-03,6,5,10,1,28.93,28.93,4,31
16465,2024-06-05,26,6,10,1,28.26,28.26,4,30
16466,2024-06-20,3,7,10,4,115.99,463.96,4,30
16467,2024-06-15,17,2,11,1,121.62,121.62,2,33
16468,2024-06-02,13,6,11,4,32.55,130.2,4,32
16469,2024-06-12,6,3,11,2,87.63,175.26,4,33
16470,2024-06-15,22,17,11,3,37.99,113.97,4,33
16471,2024-06-08,28,4,11,3,247.99,743.97,4,33
16472,2024-06-04,1,17,11,1,19.46,19.46,2,32
16473,2024-06-17,7,10,11,1,53.38,53.38,4,32
16474,2024-06-03,19,14,11,3,184.56,553.68,4,32
16475,2024-06-01,28,4,11,1,261.62,261.62,4,32
16476,2024-06-27,8,19,11,2,37.99,75.98,4,33
16477,2024-06-18,26,16,11,1,15.16,15.16,4,33
16478,2024-06-23,27,16,11,5,15.0,75.0,1,33
16479,2024-06-16,11,6,11,1,20.49,20.49,4,33
16480,2024-06-20,9,20,11,1,40.73,40.73,4,33
16481,2024-06-24,16,14,11,2,132.99,265.98,4,32
16482,2024-06-23,2,12,11,3,612.46,1837.38,4,33
16483,2024-06-11,1,5,11,2,9.49,18.98,4,33
16484,2024-06-26,19,12,11,1,772.36,772.36,4,33
16485,2024-06-28,16,7,11,1,56.3,56.3,4,32
16486,2024-06-14,19,17,11,3,42.74,128.22,4,33
16487,2024-06-16,6,15,11,1,37.92,37.92,4,33
16488,2024-06-08,6,8,11,4,25.0,100.0,4,33
16489,2024-06-21,15,7,11,1,85.96,85.96,4,33
16490,2024-06-25,7,6,11,1,31.99,31.99,4,32
16491,2024-06-25,29,10,11,5,48.99,244.95,4,32
16492,2024-06-26,5,20,11,4,31.99,127.96,4,33
16493,2024-06-06,22,18,11,2,11.73,23.46,4,33
16494,2024-06-14,27,18,11,3,16.19,48.57,4,32
16495,2024-06-02,22,5,11,5,12.99,64.95,4,32
16496,2024-06-17,10,16,11,1,11.99,11.99,4,32
16497,2024-06-23,25,20,11,4,39.99,159.96,4,33
16498,2024-06-25,25,13,11,2,78.63,157.26,4,33
16499,2024-06-02,16,10,11,2,30.99,61.98,4,32
16500,2024-06-19,19,1,11,1,1361.79,1361.79,4,33
16501,2024-06-02,23,12,11,3,767.99,2303.97,4,33
16502,2024-06-07,27,20,11,1,28.16,28.16,4,32
16503,2024-06-07,8,16,11,1,18.99,18.99,4,33
16504,2024-06-13,16,6,11,3,24.09,72.27,4,33
16505,2024-06-15,9,16,11,1,14.0,14.0,4,33
16506,2024-06-05,14,15,11,2,60.99,121.98,4,33
16507,2024-06-19,15,3,11,1,86.99,86.99,4,33
16508,2024-06-12,5,6,11,2,24.99,49.98,4,33
16509,2024-06-16,16,6,11,4,28.32,113.28,4,33
16510,2024-06-03,1,9,11,2,147.33,294.66,4,32
16511,2024-06-17,12,9,12,1,93.46,93.46,4,35
16512,2024-06-10,9,3,12,1,122.45,122.45,4,34
16513,2024-06-25,23,6,12,1,24.1,24.1,4,34
16514,2024-06-08,5,2,12,2,57.99,115.98,4,34
16515,2024-06-11,25,8,12,3,43.99,131.97,4,35
16516,2024-06-13,15,16,12,1,19.99,19.99,4,34
16517,2024-06-02,5,4,12,2,141.12,282.24,4,35
16518,2024-06-26,24,7,12,2,151.99,303.98,4,35
16519,2024-06-30,8,4,12,5,200.01,1000.05,4,34
16520,2024-06-06,9,18,12,3,9.32,27.96,4,34
16521,2024-06-21,12,5,12,3,24.02,72.06,4,35
16522,2024-06-13,22,5,12,2,22.99,45.98,2,34
16523,2024-06-27,9,16,12,1,14.07,14.07,4,35
16524,2024-06-30,10,4,12,2,272.99,545.98,4,34
16525,2024-06-19,8,18,12,4,7.24,28.96,4,35
16526,2024-06-11,29,20,12,1,38.05,38.05,4,34
16527,2024-06-29,27,3,12,1,80.99,80.99,4,35
16528,2024-06-16,30,7,12,2,142.94,285.88,4,34
16529,2024-06-25,7,20,12,2,18.99,37.98,4,35
16530,2024-06-09,5,18,12,1,12.99,12.99,4,34
16531,2024-06-21,29,19,12,3,23.99,71.97,4,34
16532,2024-06-27,5,12,12,1,888.21,888.21,4,34
16533,2024-06-07,10,2,12,3,77.99,233.97,3,34
16534,2024-06-05,18,10,12,2,63.99,127.98,4,35
16535,2024-06-18,5,3,12,1,150.47,150.47,4,34
16536,2024-06-20,14,12,12,5,406.35,2031.75,4,34
16537,2024-06-22,5,7,12,5,135.99,679.95,4,34
16538,2024-06-06,23,20,12,1,14.4,14.4,4,35
16539,2024-06-10,9,6,12,1,10.99,10.99,4,34
16540,2024-06-28,7,16,12,2,23.36,46.72,4,34
16541,2024-06-03,7,18,12,2,12.99,25.98,4,35
16542,2024-06-19,5,3,12,3,76.63,229.89,2,34
16543,2024-06-20,19,20,12,3,14.08,42.24,4,35
16544,2024-06-12,20,4,12,3,261.86,785.58,4,34
16545,2024-06-10,8,14,12,2,123.73,247.46,4,35
16546,2024-06-03,12,18,12,1,7.0,7.0,4,35
16547,2024-06-21,24,19,12,2,16.72,33.44,4,34
16548,2024-06-14,23,19,12,2,20.99,41.98,4,34
16549,2024-06-27,16,7,12,2,114.99,229.98,4,35
16550,2024-06-09,8,9,12,2,113.45,226.9,4,35
16551,2024-06-19,10,15,12,3,44.63,133.89,4,35
16552,2024-06-21,30,3,13,2,131.2,262.4,4,36
16553,2024-06-26,26,18,13,1,12.42,12.42,4,36
16554,2024-06-20,1,19,13,3,20.56,61.68,2,36
16555,2024-06-09,18,3,13,2,110.72,221.44,4,38
16556,2024-06-05,24,10,13,3,50.57,151.71,4,38
16557,2024-06-23,16,3,13,2,106.73,213.46,4,36
16558,2024-06-11,3,20,13,2,20.87,41.74,4,37
16559,2024-06-23,16,8,13,1,46.17,46.17,4,36
16560,2024-06-18,12,6,13,1,27.99,27.99,4,37
16561,2024-06-18,18,15,13,1,63.65,63.65,4,36
16562,2024-06-26,22,13,13,4,116.99,467.96,4,36
16563,2024-06-11,26,6,13,1,13.41,13.41,4,36
16564,2024-06-08,18,6,13,4,13.99,55.96,4,37
16565,2024-06-26,24,20,13,3,18.99,56.97,4,38
16566,2024-06-27,12,17,13,2,26.43,52.86,4,36
16567,2024-06-21,25,19,13,1,29.1,29.1,4,37
16568,2024-06-18,23,7,13,1,123.99,123.99,4,37
16569,2024-06-02,23,17,13,3,31.99,95.97,4,36
16570,2024-06-27,8,5,13,1,27.15,27.15,4,36
16571,2024-06-14,12,3,13,3,108.99,326.97,4,38
16572,2024-06-05,5,20,13,3,36.99,110.97,4,36
16573,2024-06-07,28,3,13,1,147.99,147.99,4,36
16574,2024-06-16,5,8,13,4,65.48,261.92,4,37
16575,2024-06-27,26,18,13,3,16.37,49.11,4,38
16576,2024-06-16,14,3,13,5,113.01,565.05,2,38
16577,2024-06-07,26,5,13,2,25.47,50.94,4,38
16578,2024-06-15,18,5,13,1,12.98,12.98,4,36
16579,2024-06-18,7,15,13,3,66.84,200.52,4,36
16580,2024-06-09,14,6,13,3,30.64,91.92,4,37
16581,2024-06-03,5,5,13,1,27.99,27.99,4,37
16582,2024-06-04,10,20,13,3,20.99,62.97,4,38
16583,2024-06-28,10,16,13,1,12.22,12.22,4,37
16584,2024-06-10,26,13,13,1,56.32,56.32,4,37
16585,2024-06-14,28,19,13,2,22.99,45.98,4,37
16586,2024-06-19,12,16,13,4,18.99,75.96,4,38
16587,2024-06-26,20,16,13,2,9.3,18.6,2,36
16588,2024-06-08,14,20,13,4,23.68,94.72,4,36
16589,2024-06-07,25,19,13,1,35.42,35.42,4,38
16590,2024-06-26,27,9,13,2,177.9,355.8,4,37
16591,2024-06-21,22,10,13,1,41.99,41.99,4,36
16592,2024-06-19,7,12,13,5,786.72,3933.6,4,38
16593,2024-06-11,26,17,13,1,25.67,25.67,4,37
16594,2024-06-21,12,3,13,1,85.99,85.99,4,37
16595,2024-06-17,2,2,13,1,73.61,73.61,4,37
16596,2024-06-07,5,10,13,3,39.23,117.69,4,38
16597,2024-06-10,15,4,13,4,113.36,453.44,4,36
16598,2024-06-28,18,13,13,2,106.87,213.74,1,38
16599,2024-06-20,19,7,13,1,118.34,118.34,4,38
16600,2024-06-25,25,5,13,2,24.59,49.18,4,37
16601,2024-06-07,18,6,13,1,33.99,33.99,4,37
16602,2024-06-14,24,4,13,3,249.87,749.61,4,36
16603,2024-06-16,11,10,13,2,54.83,109.66,2,38
16604,2024-06-14,16,8,13,1,36.16,36.16,2,36
16605,2024-06-05,8,20,13,2,35.99,71.98,1,36
16606,2024-06-29,10,18,13,5,8.57,42.85,4,37
16607,2024-06-02,17,11,14,2,364.99,729.98,4,39
16608,2024-06-07,16,1,14,1,976.6,976.6,4,40
16609,2024-06-03,27,19,14,1,32.35,32.35,3,40
16610,2024-06-28,28,18,14,3,12.18,36.54,4,39
16611,2024-06-22,24,12,14,1,516.99,516.99,4,39
16612,2024-06-15,1,10,14,3,64.12,192.36,4,39
16613,2024-06-27,26,11,14,1,382.99,382.99,4,39
16614,2024-06-23,11,10,14,3,61.87,185.61,4,40
16615,2024-06-06,30,5,14,2,27.94,55.88,4,40
16616,2024-06-04,4,11,14,1,491.99,491.99,4,40
16617,2024-06-21,25,8,14,3,26.99,80.97,4,40
16618,2024-06-23,3,16,14,5,11.99,59.95,4,39
16619,2024-06-25,19,2,14,4,80.15,320.6,4,39
16620,2024-06-26,30,19,14,1,23.99,23.99,4,39
16621,2024-06-06,29,6,14,1,29.44,29.44,4,39
16622,2024-06-29,1,10,14,1,58.46,58.46,4,39
16623,2024-06-24,17,18,14,1,11.94,11.94,2,40
16624,2024-06-28,6,18,14,3,9.5,28.5,4,40
16625,2024-06-08,4,20,14,1,18.44,18.44,4,40
16626,2024-06-01,12,6,14,5,22.99,114.95,4,40
16627,2024-06-07,7,4,14,2,165.01,330.02,4,39
16628,2024-06-07,7,4,14,1,169.99,169.99,4,40
16629,2024-06-09,23,11,14,3,463.99,1391.97,4,40
16630,2024-06-29,24,20,14,3,28.99,86.97,4,39
16631,2024-06-17,17,4,14,3,156.99,470.97,4,39
16632,2024-06-08,12,9,14,3,176.99,530.97,4,39
16633,2024-06-16,15,9,14,1,170.99,170.99,4,40
16634,2024-06-27,16,6,14,1,15.99,15.99,4,39
16635,2024-06-10,27,15,14,1,80.04,80.04,4,39
16636,2024-06-03,7,13,14,5,91.99,459.95,1,40
16637,2024-06-14,6,10,14,2,66.86,133.72,4,39
16638,2024-06-09,12,3,14,3,139.99,419.97,4,39
16639,2024-06-30,29,4,14,1,295.99,295.99,4,40
16640,2024-06-30,30,1,14,2,1073.99,2147.98,4,39
16641,2024-06-10,4,8,14,3,27.94,83.82,4,40
16642,2024-06-10,5,7,14,2,105.99,211.98,4,39
16643,2024-06-11,5,3,14,3,90.05,270.15,4,39
16644,2024-06-16,24,17,14,2,44.99,89.98,4,39
16645,2024-06-24,19,4,14,2,253.94,507.88,4,39
16646,2024-06-20,19,1,14,1,903.99,903.99,4,39
16647,2024-06-29,3,20,14,3,25.22,75.66,2,40
16648,2024-06-01,23,18,14,2,8.99,17.98,4,40
16649,2024-06-14,12,8,14,4,37.99,151.96,4,39
16650,2024-06-26,1,15,14,2,79.99,159.98,4,39
16651,2024-06-24,21,18,14,1,8.06,8.06,3,40
16652,2024-06-06,26,10,14,2,29.99,59.98,1,39
16653,2024-06-28,7,7,14,1,109.42,109.42,4,40
16654,2024-06-01,12,17,14,1,49.99,49.99,4,39
16655,2024-06-03,20,8,14,2,66.99,133.98,4,39
16656,2024-06-01,20,9,14,3,147.52,442.56,4,39
16657,2024-06-20,6,19,14,1,35.3,35.3,4,39
16658,2024-06-24,20,18,14,1,11.93,11.93,3,40
16659,2024-06-08,9,16,14,2,22.44,44.88,4,39
16660,2024-06-27,14,5,15,2,13.24,26.48,4,41
16661,2024-06-25,16,16,15,4,13.08,52.32,4,41
16662,2024-06-22,12,10,15,2,37.1,74.2,4,41
16663,2024-06-07,18,4,15,1,266.78,266.78,4,42
16664,2024-06-20,10,8,15,4,25.95,103.8,4,41
16665,2024-06-04,25,7,15,5,83.62,418.1,4,42
16666,2024-06-08,27,11,15,2,432.99,865.98,4,42
16667,2024-06-23,24,15,15,1,30.99,30.99,4,41
16668,2024-06-12,7,3,15,1,106.58,106.58,4,41
16669,2024-06-28,5,18,15,4,12.9,51.6,4,41
16670,2024-06-14,22,18,15,1,13.78,13.78,4,41
16671,2024-06-12,27,16,15,4,10.99,43.96,4,42
16672,2024-06-11,15,7,15,2,77.5,155.0,2,42
16673,2024-06-28,29,17,15,2,25.99,51.98,4,41
16674,2024-06-13,26,2,15,5,105.97,529.85,4,42
16675,2024-06-03,15,19,15,2,29.37,58.74,4,42
16676,2024-06-27,20,19,15,2,30.01,60.02,4,42
16677,2024-06-11,21,3,15,1,83.42,83.42,4,41
16678,2024-06-03,28,2,15,4,74.09,296.36,4,42
16679,2024-06-08,17,5,15,2,11.99,23.98,4,42
16680,2024-06-10,3,1,15,4,1124.68,4498.72,4,42
16681,2024-06-18,11,10,15,1,58.57,58.57,4,42
16682,2024-06-03,4,19,15,1,27.99,27.99,4,41
16683,2024-06-24,25,3,15,3,73.53,220.59,4,42
16684,2024-06-04,29,20,15,3,26.36,79.08,4,41
16685,2024-06-26,14,6,15,3,16.99,50.97,4,42
16686,2024-06-01,2,6,15,1,25.9,25.9,4,41
16687,2024-06-23,16,18,15,1,12.99,12.99,4,41
16688,2024-06-26,20,2,15,5,77.61,388.05,4,41
16689,2024-06-18,30,9,15,1,145.99,145.99,4,41
16690,2024-06-09,29,8,15,2,64.99,129.98,4,41
16691,2024-06-28,5,20,15,2,23.99,47.98,4,41
16692,2024-06-15,5,4,15,4,228.86,915.44,4,42
16693,2024-06-06,15,9,15,3,126.99,380.97,4,42
16694,2024-06-21,30,20,15,1,40.99,40.99,4,41
16695,2024-06-10,11,11,15,1,595.15,595.15,4,42
16696,2024-07-04,27,3,1,2,119.25,238.5,4,3
16697,2024-07-05,29,9,1,4,69.0,276.0,4,2
16698,2024-07-31,9,7,1,1,152.99,152.99,4,3
16699,2024-07-16,29,14,1,1,121.63,121.63,4,4
16700,2024-07-20,1,12,1,3,515.47,1546.41,4,1
16701,2024-07-26,14,19,1,2,17.99,35.98,4,2
16702,2024-07-18,8,1,1,4,838.99,3355.96,4,3
16703,2024-07-06,19,12,1,1,583.42,583.42,4,3
16704,2024-07-30,23,14,1,2,178.39,356.78,4,3
16705,2024-07-07,29,1,1,2,1201.99,2403.98,4,3
16706,2024-07-30,1,13,1,4,47.99,191.96,4,3
16707,2024-07-10,28,7,1,1,98.99,98.99,4,3
16708,2024-07-31,18,13,1,2,46.99,93.98,4,3
16709,2024-07-15,13,8,1,5,27.17,135.85,4,4
16710,2024-07-14,15,5,1,2,17.99,35.98,4,2
16711,2024-07-14,27,8,1,5,84.99,424.95,4,1
16712,2024-07-04,18,18,1,2,9.99,19.98,4,1
16713,2024-07-15,9,19,2,1,28.99,28.99,4,5
16714,2024-07-18,10,18,2,1,11.91,11.91,4,5
16715,2024-07-22,25,15,2,1,62.83,62.83,4,5
16716,2024-07-22,3,6,2,1,15.99,15.99,4,6
16717,2024-07-13,20,10,2,1,61.99,61.99,4,5
16718,2024-07-22,10,18,2,2,13.38,26.76,4,7
16719,2024-07-18,7,8,2,1,64.99,64.99,4,5
16720,2024-07-01,6,5,2,5,21.59,107.95,2,6
16721,2024-07-05,15,18,2,4,16.28,65.12,4,8
16722,2024-07-03,2,7,2,1,98.99,98.99,4,5
16723,2024-07-11,17,7,2,1,58.03,58.03,2,7
16724,2024-07-22,17,3,2,3,143.99,431.97,4,8
16725,2024-07-28,3,5,2,2,25.38,50.76,4,7
16726,2024-07-23,19,19,2,2,29.4,58.8,4,7
16727,2024-07-24,8,5,2,1,27.91,27.91,4,6
16728,2024-07-26,7,19,3,1,22.27,22.27,4,9
16729,2024-07-29,17,15,3,3,59.99,179.97,4,10
16730,2024-07-12,3,16,3,1,9.93,9.93,4,10
16731,2024-07-23,29,5,3,2,10.99,21.98,2,10
16732,2024-07-03,17,9,3,5,190.99,954.95,4,9
16733,2024-07-25,30,5,3,2,23.99,47.98,4,10
16734,2024-07-29,24,20,3,2,22.4,44.8,4,9
16735,2024-07-02,7,6,3,3,16.99,50.97,4,11
16736,2024-07-14,27,6,3,3,12.27,36.81,4,10
16737,2024-07-04,11,5,3,4,9.94,39.76,4,11
16738,2024-07-29,16,10,3,2,42.99,85.98,4,11
16739,2024-07-12,25,7,3,1,142.35,142.35,4,11
16740,2024-07-14,19,15,3,1,32.87,32.87,4,11
16741,2024-07-06,2,8,3,4,67.97,271.88,4,11
16742,2024-07-31,4,4,3,2,131.38,262.76,4,9
16743,2024-07-18,21,20,3,2,14.99,29.98,4,10
16744,2024-07-05,17,2,3,1,99.78,99.78,4,9
16745,2024-07-01,7,16,3,1,15.69,15.69,3,11
16746,2024-07-10,19,3,4,2,127.45,254.9,4,13
16747,2024-07-14,1,4,4,3,191.3,573.9,4,14
16748,2024-07-14,2,3,4,2,69.81,139.62,4,14
16749,2024-07-10,26,15,4,3,43.83,131.49,4,13
16750,2024-07-23,26,13,4,5,89.13,445.65,4,13
16751,2024-07-20,11,6,4,2,18.95,37.9,4,12
16752,2024-07-07,16,6,4,3,19.71,59.13,4,14
16753,2024-07-18,10,9,4,2,179.99,359.98,4,12
16754,2024-07-14,13,15,4,3,61.14,183.42,4,12
16755,2024-07-28,26,18,4,1,16.99,16.99,4,12
16756,2024-07-07,13,20,4,5,23.87,119.35,4,13
16757,2024-07-11,14,18,4,2,17.19,34.38,4,14
16758,2024-07-16,1,9,4,1,78.56,78.56,4,13
16759,2024-07-26,9,13,4,1,75.0,75.0,4,14
16760,2024-07-08,9,17,5,2,19.33,38.66,4,16
16761,2024-07-07,30,16,5,3,12.08,36.24,4,17
16762,2024-07-19,5,5,5,1,25.58,25.58,2,15
16763,2024-07-22,4,15,5,1,70.49,70.49,3,16
16764,2024-07-14,12,20,5,2,16.99,33.98,4,16
16765,2024-07-23,22,2,5,3,120.29,360.87,4,16
16766,2024-07-30,21,19,5,2,31.11,62.22,4,15
16767,2024-07-21,24,15,5,1,36.38,36.38,4,17
16768,2024-07-19,30,10,5,1,43.99,43.99,4,17
16769,2024-07-08,20,15,5,2,84.59,169.18,2,16
16770,2024-07-25,1,2,5,1,58.99,58.99,4,17
16771,2024-07-05,11,13,5,1,47.47,47.47,4,16
16772,2024-07-30,2,13,5,3,76.05,228.15,4,17
16773,2024-07-30,10,19,5,3,29.42,88.26,4,16
16774,2024-07-01,18,13,6,1,49.59,49.59,3,18
16775,2024-07-25,8,3,6,1,118.45,118.45,4,19
16776,2024-07-16,29,15,6,2,39.99,79.98,4,19
16777,2024-07-31,13,18,6,1,17.7,17.7,4,18
16778,2024-07-01,2,17,6,4,32.99,131.96,4,19
16779,2024-07-27,25,13,6,1,93.99,93.99,4,20
16780,2024-07-30,10,18,6,2,8.46,16.92,4,18
16781,2024-07-01,16,5,6,4,9.0,36.0,4,20
16782,2024-07-02,13,6,6,4,22.99,91.96,4,20
16783,2024-07-11,15,3,7,2,61.99,123.98,4,22
16784,2024-07-17,29,13,7,2,80.66,161.32,4,22
16785,2024-07-05,21,2,7,2,64.51,129.02,4,23
16786,2024-07-23,26,18,7,5,13.99,69.95,4,21
16787,2024-07-26,2,18,7,2,16.38,32.76,4,23
16788,2024-07-23,11,5,7,1,17.99,17.99,4,23
16789,2024-07-10,20,20,7,2,15.57,31.14,4,21
16790,2024-07-07,29,18,7,4,15.25,61.0,4,21
16791,2024-07-18,1,2,7,3,80.99,242.97,4,22
16792,2024-07-06,24,13,7,2,96.18,192.36,4,21
16793,2024-07-20,24,2,7,1,121.47,121.47,4,23
16794,2024-07-03,11,7,7,4,74.99,299.96,4,22
16795,2024-07-09,11,4,8,4,215.99,863.96,4,25
16796,2024-07-30,29,1,8,1,1341.58,1341.58,4,24
16797,2024-07-16,15,16,8,2,20.75,41.5,4,25
16798,2024-07-14,2,20,8,1,15.1,15.1,4,25
16799,2024-07-24,7,7,8,3,105.99,317.97,2,25
16800,2024-07-29,17,16,8,2,23.37,46.74,4,24
16801,2024-07-17,8,8,8,2,65.99,131.98,4,25
16802,2024-07-16,5,8,8,2,58.32,116.64,4,25
16803,2024-07-06,11,14,8,3,237.08,711.24,4,24
16804,2024-07-14,13,11,8,1,506.99,506.99,4,25
16805,2024-07-10,12,2,8,1,69.92,69.92,4,25
16806,2024-07-24,29,2,9,5,101.9,509.5,4,28
16807,2024-07-10,27,15,9,1,61.99,61.99,4,27
16808,2024-07-09,11,13,9,1,117.99,117.99,4,26
16809,2024-07-14,10,5,9,2,26.71,53.42,4,26
16810,2024-07-17,25,4,9,1,151.67,151.67,4,28
16811,2024-07-31,14,1,9,1,1163.99,1163.99,4,26
16812,2024-07-28,27,18,9,3,18.37,55.11,2,28
16813,2024-07-08,7,15,9,2,57.99,115.98,3,26
16814,2024-07-24,28,19,9,2,38.86,77.72,4,27
16815,2024-07-03,12,14,9,2,110.28,220.56,4,27
16816,2024-07-11,6,8,9,1,76.82,76.82,4,28
16817,2024-07-25,5,5,9,1,13.14,13.14,4,27
16818,2024-07-06,21,18,9,2,16.01,32.02,4,27
16819,2024-07-12,25,8,9,2,88.52,177.04,4,26
16820,2024-07-03,10,1,10,1,895.99,895.99,4,29
16821,2024-07-21,8,18,10,3,7.09,21.27,4,31
16822,2024-07-05,7,16,10,4,22.99,91.96,4,30
16823,2024-07-15,28,6,10,3,28.99,86.97,4,29
16824,2024-07-27,17,18,10,1,11.06,11.06,4,31
16825,2024-07-24,26,6,10,3,34.6,103.8,4,31
16826,2024-07-28,14,3,10,3,145.99,437.97,4,31
16827,2024-07-29,9,14,10,3,205.68,617.04,4,31
16828,2024-07-10,7,2,10,2,55.99,111.98,3,29
16829,2024-07-06,10,18,10,3,7.99,23.97,4,31
16830,2024-07-19,28,5,10,1,11.36,11.36,4,31
16831,2024-07-22,5,14,10,2,211.77,423.54,2,29
16832,2024-07-25,10,20,10,2,15.1,30.2,4,29
16833,2024-07-23,13,19,10,4,26.71,106.84,4,29
16834,2024-07-17,19,18,11,2,10.41,20.82,3,32
16835,2024-07-27,12,18,11,1,16.99,16.99,4,33
16836,2024-07-06,23,3,11,1,127.99,127.99,4,33
16837,2024-07-04,11,3,11,5,137.89,689.45,4,32
16838,2024-07-07,29,8,11,3,40.99,122.97,4,33
16839,2024-07-03,27,14,11,2,239.66,479.32,4,32
16840,2024-07-07,16,17,11,4,23.72,94.88,1,32
16841,2024-07-27,1,7,11,3,132.4,397.2,4,33
16842,2024-07-24,27,5,11,1,24.99,24.99,4,32
16843,2024-07-31,26,3,11,3,109.99,329.97,4,32
16844,2024-07-09,8,16,12,2,21.68,43.36,4,35
16845,2024-07-01,24,19,12,2,35.82,71.64,4,35
16846,2024-07-05,20,16,12,1,22.01,22.01,1,34
16847,2024-07-26,22,7,12,1,123.99,123.99,4,35
16848,2024-07-14,25,13,12,2,104.99,209.98,4,34
16849,2024-07-03,9,6,12,1,9.31,9.31,4,34
16850,2024-07-22,3,19,12,1,16.89,16.89,4,35
16851,2024-07-10,2,17,12,1,41.99,41.99,4,35
16852,2024-07-25,21,20,12,3,29.99,89.97,4,35
16853,2024-07-15,26,13,12,4,50.99,203.96,4,34
16854,2024-07-10,25,16,12,4,8.0,32.0,4,35
16855,2024-07-14,12,18,13,1,13.53,13.53,4,38
16856,2024-07-17,17,4,13,3,124.96,374.88,4,38
16857,2024-07-18,21,17,13,1,54.68,54.68,4,36
16858,2024-07-28,20,18,13,1,16.79,16.79,4,36
16859,2024-07-13,1,6,13,1,32.78,32.78,4,36
16860,2024-07-23,23,2,13,2,113.99,227.98,4,37
16861,2024-07-04,23,16,13,1,14.89,14.89,4,36
16862,2024-07-04,20,14,13,2,139.59,279.18,4,37
16863,2024-07-20,4,17,13,2,19.65,39.3,4,36
16864,2024-07-03,17,6,13,1,14.99,14.99,4,38
16865,2024-07-21,8,1,13,2,1248.39,2496.78,4,37
16866,2024-07-23,17,1,13,4,855.22,3420.88,4,36
16867,2024-07-16,13,9,13,2,115.55,231.1,4,36
16868,2024-07-26,4,17,13,3,44.03,132.09,4,38
16869,2024-07-24,7,15,13,3,58.01,174.03,4,36
16870,2024-07-01,14,18,13,5,10.99,54.95,4,37
16871,2024-07-22,8,5,13,3,15.99,47.97,4,37
16872,2024-07-05,15,6,13,4,9.0,36.0,4,37
16873,2024-07-05,20,7,14,1,138.61,138.61,4,40
16874,2024-07-18,12,3,14,5,145.99,729.95,4,39
16875,2024-07-08,3,2,14,2,75.18,150.36,4,39
16876,2024-07-29,2,5,14,1,25.99,25.99,2,39
16877,2024-07-13,5,6,14,1,21.99,21.99,4,40
16878,2024-07-23,4,20,14,1,28.88,28.88,4,39
16879,2024-07-24,13,9,14,1,114.99,114.99,4,39
16880,2024-07-24,25,7,14,2,121.77,243.54,4,39
16881,2024-07-08,23,3,14,2,108.39,216.78,4,40
16882,2024-07-10,25,13,14,5,108.99,544.95,4,39
16883,2024-07-16,7,3,15,1,93.64,93.64,4,42
16884,2024-07-06,17,1,15,2,918.64,1837.28,4,41
16885,2024-07-27,29,16,15,2,19.95,39.9,2,41
16886,2024-07-22,8,19,15,3,33.21,99.63,4,42
16887,2024-07-28,23,3,15,1,154.99,154.99,4,42
16888,2024-07-17,17,16,15,1,17.35,17.35,4,42
16889,2024-07-30,26,8,15,4,25.86,103.44,4,41
16890,2024-07-26,7,9,15,2,129.99,259.98,4,41
16891,2024-07-25,11,3,15,3,114.99,344.97,1,42
16892,2024-08-04,19,18,1,1,13.99,13.99,4,1
16893,2024-08-17,9,2,1,2,126.99,253.98,4,2
16894,2024-08-21,24,17,1,2,24.99,49.98,4,1
16895,2024-08-31,10,5,1,1,19.99,19.99,4,1
16896,2024-08-29,4,8,1,5,80.16,400.8,4,1
16897,2024-08-17,13,12,1,1,512.43,512.43,4,4
16898,2024-08-19,19,3,1,1,64.45,64.45,2,1
16899,2024-08-01,10,1,2,4,1325.44,5301.76,4,8
16900,2024-08-21,21,19,2,1,15.41,15.41,4,5
16901,2024-08-28,9,16,2,1,17.99,17.99,4,5
16902,2024-08-12,27,20,2,3,29.99,89.97,4,8
16903,2024-08-05,7,5,2,1,22.03,22.03,4,5
16904,2024-08-16,17,6,2,3,9.34,28.02,4,8
16905,2024-08-24,2,7,2,4,145.46,581.84,4,8
16906,2024-08-13,16,19,3,1,26.99,26.99,1,9
16907,2024-08-14,6,16,3,1,11.99,11.99,4,9
16908,2024-08-05,9,18,3,1,14.43,14.43,4,10
16909,2024-08-21,14,8,3,2,39.99,79.98,4,10
16910,2024-08-14,4,13,4,1,58.79,58.79,4,13
16911,2024-08-13,26,3,4,2,102.99,205.98,4,14
16912,2024-08-28,22,7,4,1,72.99,72.99,4,14
16913,2024-08-24,22,19,4,3,18.99,56.97,4,13
16914,2024-08-30,28,17,5,3,22.81,68.43,4,15
16915,2024-08-31,10,9,5,4,133.96,535.84,4,17
16916,2024-08-01,11,14,5,1,106.52,106.52,4,16
16917,2024-08-10,3,9,5,3,153.37,460.11,4,16
16918,2024-08-14,28,5,6,3,9.99,29.97,4,18
16919,2024-08-10,9,2,6,3,60.5,181.5,4,20
16920,2024-08-03,5,3,6,2,101.35,202.7,4,18
16921,2024-08-30,15,3,7,1,156.99,156.99,3,23
16922,2024-08-23,8,5,7,3,26.52,79.56,4,22
16923,2024-08-05,9,9,7,1,137.37,137.37,4,23
16924,2024-08-10,29,5,8,2,16.99,33.98,4,24
16925,2024-08-04,23,15,8,2,83.62,167.24,4,24
16926,2024-08-31,16,3,8,3,82.6,247.8,4,25
16927,2024-08-07,10,16,9,3,20.99,62.97,4,28
16928,2024-08-16,9,7,9,2,85.19,170.38,3,27
16929,2024-08-10,6,7,9,2,60.64,121.28,4,26
16930,2024-08-07,14,3,9,3,108.77,326.31,4,28
16931,2024-08-05,2,4,10,1,111.66,111.66,2,30
16932,2024-08-30,2,4,10,4,113.99,455.96,1,30
16933,2024-08-02,25,5,10,2,17.24,34.48,4,29
16934,2024-08-18,8,13,10,4,62.6,250.4,4,29
16935,2024-08-12,10,1,11,1,1329.39,1329.39,4,32
16936,2024-08-04,4,9,11,3,95.99,287.97,4,32
16937,2024-08-23,20,6,11,3,23.99,71.97,4,32
16938,2024-08-22,13,1,11,1,1254.42,1254.42,4,33
16939,2024-08-29,23,5,12,1,21.18,21.18,4,35
16940,2024-08-03,8,9,12,1,128.99,128.99,4,34
16941,2024-08-11,30,9,12,5,85.91,429.55,4,35
16942,2024-08-12,28,2,12,3,120.76,362.28,4,35
16943,2024-08-21,5,18,13,2,17.18,34.36,4,38
16944,2024-08-13,7,16,13,1,17.25,17.25,4,38
16945,2024-08-13,25,15,13,3,33.96,101.88,4,36
16946,2024-08-19,15,13,13,3,82.47,247.41,4,36
16947,2024-08-30,25,5,14,2,27.05,54.1,4,40
16948,2024-08-04,29,16,14,5,17.83,89.15,3,40
16949,2024-08-05,28,20,14,3,14.99,44.97,4,40
16950,2024-08-26,24,3,14,2,128.99,257.98,4,40
16951,2024-08-20,22,6,15,1,16.26,16.26,4,42
16952,2024-08-01,1,18,15,1,8.35,8.35,1,41
16953,2024-08-31,24,6,15,1,25.63,25.63,4,41
16954,2024-09-03,26,3,1,4,100.99,403.96,4,4
16955,2024-09-28,1,6,1,1,28.05,28.05,4,1
16956,2024-09-14,15,1,1,4,934.09,3736.36,4,4
16957,2024-09-06,4,15,1,2,69.23,138.46,2,3
16958,2024-09-09,22,14,1,1,212.99,212.99,4,3
16959,2024-09-15,21,9,1,3,92.99,278.97,4,2
16960,2024-09-29,22,7,1,1,149.99,149.99,4,3
16961,2024-09-26,23,2,1,2,62.5,125.0,4,3
16962,2024-09-28,20,6,1,4,33.47,133.88,4,4
16963,2024-09-09,23,19,1,2,24.99,49.98,4,3
16964,2024-09-05,15,19,1,1,33.51,33.51,3,1
16965,2024-09-13,26,15,1,4,73.82,295.28,4,2
16966,2024-09-07,9,19,1,2,28.4,56.8,4,3
16967,2024-09-10,27,15,1,1,48.22,48.22,4,3
16968,2024-09-25,27,3,1,1,150.55,150.55,4,3
16969,2024-09-18,6,6,1,1,22.96,22.96,2,3
16970,2024-09-28,7,18,1,2,7.99,15.98,4,3
16971,2024-09-14,2,19,1,2,31.73,63.46,4,2
16972,2024-09-18,7,3,1,1,136.94,136.94,4,3
16973,2024-09-15,20,9,1,3,126.99,380.97,4,1
16974,2024-09-01,3,10,1,5,50.99,254.95,4,4
16975,2024-09-25,18,3,1,1,133.1,133.1,4,3
16976,2024-09-01,27,3,1,3,76.96,230.88,4,1
16977,2024-09-23,1,9,1,1,134.04,134.04,4,1
16978,2024-09-29,6,15,1,4,74.98,299.92,4,4
16979,2024-09-28,16,13,1,1,55.47,55.47,4,4
16980,2024-09-05,22,20,1,3,19.99,59.97,4,2
16981,2024-09-20,5,19,1,2,36.99,73.98,4,2
16982,2024-09-22,24,1,1,2,1029.99,2059.98,4,2
16983,2024-09-01,18,20,1,3,22.7,68.1,4,1
16984,2024-09-30,12,5,1,5,12.99,64.95,4,2
16985,2024-09-09,30,4,1,2,191.82,383.64,4,3
16986,2024-09-10,8,7,1,4,114.8,459.2,4,2
16987,2024-09-29,25,10,1,2,35.99,71.98,4,4
16988,2024-09-26,2,6,1,4,16.77,67.08,4,3
16989,2024-09-23,1,16,1,5,18.45,92.25,4,4
16990,2024-09-04,12,7,1,4,153.99,615.96,4,3
16991,2024-09-21,22,13,1,4,82.99,331.96,4,1
16992,2024-09-11,10,2,1,1,88.99,88.99,4,3
16993,2024-09-01,28,20,1,3,35.39,106.17,4,4
16994,2024-09-22,2,19,1,1,15.2,15.2,4,2
16995,2024-09-19,20,16,1,1,19.99,19.99,4,2
16996,2024-09-30,23,2,1,3,50.99,152.97,4,1
16997,2024-09-14,27,18,1,1,17.68,17.68,4,2
16998,2024-09-22,20,18,1,1,9.4,9.4,4,2
16999,2024-09-30,14,20,1,2,31.99,63.98,4,2
17000,2024-09-10,14,4,1,4,197.99,791.96,4,3
17001,2024-09-01,25,5,1,1,13.99,13.99,1,3
17002,2024-09-30,8,15,1,1,73.48,73.48,4,3
17003,2024-09-19,9,13,1,3,96.99,290.97,4,4
17004,2024-09-15,16,8,1,3,54.03,162.09,4,3
17005,2024-09-08,12,20,1,1,39.06,39.06,3,1
17006,2024-09-27,27,5,1,2,19.99,39.98,4,1
17007,2024-09-20,28,2,1,3,121.99,365.97,4,2
17008,2024-09-23,29,16,1,3,13.58,40.74,4,3
17009,2024-09-04,3,4,1,5,251.64,1258.2,4,1
17010,2024-09-15,9,5,1,3,20.16,60.48,4,2
17011,2024-09-13,13,5,1,1,20.99,20.99,4,3
17012,2024-09-23,15,5,1,2,10.61,21.22,4,3
17013,2024-09-04,8,8,1,1,61.04,61.04,4,4
17014,2024-09-29,26,8,1,2,44.72,89.44,4,2
17015,2024-09-02,23,2,1,2,120.99,241.98,4,2
17016,2024-09-17,17,18,1,1,18.36,18.36,4,3
17017,2024-09-29,28,11,1,1,359.99,359.99,4,3
17018,2024-09-17,2,8,1,1,67.66,67.66,4,2
17019,2024-09-01,19,4,1,4,285.18,1140.72,4,2
17020,2024-09-30,29,9,1,1,129.99,129.99,1,1
17021,2024-09-14,21,20,1,2,36.99,73.98,4,3
17022,2024-09-14,17,8,1,2,75.29,150.58,4,4
17023,2024-09-01,24,11,1,4,371.16,1484.64,4,4
17024,2024-09-29,28,2,1,3,80.35,241.05,4,1
17025,2024-09-12,13,5,1,1,21.29,21.29,4,2
17026,2024-09-15,27,16,1,4,9.92,39.68,4,3
17027,2024-09-24,2,8,1,4,64.49,257.96,4,2
17028,2024-09-16,5,16,1,3,13.99,41.97,4,1
17029,2024-09-04,4,10,1,1,38.61,38.61,4,3
17030,2024-09-07,21,18,1,2,9.6,19.2,1,2
17031,2024-09-10,2,14,1,1,176.52,176.52,1,4
17032,2024-09-10,9,6,1,5,30.7,153.5,4,1
17033,2024-09-21,30,5,1,2,10.99,21.98,2,4
17034,2024-09-01,20,15,1,1,55.99,55.99,4,3
17035,2024-09-20,9,18,1,1,11.38,11.38,4,1
17036,2024-09-07,30,8,1,2,56.99,113.98,4,3
17037,2024-09-04,21,12,1,1,491.72,491.72,4,4
17038,2024-09-27,4,8,1,3,75.87,227.61,4,3
17039,2024-09-07,9,6,1,2,18.98,37.96,4,3
17040,2024-09-14,22,1,1,2,1315.99,2631.98,4,1
17041,2024-09-16,5,17,1,2,25.28,50.56,4,4
17042,2024-09-02,1,17,1,3,47.99,143.97,4,4
17043,2024-09-26,16,7,1,1,98.53,98.53,2,1
17044,2024-09-16,24,15,1,2,57.53,115.06,4,4
17045,2024-09-13,23,19,1,3,22.32,66.96,4,1
17046,2024-09-20,17,5,1,3,18.99,56.97,4,2
17047,2024-09-25,7,17,1,2,53.88,107.76,4,4
17048,2024-09-22,14,10,1,3,63.25,189.75,4,3
17049,2024-09-16,15,15,1,4,80.99,323.96,4,2
17050,2024-09-29,18,4,1,1,211.99,211.99,1,1
17051,2024-09-15,1,1,1,1,1081.61,1081.61,1,3
17052,2024-09-27,28,16,2,2,21.99,43.98,2,6
17053,2024-09-25,15,13,2,3,105.84,317.52,1,6
17054,2024-09-08,23,2,2,1,106.99,106.99,4,6
17055,2024-09-16,16,7,2,1,154.99,154.99,2,7
17056,2024-09-27,30,15,2,5,56.62,283.1,4,8
17057,2024-09-07,19,17,2,4,20.4,81.6,4,7
17058,2024-09-29,7,17,2,3,53.99,161.97,1,5
17059,2024-09-09,8,6,2,1,20.99,20.99,4,5
17060,2024-09-25,8,5,2,2,20.42,40.84,4,5
17061,2024-09-27,30,6,2,1,18.1,18.1,3,5
17062,2024-09-21,21,3,2,2,101.29,202.58,4,7
17063,2024-09-16,2,5,2,1,18.13,18.13,4,8
17064,2024-09-28,26,20,2,2,35.38,70.76,4,8
17065,2024-09-09,2,4,2,2,178.7,357.4,4,6
17066,2024-09-16,1,19,2,2,14.38,28.76,4,5
17067,2024-09-27,25,15,2,2,39.99,79.98,4,8
17068,2024-09-16,10,14,2,2,228.99,457.98,4,6
17069,2024-09-27,10,20,2,4,14.99,59.96,4,8
17070,2024-09-17,12,5,2,1,9.54,9.54,4,6
17071,2024-09-23,27,3,2,4,65.4,261.6,4,8
17072,2024-09-08,17,18,2,2,15.99,31.98,4,8
17073,2024-09-30,16,3,2,4,76.99,307.96,4,6
17074,2024-09-07,7,15,2,2,64.39,128.78,4,6
17075,2024-09-19,10,5,2,5,9.0,45.0,4,7
17076,2024-09-15,1,13,2,1,63.99,63.99,4,7
17077,2024-09-27,16,5,2,1,14.99,14.99,4,6
17078,2024-09-19,11,6,2,3,11.81,35.43,4,6
17079,2024-09-08,5,1,2,2,1284.99,2569.98,4,6
17080,2024-09-05,27,4,2,1,274.99,274.99,4,6
17081,2024-09-12,12,19,2,1,17.99,17.99,4,7
17082,2024-09-04,17,18,2,1,9.42,9.42,4,5
17083,2024-09-20,27,10,2,1,37.0,37.0,4,6
17084,2024-09-07,8,5,2,1,12.38,12.38,4,5
17085,2024-09-08,6,7,2,1,141.99,141.99,1,7
17086,2024-09-05,3,9,2,3,124.76,374.28,4,7
17087,2024-09-23,3,7,2,1,68.68,68.68,4,8
17088,2024-09-21,30,6,2,1,16.95,16.95,4,6
17089,2024-09-19,29,11,2,3,480.38,1441.14,4,7
17090,2024-09-26,1,16,2,4,22.99,91.96,4,7
17091,2024-09-27,10,2,2,1,59.99,59.99,4,5
17092,2024-09-07,18,3,2,1,101.9,101.9,4,5
17093,2024-09-11,2,10,2,4,40.99,163.96,4,7
17094,2024-09-07,11,20,2,1,32.46,32.46,4,7
17095,2024-09-10,15,6,2,4,21.99,87.96,4,7
17096,2024-09-06,8,3,2,1,118.99,118.99,4,8
17097,2024-09-21,3,11,2,2,526.99,1053.98,4,5
17098,2024-09-01,22,6,2,4,22.99,91.96,4,5
17099,2024-09-18,12,6,2,3,27.2,81.6,4,5
17100,2024-09-30,30,17,2,2,43.99,87.98,4,8
17101,2024-09-29,13,16,2,2,21.99,43.98,4,7
17102,2024-09-21,26,19,2,5,34.13,170.65,1,8
17103,2024-09-11,9,5,2,1,20.91,20.91,4,8
17104,2024-09-29,13,20,2,2,18.23,36.46,4,7
17105,2024-09-04,19,19,2,2,26.88,53.76,4,6
17106,2024-09-14,8,8,2,3,50.01,150.03,4,7
17107,2024-09-18,4,16,2,2,19.99,39.98,4,6
17108,2024-09-18,13,18,2,1,10.16,10.16,4,6
17109,2024-09-07,19,2,2,3,123.58,370.74,4,5
17110,2024-09-08,7,18,2,2,14.99,29.98,4,8
17111,2024-09-13,12,19,2,4,16.99,67.96,4,7
17112,2024-09-22,9,20,2,1,21.31,21.31,4,7
17113,2024-09-05,14,5,2,1,15.99,15.99,4,8
17114,2024-09-06,20,19,2,1,34.12,34.12,4,8
17115,2024-09-21,26,7,2,3,108.99,326.97,4,7
17116,2024-09-04,20,16,2,3,13.99,41.97,4,6
17117,2024-09-20,2,12,2,1,468.78,468.78,4,6
17118,2024-09-09,3,15,2,2,66.54,133.08,4,6
17119,2024-09-13,18,8,2,2,87.99,175.98,4,7
17120,2024-09-05,30,5,2,3,18.4,55.2,4,8
17121,2024-09-20,13,9,2,3,92.29,276.87,4,7
17122,2024-09-21,26,15,2,4,57.99,231.96,4,7
17123,2024-09-05,26,16,2,1,17.03,17.03,4,7
17124,2024-09-29,4,18,2,1,7.77,7.77,4,6
17125,2024-09-09,12,16,2,4,12.99,51.96,4,5
17126,2024-09-10,1,5,2,1,24.34,24.34,4,5
17127,2024-09-11,5,20,2,1,39.35,39.35,4,5
17128,2024-09-23,15,9,2,3,135.44,406.32,4,7
17129,2024-09-05,26,10,2,3,35.99,107.97,4,6
17130,2024-09-26,12,5,2,3,9.0,27.0,4,5
17131,2024-09-06,21,4,2,3,117.33,351.99,4,8
17132,2024-09-01,25,13,2,1,102.55,102.55,4,6
17133,2024-09-04,6,10,2,2,46.99,93.98,4,6
17134,2024-09-20,19,14,2,4,114.99,459.96,4,8
17135,2024-09-28,18,16,2,2,22.35,44.7,4,5
17136,2024-09-26,12,3,2,5,65.99,329.95,4,6
17137,2024-09-17,8,17,2,3,36.99,110.97,4,8
17138,2024-09-13,2,4,2,3,273.16,819.48,4,8
17139,2024-09-24,29,16,2,5,9.99,49.95,4,6
17140,2024-09-01,3,1,2,2,1301.99,2603.98,4,7
17141,2024-09-16,15,20,2,2,19.38,38.76,4,5
17142,2024-09-25,27,9,2,4,92.99,371.96,4,5
17143,2024-09-30,10,2,2,3,81.99,245.97,4,8
17144,2024-09-07,7,17,2,2,19.99,39.98,4,6
17145,2024-09-30,13,15,2,5,57.75,288.75,4,6
17146,2024-09-09,22,10,2,1,37.21,37.21,4,7
17147,2024-09-17,9,16,2,2,19.16,38.32,4,8
17148,2024-09-14,7,15,2,4,62.99,251.96,4,5
17149,2024-09-15,20,14,2,3,205.69,617.07,4,6
17150,2024-09-28,3,19,2,3,19.99,59.97,4,8
17151,2024-09-24,19,6,2,2,23.82,47.64,4,5
17152,2024-09-17,26,9,3,1,146.4,146.4,4,10
17153,2024-09-21,3,5,3,1,23.99,23.99,4,10
17154,2024-09-15,8,20,3,2,30.14,60.28,4,10
17155,2024-09-12,24,6,3,1,30.1,30.1,4,9
17156,2024-09-20,20,13,3,3,42.99,128.97,4,11
17157,2024-09-26,26,1,3,1,1071.29,1071.29,4,11
17158,2024-09-27,14,9,3,1,129.99,129.99,2,10
17159,2024-09-08,17,17,3,1,38.99,38.99,4,11
17160,2024-09-08,10,9,3,1,173.95,173.95,2,11
17161,2024-09-21,7,10,3,2,57.99,115.98,4,9
17162,2024-09-23,25,1,3,1,1394.32,1394.32,4,11
17163,2024-09-05,3,17,3,4,31.99,127.96,4,10
17164,2024-09-06,23,3,3,1,84.99,84.99,4,9
17165,2024-09-16,25,14,3,3,192.82,578.46,4,11
17166,2024-09-10,22,19,3,5,30.8,154.0,4,11
17167,2024-09-05,19,8,3,4,68.61,274.44,4,10
17168,2024-09-06,22,13,3,1,73.95,73.95,4,10
17169,2024-09-07,2,2,3,3,88.99,266.97,4,9
17170,2024-09-09,24,6,3,1,16.25,16.25,4,9
17171,2024-09-08,9,13,3,1,64.99,64.99,4,11
17172,2024-09-21,10,10,3,2,31.99,63.98,4,10
17173,2024-09-21,19,5,3,1,23.99,23.99,4,10
17174,2024-09-22,3,15,3,1,81.41,81.41,4,9
17175,2024-09-08,21,10,3,2,31.83,63.66,4,11
17176,2024-09-27,23,4,3,1,129.99,129.99,3,10
17177,2024-09-16,9,16,3,1,9.87,9.87,4,10
17178,2024-09-14,24,18,3,2,10.18,20.36,4,9
17179,2024-09-07,18,19,3,1,27.06,27.06,4,11
17180,2024-09-03,14,1,3,1,944.99,944.99,4,10
17181,2024-09-29,25,16,3,4,20.51,82.04,4,9
17182,2024-09-26,17,13,3,5,54.76,273.8,4,11
17183,2024-09-20,20,5,3,1,11.99,11.99,1,11
17184,2024-09-19,26,17,3,3,33.99,101.97,4,10
17185,2024-09-14,25,3,3,2,128.99,257.98,4,10
17186,2024-09-08,1,1,3,2,886.99,1773.98,2,9
17187,2024-09-07,24,5,3,1,21.47,21.47,4,10
17188,2024-09-15,22,16,3,2,11.45,22.9,2,10
17189,2024-09-19,23,8,3,1,78.99,78.99,4,11
17190,2024-09-26,25,1,3,1,1164.82,1164.82,4,11
17191,2024-09-04,19,8,3,3,83.99,251.97,4,11
17192,2024-09-12,29,16,3,4,15.52,62.08,4,11
17193,2024-09-25,13,19,3,1,25.93,25.93,4,11
17194,2024-09-01,22,8,3,1,77.01,77.01,4,11
17195,2024-09-04,7,7,3,3,85.99,257.97,4,11
17196,2024-09-23,4,10,3,1,65.97,65.97,4,11
17197,2024-09-13,16,13,3,2,78.99,157.98,4,10
17198,2024-09-12,21,16,3,2,23.84,47.68,2,11
17199,2024-09-06,24,18,3,1,17.99,17.99,4,11
17200,2024-09-21,13,13,3,5,63.37,316.85,4,10
17201,2024-09-13,4,1,3,2,1328.99,2657.98,4,9
17202,2024-09-04,5,8,3,4,35.77,143.08,4,10
17203,2024-09-18,28,18,3,1,13.99,13.99,4,10
17204,2024-09-15,11,3,3,2,146.99,293.98,4,10
17205,2024-09-01,17,5,3,4,25.99,103.96,4,10
17206,2024-09-24,25,5,3,1,27.99,27.99,1,9
17207,2024-09-30,4,7,3,1,140.98,140.98,4,9
17208,2024-09-14,12,8,3,2,79.4,158.8,4,11
17209,2024-09-12,30,10,3,4,37.99,151.96,4,10
17210,2024-09-14,24,20,3,3,36.99,110.97,4,9
17211,2024-09-15,10,2,3,3,73.99,221.97,3,9
17212,2024-09-18,1,5,3,5,22.68,113.4,4,10
17213,2024-09-23,29,13,3,4,73.97,295.88,2,11
17214,2024-09-28,13,10,3,1,37.94,37.94,4,11
17215,2024-09-29,12,19,3,3,14.55,43.65,4,11
17216,2024-09-06,22,17,3,2,27.99,55.98,4,10
17217,2024-09-01,24,12,3,2,605.58,1211.16,4,11
17218,2024-09-21,6,13,3,3,104.23,312.69,4,9
17219,2024-09-05,19,10,3,3,62.86,188.58,4,9
17220,2024-09-20,9,20,4,1,32.99,32.99,1,14
17221,2024-09-30,17,19,4,2,23.99,47.98,4,12
17222,2024-09-14,21,20,4,3,40.98,122.94,4,14
17223,2024-09-07,17,20,4,1,22.41,22.41,4,13
17224,2024-09-05,7,18,4,1,14.2,14.2,4,14
17225,2024-09-20,2,19,4,2,20.99,41.98,4,14
17226,2024-09-16,30,19,4,2,32.99,65.98,4,12
17227,2024-09-25,18,11,4,2,329.99,659.98,4,14
17228,2024-09-22,20,2,4,2,78.99,157.98,4,12
17229,2024-09-06,11,8,4,2,75.99,151.98,4,13
17230,2024-09-10,3,1,4,2,1065.99,2131.98,4,13
17231,2024-09-22,25,9,4,1,102.99,102.99,4,13
17232,2024-09-29,15,9,4,3,104.99,314.97,4,14
17233,2024-09-25,3,5,4,3,13.59,40.77,4,13
17234,2024-09-02,5,6,4,3,23.69,71.07,4,12
17235,2024-09-19,29,6,4,2,15.99,31.98,1,14
17236,2024-09-01,23,3,4,4,93.99,375.96,4,12
17237,2024-09-01,6,17,4,1,51.06,51.06,2,14
17238,2024-09-19,12,8,4,4,50.99,203.96,4,13
17239,2024-09-23,18,11,4,2,440.99,881.98,4,14
17240,2024-09-29,22,17,4,4,35.99,143.96,4,14
17241,2024-09-15,8,6,4,4,34.46,137.84,4,13
17242,2024-09-19,14,14,4,1,217.65,217.65,4,12
17243,2024-09-15,15,15,4,5,39.99,199.95,4,12
17244,2024-09-29,12,5,4,3,21.45,64.35,4,13
17245,2024-09-28,30,8,4,1,52.99,52.99,4,12
17246,2024-09-21,19,19,4,1,22.99,22.99,4,14
17247,2024-09-24,29,7,4,1,146.53,146.53,4,14
17248,2024-09-14,20,3,4,1,149.16,149.16,4,13
17249,2024-09-11,17,18,4,3,8.46,25.38,4,12
17250,2024-09-25,29,15,4,1,83.8,83.8,3,13
17251,2024-09-17,30,5,4,1,16.49,16.49,3,13
17252,2024-09-25,15,5,4,3,25.43,76.29,4,12
17253,2024-09-26,6,8,4,1,47.57,47.57,4,13
17254,2024-09-10,16,10,4,2,62.99,125.98,4,14
17255,2024-09-16,10,14,4,1,246.99,246.99,4,12
17256,2024-09-10,20,1,4,2,1243.84,2487.68,4,12
17257,2024-09-09,17,10,4,3,32.35,97.05,4,13
17258,2024-09-05,22,9,4,3,162.99,488.97,4,14
17259,2024-09-28,27,5,4,3,25.99,77.97,4,13
17260,2024-09-22,23,16,4,1,13.99,13.99,2,12
17261,2024-09-07,5,15,4,5,29.0,145.0,4,12
17262,2024-09-16,28,10,4,1,47.99,47.99,4,13
17263,2024-09-19,20,8,4,1,45.99,45.99,4,12
17264,2024-09-19,26,9,4,1,147.99,147.99,4,13
17265,2024-09-02,16,14,4,3,139.99,419.97,4,13
17266,2024-09-30,21,20,4,2,38.99,77.98,4,14
17267,2024-09-18,6,18,4,2,10.45,20.9,4,13
17268,2024-09-14,25,13,4,1,68.78,68.78,4,12
17269,2024-09-09,12,16,4,2,21.46,42.92,4,14
17270,2024-09-02,4,14,4,1,103.39,103.39,4,12
17271,2024-09-28,8,10,4,5,59.59,297.95,4,14
17272,2024-09-09,23,12,4,1,786.99,786.99,1,12
17273,2024-09-20,14,2,4,2,107.12,214.24,4,13
17274,2024-09-26,6,10,4,2,56.99,113.98,3,12
17275,2024-09-25,29,13,4,4,90.99,363.96,4,14
17276,2024-09-30,25,19,4,3,28.34,85.02,4,13
17277,2024-09-26,24,16,4,1,20.26,20.26,4,14
17278,2024-09-18,16,4,4,1,182.59,182.59,4,13
17279,2024-09-17,6,5,4,1,23.16,23.16,4,12
17280,2024-09-27,19,5,4,1,23.84,23.84,4,14
17281,2024-09-30,15,19,4,1,27.0,27.0,4,13
17282,2024-09-24,17,13,4,1,90.78,90.78,3,14
17283,2024-09-01,25,4,4,2,128.26,256.52,4,12
17284,2024-09-03,5,4,4,5,182.59,912.95,4,12
17285,2024-09-03,28,3,4,1,112.74,112.74,3,14
17286,2024-09-11,16,19,4,1,20.99,20.99,4,13
17287,2024-09-07,30,3,4,4,104.39,417.56,4,12
17288,2024-09-04,21,20,4,4,17.46,69.84,3,12
17289,2024-09-06,9,1,4,3,1188.99,3566.97,4,14
17290,2024-09-24,5,7,4,4,143.99,575.96,4,12
17291,2024-09-15,20,10,4,2,43.77,87.54,4,13
17292,2024-09-28,12,9,4,2,87.99,175.98,4,12
17293,2024-09-04,3,5,4,1,9.99,9.99,4,12
17294,2024-09-03,29,16,4,1,9.99,9.99,4,13
17295,2024-09-09,18,7,4,4,70.99,283.96,4,12
17296,2024-09-19,19,18,4,2,10.76,21.52,4,12
17297,2024-09-03,16,1,4,4,1313.98,5255.92,2,14
17298,2024-09-10,29,12,4,4,540.19,2160.76,4,12
17299,2024-09-17,2,14,4,1,240.99,240.99,3,14
17300,2024-09-12,20,19,5,4,31.05,124.2,2,16
17301,2024-09-11,23,19,5,1,30.99,30.99,4,16
17302,2024-09-14,9,15,5,2,84.88,169.76,4,17
17303,2024-09-27,10,4,5,3,100.99,302.97,4,17
17304,2024-09-16,11,5,5,1,15.99,15.99,4,17
17305,2024-09-01,5,17,5,1,37.08,37.08,4,16
17306,2024-09-25,30,20,5,5,28.99,144.95,4,17
17307,2024-09-21,27,6,5,2,21.17,42.34,4,15
17308,2024-09-25,4,16,5,2,14.99,29.98,4,15
17309,2024-09-25,24,18,5,1,18.58,18.58,4,15
17310,2024-09-26,5,19,5,4,14.04,56.16,4,15
17311,2024-09-06,12,6,5,2,34.8,69.6,4,15
17312,2024-09-22,13,16,5,1,22.99,22.99,4,16
17313,2024-09-06,1,7,5,2,83.64,167.28,4,16
17314,2024-09-12,18,18,5,2,12.38,24.76,4,16
17315,2024-09-20,20,2,5,1,113.88,113.88,4,16
17316,2024-09-05,30,6,5,1,13.02,13.02,4,17
17317,2024-09-11,4,13,5,3,106.99,320.97,4,15
17318,2024-09-22,23,4,5,1,202.99,202.99,4,16
17319,2024-09-21,16,9,5,3,121.99,365.97,4,15
17320,2024-09-27,8,7,5,1,132.99,132.99,4,16
17321,2024-09-29,17,5,5,2,11.99,23.98,3,15
17322,2024-09-15,12,8,5,1,81.99,81.99,4,16
17323,2024-09-13,5,5,5,1,25.99,25.99,4,16
17324,2024-09-13,29,7,5,2,74.73,149.46,4,15
17325,2024-09-01,8,9,5,1,167.69,167.69,4,15
17326,2024-09-14,4,18,5,2,15.99,31.98,4,17
17327,2024-09-11,25,16,5,1,15.85,15.85,4,15
17328,2024-09-15,29,12,5,2,646.99,1293.98,4,16
17329,2024-09-02,16,18,5,1,9.99,9.99,4,16
17330,2024-09-24,17,7,5,1,59.55,59.55,4,15
17331,2024-09-28,2,1,5,1,1361.79,1361.79,4,17
17332,2024-09-17,23,16,5,2,17.99,35.98,4,15
17333,2024-09-14,14,6,5,1,12.59,12.59,4,17
17334,2024-09-01,20,16,5,4,12.99,51.96,4,16
17335,2024-09-19,14,2,5,1,69.99,69.99,4,17
17336,2024-09-15,27,16,5,3,12.99,38.97,4,16
17337,2024-09-26,3,16,5,1,9.24,9.24,4,16
17338,2024-09-23,29,5,5,1,10.34,10.34,4,15
17339,2024-09-05,2,7,5,1,132.14,132.14,4,17
17340,2024-09-21,30,20,5,2,35.52,71.04,4,15
17341,2024-09-15,17,2,5,1,62.39,62.39,4,17
17342,2024-09-16,5,14,5,2,154.99,309.98,4,15
17343,2024-09-24,14,18,5,2,8.28,16.56,4,16
17344,2024-09-20,2,9,5,1,107.99,107.99,4,15
17345,2024-09-27,30,3,5,5,139.99,699.95,4,15
17346,2024-09-15,22,6,5,1,24.1,24.1,4,16
17347,2024-09-10,13,8,5,1,78.58,78.58,4,16
17348,2024-09-21,22,15,5,1,48.52,48.52,4,16
17349,2024-09-25,3,14,5,1,159.99,159.99,4,16
17350,2024-09-17,17,10,5,4,29.0,116.0,4,17
17351,2024-09-25,19,16,5,1,14.3,14.3,4,17
17352,2024-09-03,12,13,5,2,93.99,187.98,2,16
17353,2024-09-16,30,16,5,2,15.44,30.88,4,17
17354,2024-09-26,4,15,5,2,55.8,111.6,2,15
17355,2024-09-01,20,2,5,1,82.78,82.78,4,15
17356,2024-09-07,28,18,5,2,7.99,15.98,1,17
17357,2024-09-18,2,6,5,2,11.85,23.7,4,17
17358,2024-09-29,16,14,5,2,142.99,285.98,4,17
17359,2024-09-20,8,18,5,2,11.78,23.56,4,15
17360,2024-09-12,2,16,5,2,8.44,16.88,4,17
17361,2024-09-30,9,8,5,3,55.99,167.97,4,16
17362,2024-09-04,21,8,5,1,50.27,50.27,4,17
17363,2024-09-19,22,18,5,1,15.3,15.3,4,16
17364,2024-09-07,14,4,5,3,202.99,608.97,4,15
17365,2024-09-26,29,19,5,1,16.99,16.99,4,16
17366,2024-09-10,28,17,5,2,26.55,53.1,2,16
17367,2024-09-27,27,10,5,2,65.17,130.34,4,15
17368,2024-09-29,26,18,5,3,7.0,21.0,4,16
17369,2024-09-07,30,15,6,2,54.86,109.72,4,20
17370,2024-09-29,14,5,6,1,27.35,27.35,4,18
17371,2024-09-10,11,20,6,3,26.67,80.01,4,18
17372,2024-09-20,7,14,6,4,197.86,791.44,4,20
17373,2024-09-05,3,20,6,1,29.99,29.99,4,19
17374,2024-09-03,20,16,6,1,22.78,22.78,4,18
17375,2024-09-01,20,13,6,1,56.89,56.89,4,18
17376,2024-09-29,27,10,6,2,35.42,70.84,4,19
17377,2024-09-01,16,1,6,1,898.99,898.99,4,19
17378,2024-09-14,19,12,6,2,864.99,1729.98,4,18
17379,2024-09-12,15,16,6,1,20.76,20.76,4,20
17380,2024-09-10,15,8,6,3,81.99,245.97,1,20
17381,2024-09-21,9,15,6,2,85.63,171.26,4,20
17382,2024-09-11,8,6,6,4,26.99,107.96,4,18
17383,2024-09-09,9,16,6,3,13.99,41.97,2,18
17384,2024-09-11,5,20,6,2,30.99,61.98,4,18
17385,2024-09-09,1,13,6,5,59.59,297.95,4,18
17386,2024-09-02,7,3,6,1,128.99,128.99,4,19
17387,2024-09-09,11,13,6,1,41.32,41.32,4,20
17388,2024-09-17,19,2,6,5,88.5,442.5,1,18
17389,2024-09-05,1,19,6,3,29.17,87.51,4,20
17390,2024-09-25,9,5,6,4,16.63,66.52,4,19
17391,2024-09-15,18,3,6,1,152.0,152.0,4,19
17392,2024-09-10,11,5,6,1,19.03,19.03,4,20
17393,2024-09-13,11,14,6,4,174.61,698.44,4,18
17394,2024-09-03,30,2,6,4,95.33,381.32,4,19
17395,2024-09-13,27,18,6,1,7.36,7.36,4,18
17396,2024-09-12,14,15,6,3,53.29,159.87,4,19
17397,2024-09-03,19,16,6,1,20.99,20.99,4,18
17398,2024-09-23,4,15,6,1,43.99,43.99,4,19
17399,2024-09-15,9,1,6,5,1067.08,5335.4,4,19
17400,2024-09-13,30,14,6,2,234.99,469.98,4,20
17401,2024-09-30,10,6,6,1,23.73,23.73,3,18
17402,2024-09-03,27,8,6,1,77.99,77.99,4,20
17403,2024-09-24,16,15,6,2,38.99,77.98,4,18
17404,2024-09-22,11,2,6,4,58.22,232.88,4,19
17405,2024-09-30,5,19,6,1,36.99,36.99,4,20
17406,2024-09-25,30,6,6,2,13.39,26.78,4,18
17407,2024-09-04,28,18,6,2,15.25,30.5,3,19
17408,2024-09-30,14,2,6,4,62.21,248.84,4,18
17409,2024-09-28,30,3,6,2,137.62,275.24,4,20
17410,2024-09-19,24,6,6,1,26.77,26.77,4,19
17411,2024-09-22,18,13,6,2,81.99,163.98,4,20
17412,2024-09-19,30,3,6,1,79.99,79.99,4,18
17413,2024-09-18,16,18,6,3,16.99,50.97,4,18
17414,2024-09-30,18,11,6,1,454.99,454.99,4,18
17415,2024-09-19,26,8,6,5,86.73,433.65,4,20
17416,2024-09-21,7,20,6,2,41.13,82.26,4,18
17417,2024-09-13,3,6,6,3,14.07,42.21,4,19
17418,2024-09-19,29,6,6,1,25.99,25.99,4,19
17419,2024-09-30,5,14,6,1,134.99,134.99,3,18
17420,2024-09-16,14,4,6,2,169.99,339.98,4,18
17421,2024-09-26,3,5,6,3,25.9,77.7,4,18
17422,2024-09-29,24,13,6,1,68.99,68.99,4,20
17423,2024-09-25,20,16,6,2,20.99,41.98,4,19
17424,2024-09-19,10,19,6,1,24.99,24.99,4,19
17425,2024-09-04,20,18,6,3,10.79,32.37,4,18
17426,2024-09-04,25,13,6,2,117.99,235.98,4,18
17427,2024-09-21,11,1,6,1,807.18,807.18,4,19
17428,2024-09-20,11,9,6,3,143.99,431.97,4,18
17429,2024-09-10,29,10,6,3,58.43,175.29,4,18
17430,2024-09-27,29,6,6,1,16.46,16.46,4,18
17431,2024-09-12,10,17,6,2,26.6,53.2,1,19
17432,2024-09-04,14,3,6,1,120.99,120.99,4,18
17433,2024-09-05,6,18,6,3,7.0,21.0,4,19
17434,2024-09-11,12,18,6,1,17.57,17.57,4,20
17435,2024-09-17,4,16,6,1,15.63,15.63,2,19
17436,2024-09-21,24,4,6,2,284.99,569.98,4,18
17437,2024-09-03,9,6,6,3,21.99,65.97,4,19
17438,2024-09-25,22,15,6,2,69.3,138.6,1,20
17439,2024-09-30,14,15,6,1,79.56,79.56,4,19
17440,2024-09-08,6,5,6,3,9.77,29.31,4,19
17441,2024-09-25,13,3,7,2,112.44,224.88,4,23
17442,2024-09-08,6,17,7,3,46.99,140.97,1,23
17443,2024-09-01,16,3,7,1,64.91,64.91,4,23
17444,2024-09-17,25,16,7,3,14.52,43.56,4,22
17445,2024-09-29,13,11,7,1,360.5,360.5,4,21
17446,2024-09-11,24,16,7,2,16.99,33.98,4,21
17447,2024-09-20,12,13,7,1,117.99,117.99,4,22
17448,2024-09-04,4,8,7,4,87.47,349.88,4,22
17449,2024-09-26,1,19,7,1,25.99,25.99,4,22
17450,2024-09-21,14,15,7,2,59.99,119.98,4,21
17451,2024-09-08,18,3,7,1,98.07,98.07,4,22
17452,2024-09-07,26,10,7,1,50.99,50.99,4,21
17453,2024-09-28,28,16,7,1,10.99,10.99,4,21
17454,2024-09-23,12,8,7,2,27.99,55.98,4,22
17455,2024-09-25,22,5,7,1,14.99,14.99,4,23
17456,2024-09-10,30,20,7,2,32.99,65.98,4,21
17457,2024-09-03,13,2,7,1,53.83,53.83,4,21
17458,2024-09-16,16,10,7,2,67.83,135.66,4,22
17459,2024-09-30,29,10,7,3,57.85,173.55,4,23
17460,2024-09-02,5,16,7,4,11.99,47.96,4,21
17461,2024-09-14,17,20,7,2,35.99,71.98,4,22
17462,2024-09-12,3,7,7,2,60.99,121.98,4,23
17463,2024-09-29,9,15,7,3,56.36,169.08,4,21
17464,2024-09-28,15,15,7,3,53.14,159.42,4,21
17465,2024-09-11,5,6,7,1,14.59,14.59,4,21
17466,2024-09-12,16,6,7,2,11.24,22.48,4,21
17467,2024-09-18,16,8,7,1,70.99,70.99,4,22
17468,2024-09-08,7,10,7,3,66.6,199.8,2,23
17469,2024-09-09,24,3,7,2,92.99,185.98,4,21
17470,2024-09-16,20,16,7,5,10.94,54.7,4,21
17471,2024-09-24,23,16,7,5,13.35,66.75,4,21
17472,2024-09-23,28,6,7,4,27.14,108.56,4,21
17473,2024-09-15,6,11,7,2,410.99,821.98,4,23
17474,2024-09-26,27,13,7,1,84.99,84.99,4,22
17475,2024-09-06,30,18,7,2,16.58,33.16,4,22
17476,2024-09-24,11,11,7,1,421.96,421.96,4,22
17477,2024-09-01,6,9,7,1,115.99,115.99,4,23
17478,2024-09-01,17,7,7,1,150.99,150.99,4,23
17479,2024-09-07,25,15,7,4,43.68,174.72,4,22
17480,2024-09-29,5,7,7,4,150.49,601.96,3,22
17481,2024-09-29,12,7,7,2,63.3,126.6,4,21
17482,2024-09-19,4,18,7,3,17.71,53.13,4,21
17483,2024-09-24,28,2,7,2,124.99,249.98,4,23
17484,2024-09-13,7,7,7,1,126.01,126.01,4,23
17485,2024-09-10,3,18,7,2,10.99,21.98,4,22
17486,2024-09-27,28,4,7,1,132.99,132.99,4,23
17487,2024-09-18,26,16,7,2,15.86,31.72,1,21
17488,2024-09-21,13,6,7,3,14.49,43.47,3,22
17489,2024-09-22,17,17,7,4,25.31,101.24,4,23
17490,2024-09-03,21,5,7,1,13.99,13.99,4,22
17491,2024-09-04,21,7,7,3,114.99,344.97,4,21
17492,2024-09-21,8,19,7,3,27.99,83.97,4,23
17493,2024-09-08,24,14,7,1,199.99,199.99,2,23
17494,2024-09-06,9,17,7,2,34.99,69.98,4,23
17495,2024-09-26,3,5,7,1,19.21,19.21,4,21
17496,2024-09-28,13,15,7,3,42.61,127.83,4,23
17497,2024-09-19,18,1,7,2,1319.78,2639.56,4,21
17498,2024-09-08,6,3,7,2,130.99,261.98,4,23
17499,2024-09-20,18,3,7,1,90.29,90.29,4,21
17500,2024-09-24,26,7,7,2,136.89,273.78,4,22
17501,2024-09-03,21,6,7,4,30.26,121.04,4,23
17502,2024-09-24,1,18,7,1,7.12,7.12,4,22
17503,2024-09-29,30,15,7,1,52.09,52.09,4,21
17504,2024-09-08,21,14,7,2,188.41,376.82,1,21
17505,2024-09-27,8,15,7,3,54.1,162.3,4,21
17506,2024-09-08,20,5,7,2,17.28,34.56,4,23
17507,2024-09-25,10,6,7,2,29.21,58.42,4,23
17508,2024-09-30,20,1,8,4,1079.02,4316.08,4,25
17509,2024-09-28,5,2,8,1,106.89,106.89,4,24
17510,2024-09-05,15,18,8,3,11.7,35.1,4,24
17511,2024-09-11,15,18,8,3,17.99,53.97,4,24
17512,2024-09-24,28,19,8,3,31.57,94.71,4,25
17513,2024-09-02,9,14,8,2,223.33,446.66,4,25
17514,2024-09-03,16,8,8,2,87.99,175.98,4,25
17515,2024-09-03,17,13,8,4,114.69,458.76,4,25
17516,2024-09-30,16,16,8,2,15.99,31.98,4,25
17517,2024-09-27,10,3,8,2,119.31,238.62,4,24
17518,2024-09-21,14,7,8,4,127.71,510.84,2,25
17519,2024-09-14,18,5,8,3,23.3,69.9,4,25
17520,2024-09-15,29,16,8,2,17.98,35.96,4,25
17521,2024-09-01,18,17,8,1,26.12,26.12,4,24
17522,2024-09-21,19,5,8,5,12.02,60.1,4,25
17523,2024-09-25,30,14,8,5,193.03,965.15,4,24
17524,2024-09-16,28,8,8,2,58.08,116.16,2,25
17525,2024-09-15,25,16,8,2,11.99,23.98,2,24
17526,2024-09-28,24,18,8,2,18.93,37.86,1,24
17527,2024-09-22,26,3,8,2,102.99,205.98,4,25
17528,2024-09-28,8,10,8,1,54.91,54.91,4,24
17529,2024-09-09,1,3,8,2,71.25,142.5,1,24
17530,2024-09-19,7,20,8,1,19.82,19.82,4,25
17531,2024-09-15,3,20,8,2,33.99,67.98,4,24
17532,2024-09-20,30,2,8,2,97.99,195.98,4,24
17533,2024-09-10,4,8,8,1,70.54,70.54,1,24
17534,2024-09-22,1,19,8,1,14.99,14.99,4,25
17535,2024-09-20,8,10,8,1,44.99,44.99,4,24
17536,2024-09-28,13,20,8,2,22.99,45.98,4,24
17537,2024-09-09,25,13,8,5,114.11,570.55,4,25
17538,2024-09-14,6,13,8,1,102.99,102.99,4,24
17539,2024-09-04,2,3,8,4,103.99,415.96,4,24
17540,2024-09-11,8,15,8,2,32.99,65.98,4,24
17541,2024-09-09,20,18,8,3,14.51,43.53,1,25
17542,2024-09-30,8,19,8,2,34.99,69.98,4,24
17543,2024-09-24,17,7,8,1,111.02,111.02,4,25
17544,2024-09-17,15,18,8,1,10.99,10.99,4,25
17545,2024-09-04,18,5,8,1,21.68,21.68,4,25
17546,2024-09-27,24,20,8,3,38.99,116.97,4,24
17547,2024-09-14,16,5,8,4,28.88,115.52,4,25
17548,2024-09-15,24,3,8,3,117.99,353.97,4,25
17549,2024-09-24,20,8,8,1,30.0,30.0,4,25
17550,2024-09-17,22,7,8,3,68.1,204.3,4,24
17551,2024-09-06,17,5,8,5,9.99,49.95,4,25
17552,2024-09-24,3,17,8,2,34.99,69.98,4,25
17553,2024-09-28,10,20,8,1,19.33,19.33,3,24
17554,2024-09-12,5,8,8,3,76.78,230.34,4,25
17555,2024-09-27,17,4,8,1,227.93,227.93,4,24
17556,2024-09-23,18,4,8,1,128.04,128.04,4,24
17557,2024-09-23,4,13,8,3,54.15,162.45,4,25
17558,2024-09-08,26,13,8,2,44.48,88.96,2,25
17559,2024-09-16,23,6,8,4,26.4,105.6,1,25
17560,2024-09-03,25,5,8,1,23.05,23.05,4,25
17561,2024-09-03,19,19,8,5,24.99,124.95,4,25
17562,2024-09-01,10,8,8,1,25.99,25.99,4,24
17563,2024-09-02,1,7,8,1,118.99,118.99,4,25
17564,2024-09-03,2,4,8,3,201.99,605.97,4,25
17565,2024-09-29,10,17,8,3,39.99,119.97,4,24
17566,2024-09-12,25,8,8,1,26.74,26.74,4,25
17567,2024-09-10,8,6,8,3,21.04,63.12,4,25
17568,2024-09-13,21,18,8,2,12.99,25.98,4,24
17569,2024-09-17,17,3,8,1,153.99,153.99,4,24
17570,2024-09-07,24,7,8,3,126.92,380.76,4,24
17571,2024-09-14,5,17,8,2,50.83,101.66,1,25
17572,2024-09-11,22,4,8,1,292.86,292.86,4,24
17573,2024-09-05,24,19,8,4,20.99,83.96,4,25
17574,2024-09-25,21,19,8,1,32.99,32.99,1,25
17575,2024-09-26,25,15,8,5,69.33,346.65,4,25
17576,2024-09-12,20,11,8,4,343.99,1375.96,4,25
17577,2024-09-08,25,18,8,2,13.55,27.1,4,24
17578,2024-09-16,24,5,8,2,25.93,51.86,4,25
17579,2024-09-07,4,19,8,2,23.04,46.08,4,24
17580,2024-09-18,19,8,8,2,41.17,82.34,4,25
17581,2024-09-30,1,5,8,5,23.53,117.65,4,25
17582,2024-09-30,26,17,8,2,21.14,42.28,4,25
17583,2024-09-01,12,17,8,5,26.99,134.95,4,24
17584,2024-09-29,11,2,8,3,114.53,343.59,4,24
17585,2024-09-16,30,16,9,1,22.94,22.94,2,27
17586,2024-09-17,3,8,9,3,74.56,223.68,4,26
17587,2024-09-26,14,17,9,1,21.25,21.25,4,26
17588,2024-09-08,10,15,9,2,76.32,152.64,4,26
17589,2024-09-19,8,3,9,5,66.99,334.95,4,26
17590,2024-09-25,12,5,9,3,21.99,65.97,4,28
17591,2024-09-29,5,13,9,4,53.21,212.84,4,28
17592,2024-09-07,27,3,9,2,152.78,305.56,4,28
17593,2024-09-30,14,13,9,2,86.99,173.98,1,28
17594,2024-09-06,23,18,9,2,15.9,31.8,4,28
17595,2024-09-16,9,17,9,2,20.42,40.84,2,28
17596,2024-09-20,29,5,9,2,12.99,25.98,4,26
17597,2024-09-14,8,5,9,3,22.99,68.97,4,27
17598,2024-09-18,27,19,9,3,16.99,50.97,4,26
17599,2024-09-04,4,10,9,3,62.35,187.05,4,26
17600,2024-09-06,28,15,9,1,83.17,83.17,4,28
17601,2024-09-06,13,17,9,2,39.11,78.22,4,28
17602,2024-09-06,15,18,9,2,15.34,30.68,4,27
17603,2024-09-15,11,18,9,1,7.0,7.0,4,28
17604,2024-09-04,18,7,9,1,60.99,60.99,4,28
17605,2024-09-11,5,20,9,1,29.58,29.58,4,27
17606,2024-09-20,19,4,9,5,107.99,539.95,4,28
17607,2024-09-27,3,13,9,1,113.99,113.99,4,26
17608,2024-09-20,1,7,9,1,103.43,103.43,4,28
17609,2024-09-03,19,19,9,2,24.57,49.14,4,27
17610,2024-09-06,20,5,9,3,16.99,50.97,4,27
17611,2024-09-05,13,3,9,5,85.8,429.0,4,26
17612,2024-09-01,22,16,9,3,12.98,38.94,1,26
17613,2024-09-28,8,18,9,4,11.55,46.2,1,28
17614,2024-09-01,21,6,9,2,29.84,59.68,4,28
17615,2024-09-03,30,17,9,1,43.27,43.27,4,28
17616,2024-09-11,7,2,9,3,103.99,311.97,4,26
17617,2024-09-11,12,19,9,1,34.99,34.99,4,26
17618,2024-09-02,22,6,9,1,15.58,15.58,4,26
17619,2024-09-05,1,2,9,2,90.99,181.98,1,27
17620,2024-09-10,11,19,9,2,23.15,46.3,4,26
17621,2024-09-14,13,6,9,1,33.99,33.99,4,26
17622,2024-09-15,6,8,9,4,57.62,230.48,3,27
17623,2024-09-24,26,19,9,3,36.71,110.13,4,28
17624,2024-09-21,10,2,9,5,73.99,369.95,4,27
17625,2024-09-18,16,2,9,3,76.84,230.52,4,27
17626,2024-09-28,27,15,9,4,79.48,317.92,4,27
17627,2024-09-30,12,16,9,1,9.44,9.44,4,28
17628,2024-09-01,7,20,9,1,16.99,16.99,4,27
17629,2024-09-08,23,19,9,1,31.99,31.99,4,27
17630,2024-09-22,30,8,9,1,81.96,81.96,4,26
17631,2024-09-20,15,1,9,2,805.72,1611.44,4,27
17632,2024-09-16,29,4,9,2,234.61,469.22,4,27
17633,2024-09-25,27,16,9,2,18.99,37.98,4,26
17634,2024-09-23,1,1,9,2,1383.99,2767.98,4,28
17635,2024-09-08,10,9,9,3,160.99,482.97,4,26
17636,2024-09-27,5,18,9,4,14.51,58.04,3,26
17637,2024-09-20,24,8,9,5,56.99,284.95,4,28
17638,2024-09-24,28,2,9,1,103.21,103.21,4,27
17639,2024-09-15,19,18,9,2,11.99,23.98,4,27
17640,2024-09-13,7,7,9,1,148.22,148.22,4,26
17641,2024-09-08,12,6,9,1,11.53,11.53,4,28
17642,2024-09-16,16,8,9,1,50.1,50.1,4,28
17643,2024-09-25,21,6,9,1,9.99,9.99,4,27
17644,2024-09-27,2,8,9,3,41.45,124.35,4,28
17645,2024-09-03,5,2,9,2,50.41,100.82,4,26
17646,2024-09-30,20,8,9,2,50.82,101.64,4,28
17647,2024-09-22,8,15,9,2,47.58,95.16,4,27
17648,2024-09-02,12,1,9,3,824.17,2472.51,4,26
17649,2024-09-11,13,19,9,5,31.99,159.95,4,27
17650,2024-09-27,5,18,9,1,14.37,14.37,4,27
17651,2024-09-16,24,4,9,2,192.79,385.58,4,28
17652,2024-09-06,5,16,9,1,23.74,23.74,4,27
17653,2024-09-27,27,16,9,3,12.74,38.22,4,28
17654,2024-09-26,16,15,9,3,36.39,109.17,4,26
17655,2024-09-23,5,17,9,4,35.76,143.04,4,28
17656,2024-09-16,14,20,9,2,15.99,31.98,4,28
17657,2024-09-25,22,3,9,1,130.59,130.59,4,27
17658,2024-09-26,23,17,10,2,31.03,62.06,4,29
17659,2024-09-07,13,20,10,5,39.99,199.95,4,31
17660,2024-09-22,10,3,10,4,99.99,399.96,4,30
17661,2024-09-09,3,10,10,1,66.99,66.99,4,30
17662,2024-09-22,2,17,10,3,46.25,138.75,4,30
17663,2024-09-19,26,7,10,1,142.47,142.47,4,30
17664,2024-09-13,3,16,10,1,10.92,10.92,4,31
17665,2024-09-06,11,19,10,1,24.99,24.99,4,31
17666,2024-09-02,27,5,10,1,22.45,22.45,4,29
17667,2024-09-09,4,19,10,1,37.12,37.12,4,31
17668,2024-09-30,16,7,10,2,140.99,281.98,4,31
17669,2024-09-05,1,1,10,2,1280.99,2561.98,4,29
17670,2024-09-05,22,13,10,1,116.18,116.18,4,29
17671,2024-09-20,22,5,10,2,12.57,25.14,4,29
17672,2024-09-06,29,17,10,5,31.99,159.95,4,30
17673,2024-09-21,7,8,10,1,76.93,76.93,4,31
17674,2024-09-27,11,13,10,1,51.99,51.99,4,31
17675,2024-09-14,9,14,10,3,211.99,635.97,4,29
17676,2024-09-04,11,1,10,2,947.99,1895.98,4,31
17677,2024-09-14,13,8,10,1,81.99,81.99,4,31
17678,2024-09-04,30,9,10,3,162.42,487.26,4,31
17679,2024-09-16,13,11,10,4,590.99,2363.96,4,31
17680,2024-09-22,3,16,10,5,13.99,69.95,4,29
17681,2024-09-02,18,8,10,3,67.15,201.45,4,30
17682,2024-09-16,12,3,10,3,125.99,377.97,4,30
17683,2024-09-07,4,16,10,2,9.15,18.3,4,31
17684,2024-09-27,18,17,10,3,21.99,65.97,4,29
17685,2024-09-06,11,8,10,1,54.99,54.99,4,29
17686,2024-09-02,15,2,10,3,100.07,300.21,4,30
17687,2024-09-16,1,4,10,3,271.32,813.96,4,31
17688,2024-09-18,14,13,10,1,64.9,64.9,4,29
17689,2024-09-22,15,9,10,3,134.09,402.27,4,29
17690,2024-09-08,29,6,10,5,11.59,57.95,4,31
17691,2024-09-21,26,19,10,1,33.56,33.56,4,31
17692,2024-09-09,18,8,10,5,27.39,136.95,4,31
17693,2024-09-16,27,20,10,3,31.7,95.1,4,29
17694,2024-09-08,20,18,10,2,10.99,21.98,4,31
17695,2024-09-15,4,3,10,1,102.95,102.95,2,29
17696,2024-09-15,15,10,10,1,61.55,61.55,4,30
17697,2024-09-29,22,19,10,3,29.58,88.74,4,30
17698,2024-09-23,8,3,10,2,64.06,128.12,4,31
17699,2024-09-20,4,8,10,2,55.96,111.92,4,29
17700,2024-09-15,24,7,10,1,124.72,124.72,4,29
17701,2024-09-26,5,19,10,1,28.05,28.05,4,31
17702,2024-09-12,29,6,10,5,25.71,128.55,4,30
17703,2024-09-26,5,17,10,2,26.99,53.98,4,29
17704,2024-09-23,12,2,10,2,104.35,208.7,4,31
17705,2024-09-03,27,6,10,2,9.27,18.54,4,30
17706,2024-09-19,18,9,10,5,136.35,681.75,4,29
17707,2024-09-19,8,10,10,1,44.99,44.99,1,31
17708,2024-09-09,25,13,10,2,60.99,121.98,4,29
17709,2024-09-23,27,16,10,2,9.55,19.1,4,30
17710,2024-09-08,26,15,10,2,68.99,137.98,4,29
17711,2024-09-17,24,6,10,2,16.99,33.98,4,30
17712,2024-09-26,27,7,10,2,62.8,125.6,4,29
17713,2024-09-12,20,9,10,1,103.99,103.99,4,31
17714,2024-09-06,24,9,10,3,103.54,310.62,4,30
17715,2024-09-20,10,20,10,3,33.1,99.3,4,29
17716,2024-09-27,25,17,10,1,23.16,23.16,4,29
17717,2024-09-25,3,15,10,3,73.99,221.97,4,29
17718,2024-09-25,23,10,10,1,53.99,53.99,2,31
17719,2024-09-08,22,9,10,3,132.83,398.49,4,30
17720,2024-09-18,18,3,10,1,69.45,69.45,4,31
17721,2024-09-25,9,14,10,2,172.01,344.02,4,31
17722,2024-09-15,30,18,11,1,15.99,15.99,4,32
17723,2024-09-22,16,16,11,5,17.04,85.2,4,33
17724,2024-09-22,26,6,11,3,9.99,29.97,4,32
17725,2024-09-20,8,9,11,1,193.27,193.27,4,32
17726,2024-09-12,16,5,11,4,19.99,79.96,4,33
17727,2024-09-18,20,9,11,3,129.7,389.1,4,32
17728,2024-09-22,13,19,11,2,27.99,55.98,4,32
17729,2024-09-21,1,9,11,1,82.03,82.03,4,32
17730,2024-09-23,13,2,11,3,55.74,167.22,4,32
17731,2024-09-29,6,15,11,2,55.94,111.88,4,33
17732,2024-09-23,6,20,11,2,36.01,72.02,4,32
17733,2024-09-02,13,3,11,3,79.17,237.51,4,32
17734,2024-09-02,26,19,11,1,30.99,30.99,4,33
17735,2024-09-07,13,5,11,2,25.42,50.84,4,33
17736,2024-09-08,10,8,11,2,72.99,145.98,4,32
17737,2024-09-10,4,17,11,5,24.99,124.95,4,32
17738,2024-09-13,8,3,11,2,96.99,193.98,4,32
17739,2024-09-07,22,7,11,2,94.12,188.24,4,32
17740,2024-09-27,10,5,11,2,9.99,19.98,4,33
17741,2024-09-23,30,17,11,1,31.99,31.99,4,32
17742,2024-09-04,22,3,11,3,119.99,359.97,4,33
17743,2024-09-07,10,2,11,1,72.32,72.32,4,33
17744,2024-09-29,5,13,11,2,88.99,177.98,4,32
17745,2024-09-22,12,10,11,1,56.99,56.99,4,32
17746,2024-09-04,4,16,11,2,18.99,37.98,4,33
17747,2024-09-22,23,13,11,1,56.22,56.22,3,33
17748,2024-09-21,26,16,11,2,17.03,34.06,4,33
17749,2024-09-24,12,5,11,1,13.99,13.99,4,32
17750,2024-09-28,9,8,11,1,27.99,27.99,4,33
17751,2024-09-27,7,10,11,4,63.05,252.2,4,32
17752,2024-09-27,16,18,11,3,13.12,39.36,4,32
17753,2024-09-05,13,5,11,2,26.99,53.98,4,33
17754,2024-09-25,12,20,11,2,21.04,42.08,4,32
17755,2024-09-11,4,8,11,1,60.39,60.39,1,32
17756,2024-09-19,27,15,11,2,79.99,159.98,4,33
17757,2024-09-14,21,4,11,1,171.97,171.97,4,32
17758,2024-09-10,1,9,11,2,165.99,331.98,4,32
17759,2024-09-15,17,1,11,4,979.19,3916.76,4,32
17760,2024-09-13,3,13,11,1,45.99,45.99,1,32
17761,2024-09-11,20,3,11,1,137.99,137.99,4,32
17762,2024-09-24,21,16,11,1,20.59,20.59,3,32
17763,2024-09-24,9,8,11,5,27.26,136.3,4,33
17764,2024-09-29,30,5,11,1,16.99,16.99,2,33
17765,2024-09-22,6,16,11,4,21.7,86.8,4,32
17766,2024-09-21,13,8,11,2,47.72,95.44,4,32
17767,2024-09-10,4,15,11,1,70.62,70.62,4,32
17768,2024-09-13,4,16,11,2,17.53,35.06,4,33
17769,2024-09-10,23,20,11,5,30.3,151.5,4,32
17770,2024-09-08,23,7,11,2,92.99,185.98,4,33
17771,2024-09-17,26,16,11,1,20.13,20.13,4,32
17772,2024-09-27,12,19,11,3,32.92,98.76,4,32
17773,2024-09-18,13,5,11,5,10.96,54.8,4,33
17774,2024-09-28,21,2,11,2,66.72,133.44,4,32
17775,2024-09-22,17,6,11,2,30.99,61.98,4,33
17776,2024-09-08,2,16,11,3,22.98,68.94,4,32
17777,2024-09-07,13,8,12,2,37.01,74.02,4,34
17778,2024-09-16,9,17,12,2,26.01,52.02,4,35
17779,2024-09-19,10,12,12,3,640.24,1920.72,4,35
17780,2024-09-23,24,3,12,3,93.51,280.53,4,34
17781,2024-09-05,30,19,12,1,38.58,38.58,4,35
17782,2024-09-02,14,15,12,1,69.24,69.24,4,35
17783,2024-09-10,8,8,12,1,42.92,42.92,4,34
17784,2024-09-13,1,2,12,2,81.84,163.68,4,35
17785,2024-09-06,1,7,12,1,55.14,55.14,2,35
17786,2024-09-04,3,15,12,1,63.12,63.12,4,34
17787,2024-09-23,21,5,12,1,12.72,12.72,4,34
17788,2024-09-28,4,1,12,4,1000.1,4000.4,4,34
17789,2024-09-12,26,7,12,1,146.62,146.62,4,35
17790,2024-09-09,6,5,12,1,18.17,18.17,4,35
17791,2024-09-26,15,5,12,4,21.99,87.96,4,35
17792,2024-09-12,13,6,12,4,12.5,50.0,4,35
17793,2024-09-10,6,18,12,1,7.0,7.0,4,35
17794,2024-09-14,4,2,12,3,111.72,335.16,4,34
17795,2024-09-21,24,16,12,3,8.99,26.97,1,34
17796,2024-09-18,8,10,12,3,30.13,90.39,4,35
17797,2024-09-11,15,4,12,1,268.39,268.39,4,35
17798,2024-09-16,13,18,12,5,7.8,39.0,2,35
17799,2024-09-28,2,18,12,2,12.03,24.06,4,35
17800,2024-09-29,30,20,12,2,32.99,65.98,4,35
17801,2024-09-13,5,14,12,1,171.48,171.48,4,34
17802,2024-09-15,6,7,12,2,56.99,113.98,4,34
17803,2024-09-20,5,7,12,1,92.67,92.67,4,34
17804,2024-09-18,7,2,12,3,76.99,230.97,4,35
17805,2024-09-21,2,3,12,3,83.99,251.97,4,34
17806,2024-09-19,14,19,12,3,17.0,51.0,4,35
17807,2024-09-20,4,18,12,5,16.35,81.75,4,34
17808,2024-09-30,21,7,12,1,56.99,56.99,4,35
17809,2024-09-28,11,20,12,1,14.1,14.1,4,35
17810,2024-09-03,23,5,12,2,9.99,19.98,4,34
17811,2024-09-26,15,3,12,3,124.38,373.14,4,34
17812,2024-09-03,1,7,12,1,149.94,149.94,4,35
17813,2024-09-25,15,15,12,1,50.29,50.29,4,35
17814,2024-09-10,16,3,12,2,65.45,130.9,4,35
17815,2024-09-14,28,7,12,2,56.84,113.68,4,34
17816,2024-09-20,30,16,12,1,11.58,11.58,4,34
17817,2024-09-08,13,2,12,2,62.36,124.72,4,34
17818,2024-09-23,14,3,12,5,142.0,710.0,4,35
17819,2024-09-20,1,6,12,5,11.52,57.6,4,34
17820,2024-09-20,30,18,12,1,17.84,17.84,1,34
17821,2024-09-16,11,15,12,3,50.52,151.56,4,34
17822,2024-09-15,28,10,12,1,29.76,29.76,4,34
17823,2024-09-30,15,17,12,1,53.99,53.99,4,35
17824,2024-09-10,1,17,12,1,42.33,42.33,4,34
17825,2024-09-23,8,18,12,4,10.77,43.08,4,35
17826,2024-09-06,9,5,13,5,28.22,141.1,4,38
17827,2024-09-14,14,19,13,1,26.05,26.05,3,38
17828,2024-09-17,29,13,13,3,98.23,294.69,4,38
17829,2024-09-20,1,19,13,3,31.99,95.97,4,38
17830,2024-09-04,5,6,13,2,32.98,65.96,4,37
17831,2024-09-07,2,3,13,5,103.99,519.95,4,38
17832,2024-09-16,12,6,13,1,22.99,22.99,3,36
17833,2024-09-04,4,2,13,1,85.99,85.99,4,36
17834,2024-09-11,16,18,13,1,7.06,7.06,4,37
17835,2024-09-29,14,16,13,1,17.99,17.99,4,37
17836,2024-09-28,14,6,13,1,28.3,28.3,4,38
17837,2024-09-12,22,10,13,4,48.88,195.52,4,38
17838,2024-09-09,6,20,13,1,26.64,26.64,4,37
17839,2024-09-12,23,2,13,4,128.32,513.28,4,36
17840,2024-09-30,26,7,13,2,62.04,124.08,4,37
17841,2024-09-09,3,4,13,1,128.99,128.99,4,37
17842,2024-09-01,22,15,13,2,48.99,97.98,4,37
17843,2024-09-13,11,3,13,3,117.99,353.97,4,36
17844,2024-09-15,17,5,13,3,28.72,86.16,4,37
17845,2024-09-22,15,18,13,2,7.0,14.0,4,36
17846,2024-09-26,23,20,13,1,29.99,29.99,4,36
17847,2024-09-20,15,2,13,3,101.99,305.97,3,36
17848,2024-09-19,6,10,13,1,52.54,52.54,4,38
17849,2024-09-16,20,18,13,2,14.99,29.98,4,37
17850,2024-09-11,20,7,13,3,103.39,310.17,4,38
17851,2024-09-16,3,17,13,5,51.71,258.55,4,38
17852,2024-09-06,12,17,13,1,43.71,43.71,4,36
17853,2024-09-02,18,5,13,2,28.74,57.48,2,37
17854,2024-09-20,3,19,13,1,15.52,15.52,4,36
17855,2024-09-21,7,12,13,2,837.99,1675.98,4,38
17856,2024-09-28,18,9,13,1,168.99,168.99,4,36
17857,2024-09-10,27,8,13,1,50.83,50.83,4,37
17858,2024-09-08,23,7,13,1,51.05,51.05,3,38
17859,2024-09-16,29,6,13,1,29.75,29.75,4,38
17860,2024-09-18,14,17,13,3,32.99,98.97,4,37
17861,2024-09-14,14,17,13,4,42.64,170.56,4,36
17862,2024-09-09,12,7,13,3,107.79,323.37,4,36
17863,2024-09-20,6,19,13,1,16.99,16.99,4,38
17864,2024-09-04,23,18,13,2,15.99,31.98,4,37
17865,2024-09-14,2,16,13,3,19.31,57.93,4,37
17866,2024-09-13,8,13,13,1,113.52,113.52,4,37
17867,2024-09-02,7,10,13,2,67.56,135.12,4,37
17868,2024-09-17,17,15,13,3,84.99,254.97,4,37
17869,2024-09-20,4,9,13,3,167.16,501.48,4,38
17870,2024-09-21,5,7,13,3,79.04,237.12,4,37
17871,2024-09-19,18,8,13,4,36.5,146.0,4,38
17872,2024-09-26,7,10,13,1,40.14,40.14,4,36
17873,2024-09-20,21,13,13,2,70.4,140.8,4,36
17874,2024-09-25,16,4,13,1,168.22,168.22,4,38
17875,2024-09-12,21,1,13,1,1223.99,1223.99,4,37
17876,2024-09-11,16,18,13,2,11.21,22.42,4,36
17877,2024-09-18,12,15,13,3,49.99,149.97,1,36
17878,2024-09-30,5,20,13,2,34.99,69.98,4,37
17879,2024-09-21,26,6,13,3,30.12,90.36,1,36
17880,2024-09-14,12,13,13,2,110.99,221.98,4,38
17881,2024-09-23,25,8,13,4,27.99,111.96,4,36
17882,2024-09-20,30,18,13,3,15.54,46.62,4,36
17883,2024-09-17,6,15,13,3,81.6,244.8,2,38
17884,2024-09-14,14,8,13,2,30.83,61.66,4,36
17885,2024-09-05,22,4,13,1,152.99,152.99,4,36
17886,2024-09-15,30,4,13,2,253.99,507.98,4,36
17887,2024-09-12,28,10,13,3,38.99,116.97,4,37
17888,2024-09-15,21,9,13,2,81.85,163.7,3,37
17889,2024-09-06,21,2,13,4,64.16,256.64,4,37
17890,2024-09-02,3,2,13,1,77.32,77.32,1,36
17891,2024-09-02,26,5,13,2,15.99,31.98,4,38
17892,2024-09-02,2,7,13,3,155.99,467.97,4,37
17893,2024-09-29,5,2,13,1,59.99,59.99,4,38
17894,2024-09-06,6,20,13,2,20.99,41.98,4,36
17895,2024-09-13,8,5,13,5,9.99,49.95,4,38
17896,2024-09-09,22,10,13,1,34.09,34.09,4,36
17897,2024-09-18,1,20,14,2,40.22,80.44,3,40
17898,2024-09-03,21,19,14,2,19.71,39.42,4,40
17899,2024-09-08,12,11,14,3,291.9,875.7,4,40
17900,2024-09-04,27,19,14,4,18.73,74.92,3,40
17901,2024-09-05,14,20,14,1,40.81,40.81,4,40
17902,2024-09-03,6,4,14,5,135.99,679.95,4,39
17903,2024-09-02,29,8,14,3,87.8,263.4,4,39
17904,2024-09-12,18,19,14,1,34.99,34.99,1,40
17905,2024-09-21,10,19,14,2,35.99,71.98,4,39
17906,2024-09-05,23,17,14,2,19.99,39.98,4,39
17907,2024-09-26,13,8,14,1,80.99,80.99,4,39
17908,2024-09-17,20,5,14,2,20.8,41.6,4,39
17909,2024-09-20,2,14,14,1,180.07,180.07,3,40
17910,2024-09-08,15,7,14,3,155.99,467.97,4,39
17911,2024-09-28,4,7,14,1,123.69,123.69,4,40
17912,2024-09-14,30,3,14,2,89.4,178.8,4,40
17913,2024-09-25,25,19,14,1,19.99,19.99,4,40
17914,2024-09-06,9,10,14,1,67.99,67.99,4,40
17915,2024-09-23,20,17,14,3,44.99,134.97,4,40
17916,2024-09-16,18,18,14,3,10.99,32.97,4,40
17917,2024-09-02,24,5,14,1,15.4,15.4,4,39
17918,2024-09-16,4,7,14,1,71.28,71.28,4,39
17919,2024-09-19,26,10,14,5,67.77,338.85,4,40
17920,2024-09-02,26,2,14,1,58.99,58.99,4,39
17921,2024-09-25,21,6,14,1,33.0,33.0,4,39
17922,2024-09-30,12,3,14,1,124.56,124.56,4,40
17923,2024-09-10,1,16,14,1,13.77,13.77,4,39
17924,2024-09-13,2,17,14,5,45.99,229.95,4,40
17925,2024-09-14,1,16,14,3,21.99,65.97,4,39
17926,2024-09-17,18,3,14,1,118.66,118.66,4,40
17927,2024-09-02,21,8,14,1,29.13,29.13,4,40
17928,2024-09-13,17,4,14,1,108.53,108.53,4,40
17929,2024-09-21,24,12,14,2,686.15,1372.3,3,39
17930,2024-09-10,29,5,14,2,11.33,22.66,4,40
17931,2024-09-16,28,19,14,3,34.31,102.93,4,39
17932,2024-09-13,3,13,14,2,76.4,152.8,4,39
17933,2024-09-18,6,12,14,2,601.99,1203.98,4,39
17934,2024-09-06,9,8,14,4,25.0,100.0,4,40
17935,2024-09-30,22,15,14,4,71.99,287.96,4,40
17936,2024-09-30,12,5,14,1,26.99,26.99,4,40
17937,2024-09-02,23,3,14,1,62.97,62.97,4,40
17938,2024-09-08,15,17,14,3,35.99,107.97,4,39
17939,2024-09-18,8,16,14,2,10.59,21.18,4,39
17940,2024-09-03,21,10,14,4,29.0,116.0,4,39
17941,2024-09-25,21,10,14,3,36.23,108.69,1,39
17942,2024-09-30,14,14,14,2,150.27,300.54,4,40
17943,2024-09-11,5,10,14,4,33.49,133.96,1,40
17944,2024-09-03,25,4,14,3,117.23,351.69,4,40
17945,2024-09-09,11,17,14,2,49.99,99.98,4,39
17946,2024-09-13,26,1,14,1,1032.99,1032.99,4,40
17947,2024-09-20,16,5,14,2,23.47,46.94,4,40
17948,2024-09-19,20,20,14,1,36.89,36.89,4,39
17949,2024-09-23,25,6,14,1,31.03,31.03,4,39
17950,2024-09-19,14,18,14,2,15.29,30.58,1,39
17951,2024-09-07,16,10,14,1,51.54,51.54,3,39
17952,2024-09-17,28,3,14,4,120.86,483.44,1,39
17953,2024-09-29,1,2,14,1,121.99,121.99,4,39
17954,2024-09-01,13,8,14,4,39.99,159.96,4,39
17955,2024-09-29,10,13,14,1,54.99,54.99,4,40
17956,2024-09-29,16,8,14,2,34.99,69.98,4,40
17957,2024-09-26,12,5,14,2,19.99,39.98,4,39
17958,2024-09-12,12,1,14,2,1135.35,2270.7,4,39
17959,2024-09-17,4,5,14,1,9.99,9.99,4,40
17960,2024-09-15,29,4,14,2,132.99,265.98,4,40
17961,2024-09-18,3,16,14,2,21.99,43.98,4,40
17962,2024-09-26,19,14,14,3,108.48,325.44,4,40
17963,2024-09-12,25,18,14,2,14.32,28.64,4,40
17964,2024-09-29,28,7,14,2,83.47,166.94,4,40
17965,2024-09-03,15,16,14,3,12.11,36.33,4,40
17966,2024-09-19,30,16,15,1,17.67,17.67,4,41
17967,2024-09-28,6,2,15,2,71.33,142.66,4,41
17968,2024-09-30,25,15,15,3,40.05,120.15,4,41
17969,2024-09-07,4,6,15,3,19.99,59.97,4,42
17970,2024-09-04,22,4,15,3,224.99,674.97,4,41
17971,2024-09-15,10,14,15,5,151.99,759.95,4,42
17972,2024-09-13,22,9,15,2,163.5,327.0,4,42
17973,2024-09-29,8,5,15,3,27.99,83.97,4,41
17974,2024-09-21,27,15,15,3,59.99,179.97,4,41
17975,2024-09-30,15,3,15,3,74.76,224.28,3,41
17976,2024-09-12,20,17,15,3,37.99,113.97,4,41
17977,2024-09-30,21,6,15,1,21.08,21.08,4,42
17978,2024-09-21,10,18,15,1,12.71,12.71,4,42
17979,2024-09-29,6,10,15,3,65.35,196.05,4,41
17980,2024-09-25,14,6,15,1,22.68,22.68,3,41
17981,2024-09-25,22,17,15,2,37.99,75.98,2,41
17982,2024-09-29,3,17,15,1,36.74,36.74,4,41
17983,2024-09-22,26,9,15,3,103.99,311.97,4,41
17984,2024-09-04,29,3,15,1,115.99,115.99,4,41
17985,2024-09-13,14,14,15,1,164.51,164.51,2,41
17986,2024-09-26,30,3,15,4,84.99,339.96,4,41
17987,2024-09-02,20,19,15,2,32.99,65.98,4,41
17988,2024-09-03,8,7,15,1,149.99,149.99,4,41
17989,2024-09-10,20,10,15,1,49.6,49.6,4,42
17990,2024-09-14,20,18,15,2,8.79,17.58,4,42
17991,2024-09-07,27,17,15,5,40.81,204.05,4,41
17992,2024-09-04,3,18,15,4,11.99,47.96,2,42
17993,2024-09-03,13,8,15,3,67.99,203.97,4,41
17994,2024-09-23,10,8,15,1,53.4,53.4,4,42
17995,2024-09-24,12,8,15,5,34.03,170.15,2,41
17996,2024-09-03,10,18,15,3,16.79,50.37,1,42
17997,2024-09-20,29,3,15,1,138.47,138.47,4,41
17998,2024-09-25,14,7,15,4,141.99,567.96,4,41
17999,2024-09-01,19,11,15,2,465.53,931.06,4,42
18000,2024-09-06,11,13,15,5,103.88,519.4,4,42
18001,2024-09-17,24,2,15,1,80.94,80.94,4,42
18002,2024-09-09,1,1,15,3,1126.99,3380.97,1,41
18003,2024-09-21,30,1,15,1,859.66,859.66,4,41
18004,2024-09-22,23,20,15,1,15.1,15.1,4,41
18005,2024-09-30,29,10,15,2,46.39,92.78,4,41
18006,2024-09-12,16,19,15,3,38.99,116.97,1,42
18007,2024-09-30,17,5,15,1,12.99,12.99,4,41
18008,2024-09-13,25,6,15,1,31.99,31.99,4,41
18009,2024-09-08,29,3,15,2,106.82,213.64,4,41
18010,2024-09-15,18,16,15,2,9.36,18.72,4,41
18011,2024-09-11,27,15,15,3,71.69,215.07,4,42
18012,2024-09-19,15,7,15,2,124.99,249.98,4,42
18013,2024-09-28,12,3,15,2,106.99,213.98,1,42
18014,2024-09-08,7,14,15,3,204.36,613.08,4,41
18015,2024-09-19,26,16,15,3,21.35,64.05,4,42
18016,2024-09-28,5,10,15,3,48.99,146.97,4,42
18017,2024-09-07,10,9,15,2,80.99,161.98,4,42
18018,2024-09-15,27,7,15,4,92.14,368.56,4,41
18019,2024-09-11,5,18,15,1,14.59,14.59,4,42
18020,2024-09-17,26,17,15,1,43.43,43.43,4,41
18021,2024-09-13,10,5,15,2,25.81,51.62,4,41
18022,2024-09-09,22,16,15,3,8.97,26.91,4,42
18023,2024-09-10,12,13,15,1,54.99,54.99,4,42
18024,2024-09-11,6,13,15,3,91.99,275.97,4,42
18025,2024-09-20,22,2,15,2,78.79,157.58,4,41
18026,2024-09-21,4,18,15,1,15.99,15.99,4,42
18027,2024-09-09,23,16,15,2,22.8,45.6,4,42
18028,2024-09-18,16,16,15,2,8.99,17.98,4,42
18029,2024-09-13,20,15,15,1,75.99,75.99,4,41
18030,2024-09-30,6,4,15,1,102.33,102.33,4,42
18031,2024-10-14,4,9,1,3,142.53,427.59,4,4
18032,2024-10-03,2,6,1,4,30.95,123.8,4,3
18033,2024-10-11,8,13,1,2,109.53,219.06,4,3
18034,2024-10-12,11,10,1,3,47.56,142.68,4,4
18035,2024-10-26,24,14,1,3,239.99,719.97,1,2
18036,2024-10-07,16,5,1,2,16.54,33.08,4,2
18037,2024-10-20,24,18,1,3,13.01,39.03,4,1
18038,2024-10-25,2,10,1,4,29.52,118.08,4,3
18039,2024-10-19,24,14,1,1,201.99,201.99,4,1
18040,2024-10-18,23,3,1,1,148.27,148.27,4,1
18041,2024-10-05,21,7,1,1,89.93,89.93,4,1
18042,2024-10-21,7,15,1,4,56.99,227.96,4,2
18043,2024-10-14,6,9,1,1,79.46,79.46,4,3
18044,2024-10-09,30,5,1,2,27.11,54.22,4,4
18045,2024-10-28,27,9,1,1,192.99,192.99,4,3
18046,2024-10-28,18,17,1,2,48.23,96.46,4,4
18047,2024-10-05,18,7,1,2,65.21,130.42,4,4
18048,2024-10-26,9,8,1,1,54.31,54.31,4,1
18049,2024-10-27,10,20,1,4,35.99,143.96,4,3
18050,2024-10-07,19,2,1,2,116.56,233.12,3,1
18051,2024-10-13,17,19,1,1,37.92,37.92,4,3
18052,2024-10-09,16,9,1,1,156.0,156.0,4,2
18053,2024-10-02,30,7,1,1,155.0,155.0,4,1
18054,2024-10-07,14,9,1,1,101.98,101.98,4,2
18055,2024-10-09,7,6,1,1,24.99,24.99,1,2
18056,2024-10-13,19,11,1,1,404.76,404.76,4,2
18057,2024-10-20,23,19,1,4,21.99,87.96,4,2
18058,2024-10-16,20,3,1,5,106.99,534.95,4,2
18059,2024-10-08,26,14,1,1,190.5,190.5,4,1
18060,2024-10-26,15,6,1,1,14.77,14.77,4,2
18061,2024-10-15,2,7,1,5,124.99,624.95,4,3
18062,2024-10-01,6,2,1,1,103.99,103.99,4,1
18063,2024-10-04,8,16,1,4,9.6,38.4,4,3
18064,2024-10-15,25,16,1,3,20.49,61.47,2,3
18065,2024-10-03,10,18,1,1,7.0,7.0,4,3
18066,2024-10-24,9,6,1,3,32.99,98.97,4,1
18067,2024-10-28,2,2,2,3,51.99,155.97,4,5
18068,2024-10-13,29,5,2,2,20.73,41.46,2,8
18069,2024-10-01,12,6,2,2,23.71,47.42,4,7
18070,2024-10-02,1,16,2,4,16.99,67.96,4,6
18071,2024-10-16,28,3,2,2,97.13,194.26,4,8
18072,2024-10-06,21,5,2,5,22.99,114.95,4,7
18073,2024-10-25,19,9,2,2,143.99,287.98,4,5
18074,2024-10-25,9,18,2,5,7.99,39.95,4,8
18075,2024-10-22,24,13,2,4,97.92,391.68,4,6
18076,2024-10-16,15,5,2,4,15.99,63.96,4,5
18077,2024-10-01,20,10,2,4,40.24,160.96,4,5
18078,2024-10-25,7,8,2,2,55.99,111.98,1,8
18079,2024-10-22,29,16,2,1,17.99,17.99,4,8
18080,2024-10-11,28,18,2,1,12.41,12.41,4,6
18081,2024-10-06,12,13,2,2,69.99,139.98,4,8
18082,2024-10-22,23,20,2,3,37.73,113.19,4,7
18083,2024-10-11,3,8,2,1,61.99,61.99,4,5
18084,2024-10-31,1,10,2,3,38.17,114.51,4,7
18085,2024-10-22,20,15,2,1,75.51,75.51,4,5
18086,2024-10-11,23,5,2,1,15.59,15.59,4,5
18087,2024-10-17,10,11,2,1,363.44,363.44,2,5
18088,2024-10-29,14,16,2,4,12.43,49.72,4,8
18089,2024-10-19,15,2,2,3,71.89,215.67,4,5
18090,2024-10-05,19,16,2,2,21.62,43.24,4,6
18091,2024-10-24,8,17,2,2,21.99,43.98,2,7
18092,2024-10-25,30,17,2,1,51.61,51.61,2,7
18093,2024-10-16,17,13,2,1,50.14,50.14,4,5
18094,2024-10-29,14,3,2,3,107.97,323.91,4,7
18095,2024-10-10,10,12,2,1,711.29,711.29,4,8
18096,2024-10-25,3,2,2,4,91.99,367.96,4,7
18097,2024-10-01,19,2,2,2,98.82,197.64,4,5
18098,2024-10-20,15,20,2,3,23.99,71.97,4,6
18099,2024-10-30,14,17,3,3,30.59,91.77,4,11
18100,2024-10-02,4,10,3,1,46.36,46.36,4,10
18101,2024-10-18,8,20,3,2,35.02,70.04,4,10
18102,2024-10-23,11,5,3,1,12.12,12.12,4,9
18103,2024-10-26,3,14,3,1,164.99,164.99,4,9
18104,2024-10-03,8,2,3,4,103.46,413.84,4,10
18105,2024-10-17,14,16,3,1,18.11,18.11,4,9
18106,2024-10-11,5,4,3,3,287.89,863.67,4,9
18107,2024-10-30,21,20,3,1,39.99,39.99,4,11
18108,2024-10-11,7,7,3,2,116.99,233.98,4,11
18109,2024-10-30,26,8,3,1,45.45,45.45,4,11
18110,2024-10-27,26,3,3,1,112.49,112.49,4,11
18111,2024-10-13,27,16,3,1,9.03,9.03,4,11
18112,2024-10-06,5,16,3,2,15.48,30.96,4,11
18113,2024-10-10,21,18,3,2,10.88,21.76,4,10
18114,2024-10-12,14,2,3,3,69.51,208.53,4,11
18115,2024-10-09,22,6,3,5,13.32,66.6,4,10
18116,2024-10-16,16,3,3,1,148.99,148.99,4,9
18117,2024-10-24,13,7,3,1,124.3,124.3,4,11
18118,2024-10-08,2,16,3,1,15.9,15.9,4,9
18119,2024-10-18,20,10,3,1,30.65,30.65,4,9
18120,2024-10-09,11,15,3,2,59.82,119.64,4,9
18121,2024-10-26,18,8,3,4,66.01,264.04,4,10
18122,2024-10-09,7,3,3,1,95.08,95.08,4,11
18123,2024-10-26,11,13,3,2,85.37,170.74,4,11
18124,2024-10-04,24,2,3,5,97.89,489.45,4,11
18125,2024-10-23,21,16,3,2,11.99,23.98,4,9
18126,2024-10-16,8,4,3,1,196.09,196.09,4,10
18127,2024-10-27,11,19,3,1,18.96,18.96,4,9
18128,2024-10-10,18,15,3,4,70.15,280.6,4,10
18129,2024-10-24,18,18,3,3,10.37,31.11,4,11
18130,2024-10-18,25,19,3,1,21.99,21.99,4,10
18131,2024-10-26,16,6,3,3,33.17,99.51,1,11
18132,2024-10-24,12,4,3,1,189.99,189.99,3,10
18133,2024-10-29,14,6,3,1,27.59,27.59,4,11
18134,2024-10-04,18,20,4,3,34.99,104.97,4,13
18135,2024-10-02,24,6,4,1,32.45,32.45,4,14
18136,2024-10-25,25,7,4,1,80.99,80.99,4,13
18137,2024-10-21,19,13,4,1,88.99,88.99,4,12
18138,2024-10-16,27,2,4,2,127.0,254.0,3,13
18139,2024-10-03,12,9,4,3,85.83,257.49,4,14
18140,2024-10-15,15,11,4,1,475.54,475.54,4,13
18141,2024-10-25,29,5,4,1,27.99,27.99,4,13
18142,2024-10-21,22,18,4,3,14.99,44.97,4,14
18143,2024-10-20,9,13,4,2,53.91,107.82,4,13
18144,2024-10-16,14,16,4,2,22.44,44.88,2,13
18145,2024-10-25,9,2,4,1,99.99,99.99,4,12
18146,2024-10-14,14,19,4,4,24.24,96.96,2,13
18147,2024-10-12,2,16,4,1,21.24,21.24,4,13
18148,2024-10-15,11,7,4,3,78.99,236.97,4,14
18149,2024-10-26,2,3,4,1,77.99,77.99,4,12
18150,2024-10-14,21,4,4,2,172.99,345.98,4,12
18151,2024-10-31,13,19,4,1,34.99,34.99,4,12
18152,2024-10-30,27,1,4,2,1057.33,2114.66,4,12
18153,2024-10-15,9,15,4,2,75.99,151.98,3,14
18154,2024-10-28,4,4,4,4,172.99,691.96,4,14
18155,2024-10-31,22,6,4,5,14.99,74.95,4,12
18156,2024-10-25,25,7,4,1,128.46,128.46,4,12
18157,2024-10-16,19,5,4,1,23.99,23.99,4,13
18158,2024-10-31,18,17,4,3,34.63,103.89,4,14
18159,2024-10-05,21,2,4,2,52.99,105.98,4,14
18160,2024-10-07,24,4,4,3,247.38,742.14,3,12
18161,2024-10-18,20,12,4,2,628.91,1257.82,4,13
18162,2024-10-27,14,1,5,1,1245.91,1245.91,4,15
18163,2024-10-18,6,15,5,4,61.99,247.96,4,16
18164,2024-10-13,20,14,5,2,102.99,205.98,4,17
18165,2024-10-30,12,8,5,2,67.68,135.36,4,15
18166,2024-10-10,27,6,5,1,23.71,23.71,4,17
18167,2024-10-06,22,12,5,1,598.63,598.63,4,16
18168,2024-10-15,10,14,5,4,213.99,855.96,4,17
18169,2024-10-14,12,15,5,4,59.99,239.96,4,16
18170,2024-10-19,4,16,5,1,12.82,12.82,4,15
18171,2024-10-31,23,18,5,1,10.99,10.99,4,17
18172,2024-10-10,26,6,5,3,25.51,76.53,4,16
18173,2024-10-16,14,6,5,2,20.38,40.76,4,15
18174,2024-10-28,12,2,5,1,121.8,121.8,4,15
18175,2024-10-14,9,3,5,1,157.99,157.99,4,15
18176,2024-10-18,23,5,5,2,22.9,45.8,4,15
18177,2024-10-23,5,20,5,3,21.65,64.95,4,16
18178,2024-10-08,11,16,5,2,20.99,41.98,4,17
18179,2024-10-13,19,8,5,2,69.99,139.98,1,15
18180,2024-10-04,24,19,5,3,38.78,116.34,4,16
18181,2024-10-17,16,6,5,3,31.99,95.97,4,16
18182,2024-10-13,13,13,5,4,81.17,324.68,4,17
18183,2024-10-26,18,2,5,3,55.76,167.28,4,17
18184,2024-10-30,23,7,5,3,71.32,213.96,4,15
18185,2024-10-17,27,17,5,1,46.99,46.99,4,17
18186,2024-10-21,18,19,5,3,30.57,91.71,4,17
18187,2024-10-29,25,17,5,2,42.99,85.98,4,16
18188,2024-10-25,13,5,5,3,11.99,35.97,1,17
18189,2024-10-11,6,16,5,2,8.99,17.98,4,16
18190,2024-10-03,22,9,5,4,96.1,384.4,2,15
18191,2024-10-06,20,3,5,3,157.99,473.97,4,15
18192,2024-10-30,12,9,6,3,95.8,287.4,4,18
18193,2024-10-17,5,5,6,1,11.18,11.18,4,19
18194,2024-10-15,9,10,6,1,55.79,55.79,4,18
18195,2024-10-23,2,2,6,1,101.51,101.51,4,18
18196,2024-10-02,15,15,6,3,62.55,187.65,4,20
18197,2024-10-08,22,5,6,3,21.99,65.97,4,19
18198,2024-10-26,1,16,6,3,11.51,34.53,4,20
18199,2024-10-22,5,20,6,2,41.92,83.84,4,18
18200,2024-10-15,10,5,6,2,17.99,35.98,4,19
18201,2024-10-21,8,18,6,1,11.99,11.99,4,19
18202,2024-10-15,9,19,6,1,33.99,33.99,4,19
18203,2024-10-07,20,4,6,1,191.96,191.96,1,19
18204,2024-10-17,7,10,6,3,42.06,126.18,4,18
18205,2024-10-10,25,20,6,2,26.99,53.98,1,19
18206,2024-10-12,27,17,6,4,44.11,176.44,4,18
18207,2024-10-29,1,19,6,1,14.99,14.99,4,19
18208,2024-10-10,8,20,6,4,23.49,93.96,4,19
18209,2024-10-19,8,3,6,1,65.83,65.83,4,19
18210,2024-10-05,16,7,6,2,51.21,102.42,4,18
18211,2024-10-25,17,9,6,1,173.97,173.97,4,20
18212,2024-10-12,5,7,6,1,147.25,147.25,4,20
18213,2024-10-21,2,11,6,2,414.99,829.98,3,19
18214,2024-10-14,26,1,6,4,979.82,3919.28,4,20
18215,2024-10-18,8,16,6,1,8.0,8.0,4,18
18216,2024-10-21,12,4,6,2,137.86,275.72,4,20
18217,2024-10-06,19,7,6,3,110.99,332.97,4,18
18218,2024-10-06,25,20,6,1,26.99,26.99,4,18
18219,2024-10-13,22,5,6,1,10.5,10.5,4,19
18220,2024-10-03,25,20,7,1,23.02,23.02,4,21
18221,2024-10-22,9,18,7,4,9.99,39.96,4,23
18222,2024-10-20,9,2,7,2,125.58,251.16,4,21
18223,2024-10-17,12,4,7,1,259.32,259.32,4,21
18224,2024-10-26,24,20,7,1,20.76,20.76,3,23
18225,2024-10-05,27,18,7,3,10.0,30.0,4,23
18226,2024-10-04,25,1,7,3,1381.64,4144.92,4,21
18227,2024-10-03,24,9,7,1,183.61,183.61,4,23
18228,2024-10-29,6,8,7,3,49.63,148.89,4,21
18229,2024-10-05,27,4,7,2,143.6,287.2,4,22
18230,2024-10-28,24,14,7,2,156.27,312.54,4,22
18231,2024-10-16,6,14,7,1,216.81,216.81,4,22
18232,2024-10-24,13,4,7,2,152.99,305.98,4,22
18233,2024-10-05,1,3,7,4,69.17,276.68,4,23
18234,2024-10-21,17,8,7,4,27.56,110.24,4,23
18235,2024-10-01,23,10,7,2,31.99,63.98,4,23
18236,2024-10-01,29,17,7,2,51.2,102.4,4,21
18237,2024-10-08,14,16,7,1,19.13,19.13,4,21
18238,2024-10-30,8,4,7,2,129.99,259.98,1,22
18239,2024-10-05,4,19,7,1,24.99,24.99,4,22
18240,2024-10-07,18,1,8,3,907.99,2723.97,4,24
18241,2024-10-07,6,12,8,1,760.61,760.61,2,24
18242,2024-10-19,27,18,8,2,11.84,23.68,4,25
18243,2024-10-07,30,5,8,2,9.99,19.98,4,25
18244,2024-10-23,23,5,8,2,12.99,25.98,4,24
18245,2024-10-16,10,19,8,2,35.94,71.88,4,25
18246,2024-10-06,29,5,8,5,15.25,76.25,4,25
18247,2024-10-02,17,18,8,1,11.96,11.96,4,24
18248,2024-10-16,3,10,8,2,45.21,90.42,4,25
18249,2024-10-22,18,1,8,2,956.99,1913.98,4,24
18250,2024-10-03,26,16,8,1,18.99,18.99,4,24
18251,2024-10-19,20,3,8,1,158.5,158.5,4,24
18252,2024-10-09,22,20,8,1,27.74,27.74,4,25
18253,2024-10-25,21,2,8,1,107.09,107.09,4,24
18254,2024-10-13,20,2,8,5,110.3,551.5,2,24
18255,2024-10-25,16,17,8,2,39.99,79.98,4,24
18256,2024-10-18,20,4,8,3,228.49,685.47,2,25
18257,2024-10-23,8,15,8,1,59.99,59.99,4,25
18258,2024-10-12,7,13,8,5,89.34,446.7,4,24
18259,2024-10-04,3,4,8,1,212.33,212.33,4,24
18260,2024-10-26,7,14,8,1,147.61,147.61,4,25
18261,2024-10-28,26,4,8,1,200.87,200.87,4,24
18262,2024-10-17,13,14,8,4,186.99,747.96,4,24
18263,2024-10-07,5,6,8,2,14.77,29.54,4,25
18264,2024-10-07,14,15,8,1,81.29,81.29,4,24
18265,2024-10-02,10,16,8,1,10.42,10.42,4,25
18266,2024-10-09,30,2,8,1,89.89,89.89,1,24
18267,2024-10-18,29,6,8,3,23.8,71.4,4,25
18268,2024-10-02,12,17,9,3,25.99,77.97,4,27
18269,2024-10-21,12,6,9,1,11.99,11.99,4,28
18270,2024-10-28,1,19,9,3,36.88,110.64,2,28
18271,2024-10-09,27,1,9,1,1273.38,1273.38,4,27
18272,2024-10-17,22,20,9,1,16.07,16.07,4,26
18273,2024-10-07,29,14,9,1,230.99,230.99,4,27
18274,2024-10-03,30,16,9,1,15.64,15.64,4,27
18275,2024-10-12,21,8,9,1,28.56,28.56,4,26
18276,2024-10-04,9,17,9,2,31.26,62.52,4,26
18277,2024-10-12,18,9,9,3,93.91,281.73,4,27
18278,2024-10-17,24,17,9,2,26.84,53.68,4,27
18279,2024-10-03,1,15,9,2,86.86,173.72,4,26
18280,2024-10-14,12,7,9,4,126.93,507.72,4,27
18281,2024-10-17,11,4,9,3,244.86,734.58,4,27
18282,2024-10-15,10,12,9,4,445.44,1781.76,4,27
18283,2024-10-06,7,3,9,2,140.99,281.98,4,26
18284,2024-10-28,4,2,9,1,60.31,60.31,4,27
18285,2024-10-01,1,9,9,5,75.99,379.95,4,28
18286,2024-10-21,23,10,9,3,65.62,196.86,4,27
18287,2024-10-06,7,10,9,2,64.99,129.98,4,28
18288,2024-10-11,25,11,9,1,440.83,440.83,4,26
18289,2024-10-10,1,12,9,4,584.83,2339.32,4,26
18290,2024-10-24,25,2,9,3,97.61,292.83,4,26
18291,2024-10-21,2,10,9,4,39.24,156.96,4,27
18292,2024-10-18,18,7,9,2,134.83,269.66,3,28
18293,2024-10-21,16,16,9,2,14.45,28.9,4,27
18294,2024-10-14,14,14,9,2,132.35,264.7,4,28
18295,2024-10-01,7,7,9,3,55.99,167.97,4,28
18296,2024-10-13,19,17,9,2,37.99,75.98,4,26
18297,2024-10-30,28,2,9,1,122.99,122.99,4,26
18298,2024-10-21,21,16,9,1,19.99,19.99,4,27
18299,2024-10-08,3,14,9,1,148.99,148.99,4,26
18300,2024-10-21,22,18,9,2,15.97,31.94,4,27
18301,2024-10-28,9,19,9,1,24.99,24.99,4,27
18302,2024-10-01,5,8,9,1,46.01,46.01,4,28
18303,2024-10-26,27,7,9,1,135.77,135.77,4,28
18304,2024-10-17,13,19,9,1,21.99,21.99,4,26
18305,2024-10-21,23,3,9,3,64.99,194.97,4,26
18306,2024-10-25,20,3,9,1,87.99,87.99,4,28
18307,2024-10-21,21,11,9,1,266.99,266.99,4,28
18308,2024-10-16,3,6,10,4,25.99,103.96,4,30
18309,2024-10-04,30,16,10,1,22.44,22.44,4,31
18310,2024-10-15,7,20,10,4,18.59,74.36,4,31
18311,2024-10-07,10,8,10,1,83.99,83.99,4,30
18312,2024-10-15,25,8,10,3,36.99,110.97,4,30
18313,2024-10-04,14,18,10,2,17.99,35.98,4,29
18314,2024-10-30,23,20,10,1,33.64,33.64,4,29
18315,2024-10-10,26,18,10,3,9.31,27.93,4,30
18316,2024-10-18,3,9,10,3,194.99,584.97,4,31
18317,2024-10-22,4,18,10,2,17.54,35.08,4,31
18318,2024-10-22,14,3,10,4,81.99,327.96,4,31
18319,2024-10-11,29,4,10,3,183.82,551.46,4,31
18320,2024-10-19,8,15,10,3,78.6,235.8,2,30
18321,2024-10-05,13,9,10,1,88.01,88.01,4,30
18322,2024-10-12,20,8,10,3,66.99,200.97,4,31
18323,2024-10-25,20,10,10,1,63.56,63.56,4,30
18324,2024-10-17,11,15,10,5,29.0,145.0,4,31
18325,2024-10-13,15,20,10,1,18.99,18.99,4,31
18326,2024-10-30,29,10,10,1,33.99,33.99,4,30
18327,2024-10-04,7,16,10,5,18.25,91.25,4,30
18328,2024-10-22,14,1,10,3,1356.55,4069.65,4,31
18329,2024-10-03,5,10,10,4,67.99,271.96,4,30
18330,2024-10-13,2,20,10,2,36.99,73.98,4,31
18331,2024-10-29,17,6,10,1,19.99,19.99,4,30
18332,2024-10-24,3,20,10,2,30.97,61.94,3,29
18333,2024-10-17,24,17,11,5,45.92,229.6,4,33
18334,2024-10-13,9,18,11,1,7.99,7.99,2,32
18335,2024-10-02,16,3,11,1,117.54,117.54,4,32
18336,2024-10-03,22,16,11,1,17.99,17.99,4,32
18337,2024-10-14,10,19,11,1,14.99,14.99,4,33
18338,2024-10-26,6,15,11,2,29.0,58.0,4,33
18339,2024-10-11,15,15,11,2,37.73,75.46,4,32
18340,2024-10-26,3,10,11,3,66.99,200.97,4,33
18341,2024-10-26,16,9,11,1,161.41,161.41,4,33
18342,2024-10-19,1,2,11,2,103.21,206.42,4,32
18343,2024-10-24,18,3,11,2,72.99,145.98,4,32
18344,2024-10-30,4,4,11,2,273.35,546.7,4,32
18345,2024-10-04,20,5,11,1,9.0,9.0,4,32
18346,2024-10-18,2,16,11,3,9.99,29.97,4,32
18347,2024-10-22,24,9,11,1,145.86,145.86,4,32
18348,2024-10-15,14,11,11,1,460.36,460.36,4,33
18349,2024-10-05,29,14,11,3,238.65,715.95,4,32
18350,2024-10-22,9,6,11,1,25.17,25.17,4,33
18351,2024-10-16,8,15,11,1,66.99,66.99,4,32
18352,2024-10-31,26,15,11,1,38.34,38.34,4,33
18353,2024-10-04,9,1,11,4,1312.99,5251.96,4,32
18354,2024-10-30,6,19,11,3,24.6,73.8,4,32
18355,2024-10-10,4,6,11,1,33.69,33.69,4,33
18356,2024-10-25,9,5,12,2,22.99,45.98,2,34
18357,2024-10-24,7,14,12,1,154.99,154.99,4,34
18358,2024-10-29,2,17,12,2,39.59,79.18,4,34
18359,2024-10-28,27,9,12,1,87.1,87.1,1,35
18360,2024-10-31,23,3,12,1,111.99,111.99,4,34
18361,2024-10-03,27,2,12,2,92.99,185.98,4,34
18362,2024-10-15,23,2,12,1,126.57,126.57,4,35
18363,2024-10-24,2,1,12,2,833.07,1666.14,4,34
18364,2024-10-31,13,18,12,1,9.99,9.99,4,34
18365,2024-10-23,26,3,12,2,94.54,189.08,4,35
18366,2024-10-31,23,2,12,4,107.36,429.44,4,35
18367,2024-10-03,26,20,12,3,22.99,68.97,4,35
18368,2024-10-30,30,19,12,1,28.99,28.99,3,35
18369,2024-10-30,21,16,12,2,8.99,17.98,4,35
18370,2024-10-16,22,2,12,1,78.97,78.97,4,35
18371,2024-10-29,8,20,12,1,14.99,14.99,4,35
18372,2024-10-03,28,3,12,3,110.99,332.97,4,35
18373,2024-10-01,28,3,12,4,82.99,331.96,4,34
18374,2024-10-16,10,16,12,3,9.4,28.2,4,34
18375,2024-10-15,7,17,12,3,38.67,116.01,4,34
18376,2024-10-26,28,13,12,3,113.99,341.97,4,35
18377,2024-10-07,9,2,12,2,104.99,209.98,4,34
18378,2024-10-18,19,5,13,1,9.99,9.99,4,36
18379,2024-10-24,28,16,13,1,8.0,8.0,4,37
18380,2024-10-31,11,16,13,2,12.99,25.98,4,37
18381,2024-10-21,6,20,13,1,16.72,16.72,4,37
18382,2024-10-15,9,8,13,1,26.99,26.99,4,36
18383,2024-10-05,23,19,13,3,33.99,101.97,4,36
18384,2024-10-22,11,16,13,4,18.99,75.96,4,36
18385,2024-10-12,14,6,13,1,24.18,24.18,4,38
18386,2024-10-13,9,16,13,3,13.48,40.44,4,37
18387,2024-10-16,17,5,13,5,23.99,119.95,4,37
18388,2024-10-31,16,16,13,5,14.99,74.95,4,36
18389,2024-10-14,13,16,13,2,22.99,45.98,4,38
18390,2024-10-26,9,7,13,1,150.15,150.15,4,38
18391,2024-10-15,9,15,13,2,54.34,108.68,4,37
18392,2024-10-13,4,4,13,4,104.49,417.96,4,37
18393,2024-10-07,16,10,13,1,43.94,43.94,4,36
18394,2024-10-15,18,9,13,1,153.27,153.27,4,37
18395,2024-10-19,18,6,13,4,29.34,117.36,4,38
18396,2024-10-31,9,20,13,2,38.45,76.9,4,38
18397,2024-10-04,14,1,13,1,911.99,911.99,4,36
18398,2024-10-02,24,7,13,1,87.36,87.36,4,38
18399,2024-10-21,7,6,13,1,32.5,32.5,4,36
18400,2024-10-23,29,3,13,3,102.99,308.97,4,37
18401,2024-10-31,10,17,13,2,26.53,53.06,4,38
18402,2024-10-15,22,3,13,3,141.53,424.59,4,38
18403,2024-10-17,13,3,13,3,88.99,266.97,4,37
18404,2024-10-07,5,15,13,3,78.99,236.97,4,37
18405,2024-10-25,4,9,13,1,134.81,134.81,4,36
18406,2024-10-10,4,4,13,1,241.94,241.94,4,36
18407,2024-10-11,15,3,13,2,126.17,252.34,4,38
18408,2024-10-16,5,18,13,1,13.29,13.29,4,36
18409,2024-10-15,24,3,13,4,83.99,335.96,4,38
18410,2024-10-26,7,9,13,3,168.96,506.88,4,36
18411,2024-10-05,10,3,14,3,139.36,418.08,4,39
18412,2024-10-03,7,17,14,3,54.99,164.97,4,39
18413,2024-10-14,3,3,14,4,146.99,587.96,4,40
18414,2024-10-20,25,10,14,5,40.99,204.95,4,39
18415,2024-10-20,11,16,14,2,20.3,40.6,4,39
18416,2024-10-06,30,7,14,1,152.99,152.99,4,40
18417,2024-10-07,6,17,14,1,24.99,24.99,4,40
18418,2024-10-12,12,4,14,3,148.58,445.74,4,40
18419,2024-10-01,9,3,14,3,135.03,405.09,4,39
18420,2024-10-22,19,4,14,3,187.55,562.65,4,39
18421,2024-10-21,10,1,14,5,853.99,4269.95,4,39
18422,2024-10-05,22,20,14,3,24.99,74.97,3,39
18423,2024-10-08,11,7,14,2,117.99,235.98,4,39
18424,2024-10-04,22,6,14,1,10.89,10.89,4,40
18425,2024-10-03,6,5,14,4,17.91,71.64,4,40
18426,2024-10-25,28,8,14,1,26.77,26.77,4,39
18427,2024-10-22,19,5,14,2,20.14,40.28,4,40
18428,2024-10-18,14,15,14,2,78.08,156.16,4,40
18429,2024-10-25,27,8,14,3,25.26,75.78,4,40
18430,2024-10-28,4,6,14,1,30.6,30.6,4,39
18431,2024-10-26,19,4,14,1,206.22,206.22,4,39
18432,2024-10-30,6,16,14,2,21.92,43.84,4,39
18433,2024-10-13,5,5,14,1,26.58,26.58,4,40
18434,2024-10-15,1,3,14,1,71.21,71.21,4,40
18435,2024-10-18,16,17,14,5,48.08,240.4,4,39
18436,2024-10-24,23,17,14,1,32.09,32.09,4,40
18437,2024-10-22,13,7,15,4,78.59,314.36,4,42
18438,2024-10-01,21,15,15,1,71.75,71.75,4,41
18439,2024-10-05,27,2,15,2,89.96,179.92,4,42
18440,2024-10-16,24,9,15,3,125.99,377.97,4,42
18441,2024-10-23,14,6,15,1,11.99,11.99,1,41
18442,2024-10-31,24,15,15,3,31.99,95.97,3,42
18443,2024-10-19,5,12,15,1,764.99,764.99,4,42
18444,2024-10-06,17,9,15,4,82.32,329.28,2,41
18445,2024-10-23,1,12,15,1,549.41,549.41,4,42
18446,2024-10-04,29,18,15,1,12.99,12.99,4,42
18447,2024-10-17,6,14,15,1,247.99,247.99,4,41
18448,2024-10-15,15,16,15,1,12.99,12.99,4,41
18449,2024-10-19,8,17,15,3,24.59,73.77,4,41
18450,2024-10-11,29,13,15,2,73.99,147.98,4,41
18451,2024-10-31,12,6,15,1,23.07,23.07,4,42
18452,2024-10-26,8,8,15,1,52.32,52.32,4,41
18453,2024-10-25,29,5,15,5,27.76,138.8,4,42
18454,2024-10-08,22,1,15,2,1213.99,2427.98,4,41
18455,2024-10-31,27,13,15,2,82.99,165.98,4,42
18456,2024-10-12,25,17,15,2,52.93,105.86,4,42
18457,2024-10-23,10,2,15,2,91.71,183.42,4,41
18458,2024-10-30,2,14,15,2,234.33,468.66,4,41
18459,2024-10-17,27,13,15,3,59.99,179.97,4,41
18460,2024-10-01,17,15,15,4,76.99,307.96,1,42
18461,2024-10-14,22,5,15,2,21.36,42.72,4,41
18462,2024-10-14,24,10,15,1,66.99,66.99,4,41
18463,2024-10-14,13,3,15,3,115.93,347.79,1,41
18464,2024-10-18,28,4,15,2,186.99,373.98,4,42
18465,2024-11-03,4,18,1,2,8.98,17.96,4,1
18466,2024-11-28,12,17,1,4,40.66,162.64,4,3
18467,2024-11-02,12,20,1,2,35.99,71.98,4,2
18468,2024-11-11,2,19,1,1,25.53,25.53,4,1
18469,2024-11-17,30,19,1,2,19.99,39.98,4,4
18470,2024-11-12,28,9,1,2,152.59,305.18,4,4
18471,2024-11-04,26,16,1,2,17.99,35.98,4,2
18472,2024-11-10,28,6,1,2,12.93,25.86,4,4
18473,2024-11-19,5,7,1,4,148.84,595.36,4,4
18474,2024-11-12,25,17,1,5,34.5,172.5,4,3
18475,2024-11-19,3,6,1,3,18.63,55.89,4,4
18476,2024-11-11,28,7,1,1,55.32,55.32,4,1
18477,2024-11-28,21,13,1,2,97.27,194.54,4,2
18478,2024-11-29,11,19,1,2,33.39,66.78,4,1
18479,2024-11-17,3,10,1,1,34.14,34.14,4,3
18480,2024-11-18,17,5,1,3,20.67,62.01,4,3
18481,2024-11-11,9,5,1,1,15.99,15.99,4,1
18482,2024-11-13,12,9,1,4,106.21,424.84,3,1
18483,2024-11-11,12,20,1,2,18.99,37.98,4,3
18484,2024-11-30,21,16,1,3,17.48,52.44,4,2
18485,2024-11-26,7,9,1,1,70.99,70.99,4,3
18486,2024-11-21,4,17,1,1,27.51,27.51,4,3
18487,2024-11-15,29,8,1,1,62.99,62.99,4,4
18488,2024-11-13,3,9,1,2,167.46,334.92,4,2
18489,2024-11-13,18,18,1,1,11.63,11.63,4,3
18490,2024-11-03,14,14,1,2,229.88,459.76,4,2
18491,2024-11-24,10,3,1,1,70.99,70.99,4,4
18492,2024-11-19,27,3,1,5,149.9,749.5,4,1
18493,2024-11-19,16,20,1,2,20.69,41.38,4,2
18494,2024-11-25,3,15,1,5,87.02,435.1,4,1
18495,2024-11-29,7,13,1,1,72.99,72.99,1,3
18496,2024-11-11,28,8,1,1,49.11,49.11,4,3
18497,2024-11-06,5,20,1,1,16.99,16.99,4,4
18498,2024-11-16,2,19,1,2,22.99,45.98,4,2
18499,2024-11-09,22,3,1,1,90.06,90.06,4,4
18500,2024-11-17,5,4,1,2,145.23,290.46,4,3
18501,2024-11-23,6,18,1,4,9.4,37.6,4,2
18502,2024-11-05,8,3,1,3,62.23,186.69,4,3
18503,2024-11-22,13,15,1,1,68.98,68.98,1,2
18504,2024-11-02,19,3,1,3,151.91,455.73,4,1
18505,2024-11-15,6,18,1,3,8.52,25.56,3,1
18506,2024-11-03,19,2,1,1,89.97,89.97,4,2
18507,2024-11-12,22,17,1,1,27.11,27.11,4,3
18508,2024-11-26,21,10,1,3,34.53,103.59,4,4
18509,2024-11-28,29,16,1,2,16.63,33.26,4,3
18510,2024-11-03,29,19,1,3,35.15,105.45,4,3
18511,2024-11-30,7,20,1,2,40.99,81.98,4,1
18512,2024-11-21,6,16,1,4,16.84,67.36,4,2
18513,2024-11-20,5,4,1,2,247.85,495.7,4,2
18514,2024-11-06,10,16,1,2,8.0,16.0,4,1
18515,2024-11-08,28,13,1,1,117.99,117.99,1,3
18516,2024-11-29,17,6,1,2,13.94,27.88,4,2
18517,2024-11-29,17,18,1,2,7.78,15.56,4,1
18518,2024-11-12,15,6,1,3,27.51,82.53,4,3
18519,2024-11-06,17,7,1,1,98.99,98.99,4,4
18520,2024-11-30,1,6,1,2,20.41,40.82,4,2
18521,2024-11-01,2,9,1,1,154.99,154.99,4,4
18522,2024-11-29,7,1,1,1,801.99,801.99,4,1
18523,2024-11-23,15,7,1,2,126.3,252.6,4,2
18524,2024-11-16,6,19,1,3,20.99,62.97,4,1
18525,2024-11-13,10,8,1,2,51.99,103.98,4,4
18526,2024-11-26,6,19,1,1,32.5,32.5,3,4
18527,2024-11-05,24,13,2,2,82.57,165.14,4,6
18528,2024-11-06,24,17,2,1,54.91,54.91,4,8
18529,2024-11-08,3,17,2,3,32.83,98.49,4,5
18530,2024-11-18,27,6,2,3,32.98,98.94,4,7
18531,2024-11-23,12,17,2,1,44.99,44.99,4,8
18532,2024-11-07,9,17,2,2,39.99,79.98,4,8
18533,2024-11-10,13,6,2,2,13.18,26.36,4,6
18534,2024-11-09,5,3,2,3,134.9,404.7,4,8
18535,2024-11-13,25,15,2,4,51.99,207.96,4,7
18536,2024-11-06,18,6,2,2,20.91,41.82,4,5
18537,2024-11-25,28,7,2,2,112.99,225.98,4,7
18538,2024-11-28,20,16,2,3,21.19,63.57,4,5
18539,2024-11-10,7,17,2,1,23.73,23.73,4,7
18540,2024-11-16,25,14,2,2,177.99,355.98,4,7
18541,2024-11-20,3,3,2,2,136.91,273.82,2,7
18542,2024-11-10,10,18,2,2,11.99,23.98,4,6
18543,2024-11-21,9,18,2,3,8.22,24.66,4,6
18544,2024-11-02,8,15,2,1,43.99,43.99,4,8
18545,2024-11-18,9,2,2,2,101.0,202.0,4,8
18546,2024-11-18,28,6,2,1,22.94,22.94,4,8
18547,2024-11-12,25,6,2,1,13.89,13.89,4,8
18548,2024-11-10,23,6,2,2,19.99,39.98,4,8
18549,2024-11-30,23,6,2,3,30.17,90.51,4,8
18550,2024-11-23,27,5,2,4,14.86,59.44,4,8
18551,2024-11-15,16,8,2,2,44.99,89.98,4,6
18552,2024-11-24,14,12,2,3,408.49,1225.47,4,7
18553,2024-11-05,18,6,2,3,15.84,47.52,4,8
18554,2024-11-16,16,8,2,1,26.0,26.0,4,6
18555,2024-11-16,18,5,2,1,18.99,18.99,4,7
18556,2024-11-14,3,3,2,4,144.6,578.4,3,8
18557,2024-11-14,12,4,2,3,179.58,538.74,4,5
18558,2024-11-09,30,15,2,1,88.93,88.93,4,7
18559,2024-11-01,30,6,2,1,33.6,33.6,4,7
18560,2024-11-30,1,19,2,5,18.04,90.2,4,6
18561,2024-11-16,1,4,2,1,259.55,259.55,4,7
18562,2024-11-22,9,2,2,1,64.12,64.12,4,5
18563,2024-11-23,12,14,2,3,225.99,677.97,4,5
18564,2024-11-03,17,9,2,4,70.99,283.96,4,6
18565,2024-11-13,11,17,2,1,20.99,20.99,3,6
18566,2024-11-14,15,13,2,1,65.05,65.05,4,5
18567,2024-11-08,7,2,2,1,66.51,66.51,4,7
18568,2024-11-24,24,14,2,1,217.42,217.42,4,5
18569,2024-11-12,22,16,2,1,16.61,16.61,1,8
18570,2024-11-22,24,19,2,2,36.8,73.6,4,6
18571,2024-11-08,29,16,2,2,23.54,47.08,4,5
18572,2024-11-27,26,19,2,4,17.99,71.96,1,5
18573,2024-11-01,9,17,2,2,26.99,53.98,4,8
18574,2024-11-12,2,8,2,1,86.36,86.36,4,5
18575,2024-11-01,27,4,2,5,276.99,1384.95,4,8
18576,2024-11-26,7,15,2,2,65.99,131.98,4,5
18577,2024-11-30,6,18,2,2,13.99,27.98,4,8
18578,2024-11-13,9,3,2,2,98.12,196.24,4,5
18579,2024-11-25,11,17,2,1,50.99,50.99,2,6
18580,2024-11-26,11,16,3,1,10.99,10.99,4,10
18581,2024-11-04,9,1,3,4,919.99,3679.96,4,10
18582,2024-11-27,14,2,3,3,94.99,284.97,4,11
18583,2024-11-08,4,6,3,2,33.99,67.98,4,9
18584,2024-11-13,28,7,3,1,62.99,62.99,4,11
18585,2024-11-25,1,16,3,1,12.91,12.91,1,10
18586,2024-11-11,14,5,3,2,14.83,29.66,4,10
18587,2024-11-24,18,5,3,3,14.99,44.97,4,11
18588,2024-11-23,16,20,3,1,21.99,21.99,4,11
18589,2024-11-04,5,16,3,1,8.99,8.99,4,10
18590,2024-11-11,1,9,3,2,96.04,192.08,4,9
18591,2024-11-06,2,16,3,3,21.35,64.05,4,10
18592,2024-11-24,11,9,3,3,144.99,434.97,4,9
18593,2024-11-27,4,3,3,2,65.99,131.98,1,11
18594,2024-11-02,30,19,3,2,22.99,45.98,4,10
18595,2024-11-19,16,11,3,1,481.92,481.92,4,9
18596,2024-11-18,5,16,3,5,13.89,69.45,4,9
18597,2024-11-15,2,16,3,3,8.99,26.97,4,9
18598,2024-11-26,2,4,3,1,126.87,126.87,4,11
18599,2024-11-27,5,17,3,3,25.99,77.97,2,11
18600,2024-11-11,28,13,3,1,93.16,93.16,4,10
18601,2024-11-22,12,3,3,2,84.82,169.64,4,11
18602,2024-11-26,17,19,3,1,24.99,24.99,4,9
18603,2024-11-24,15,19,3,1,22.99,22.99,4,9
18604,2024-11-15,3,19,3,2,17.46,34.92,1,9
18605,2024-11-30,7,18,3,1,7.23,7.23,4,11
18606,2024-11-19,30,4,3,5,285.99,1429.95,4,9
18607,2024-11-10,11,10,3,1,64.73,64.73,4,10
18608,2024-11-17,4,11,3,1,364.58,364.58,4,11
18609,2024-11-25,27,4,3,2,269.53,539.06,4,11
18610,2024-11-16,21,17,3,3,53.99,161.97,4,9
18611,2024-11-05,4,16,3,5,10.95,54.75,4,10
18612,2024-11-11,27,18,3,3,13.99,41.97,1,11
18613,2024-11-19,27,16,3,2,14.46,28.92,4,10
18614,2024-11-01,10,6,3,1,9.03,9.03,4,9
18615,2024-11-11,4,20,3,1,31.87,31.87,2,10
18616,2024-11-25,6,9,3,1,171.16,171.16,4,9
18617,2024-11-30,24,16,3,3,9.7,29.1,4,10
18618,2024-11-06,12,4,3,2,99.39,198.78,3,10
18619,2024-11-14,23,20,3,1,34.99,34.99,4,11
18620,2024-11-01,15,8,3,2,68.36,136.72,4,9
18621,2024-11-22,17,14,3,3,206.91,620.73,4,9
18622,2024-11-08,6,19,4,1,30.89,30.89,4,14
18623,2024-11-24,20,3,4,2,59.99,119.98,4,12
18624,2024-11-27,4,20,4,3,40.27,120.81,4,13
18625,2024-11-08,1,16,4,1,13.7,13.7,4,12
18626,2024-11-09,23,10,4,2,58.99,117.98,4,13
18627,2024-11-18,23,9,4,1,92.99,92.99,4,13
18628,2024-11-08,1,7,4,2,51.17,102.34,4,14
18629,2024-11-09,14,19,4,3,18.99,56.97,4,12
18630,2024-11-07,17,2,4,1,87.29,87.29,4,14
18631,2024-11-18,1,16,4,2,22.34,44.68,4,12
18632,2024-11-17,18,19,4,4,38.29,153.16,4,12
18633,2024-11-13,2,16,4,1,21.94,21.94,4,12
18634,2024-11-26,19,9,4,1,149.11,149.11,4,14
18635,2024-11-16,7,7,4,1,121.98,121.98,4,13
18636,2024-11-18,20,18,4,4,9.1,36.4,4,12
18637,2024-11-20,30,2,4,3,91.99,275.97,3,13
18638,2024-11-20,4,2,4,2,86.04,172.08,4,14
18639,2024-11-17,23,14,4,1,172.99,172.99,1,14
18640,2024-11-15,10,12,4,4,808.99,3235.96,4,12
18641,2024-11-02,26,7,4,3,148.63,445.89,4,13
18642,2024-11-30,18,8,4,1,33.45,33.45,4,14
18643,2024-11-22,2,3,4,3,157.61,472.83,4,12
18644,2024-11-02,6,5,4,2,20.99,41.98,4,12
18645,2024-11-17,11,20,4,1,15.99,15.99,4,12
18646,2024-11-20,5,14,4,1,113.55,113.55,3,13
18647,2024-11-21,28,1,4,2,863.38,1726.76,4,14
18648,2024-11-12,5,10,4,1,36.09,36.09,4,13
18649,2024-11-29,16,5,4,1,22.99,22.99,4,12
18650,2024-11-14,8,13,4,1,112.54,112.54,2,12
18651,2024-11-12,26,9,4,2,94.99,189.98,4,14
18652,2024-11-05,7,7,4,1,59.99,59.99,4,14
18653,2024-11-10,8,13,4,2,69.45,138.9,4,14
18654,2024-11-03,20,7,4,3,123.74,371.22,4,14
18655,2024-11-25,22,13,4,1,112.99,112.99,4,12
18656,2024-11-20,9,16,4,1,12.48,12.48,4,13
18657,2024-11-18,16,1,4,2,832.99,1665.98,4,12
18658,2024-11-20,15,2,4,4,77.23,308.92,4,14
18659,2024-11-19,22,10,4,3,58.47,175.41,4,14
18660,2024-11-25,20,20,4,1,33.68,33.68,4,12
18661,2024-11-16,13,15,4,3,79.99,239.97,4,13
18662,2024-11-22,9,16,4,3,21.78,65.34,4,14
18663,2024-11-12,1,13,4,5,99.12,495.6,4,13
18664,2024-11-04,17,15,4,2,61.68,123.36,4,12
18665,2024-11-28,17,18,4,4,13.23,52.92,4,12
18666,2024-11-19,12,9,5,1,95.99,95.99,4,15
18667,2024-11-27,3,20,5,5,36.52,182.6,4,16
18668,2024-11-29,22,6,5,1,14.19,14.19,4,16
18669,2024-11-13,20,20,5,4,20.99,83.96,4,16
18670,2024-11-11,14,14,5,2,174.38,348.76,3,16
18671,2024-11-04,3,2,5,2,118.99,237.98,4,16
18672,2024-11-09,17,2,5,3,64.74,194.22,4,16
18673,2024-11-21,22,20,5,2,38.97,77.94,4,16
18674,2024-11-16,30,15,5,2,55.41,110.82,4,16
18675,2024-11-25,18,16,5,3,9.6,28.8,4,15
18676,2024-11-29,30,5,5,1,21.99,21.99,4,15
18677,2024-11-16,1,16,5,1,21.99,21.99,4,16
18678,2024-11-05,15,16,5,4,13.99,55.96,4,15
18679,2024-11-04,19,3,5,4,90.17,360.68,4,17
18680,2024-11-06,24,6,5,2,22.78,45.56,4,15
18681,2024-11-18,18,6,5,1,31.99,31.99,4,16
18682,2024-11-24,30,20,5,3,36.42,109.26,4,16
18683,2024-11-08,10,5,5,3,12.99,38.97,4,15
18684,2024-11-03,6,9,5,3,157.99,473.97,4,15
18685,2024-11-29,30,3,5,1,107.01,107.01,4,16
18686,2024-11-29,22,16,5,2,20.88,41.76,4,16
18687,2024-11-21,24,8,5,3,80.92,242.76,4,17
18688,2024-11-21,16,4,5,1,274.99,274.99,4,15
18689,2024-11-24,6,18,5,1,12.99,12.99,1,17
18690,2024-11-04,14,16,5,1,10.99,10.99,4,16
18691,2024-11-03,22,6,5,4,9.99,39.96,4,17
18692,2024-11-27,25,6,5,1,9.05,9.05,4,16
18693,2024-11-25,2,16,5,1,23.9,23.9,4,16
18694,2024-11-12,13,19,5,2,14.99,29.98,4,17
18695,2024-11-08,6,2,5,1,87.19,87.19,4,15
18696,2024-11-25,24,16,5,2,13.43,26.86,4,17
18697,2024-11-23,30,8,5,3,52.99,158.97,4,17
18698,2024-11-09,2,18,5,3,10.99,32.97,4,17
18699,2024-11-07,15,5,5,1,20.98,20.98,4,17
18700,2024-11-01,27,9,5,1,72.99,72.99,4,17
18701,2024-11-05,27,3,5,4,89.15,356.6,1,17
18702,2024-11-22,20,10,5,3,67.0,201.0,4,17
18703,2024-11-25,17,13,5,3,101.34,304.02,4,15
18704,2024-11-04,26,6,5,5,18.91,94.55,4,16
18705,2024-11-27,4,17,5,2,40.91,81.82,4,17
18706,2024-11-26,7,6,5,3,34.76,104.28,4,16
18707,2024-11-21,7,15,5,3,41.99,125.97,2,16
18708,2024-11-29,22,18,5,1,14.5,14.5,4,15
18709,2024-11-24,18,6,5,1,12.51,12.51,1,15
18710,2024-11-27,21,14,6,2,182.99,365.98,4,18
18711,2024-11-26,9,6,6,1,15.33,15.33,4,18
18712,2024-11-28,25,14,6,1,137.25,137.25,4,20
18713,2024-11-15,9,8,6,3,45.99,137.97,4,19
18714,2024-11-08,6,19,6,4,21.99,87.96,4,18
18715,2024-11-09,21,15,6,2,87.2,174.4,4,19
18716,2024-11-06,7,16,6,1,18.99,18.99,4,18
18717,2024-11-22,17,15,6,1,79.1,79.1,4,20
18718,2024-11-22,19,2,6,1,81.35,81.35,4,20
18719,2024-11-18,29,14,6,2,191.99,383.98,4,18
18720,2024-11-03,28,3,6,2,145.99,291.98,4,20
18721,2024-11-29,13,10,6,1,54.99,54.99,4,20
18722,2024-11-28,1,18,6,2,9.99,19.98,4,19
18723,2024-11-25,14,5,6,3,21.99,65.97,4,18
18724,2024-11-18,16,4,6,3,113.98,341.94,4,18
18725,2024-11-07,23,4,6,2,294.87,589.74,4,20
18726,2024-11-18,10,6,6,1,18.27,18.27,4,20
18727,2024-11-12,14,14,6,5,229.46,1147.3,2,20
18728,2024-11-23,29,19,6,5,20.99,104.95,4,19
18729,2024-11-20,23,5,6,1,12.55,12.55,3,20
18730,2024-11-01,30,8,6,1,57.99,57.99,4,18
18731,2024-11-22,27,17,6,2,49.79,99.58,4,20
18732,2024-11-04,24,9,6,2,69.01,138.02,4,19
18733,2024-11-18,9,5,6,1,23.08,23.08,4,19
18734,2024-11-08,15,16,6,1,17.59,17.59,4,20
18735,2024-11-09,28,19,6,3,19.99,59.97,4,18
18736,2024-11-22,26,5,6,3,9.99,29.97,4,19
18737,2024-11-27,21,5,6,2,14.45,28.9,4,20
18738,2024-11-19,17,3,6,3,83.99,251.97,4,20
18739,2024-11-09,17,8,6,2,80.57,161.14,4,20
18740,2024-11-24,26,20,6,3,24.99,74.97,4,20
18741,2024-11-24,28,14,6,1,190.03,190.03,4,19
18742,2024-11-18,8,20,6,4,41.55,166.2,4,19
18743,2024-11-26,11,8,6,3,30.99,92.97,4,18
18744,2024-11-06,28,17,6,1,41.99,41.99,4,18
18745,2024-11-06,26,7,6,3,86.88,260.64,4,18
18746,2024-11-01,28,3,6,3,101.24,303.72,4,18
18747,2024-11-03,15,4,6,1,156.66,156.66,4,20
18748,2024-11-18,21,18,6,3,14.99,44.97,4,19
18749,2024-11-18,2,2,6,3,91.99,275.97,4,20
18750,2024-11-29,29,5,6,3,23.72,71.16,2,18
18751,2024-11-04,28,10,6,4,66.99,267.96,4,20
18752,2024-11-29,15,18,6,1,14.95,14.95,4,20
18753,2024-11-30,5,15,6,4,76.69,306.76,4,18
18754,2024-11-18,18,6,6,5,10.99,54.95,4,19
18755,2024-11-04,12,16,6,3,22.5,67.5,4,20
18756,2024-11-20,2,16,6,3,21.99,65.97,4,19
18757,2024-11-24,26,3,6,2,93.99,187.98,4,18
18758,2024-11-04,14,13,6,1,109.19,109.19,4,20
18759,2024-11-29,26,2,6,2,124.69,249.38,4,19
18760,2024-11-11,12,7,6,1,146.54,146.54,4,19
18761,2024-11-01,20,8,6,1,64.23,64.23,4,18
18762,2024-11-27,1,18,6,2,14.99,29.98,4,19
18763,2024-11-15,27,18,6,2,8.99,17.98,4,18
18764,2024-11-28,1,10,6,2,49.99,99.98,4,18
18765,2024-11-26,18,9,7,2,80.4,160.8,4,21
18766,2024-11-27,8,17,7,1,44.48,44.48,4,21
18767,2024-11-06,7,4,7,1,278.63,278.63,4,23
18768,2024-11-05,10,5,7,1,18.99,18.99,4,23
18769,2024-11-20,18,13,7,2,59.99,119.98,4,23
18770,2024-11-22,5,2,7,3,73.69,221.07,4,21
18771,2024-11-16,6,8,7,3,47.4,142.2,4,22
18772,2024-11-03,3,9,7,3,91.99,275.97,4,23
18773,2024-11-04,4,10,7,4,29.72,118.88,4,21
18774,2024-11-17,24,5,7,1,25.34,25.34,4,21
18775,2024-11-03,23,20,7,2,28.99,57.98,4,23
18776,2024-11-07,8,16,7,5,16.33,81.65,4,23
18777,2024-11-20,24,7,7,2,156.41,312.82,4,22
18778,2024-11-08,29,20,7,3,21.43,64.29,4,21
18779,2024-11-27,3,20,7,4,35.99,143.96,4,21
18780,2024-11-26,15,4,7,4,102.99,411.96,4,21
18781,2024-11-09,27,19,7,3,34.99,104.97,4,23
18782,2024-11-01,2,4,7,2,205.68,411.36,4,22
18783,2024-11-10,9,16,7,3,8.0,24.0,4,23
18784,2024-11-14,12,4,7,2,285.99,571.98,3,23
18785,2024-11-10,7,1,7,1,846.99,846.99,4,21
18786,2024-11-15,28,16,7,2,18.75,37.5,4,23
18787,2024-11-05,8,5,7,1,10.99,10.99,4,22
18788,2024-11-05,22,16,7,3,8.0,24.0,1,23
18789,2024-11-07,30,9,7,1,100.99,100.99,4,22
18790,2024-11-30,28,1,7,3,973.01,2919.03,2,21
18791,2024-11-24,23,6,7,1,32.12,32.12,4,22
18792,2024-11-06,24,13,7,3,117.99,353.97,4,22
18793,2024-11-23,26,17,7,1,36.7,36.7,4,22
18794,2024-11-06,29,20,7,3,23.2,69.6,4,23
18795,2024-11-16,27,7,7,4,75.62,302.48,4,23
18796,2024-11-18,29,5,7,1,16.5,16.5,4,23
18797,2024-11-10,27,16,7,2,18.99,37.98,4,22
18798,2024-11-03,15,9,7,5,106.99,534.95,4,21
18799,2024-11-08,7,15,7,1,51.99,51.99,4,22
18800,2024-11-15,22,19,7,2,32.45,64.9,4,21
18801,2024-11-20,1,2,7,2,58.73,117.46,4,23
18802,2024-11-10,13,18,7,1,8.99,8.99,4,21
18803,2024-11-29,22,15,8,2,68.78,137.56,4,25
18804,2024-11-15,27,10,8,4,43.83,175.32,4,24
18805,2024-11-30,9,14,8,2,184.93,369.86,4,24
18806,2024-11-05,7,6,8,1,9.99,9.99,4,24
18807,2024-11-22,1,17,8,1,42.26,42.26,4,24
18808,2024-11-12,27,6,8,2,11.99,23.98,4,25
18809,2024-11-07,12,16,8,1,18.95,18.95,4,24
18810,2024-11-24,30,1,8,1,989.99,989.99,4,24
18811,2024-11-03,8,16,8,1,18.04,18.04,4,24
18812,2024-11-24,15,9,8,4,89.99,359.96,4,25
18813,2024-11-04,14,2,8,2,90.19,180.38,1,24
18814,2024-11-27,23,5,8,2,23.99,47.98,4,25
18815,2024-11-02,20,19,8,2,24.06,48.12,4,24
18816,2024-11-20,29,3,8,3,141.2,423.6,1,25
18817,2024-11-09,21,3,8,2,91.99,183.98,4,24
18818,2024-11-13,12,3,8,2,68.99,137.98,3,24
18819,2024-11-07,17,9,8,2,145.99,291.98,3,24
18820,2024-11-27,21,4,8,2,238.8,477.6,4,24
18821,2024-11-09,21,16,8,1,17.66,17.66,4,24
18822,2024-11-18,8,15,8,4,35.39,141.56,4,25
18823,2024-11-24,26,15,8,2,45.52,91.04,4,25
18824,2024-11-28,15,8,8,3,75.18,225.54,4,24
18825,2024-11-15,5,19,8,2,28.84,57.68,4,24
18826,2024-11-10,24,16,8,1,17.99,17.99,4,24
18827,2024-11-18,30,3,8,1,92.99,92.99,2,24
18828,2024-11-14,29,16,8,5,18.64,93.2,4,24
18829,2024-11-22,16,18,8,1,15.45,15.45,4,24
18830,2024-11-30,2,8,8,2,85.79,171.58,4,24
18831,2024-11-16,7,9,8,4,97.98,391.92,4,25
18832,2024-11-06,20,2,8,3,65.47,196.41,4,25
18833,2024-11-16,29,3,8,1,79.6,79.6,1,24
18834,2024-11-28,16,2,8,3,113.99,341.97,4,24
18835,2024-11-04,3,15,8,1,45.99,45.99,4,25
18836,2024-11-14,12,15,8,1,47.86,47.86,4,25
18837,2024-11-28,29,13,8,3,116.63,349.89,3,24
18838,2024-11-11,27,2,8,4,49.45,197.8,4,25
18839,2024-11-05,18,18,8,5,11.64,58.2,4,25
18840,2024-11-28,25,5,8,1,17.67,17.67,4,24
18841,2024-11-08,27,18,9,3,16.86,50.58,4,27
18842,2024-11-08,3,18,9,5,16.99,84.95,4,28
18843,2024-11-25,27,15,9,1,60.43,60.43,4,27
18844,2024-11-30,24,8,9,1,74.99,74.99,4,28
18845,2024-11-28,20,10,9,3,64.99,194.97,4,27
18846,2024-11-22,24,15,9,2,43.99,87.98,4,27
18847,2024-11-03,11,10,9,1,34.13,34.13,4,26
18848,2024-11-02,18,14,9,2,148.99,297.98,4,27
18849,2024-11-28,6,3,9,3,112.58,337.74,4,27
18850,2024-11-30,25,14,9,4,232.8,931.2,4,26
18851,2024-11-26,6,7,9,1,109.99,109.99,2,26
18852,2024-11-18,24,6,9,1,18.99,18.99,4,26
18853,2024-11-15,14,8,9,1,31.99,31.99,4,27
18854,2024-11-10,29,4,9,1,160.99,160.99,4,26
18855,2024-11-05,14,6,9,2,18.72,37.44,4,27
18856,2024-11-10,10,3,9,3,92.99,278.97,4,28
18857,2024-11-06,16,20,9,2,20.99,41.98,4,27
18858,2024-11-17,4,13,9,1,65.3,65.3,4,27
18859,2024-11-17,12,19,9,2,28.99,57.98,4,27
18860,2024-11-14,25,18,9,2,16.83,33.66,4,27
18861,2024-11-16,9,17,9,1,44.81,44.81,4,27
18862,2024-11-21,18,4,9,2,208.72,417.44,4,28
18863,2024-11-05,1,10,9,3,30.16,90.48,4,26
18864,2024-11-23,27,12,9,2,647.86,1295.72,4,28
18865,2024-11-20,2,3,9,1,137.99,137.99,4,28
18866,2024-11-21,9,15,9,1,44.99,44.99,4,27
18867,2024-11-20,22,13,9,3,41.57,124.71,4,28
18868,2024-11-16,11,10,9,1,39.19,39.19,4,26
18869,2024-11-30,24,20,9,1,17.65,17.65,4,27
18870,2024-11-21,24,6,9,4,20.85,83.4,4,28
18871,2024-11-06,30,20,9,1,33.12,33.12,4,27
18872,2024-11-13,15,13,9,3,109.99,329.97,4,26
18873,2024-11-03,23,15,9,3,70.33,210.99,4,26
18874,2024-11-08,2,17,9,4,25.93,103.72,4,28
18875,2024-11-09,5,19,9,4,14.99,59.96,4,27
18876,2024-11-28,16,18,9,1,8.99,8.99,4,26
18877,2024-11-27,25,2,9,5,66.99,334.95,2,28
18878,2024-11-27,4,4,9,2,155.89,311.78,4,28
18879,2024-11-25,4,5,9,2,12.99,25.98,4,27
18880,2024-11-14,27,19,9,2,32.47,64.94,4,26
18881,2024-11-18,26,5,9,2,14.99,29.98,4,26
18882,2024-11-19,15,18,9,3,14.99,44.97,4,26
18883,2024-11-10,26,8,9,2,73.99,147.98,4,27
18884,2024-11-03,3,5,9,1,18.24,18.24,1,27
18885,2024-11-08,5,3,9,3,152.15,456.45,4,28
18886,2024-11-23,14,2,9,1,77.17,77.17,4,26
18887,2024-11-26,14,15,9,2,38.44,76.88,4,26
18888,2024-11-27,23,3,9,1,71.99,71.99,4,28
18889,2024-11-21,29,13,9,4,39.0,156.0,4,27
18890,2024-11-21,1,4,9,2,233.99,467.98,4,28
18891,2024-11-11,15,6,9,1,25.41,25.41,4,28
18892,2024-11-21,10,13,9,5,47.07,235.35,4,26
18893,2024-11-20,8,11,10,2,552.99,1105.98,3,30
18894,2024-11-24,4,5,10,1,20.76,20.76,2,31
18895,2024-11-08,1,6,10,3,19.46,58.38,4,29
18896,2024-11-20,21,5,10,2,20.0,40.0,4,30
18897,2024-11-16,18,20,10,2,34.99,69.98,4,31
18898,2024-11-21,24,1,10,1,1203.08,1203.08,4,29
18899,2024-11-14,4,2,10,1,86.97,86.97,3,30
18900,2024-11-29,28,6,10,3,30.89,92.67,4,31
18901,2024-11-02,29,13,10,2,54.19,108.38,4,29
18902,2024-11-21,8,6,10,3,30.25,90.75,4,29
18903,2024-11-01,26,20,10,3,19.89,59.67,4,29
18904,2024-11-13,4,16,10,5,20.14,100.7,4,31
18905,2024-11-22,20,19,10,2,31.99,63.98,4,29
18906,2024-11-29,10,3,10,1,115.8,115.8,4,29
18907,2024-11-07,28,20,10,2,14.0,28.0,4,31
18908,2024-11-05,11,8,10,3,54.46,163.38,4,29
18909,2024-11-01,24,10,10,4,39.98,159.92,4,29
18910,2024-11-09,12,4,10,3,179.61,538.83,4,30
18911,2024-11-05,9,17,10,5,49.99,249.95,4,31
18912,2024-11-08,7,20,10,3,30.99,92.97,4,31
18913,2024-11-29,30,7,10,3,153.99,461.97,4,31
18914,2024-11-06,17,19,10,1,33.99,33.99,2,31
18915,2024-11-20,2,3,10,2,92.04,184.08,4,31
18916,2024-11-22,18,18,10,1,9.44,9.44,4,30
18917,2024-11-13,24,15,10,2,52.99,105.98,4,30
18918,2024-11-19,27,4,10,2,122.99,245.98,4,31
18919,2024-11-14,4,17,10,1,32.38,32.38,4,31
18920,2024-11-06,5,6,10,2,15.82,31.64,4,29
18921,2024-11-26,17,15,10,1,42.98,42.98,4,29
18922,2024-11-01,11,1,10,3,1357.72,4073.16,4,30
18923,2024-11-12,17,10,10,1,35.84,35.84,3,31
18924,2024-11-20,2,18,10,1,10.99,10.99,4,31
18925,2024-11-17,9,4,10,2,258.09,516.18,4,29
18926,2024-11-29,13,15,10,3,56.4,169.2,4,29
18927,2024-11-29,9,2,10,1,71.46,71.46,4,29
18928,2024-11-26,23,16,10,1,8.99,8.99,4,30
18929,2024-11-11,16,7,10,2,111.16,222.32,4,31
18930,2024-11-15,30,18,10,2,11.96,23.92,4,29
18931,2024-11-23,15,4,10,5,190.99,954.95,4,29
18932,2024-11-13,26,6,10,4,19.99,79.96,4,30
18933,2024-11-10,26,1,10,1,859.74,859.74,4,31
18934,2024-11-14,29,15,10,2,81.99,163.98,4,31
18935,2024-11-20,29,4,10,1,288.16,288.16,4,29
18936,2024-11-24,10,18,10,4,12.26,49.04,4,29
18937,2024-11-23,27,5,10,1,24.99,24.99,4,29
18938,2024-11-01,26,11,10,1,307.99,307.99,4,29
18939,2024-11-13,15,10,10,4,67.47,269.88,4,30
18940,2024-11-21,15,5,10,1,24.99,24.99,4,29
18941,2024-11-12,14,13,10,3,48.44,145.32,4,30
18942,2024-11-07,30,13,10,1,74.99,74.99,4,29
18943,2024-11-29,29,5,10,2,16.03,32.06,4,31
18944,2024-11-23,19,11,10,1,297.18,297.18,4,29
18945,2024-11-22,17,5,11,1,17.99,17.99,4,32
18946,2024-11-07,10,18,11,2,8.16,16.32,4,32
18947,2024-11-09,25,14,11,1,176.99,176.99,4,33
18948,2024-11-13,3,3,11,1,125.99,125.99,4,33
18949,2024-11-05,2,5,11,4,27.59,110.36,4,32
18950,2024-11-08,8,2,11,2,80.99,161.98,4,32
18951,2024-11-26,18,15,11,2,71.13,142.26,4,32
18952,2024-11-14,26,17,11,4,19.99,79.96,4,33
18953,2024-11-10,12,4,11,1,150.99,150.99,4,32
18954,2024-11-25,18,17,11,1,28.09,28.09,4,32
18955,2024-11-16,7,18,11,3,10.59,31.77,4,33
18956,2024-11-16,26,1,11,2,902.36,1804.72,4,33
18957,2024-11-23,14,17,11,2,49.3,98.6,4,32
18958,2024-11-12,7,8,11,1,88.07,88.07,4,32
18959,2024-11-01,11,10,11,2,67.33,134.66,4,33
18960,2024-11-01,19,3,11,2,94.99,189.98,3,32
18961,2024-11-04,11,14,11,2,115.25,230.5,4,33
18962,2024-11-18,14,19,11,5,14.2,71.0,4,32
18963,2024-11-14,7,7,11,2,86.22,172.44,4,33
18964,2024-11-14,6,19,11,2,34.36,68.72,4,32
18965,2024-11-18,28,10,11,2,46.85,93.7,4,32
18966,2024-11-09,11,20,11,2,30.99,61.98,4,32
18967,2024-11-25,16,17,11,3,52.36,157.08,4,33
18968,2024-11-12,16,19,11,4,26.99,107.96,4,33
18969,2024-11-09,1,10,11,1,52.7,52.7,4,32
18970,2024-11-11,18,5,11,4,23.99,95.96,4,32
18971,2024-11-18,19,10,11,2,56.99,113.98,4,32
18972,2024-11-11,23,5,11,2,15.66,31.32,4,32
18973,2024-11-13,27,17,11,1,53.99,53.99,1,32
18974,2024-11-14,20,20,11,1,17.94,17.94,4,32
18975,2024-11-30,6,1,11,4,1072.56,4290.24,1,32
18976,2024-11-23,6,17,11,1,32.91,32.91,4,33
18977,2024-11-28,11,17,11,4,29.99,119.96,4,32
18978,2024-11-17,18,17,11,1,40.99,40.99,3,33
18979,2024-11-16,30,11,11,1,312.99,312.99,4,33
18980,2024-11-21,22,10,11,2,54.99,109.98,4,33
18981,2024-11-06,19,18,11,2,15.99,31.98,3,33
18982,2024-11-26,14,20,11,3,15.63,46.89,4,33
18983,2024-11-14,22,18,11,3,14.99,44.97,4,32
18984,2024-11-16,4,19,11,1,14.99,14.99,4,32
18985,2024-11-14,27,19,11,3,30.99,92.97,4,32
18986,2024-11-15,18,6,11,3,15.84,47.52,4,32
18987,2024-11-10,18,13,11,1,48.29,48.29,4,33
18988,2024-11-25,27,3,11,1,91.99,91.99,4,32
18989,2024-11-12,19,17,11,1,47.99,47.99,4,32
18990,2024-11-08,11,10,11,3,36.99,110.97,4,32
18991,2024-11-08,8,20,11,3,29.95,89.85,4,33
18992,2024-11-01,20,20,11,1,22.48,22.48,4,32
18993,2024-11-23,3,6,11,2,28.99,57.98,4,32
18994,2024-11-19,6,11,11,4,277.88,1111.52,4,32
18995,2024-11-24,25,15,11,2,29.0,58.0,4,32
18996,2024-11-16,26,1,11,1,928.66,928.66,4,33
18997,2024-11-12,12,17,11,4,31.99,127.96,4,33
18998,2024-11-22,14,17,12,3,32.3,96.9,4,34
18999,2024-11-01,16,2,12,2,75.99,151.98,4,34
19000,2024-11-03,19,2,12,2,90.38,180.76,4,34
19001,2024-11-29,10,18,12,3,9.03,27.09,4,35
19002,2024-11-13,26,15,12,1,70.83,70.83,4,35
19003,2024-11-09,16,1,12,2,907.99,1815.98,4,35
19004,2024-11-10,14,15,12,5,29.99,149.95,4,34
19005,2024-11-23,23,3,12,1,118.99,118.99,4,35
19006,2024-11-30,7,13,12,1,118.01,118.01,3,35
19007,2024-11-08,16,18,12,1,10.99,10.99,4,34
19008,2024-11-01,13,5,12,2,24.8,49.6,4,34
19009,2024-11-26,23,16,12,2,11.48,22.96,4,34
19010,2024-11-24,16,14,12,2,238.34,476.68,4,35
19011,2024-11-29,13,16,12,1,21.83,21.83,2,34
19012,2024-11-08,6,10,12,3,65.99,197.97,4,35
19013,2024-11-24,11,20,12,3,25.23,75.69,4,34
19014,2024-11-13,4,3,12,1,84.13,84.13,4,35
19015,2024-11-27,29,20,12,2,34.99,69.98,4,34
19016,2024-11-02,29,10,12,3,49.58,148.74,4,35
19017,2024-11-29,18,4,12,3,201.1,603.3,4,35
19018,2024-11-26,26,7,12,1,134.2,134.2,4,34
19019,2024-11-01,2,18,12,2,12.78,25.56,4,34
19020,2024-11-15,17,18,12,1,17.42,17.42,1,35
19021,2024-11-09,28,16,12,2,12.28,24.56,4,35
19022,2024-11-06,16,3,12,4,69.24,276.96,4,35
19023,2024-11-05,19,4,12,3,173.39,520.17,4,35
19024,2024-11-07,11,8,12,2,51.4,102.8,4,35
19025,2024-11-25,9,20,12,1,29.99,29.99,4,34
19026,2024-11-29,4,15,12,2,58.47,116.94,2,35
19027,2024-11-27,30,17,12,2,27.99,55.98,4,35
19028,2024-11-04,19,7,12,3,137.99,413.97,4,34
19029,2024-11-09,23,19,13,2,34.99,69.98,1,37
19030,2024-11-18,9,16,13,4,8.99,35.96,4,37
19031,2024-11-27,27,7,13,2,52.48,104.96,4,37
19032,2024-11-01,25,17,13,1,25.99,25.99,4,37
19033,2024-11-22,18,11,13,1,406.99,406.99,4,36
19034,2024-11-25,10,14,13,1,166.99,166.99,4,37
19035,2024-11-16,9,6,13,4,9.0,36.0,4,36
19036,2024-11-22,10,3,13,3,113.99,341.97,4,37
19037,2024-11-15,14,20,13,1,39.88,39.88,4,37
19038,2024-11-26,3,16,13,2,10.99,21.98,4,37
19039,2024-11-27,15,15,13,5,60.99,304.95,4,38
19040,2024-11-16,15,18,13,2,13.89,27.78,4,36
19041,2024-11-13,15,6,13,4,19.99,79.96,4,36
19042,2024-11-09,20,4,13,3,169.59,508.77,3,38
19043,2024-11-18,22,9,13,2,122.17,244.34,4,38
19044,2024-11-10,23,4,13,4,295.83,1183.32,3,36
19045,2024-11-14,29,15,13,1,46.99,46.99,4,37
19046,2024-11-04,20,13,13,2,60.42,120.84,4,37
19047,2024-11-20,18,18,13,2,16.87,33.74,4,37
19048,2024-11-09,20,10,13,3,63.77,191.31,3,36
19049,2024-11-02,6,17,13,2,45.16,90.32,4,38
19050,2024-11-22,29,8,13,2,38.32,76.64,4,36
19051,2024-11-20,26,16,13,2,17.99,35.98,4,38
19052,2024-11-03,28,13,13,5,98.99,494.95,4,37
19053,2024-11-03,11,14,13,3,151.99,455.97,4,38
19054,2024-11-20,7,18,13,5,13.41,67.05,4,38
19055,2024-11-04,20,16,13,5,11.35,56.75,4,38
19056,2024-11-11,4,3,13,1,101.99,101.99,3,36
19057,2024-11-01,18,2,13,1,53.52,53.52,4,37
19058,2024-11-12,30,4,13,2,186.31,372.62,4,37
19059,2024-11-02,25,10,13,3,53.26,159.78,4,36
19060,2024-11-26,5,7,13,2,145.74,291.48,4,38
19061,2024-11-07,6,5,13,1,20.99,20.99,4,38
19062,2024-11-13,13,8,13,4,39.99,159.96,4,37
19063,2024-11-22,20,2,13,4,89.4,357.6,4,37
19064,2024-11-26,25,10,13,1,39.99,39.99,1,36
19065,2024-11-05,17,4,13,3,206.99,620.97,4,38
19066,2024-11-16,22,19,13,3,18.04,54.12,2,36
19067,2024-11-15,18,11,13,4,283.47,1133.88,4,38
19068,2024-11-20,20,3,13,5,154.87,774.35,4,36
19069,2024-11-08,12,19,13,1,29.99,29.99,4,36
19070,2024-11-24,24,19,13,2,14.99,29.98,4,38
19071,2024-11-01,1,10,13,5,53.99,269.95,4,37
19072,2024-11-22,23,8,13,1,68.87,68.87,4,37
19073,2024-11-17,24,19,13,1,34.99,34.99,1,37
19074,2024-11-18,29,17,13,3,28.79,86.37,4,36
19075,2024-11-06,23,7,13,2,142.99,285.98,4,38
19076,2024-11-17,25,14,14,3,190.25,570.75,4,39
19077,2024-11-21,10,3,14,2,146.69,293.38,4,40
19078,2024-11-28,25,13,14,1,78.99,78.99,4,39
19079,2024-11-14,24,5,14,3,21.99,65.97,4,40
19080,2024-11-20,1,5,14,4,21.64,86.56,4,40
19081,2024-11-08,7,6,14,3,24.05,72.15,4,39
19082,2024-11-17,25,15,14,2,46.99,93.98,4,39
19083,2024-11-15,30,16,14,2,20.55,41.1,4,40
19084,2024-11-08,15,3,14,5,90.22,451.1,4,40
19085,2024-11-08,13,15,14,1,72.69,72.69,4,40
19086,2024-11-30,22,9,14,3,121.99,365.97,4,40
19087,2024-11-23,20,8,14,2,61.25,122.5,4,39
19088,2024-11-18,6,13,14,1,108.99,108.99,4,40
19089,2024-11-25,12,17,14,2,21.66,43.32,4,40
19090,2024-11-10,2,5,14,1,24.09,24.09,4,40
19091,2024-11-24,6,2,14,3,68.99,206.97,2,40
19092,2024-11-13,10,5,14,3,17.02,51.06,4,39
19093,2024-11-25,15,4,14,1,243.99,243.99,4,39
19094,2024-11-26,2,3,14,2,87.03,174.06,2,40
19095,2024-11-23,8,19,14,3,16.37,49.11,4,39
19096,2024-11-10,19,16,14,2,14.2,28.4,4,40
19097,2024-11-19,29,10,14,1,57.74,57.74,4,39
19098,2024-11-18,4,7,14,2,60.99,121.98,4,39
19099,2024-11-08,18,18,14,1,15.99,15.99,4,40
19100,2024-11-07,14,17,14,1,40.99,40.99,4,39
19101,2024-11-28,7,15,14,5,35.99,179.95,4,40
19102,2024-11-22,18,2,14,2,116.04,232.08,4,40
19103,2024-11-25,11,20,14,1,31.87,31.87,4,39
19104,2024-11-08,1,3,14,4,86.9,347.6,4,40
19105,2024-11-22,9,16,14,4,11.86,47.44,2,39
19106,2024-11-01,2,15,14,1,55.84,55.84,4,39
19107,2024-11-30,12,3,14,2,68.99,137.98,4,39
19108,2024-11-02,15,1,14,1,915.99,915.99,4,40
19109,2024-11-22,8,18,14,2,18.95,37.9,4,39
19110,2024-11-08,13,1,14,4,863.99,3455.96,2,39
19111,2024-11-18,28,3,14,3,90.69,272.07,4,39
19112,2024-11-20,21,20,14,1,28.78,28.78,4,40
19113,2024-11-02,18,7,14,5,96.99,484.95,4,39
19114,2024-11-05,19,19,14,3,19.99,59.97,4,39
19115,2024-11-11,16,6,14,3,16.99,50.97,4,39
19116,2024-11-18,23,17,14,1,23.55,23.55,4,39
19117,2024-11-15,27,8,14,3,54.03,162.09,4,40
19118,2024-11-19,6,5,14,2,21.36,42.72,4,40
19119,2024-11-10,2,20,14,2,33.99,67.98,4,40
19120,2024-11-15,28,1,15,3,806.99,2420.97,4,41
19121,2024-11-28,18,19,15,1,16.99,16.99,4,42
19122,2024-11-06,13,13,15,1,62.99,62.99,4,41
19123,2024-11-30,2,13,15,1,86.45,86.45,4,41
19124,2024-11-09,18,4,15,3,195.0,585.0,4,42
19125,2024-11-16,25,5,15,1,21.99,21.99,4,42
19126,2024-11-18,11,10,15,1,43.68,43.68,4,42
19127,2024-11-25,8,15,15,1,49.61,49.61,4,42
19128,2024-11-12,24,14,15,1,167.84,167.84,3,41
19129,2024-11-08,25,10,15,1,66.6,66.6,4,41
19130,2024-11-21,14,9,15,3,188.04,564.12,4,42
19131,2024-11-07,2,18,15,4,11.26,45.04,4,41
19132,2024-11-13,27,18,15,2,17.59,35.18,4,42
19133,2024-11-10,23,17,15,3,34.9,104.7,4,42
19134,2024-11-04,26,2,15,1,103.0,103.0,4,41
19135,2024-11-21,8,7,15,2,85.99,171.98,4,41
19136,2024-11-09,26,19,15,5,33.99,169.95,4,42
19137,2024-11-20,19,14,15,1,199.56,199.56,4,42
19138,2024-11-12,24,16,15,4,15.72,62.88,4,42
19139,2024-11-21,2,4,15,2,104.41,208.82,4,42
19140,2024-11-30,13,16,15,4,8.0,32.0,1,42
19141,2024-11-18,6,18,15,1,10.05,10.05,4,42
19142,2024-11-06,15,2,15,3,100.99,302.97,4,42
19143,2024-11-19,17,5,15,3,11.99,35.97,4,41
19144,2024-11-19,11,6,15,1,15.48,15.48,4,41
19145,2024-11-13,20,9,15,1,155.04,155.04,4,41
19146,2024-11-09,20,14,15,1,243.34,243.34,4,42
19147,2024-11-01,30,4,15,3,140.99,422.97,4,42
19148,2024-11-09,17,16,15,1,16.99,16.99,4,42
19149,2024-11-02,17,7,15,1,148.84,148.84,4,42
19150,2024-11-25,23,10,15,2,44.42,88.84,4,41
19151,2024-11-23,17,4,15,3,292.03,876.09,4,42
19152,2024-11-02,27,16,15,1,14.99,14.99,4,41
19153,2024-11-27,8,5,15,2,16.87,33.74,4,41
19154,2024-11-22,21,2,15,2,73.65,147.3,4,41
19155,2024-11-06,5,8,15,2,72.35,144.7,4,41
19156,2024-11-04,11,20,15,1,28.99,28.99,2,42
19157,2024-11-11,6,16,15,2,16.53,33.06,4,42
19158,2024-12-05,5,5,1,2,21.98,43.96,4,2
19159,2024-12-08,6,2,1,1,89.99,89.99,4,3
19160,2024-12-26,11,13,1,1,72.99,72.99,4,4
19161,2024-12-09,1,18,1,1,7.0,7.0,4,3
19162,2024-12-31,15,10,1,1,31.99,31.99,1,3
19163,2024-12-08,25,3,1,1,62.67,62.67,4,3
19164,2024-12-29,4,20,1,1,40.86,40.86,4,4
19165,2024-12-03,2,18,1,1,12.52,12.52,4,1
19166,2024-12-29,26,12,1,2,415.99,831.98,4,3
19167,2024-12-04,7,10,1,2,35.99,71.98,4,2
19168,2024-12-21,4,10,1,1,61.43,61.43,4,2
19169,2024-12-27,10,3,1,1,125.55,125.55,4,2
19170,2024-12-07,17,11,1,1,513.58,513.58,3,1
19171,2024-12-21,27,4,1,4,236.99,947.96,2,4
19172,2024-12-24,24,14,1,1,222.83,222.83,4,3
19173,2024-12-05,20,8,1,3,30.98,92.94,4,1
19174,2024-12-18,5,15,1,1,80.83,80.83,3,3
19175,2024-12-30,11,20,1,1,30.99,30.99,4,3
19176,2024-12-12,11,14,1,2,188.08,376.16,4,1
19177,2024-12-19,25,3,1,1,150.48,150.48,4,3
19178,2024-12-01,24,5,1,3,21.12,63.36,4,3
19179,2024-12-03,21,16,1,3,17.99,53.97,4,3
19180,2024-12-13,15,3,1,1,85.99,85.99,4,2
19181,2024-12-20,25,6,1,1,26.38,26.38,4,3
19182,2024-12-10,9,10,1,3,59.81,179.43,4,4
19183,2024-12-05,3,20,1,1,40.44,40.44,4,2
19184,2024-12-06,28,8,1,1,82.99,82.99,4,2
19185,2024-12-23,2,16,1,3,20.99,62.97,4,3
19186,2024-12-04,26,9,1,3,78.99,236.97,4,2
19187,2024-12-14,15,20,1,3,21.16,63.48,4,2
19188,2024-12-26,9,5,2,3,9.69,29.07,4,6
19189,2024-12-06,28,8,2,1,64.08,64.08,4,6
19190,2024-12-14,30,2,2,1,123.99,123.99,3,5
19191,2024-12-05,8,19,2,3,18.99,56.97,4,5
19192,2024-12-23,10,9,2,3,144.51,433.53,4,8
19193,2024-12-11,11,18,2,1,12.94,12.94,4,8
19194,2024-12-23,13,3,2,2,124.99,249.98,4,5
19195,2024-12-03,23,9,2,2,193.99,387.98,4,6
19196,2024-12-05,7,19,2,1,28.99,28.99,4,6
19197,2024-12-03,21,10,2,4,54.0,216.0,4,6
19198,2024-12-02,2,18,2,2,14.95,29.9,4,8
19199,2024-12-24,17,18,2,4,12.34,49.36,4,5
19200,2024-12-20,5,18,2,2,13.44,26.88,4,6
19201,2024-12-02,28,5,2,3,21.83,65.49,4,6
19202,2024-12-25,13,13,2,5,54.99,274.95,4,6
19203,2024-12-13,28,15,2,2,62.59,125.18,4,7
19204,2024-12-15,5,20,2,1,28.27,28.27,4,8
19205,2024-12-02,12,9,2,2,189.89,379.78,4,5
19206,2024-12-20,14,18,2,1,11.84,11.84,4,8
19207,2024-12-13,1,16,2,3,10.39,31.17,4,8
19208,2024-12-29,26,19,2,2,24.93,49.86,3,5
19209,2024-12-28,25,6,2,2,11.44,22.88,4,7
19210,2024-12-21,11,7,2,5,149.99,749.95,4,8
19211,2024-12-10,2,18,2,2,7.99,15.98,4,6
19212,2024-12-07,11,19,3,3,22.7,68.1,4,11
19213,2024-12-24,22,16,3,2,10.99,21.98,4,9
19214,2024-12-05,27,2,3,3,110.53,331.59,4,11
19215,2024-12-28,15,16,3,2,22.22,44.44,4,10
19216,2024-12-28,20,8,3,1,54.55,54.55,3,10
19217,2024-12-02,7,10,3,1,47.35,47.35,4,9
19218,2024-12-02,9,19,3,1,36.99,36.99,4,10
19219,2024-12-17,19,10,3,3,46.99,140.97,4,9
19220,2024-12-14,13,9,3,4,109.99,439.96,2,9
19221,2024-12-11,16,6,3,3,23.56,70.68,4,10
19222,2024-12-28,6,1,3,5,966.46,4832.3,4,9
19223,2024-12-30,22,4,3,1,284.97,284.97,4,11
19224,2024-12-27,2,6,3,2,16.99,33.98,4,10
19225,2024-12-13,2,8,3,2,65.99,131.98,4,11
19226,2024-12-19,8,14,3,1,117.99,117.99,4,9
19227,2024-12-25,20,1,3,1,961.99,961.99,4,11
19228,2024-12-05,15,16,3,1,9.99,9.99,4,9
19229,2024-12-29,7,13,3,1,53.13,53.13,4,11
19230,2024-12-20,9,16,3,1,20.89,20.89,2,10
19231,2024-12-26,4,17,4,2,53.56,107.12,4,13
19232,2024-12-23,29,9,4,1,197.9,197.9,4,12
19233,2024-12-11,27,16,4,2,13.99,27.98,4,13
19234,2024-12-10,13,5,4,3,25.99,77.97,4,13
19235,2024-12-15,12,9,4,1,120.18,120.18,1,13
19236,2024-12-10,24,6,4,3,13.15,39.45,4,13
19237,2024-12-09,8,6,4,2,12.67,25.34,4,12
19238,2024-12-07,28,18,4,3,11.99,35.97,4,12
19239,2024-12-03,30,20,4,3,41.43,124.29,4,14
19240,2024-12-07,23,5,4,2,19.07,38.14,4,13
19241,2024-12-31,4,19,4,1,21.99,21.99,4,14
19242,2024-12-22,15,9,4,1,176.99,176.99,4,12
19243,2024-12-22,2,8,4,1,61.23,61.23,4,14
19244,2024-12-16,14,4,4,1,240.69,240.69,4,14
19245,2024-12-03,20,5,4,5,16.99,84.95,4,14
19246,2024-12-29,22,15,4,1,34.48,34.48,4,13
19247,2024-12-28,16,16,4,2,17.99,35.98,4,14
19248,2024-12-13,15,15,4,2,36.56,73.12,4,12
19249,2024-12-15,28,4,4,1,291.55,291.55,4,13
19250,2024-12-29,18,3,4,3,133.34,400.02,4,13
19251,2024-12-14,25,9,5,1,188.72,188.72,4,15
19252,2024-12-30,16,2,5,3,73.99,221.97,2,16
19253,2024-12-06,18,8,5,5,67.37,336.85,4,17
19254,2024-12-19,4,8,5,1,41.99,41.99,4,15
19255,2024-12-03,28,6,5,2,20.3,40.6,4,16
19256,2024-12-21,2,5,5,3,12.99,38.97,4,16
19257,2024-12-29,17,3,5,4,112.99,451.96,4,15
19258,2024-12-17,19,13,5,2,109.85,219.7,4,17
19259,2024-12-04,14,2,5,1,52.99,52.99,4,16
19260,2024-12-26,20,20,5,3,22.48,67.44,4,17
19261,2024-12-12,28,7,5,2,137.99,275.98,4,15
19262,2024-12-17,3,18,5,1,8.29,8.29,4,17
19263,2024-12-08,14,15,5,2,77.03,154.06,4,16
19264,2024-12-19,14,17,5,1,47.99,47.99,4,15
19265,2024-12-25,6,3,5,2,111.32,222.64,4,17
19266,2024-12-12,25,9,5,1,177.99,177.99,4,16
19267,2024-12-08,18,8,5,1,70.99,70.99,4,15
19268,2024-12-10,9,14,5,1,175.99,175.99,4,17
19269,2024-12-31,15,20,5,1,31.03,31.03,4,15
19270,2024-12-14,10,3,6,1,132.54,132.54,4,18
19271,2024-12-11,25,10,6,1,40.49,40.49,4,18
19272,2024-12-01,17,10,6,1,40.19,40.19,4,20
19273,2024-12-08,6,2,6,2,92.17,184.34,4,20
19274,2024-12-20,13,13,6,1,75.17,75.17,4,19
19275,2024-12-06,29,8,6,2,26.88,53.76,4,19
19276,2024-12-19,26,20,6,4,33.33,133.32,4,19
19277,2024-12-25,21,20,6,3,34.03,102.09,4,20
19278,2024-12-26,25,6,6,3,32.99,98.97,4,19
19279,2024-12-06,28,5,6,1,23.99,23.99,4,19
19280,2024-12-10,9,3,6,2,135.99,271.98,4,18
19281,2024-12-15,3,15,6,1,74.54,74.54,4,18
19282,2024-12-09,7,4,6,1,246.87,246.87,4,19
19283,2024-12-29,6,18,6,4,7.99,31.96,4,20
19284,2024-12-23,23,17,6,1,33.99,33.99,4,19
19285,2024-12-08,16,14,6,4,108.26,433.04,4,20
19286,2024-12-10,26,15,6,4,61.91,247.64,4,20
19287,2024-12-18,2,15,6,5,48.53,242.65,4,20
19288,2024-12-03,16,3,7,3,126.99,380.97,4,22
19289,2024-12-29,14,7,7,1,51.99,51.99,4,22
19290,2024-12-28,22,19,7,3,34.71,104.13,4,23
19291,2024-12-30,11,17,7,3,49.72,149.16,4,23
19292,2024-12-20,23,3,7,1,120.99,120.99,4,23
19293,2024-12-13,30,15,7,3,67.99,203.97,4,22
19294,2024-12-08,29,18,7,2,12.27,24.54,4,23
19295,2024-12-25,30,9,7,3,180.72,542.16,4,21
19296,2024-12-03,30,11,7,2,300.98,601.96,4,21
19297,2024-12-14,24,17,7,5,19.04,95.2,4,23
19298,2024-12-06,11,8,7,4,69.23,276.92,4,22
19299,2024-12-04,20,8,7,1,41.99,41.99,4,22
19300,2024-12-31,9,5,7,1,18.79,18.79,4,21
19301,2024-12-20,22,7,7,1,129.94,129.94,4,23
19302,2024-12-22,18,17,7,1,43.99,43.99,4,21
19303,2024-12-11,16,14,7,3,156.27,468.81,4,21
19304,2024-12-19,22,16,8,1,18.99,18.99,4,24
19305,2024-12-06,30,17,8,2,24.3,48.6,2,24
19306,2024-12-16,8,4,8,1,249.99,249.99,2,24
19307,2024-12-04,22,4,8,2,175.99,351.98,4,24
19308,2024-12-15,28,10,8,5,43.78,218.9,2,24
19309,2024-12-09,11,17,8,1,35.95,35.95,4,25
19310,2024-12-28,29,4,8,3,226.99,680.97,4,25
19311,2024-12-15,4,19,8,3,16.99,50.97,4,24
19312,2024-12-03,23,5,8,1,14.09,14.09,4,24
19313,2024-12-06,14,9,8,1,74.59,74.59,4,25
19314,2024-12-01,28,6,8,2,9.99,19.98,4,25
19315,2024-12-25,1,7,8,2,52.99,105.98,4,25
19316,2024-12-08,7,2,8,1,81.99,81.99,4,24
19317,2024-12-26,26,13,8,3,53.99,161.97,4,24
19318,2024-12-14,10,18,8,1,9.05,9.05,4,24
19319,2024-12-10,18,8,8,1,32.71,32.71,4,25
19320,2024-12-27,25,4,9,5,278.89,1394.45,4,28
19321,2024-12-18,28,13,9,1,104.01,104.01,4,28
19322,2024-12-10,25,6,9,4,32.36,129.44,4,27
19323,2024-12-09,9,6,9,1,26.51,26.51,4,26
19324,2024-12-12,20,2,9,2,128.41,256.82,4,27
19325,2024-12-20,23,5,9,4,23.19,92.76,4,28
19326,2024-12-07,10,6,9,1,26.99,26.99,4,28
19327,2024-12-17,15,6,9,1,21.54,21.54,4,27
19328,2024-12-18,28,8,9,1,65.99,65.99,4,26
19329,2024-12-27,27,11,9,1,380.99,380.99,4,28
19330,2024-12-31,13,4,9,2,116.99,233.98,4,27
19331,2024-12-22,14,8,9,1,83.99,83.99,4,27
19332,2024-12-27,27,5,9,4,16.11,64.44,4,26
19333,2024-12-12,23,5,9,5,18.99,94.95,4,27
19334,2024-12-17,29,16,9,1,17.44,17.44,1,28
19335,2024-12-08,24,6,9,4,18.99,75.96,4,28
19336,2024-12-25,2,14,9,2,109.99,219.98,4,28
19337,2024-12-04,11,13,9,2,47.19,94.38,4,27
19338,2024-12-03,26,7,9,2,72.99,145.98,4,26
19339,2024-12-18,7,18,9,1,7.99,7.99,4,28
19340,2024-12-23,27,8,9,1,79.39,79.39,4,28
19341,2024-12-19,28,16,9,4,22.99,91.96,4,28
19342,2024-12-18,15,10,10,2,62.1,124.2,4,31
19343,2024-12-12,18,17,10,3,33.2,99.6,4,31
19344,2024-12-04,20,17,10,2,29.99,59.98,4,29
19345,2024-12-08,1,8,10,2,56.8,113.6,4,30
19346,2024-12-17,30,15,10,2,49.99,99.98,4,31
19347,2024-12-18,14,5,10,1,20.63,20.63,4,30
19348,2024-12-16,5,17,10,1,40.99,40.99,4,30
19349,2024-12-19,12,9,10,2,82.99,165.98,4,29
19350,2024-12-27,12,8,10,5,79.99,399.95,1,30
19351,2024-12-13,30,16,10,1,11.99,11.99,4,31
19352,2024-12-18,2,4,10,2,105.61,211.22,4,30
19353,2024-12-01,18,19,10,1,30.68,30.68,4,30
19354,2024-12-05,29,8,10,2,57.89,115.78,3,29
19355,2024-12-16,21,6,10,1,18.99,18.99,4,31
19356,2024-12-09,24,13,10,1,110.99,110.99,4,31
19357,2024-12-15,8,17,10,1,19.0,19.0,4,31
19358,2024-12-03,14,10,10,2,32.99,65.98,4,30
19359,2024-12-24,20,16,10,3,12.9,38.7,4,29
19360,2024-12-06,13,16,10,5,13.99,69.95,4,30
19361,2024-12-14,15,5,10,1,17.47,17.47,4,31
19362,2024-12-13,15,6,11,1,28.77,28.77,4,33
19363,2024-12-18,26,19,11,5,14.0,70.0,1,33
19364,2024-12-27,15,15,11,2,82.99,165.98,4,33
19365,2024-12-26,23,10,11,1,62.99,62.99,4,33
19366,2024-12-07,8,7,11,2,60.99,121.98,4,33
19367,2024-12-31,17,5,11,1,14.64,14.64,4,33
19368,2024-12-10,7,4,11,1,268.56,268.56,4,33
19369,2024-12-03,7,10,11,2,29.0,58.0,4,32
19370,2024-12-12,11,6,11,1,25.64,25.64,4,33
19371,2024-12-08,27,2,11,1,50.65,50.65,4,33
19372,2024-12-11,12,8,11,4,57.99,231.96,4,33
19373,2024-12-16,3,14,11,1,99.32,99.32,4,33
19374,2024-12-19,4,6,11,2,22.78,45.56,4,32
19375,2024-12-04,12,16,11,4,17.99,71.96,4,32
19376,2024-12-30,7,16,11,3,23.33,69.99,2,32
19377,2024-12-06,9,15,11,3,32.88,98.64,4,32
19378,2024-12-13,26,9,12,1,69.96,69.96,4,35
19379,2024-12-21,23,6,12,3,21.99,65.97,4,35
19380,2024-12-18,20,7,12,1,51.99,51.99,4,35
19381,2024-12-10,29,20,12,1,34.62,34.62,4,35
19382,2024-12-07,11,16,12,1,13.63,13.63,4,34
19383,2024-12-23,9,14,12,2,137.17,274.34,4,34
19384,2024-12-29,13,20,12,1,25.98,25.98,4,35
19385,2024-12-09,17,19,12,1,32.31,32.31,4,35
19386,2024-12-24,19,17,12,1,43.1,43.1,4,34
19387,2024-12-26,10,8,12,2,81.99,163.98,4,34
19388,2024-12-11,20,5,12,1,15.99,15.99,4,34
19389,2024-12-10,25,2,12,3,97.97,293.91,4,35
19390,2024-12-28,13,16,13,1,8.99,8.99,4,37
19391,2024-12-22,19,10,13,1,39.99,39.99,4,36
19392,2024-12-20,1,16,13,4,9.89,39.56,4,38
19393,2024-12-17,21,6,13,3,27.99,83.97,4,36
19394,2024-12-22,15,7,13,1,133.45,133.45,1,36
19395,2024-12-09,6,16,13,4,11.87,47.48,4,36
19396,2024-12-07,21,15,13,4,63.99,255.96,4,37
19397,2024-12-24,24,11,13,4,255.99,1023.96,4,38
19398,2024-12-21,14,10,13,5,38.86,194.3,2,38
19399,2024-12-06,13,7,13,5,130.04,650.2,4,37
19400,2024-12-07,8,5,13,2,17.58,35.16,1,38
19401,2024-12-24,26,10,13,4,58.55,234.2,4,37
19402,2024-12-24,13,20,13,2,31.89,63.78,4,38
19403,2024-12-18,23,7,13,5,94.72,473.6,1,38
19404,2024-12-12,24,20,13,5,23.99,119.95,4,38
19405,2024-12-11,18,19,13,2,19.71,39.42,4,38
19406,2024-12-01,16,19,13,4,33.52,134.08,4,38
19407,2024-12-07,11,5,13,3,9.99,29.97,4,37
19408,2024-12-27,22,5,13,2,23.78,47.56,1,38
19409,2024-12-07,5,4,14,3,141.99,425.97,4,40
19410,2024-12-22,29,5,14,4,22.11,88.44,4,39
19411,2024-12-26,16,4,14,2,123.38,246.76,4,39
19412,2024-12-09,11,19,14,4,19.99,79.96,4,39
19413,2024-12-08,29,2,14,3,100.02,300.06,4,39
19414,2024-12-31,19,5,14,5,15.71,78.55,4,39
19415,2024-12-20,9,6,14,2,34.78,69.56,4,40
19416,2024-12-16,27,10,14,1,32.98,32.98,2,40
19417,2024-12-10,17,14,14,3,130.99,392.97,4,39
19418,2024-12-21,27,17,14,1,50.81,50.81,4,39
19419,2024-12-17,5,8,14,3,33.92,101.76,4,39
19420,2024-12-07,18,20,14,1,38.89,38.89,3,40
19421,2024-12-20,4,7,14,1,127.29,127.29,4,40
19422,2024-12-24,2,11,14,2,455.99,911.98,4,40
19423,2024-12-13,6,18,14,1,13.33,13.33,1,39
19424,2024-12-17,12,9,14,1,129.88,129.88,4,40
19425,2024-12-07,15,19,15,1,27.07,27.07,4,42
19426,2024-12-20,2,3,15,1,118.99,118.99,4,42
19427,2024-12-06,13,16,15,1,20.14,20.14,4,41
19428,2024-12-02,14,16,15,4,9.36,37.44,4,41
19429,2024-12-22,3,6,15,1,9.43,9.43,4,41
19430,2024-12-20,25,19,15,3,14.0,42.0,4,41
19431,2024-12-13,28,17,15,1,20.99,20.99,4,42
19432,2024-12-17,2,8,15,3,74.45,223.35,4,41
19433,2024-12-20,3,2,15,2,103.17,206.34,4,42
19434,2024-12-08,29,17,15,2,47.99,95.98,4,42
19435,2024-12-07,18,18,15,1,15.86,15.86,2,42
19436,2025-01-29,2,19,1,1,29.47,29.47,4,1
19437,2025-01-06,5,16,1,2,19.33,38.66,4,2
19438,2025-01-11,20,2,1,1,98.22,98.22,4,1
19439,2025-01-01,13,8,1,1,54.05,54.05,4,1
19440,2025-01-10,21,19,1,3,28.11,84.33,4,3
19441,2025-01-10,28,8,1,3,57.94,173.82,4,3
19442,2025-01-04,23,7,1,2,62.84,125.68,4,1
19443,2025-01-04,12,6,1,2,17.99,35.98,4,3
19444,2025-01-14,20,15,1,2,33.61,67.22,4,2
19445,2025-01-18,29,17,1,3,22.64,67.92,4,3
19446,2025-01-15,2,18,1,1,13.99,13.99,4,1
19447,2025-01-04,27,4,1,2,253.75,507.5,4,1
19448,2025-01-03,13,3,1,2,126.37,252.74,4,2
19449,2025-01-18,20,2,1,5,128.7,643.5,1,3
19450,2025-01-06,30,2,1,1,78.4,78.4,4,1
19451,2025-01-22,14,8,1,3,61.29,183.87,4,3
19452,2025-01-07,2,3,1,1,136.83,136.83,4,1
19453,2025-01-17,10,8,1,1,75.99,75.99,4,2
19454,2025-01-04,22,18,1,4,9.67,38.68,4,1
19455,2025-01-29,19,10,1,2,36.99,73.98,1,1
19456,2025-01-11,12,17,1,4,32.99,131.96,1,2
19457,2025-01-04,8,19,1,4,18.99,75.96,4,2
19458,2025-01-17,16,6,1,5,32.35,161.75,4,2
19459,2025-01-01,3,3,1,1,129.11,129.11,4,4
19460,2025-01-02,22,10,1,3,56.91,170.73,1,2
19461,2025-01-26,10,6,1,5,23.99,119.95,4,1
19462,2025-01-23,6,19,1,5,31.01,155.05,4,4
19463,2025-01-03,30,6,1,1,15.68,15.68,3,2
19464,2025-01-30,22,2,1,3,105.99,317.97,4,2
19465,2025-01-29,5,20,1,1,18.73,18.73,4,4
19466,2025-01-25,10,1,1,2,1044.26,2088.52,4,2
19467,2025-01-30,24,19,1,1,31.99,31.99,4,4
19468,2025-01-23,11,14,1,3,143.76,431.28,2,2
19469,2025-01-28,1,5,1,1,28.99,28.99,4,3
19470,2025-01-06,26,18,1,1,11.85,11.85,4,1
19471,2025-01-22,28,5,1,3,23.99,71.97,4,3
19472,2025-01-11,21,9,1,2,171.0,342.0,4,1
19473,2025-01-24,22,7,1,1,128.81,128.81,4,1
19474,2025-01-13,18,17,1,1,51.86,51.86,4,4
19475,2025-01-04,2,4,1,1,229.28,229.28,4,1
19476,2025-01-26,30,8,1,1,85.99,85.99,1,4
19477,2025-01-04,14,5,1,1,16.13,16.13,4,2
19478,2025-01-01,28,18,1,1,14.99,14.99,4,1
19479,2025-01-10,7,4,1,3,261.99,785.97,4,3
19480,2025-01-09,16,12,1,2,808.83,1617.66,3,4
19481,2025-01-28,30,3,1,1,122.99,122.99,4,2
19482,2025-01-17,8,6,1,1,11.36,11.36,4,4
19483,2025-01-18,25,2,1,1,107.99,107.99,1,4
19484,2025-01-09,20,5,1,4,25.99,103.96,4,1
19485,2025-01-14,19,15,1,3,35.28,105.84,4,1
19486,2025-01-25,23,2,1,1,70.81,70.81,2,2
19487,2025-01-27,2,13,1,3,88.99,266.97,4,1
19488,2025-01-30,20,14,1,1,142.99,142.99,4,2
19489,2025-01-31,6,1,1,2,800.18,1600.36,4,4
19490,2025-01-04,21,10,1,2,62.23,124.46,4,3
19491,2025-01-09,19,2,1,1,101.99,101.99,4,2
19492,2025-01-02,21,1,1,2,1388.99,2777.98,4,1
19493,2025-01-15,15,13,1,2,98.68,197.36,4,3
19494,2025-01-03,6,10,1,3,57.99,173.97,1,3
19495,2025-01-17,9,3,1,1,89.99,89.99,4,2
19496,2025-01-27,5,16,1,2,21.99,43.98,4,4
19497,2025-01-11,30,3,1,3,103.31,309.93,4,4
19498,2025-01-30,24,11,1,4,501.99,2007.96,4,2
19499,2025-01-14,10,12,1,1,685.81,685.81,4,2
19500,2025-01-06,20,5,1,2,15.66,31.32,4,3
19501,2025-01-17,20,20,1,3,26.65,79.95,4,3
19502,2025-01-02,28,3,1,4,109.99,439.96,4,1
19503,2025-01-26,23,9,1,2,170.71,341.42,3,3
19504,2025-01-09,17,2,1,4,98.99,395.96,4,1
19505,2025-01-16,29,4,1,2,245.63,491.26,4,2
19506,2025-01-07,27,14,2,1,128.99,128.99,4,5
19507,2025-01-27,5,1,2,3,1005.44,3016.32,4,8
19508,2025-01-11,17,2,2,1,54.25,54.25,3,6
19509,2025-01-26,21,15,2,2,44.99,89.98,4,7
19510,2025-01-21,12,6,2,5,29.99,149.95,4,5
19511,2025-01-02,15,17,2,4,19.0,76.0,4,6
19512,2025-01-19,12,5,2,2,16.66,33.32,4,7
19513,2025-01-07,25,4,2,1,205.99,205.99,4,7
19514,2025-01-19,26,20,2,1,41.43,41.43,4,8
19515,2025-01-18,2,17,2,3,22.84,68.52,2,6
19516,2025-01-30,8,15,2,1,36.54,36.54,4,7
19517,2025-01-06,8,15,2,2,72.51,145.02,4,7
19518,2025-01-10,1,8,2,1,85.03,85.03,4,7
19519,2025-01-08,14,19,2,1,29.44,29.44,4,7
19520,2025-01-21,22,10,2,3,39.98,119.94,4,5
19521,2025-01-18,1,15,2,3,39.99,119.97,4,6
19522,2025-01-26,1,10,2,1,35.42,35.42,4,6
19523,2025-01-05,18,3,2,1,62.34,62.34,1,5
19524,2025-01-11,13,17,2,5,23.88,119.4,4,7
19525,2025-01-18,17,13,2,1,79.72,79.72,3,5
19526,2025-01-08,6,16,2,1,22.99,22.99,4,6
19527,2025-01-19,11,16,2,4,10.99,43.96,2,7
19528,2025-01-20,25,9,2,2,70.99,141.98,1,8
19529,2025-01-05,8,8,2,1,36.39,36.39,4,8
19530,2025-01-15,18,18,2,2,12.87,25.74,4,7
19531,2025-01-16,16,10,2,2,65.42,130.84,4,6
19532,2025-01-06,4,20,2,1,35.99,35.99,4,5
19533,2025-01-11,12,19,2,2,32.47,64.94,1,6
19534,2025-01-14,6,13,2,3,81.39,244.17,4,8
19535,2025-01-17,15,3,2,1,132.13,132.13,4,6
19536,2025-01-20,30,10,2,1,65.99,65.99,4,6
19537,2025-01-31,16,1,2,2,1254.99,2509.98,4,8
19538,2025-01-01,30,7,2,1,57.46,57.46,4,7
19539,2025-01-04,2,16,2,1,14.99,14.99,4,6
19540,2025-01-19,9,3,2,1,89.62,89.62,4,5
19541,2025-01-10,17,17,2,2,19.27,38.54,4,5
19542,2025-01-01,16,6,2,1,23.99,23.99,4,8
19543,2025-01-18,29,5,2,1,18.99,18.99,4,7
19544,2025-01-12,26,5,2,3,13.95,41.85,4,5
19545,2025-01-21,6,7,2,4,109.74,438.96,4,7
19546,2025-01-01,15,4,2,1,220.99,220.99,4,6
19547,2025-01-22,16,6,2,1,25.99,25.99,4,6
19548,2025-01-07,23,7,2,5,59.71,298.55,4,5
19549,2025-01-15,29,5,2,2,23.01,46.02,4,6
19550,2025-01-02,23,16,2,1,18.22,18.22,4,6
19551,2025-01-16,21,2,2,3,72.99,218.97,4,6
19552,2025-01-26,30,8,2,2,31.52,63.04,1,6
19553,2025-01-05,18,2,2,2,89.89,179.78,4,8
19554,2025-01-22,29,18,2,1,14.95,14.95,4,6
19555,2025-01-28,24,10,2,4,53.19,212.76,4,5
19556,2025-01-23,3,10,2,1,56.05,56.05,4,6
19557,2025-01-23,15,9,2,1,141.86,141.86,4,6
19558,2025-01-18,26,20,2,2,39.96,79.92,4,8
19559,2025-01-22,18,10,2,1,39.5,39.5,4,6
19560,2025-01-14,9,10,2,2,59.99,119.98,4,6
19561,2025-01-10,19,19,2,2,15.49,30.98,4,6
19562,2025-01-21,13,12,2,1,572.34,572.34,4,8
19563,2025-01-30,1,9,2,1,143.99,143.99,4,5
19564,2025-01-02,11,10,3,2,66.99,133.98,4,11
19565,2025-01-13,20,5,3,3,14.03,42.09,4,10
19566,2025-01-07,6,10,3,1,47.99,47.99,4,11
19567,2025-01-19,10,19,3,3,23.99,71.97,4,11
19568,2025-01-07,28,17,3,4,47.11,188.44,1,9
19569,2025-01-08,2,19,3,3,19.13,57.39,3,11
19570,2025-01-02,7,9,3,4,111.84,447.36,4,10
19571,2025-01-20,27,10,3,1,46.99,46.99,1,11
19572,2025-01-16,26,2,3,4,59.75,239.0,4,9
19573,2025-01-19,14,19,3,5,33.42,167.1,4,9
19574,2025-01-10,17,18,3,4,10.01,40.04,4,9
19575,2025-01-08,10,19,3,1,15.74,15.74,4,9
19576,2025-01-22,17,5,3,2,23.99,47.98,2,11
19577,2025-01-16,15,4,3,4,141.81,567.24,4,11
19578,2025-01-27,11,6,3,4,12.17,48.68,1,9
19579,2025-01-15,27,15,3,2,65.1,130.2,4,10
19580,2025-01-30,14,8,3,2,55.99,111.98,4,11
19581,2025-01-11,26,5,3,4,14.99,59.96,4,9
19582,2025-01-29,6,13,3,3,72.99,218.97,4,10
19583,2025-01-15,24,8,3,1,52.99,52.99,4,9
19584,2025-01-17,1,2,3,2,69.99,139.98,4,11
19585,2025-01-31,6,16,3,1,18.68,18.68,4,9
19586,2025-01-19,28,1,3,2,1043.99,2087.98,4,11
19587,2025-01-30,27,4,3,2,281.99,563.98,4,9
19588,2025-01-22,10,5,3,1,22.99,22.99,4,11
19589,2025-01-13,4,20,3,3,30.16,90.48,4,9
19590,2025-01-04,28,3,3,1,93.43,93.43,4,11
19591,2025-01-21,15,2,3,1,110.07,110.07,4,11
19592,2025-01-20,27,17,3,3,37.99,113.97,4,11
19593,2025-01-22,26,8,3,5,86.99,434.95,4,10
19594,2025-01-06,4,5,3,1,13.53,13.53,4,10
19595,2025-01-05,8,16,3,1,11.82,11.82,4,11
19596,2025-01-31,27,6,3,1,28.99,28.99,4,10
19597,2025-01-06,19,20,3,4,25.99,103.96,4,11
19598,2025-01-14,12,5,3,2,15.15,30.3,4,11
19599,2025-01-12,23,1,3,3,1278.99,3836.97,4,11
19600,2025-01-21,14,5,3,1,14.99,14.99,4,9
19601,2025-01-13,11,8,3,1,81.99,81.99,4,10
19602,2025-01-18,29,13,3,3,87.99,263.97,4,10
19603,2025-01-17,26,18,3,4,16.99,67.96,4,11
19604,2025-01-01,26,16,3,2,13.99,27.98,4,9
19605,2025-01-09,25,19,3,3,36.39,109.17,4,11
19606,2025-01-24,26,19,3,2,36.99,73.98,4,11
19607,2025-01-20,22,19,3,2,16.99,33.98,4,9
19608,2025-01-07,25,5,3,1,13.99,13.99,4,10
19609,2025-01-08,27,3,3,1,136.99,136.99,4,10
19610,2025-01-26,30,5,3,1,24.99,24.99,4,9
19611,2025-01-28,8,16,3,2,16.57,33.14,2,11
19612,2025-01-12,25,3,3,1,97.99,97.99,4,9
19613,2025-01-08,21,8,3,3,26.02,78.06,4,9
19614,2025-01-21,21,19,3,4,25.29,101.16,1,9
19615,2025-01-13,26,15,3,1,45.11,45.11,3,10
19616,2025-01-02,28,3,3,1,66.44,66.44,4,11
19617,2025-01-24,14,5,3,1,21.11,21.11,3,10
19618,2025-01-07,25,12,3,3,579.35,1738.05,3,11
19619,2025-01-12,25,2,4,2,117.24,234.48,1,12
19620,2025-01-28,14,6,4,2,22.02,44.04,1,13
19621,2025-01-06,5,4,4,1,111.37,111.37,4,14
19622,2025-01-24,11,12,4,3,690.95,2072.85,4,14
19623,2025-01-09,16,15,4,2,42.99,85.98,4,13
19624,2025-01-12,25,13,4,4,61.74,246.96,4,12
19625,2025-01-10,24,19,4,3,21.12,63.36,4,13
19626,2025-01-29,19,10,4,1,66.99,66.99,1,12
19627,2025-01-17,10,19,4,1,22.62,22.62,4,14
19628,2025-01-23,17,16,4,2,9.92,19.84,4,14
19629,2025-01-08,13,8,4,3,68.99,206.97,4,13
19630,2025-01-14,22,20,4,1,27.5,27.5,4,13
19631,2025-01-16,5,9,4,2,183.99,367.98,4,13
19632,2025-01-20,2,20,4,3,32.99,98.97,4,13
19633,2025-01-07,12,15,4,3,45.22,135.66,4,14
19634,2025-01-02,3,10,4,1,29.99,29.99,4,12
19635,2025-01-26,23,8,4,4,36.99,147.96,4,13
19636,2025-01-04,24,8,4,3,39.49,118.47,4,14
19637,2025-01-08,12,20,4,1,22.99,22.99,4,12
19638,2025-01-06,18,16,4,1,16.99,16.99,4,13
19639,2025-01-05,12,1,4,4,1057.21,4228.84,4,12
19640,2025-01-25,28,18,4,2,10.99,21.98,4,14
19641,2025-01-27,25,5,4,5,19.01,95.05,4,14
19642,2025-01-21,2,6,4,3,26.99,80.97,4,13
19643,2025-01-09,12,20,4,4,35.86,143.44,4,12
19644,2025-01-10,5,6,4,2,12.99,25.98,4,13
19645,2025-01-21,17,10,4,4,31.99,127.96,2,13
19646,2025-01-09,28,2,4,3,95.61,286.83,3,13
19647,2025-01-16,6,15,4,2,56.62,113.24,4,14
19648,2025-01-25,26,6,4,4,33.94,135.76,4,12
19649,2025-01-07,5,4,4,5,292.43,1462.15,4,14
19650,2025-01-18,30,3,4,3,68.66,205.98,1,14
19651,2025-01-28,16,3,4,3,109.51,328.53,4,13
19652,2025-01-09,19,10,4,3,41.99,125.97,4,14
19653,2025-01-25,21,20,4,2,38.67,77.34,4,14
19654,2025-01-01,8,18,4,3,12.99,38.97,4,14
19655,2025-01-24,8,11,4,1,471.78,471.78,2,12
19656,2025-01-16,19,1,4,4,1019.99,4079.96,4,12
19657,2025-01-09,25,6,4,3,29.61,88.83,4,14
19658,2025-01-30,9,10,4,1,37.99,37.99,4,13
19659,2025-01-05,6,4,4,2,145.81,291.62,4,12
19660,2025-01-03,27,20,4,1,18.61,18.61,4,12
19661,2025-01-14,22,4,4,2,261.66,523.32,4,14
19662,2025-01-18,30,6,4,1,21.99,21.99,4,12
19663,2025-01-14,24,20,4,2,37.72,75.44,4,13
19664,2025-01-16,16,14,4,2,157.61,315.22,2,14
19665,2025-01-09,4,16,4,3,18.16,54.48,2,13
19666,2025-01-27,20,9,4,1,193.85,193.85,4,14
19667,2025-01-04,5,13,4,2,90.52,181.04,4,14
19668,2025-01-01,14,5,4,5,20.9,104.5,4,12
19669,2025-01-04,9,4,4,1,141.12,141.12,4,13
19670,2025-01-22,7,16,4,4,16.99,67.96,4,13
19671,2025-01-13,20,5,4,1,25.29,25.29,4,12
19672,2025-01-18,23,8,4,3,51.79,155.37,4,14
19673,2025-01-24,5,6,4,3,17.99,53.97,4,13
19674,2025-01-26,22,17,4,1,36.76,36.76,4,13
19675,2025-01-18,5,7,4,1,74.73,74.73,4,14
19676,2025-01-08,19,19,4,1,24.74,24.74,4,13
19677,2025-01-29,16,18,4,4,14.52,58.08,4,12
19678,2025-01-14,19,11,4,2,568.99,1137.98,4,13
19679,2025-01-04,21,5,5,1,20.05,20.05,3,16
19680,2025-01-24,27,7,5,1,61.99,61.99,4,17
19681,2025-01-17,3,16,5,2,21.66,43.32,4,17
19682,2025-01-10,8,19,5,2,35.25,70.5,4,15
19683,2025-01-18,6,13,5,3,113.99,341.97,4,16
19684,2025-01-16,6,5,5,4,17.23,68.92,4,16
19685,2025-01-27,6,5,5,1,14.55,14.55,4,15
19686,2025-01-29,22,16,5,2,21.78,43.56,4,17
19687,2025-01-12,12,8,5,2,56.53,113.06,4,16
19688,2025-01-20,27,4,5,1,280.4,280.4,4,16
19689,2025-01-02,13,19,5,5,31.35,156.75,4,15
19690,2025-01-11,12,16,5,2,15.91,31.82,4,15
19691,2025-01-11,4,17,5,1,30.18,30.18,4,15
19692,2025-01-29,8,3,5,5,135.99,679.95,4,15
19693,2025-01-16,1,19,5,1,17.75,17.75,4,17
19694,2025-01-19,26,5,5,4,15.99,63.96,4,15
19695,2025-01-11,29,5,5,1,10.21,10.21,4,15
19696,2025-01-31,8,16,5,2,19.93,39.86,4,16
19697,2025-01-30,23,10,5,1,31.77,31.77,4,15
19698,2025-01-04,18,5,5,1,18.28,18.28,4,16
19699,2025-01-18,15,6,5,2,16.57,33.14,4,16
19700,2025-01-18,23,6,5,3,12.39,37.17,4,16
19701,2025-01-06,15,10,5,3,30.99,92.97,4,16
19702,2025-01-13,5,10,5,2,42.89,85.78,3,17
19703,2025-01-12,30,2,5,1,76.99,76.99,4,15
19704,2025-01-07,20,8,5,3,62.06,186.18,4,17
19705,2025-01-31,6,19,5,1,37.26,37.26,4,16
19706,2025-01-30,2,19,5,1,28.54,28.54,4,17
19707,2025-01-14,30,1,5,1,841.99,841.99,4,16
19708,2025-01-18,21,18,5,4,15.95,63.8,4,17
19709,2025-01-13,24,1,5,2,829.27,1658.54,4,15
19710,2025-01-20,27,6,5,1,31.27,31.27,2,17
19711,2025-01-17,4,16,5,4,9.99,39.96,4,15
19712,2025-01-30,20,2,5,2,49.0,98.0,4,15
19713,2025-01-14,11,4,5,2,205.06,410.12,4,16
19714,2025-01-31,5,15,5,1,29.94,29.94,4,16
19715,2025-01-20,22,5,5,1,20.99,20.99,4,16
19716,2025-01-16,21,5,5,2,13.81,27.62,3,16
19717,2025-01-14,5,5,5,1,11.28,11.28,4,17
19718,2025-01-02,8,10,5,3,67.99,203.97,4,15
19719,2025-01-18,15,4,5,3,196.99,590.97,4,17
19720,2025-01-24,30,12,5,2,641.99,1283.98,4,15
19721,2025-01-20,27,16,5,1,10.41,10.41,4,15
19722,2025-01-05,16,1,5,2,1203.99,2407.98,4,16
19723,2025-01-12,21,3,5,2,156.57,313.14,4,17
19724,2025-01-08,3,3,5,1,89.87,89.87,4,16
19725,2025-01-07,8,14,5,3,130.99,392.97,4,15
19726,2025-01-09,24,20,6,3,25.34,76.02,4,19
19727,2025-01-26,24,8,6,1,77.52,77.52,2,18
19728,2025-01-05,8,3,6,2,89.96,179.92,4,19
19729,2025-01-17,21,5,6,2,14.53,29.06,4,20
19730,2025-01-26,27,7,6,1,93.4,93.4,4,20
19731,2025-01-06,9,10,6,1,63.99,63.99,4,20
19732,2025-01-04,26,14,6,4,179.93,719.72,4,19
19733,2025-01-14,11,8,6,1,42.99,42.99,4,19
19734,2025-01-08,28,2,6,2,74.99,149.98,3,18
19735,2025-01-23,22,15,6,1,82.93,82.93,4,19
19736,2025-01-18,8,3,6,3,84.99,254.97,4,19
19737,2025-01-16,27,13,6,5,71.99,359.95,4,19
19738,2025-01-27,19,13,6,3,64.99,194.97,4,20
19739,2025-01-11,9,5,6,2,11.99,23.98,4,20
19740,2025-01-10,10,5,6,1,15.44,15.44,4,18
19741,2025-01-23,5,8,6,3,83.5,250.5,1,18
19742,2025-01-11,28,19,6,1,33.47,33.47,4,18
19743,2025-01-03,3,1,6,3,1130.61,3391.83,1,19
19744,2025-01-25,16,3,6,1,131.99,131.99,4,19
19745,2025-01-04,9,2,6,5,60.99,304.95,4,18
19746,2025-01-04,8,18,6,1,18.13,18.13,4,20
19747,2025-01-07,18,7,6,1,58.99,58.99,4,19
19748,2025-01-22,6,8,6,2,30.99,61.98,4,20
19749,2025-01-24,9,20,6,2,34.99,69.98,2,18
19750,2025-01-21,14,14,6,3,190.74,572.22,4,20
19751,2025-01-18,24,5,6,2,9.0,18.0,4,19
19752,2025-01-27,21,5,6,2,19.67,39.34,4,18
19753,2025-01-17,16,9,6,4,126.59,506.36,4,19
19754,2025-01-25,5,15,6,1,29.99,29.99,4,19
19755,2025-01-07,2,1,6,3,941.99,2825.97,4,18
19756,2025-01-18,23,8,6,1,77.99,77.99,4,18
19757,2025-01-02,30,4,6,1,252.99,252.99,4,18
19758,2025-01-08,13,20,6,5,22.56,112.8,4,20
19759,2025-01-03,17,10,6,3,43.3,129.9,4,19
19760,2025-01-08,15,18,6,1,8.99,8.99,4,19
19761,2025-01-03,1,16,6,1,8.6,8.6,3,18
19762,2025-01-10,2,19,6,1,32.17,32.17,3,20
19763,2025-01-30,17,11,6,3,351.76,1055.28,4,20
19764,2025-01-08,1,5,6,2,22.08,44.16,4,20
19765,2025-01-10,28,3,6,4,117.55,470.2,4,18
19766,2025-01-25,5,7,6,5,101.92,509.6,4,20
19767,2025-01-20,27,5,6,2,10.99,21.98,4,19
19768,2025-01-18,1,6,6,3,32.99,98.97,4,20
19769,2025-01-01,12,20,6,2,23.99,47.98,4,18
19770,2025-01-02,15,13,6,1,69.28,69.28,4,19
19771,2025-01-05,7,3,6,1,129.23,129.23,4,18
19772,2025-01-13,22,17,7,1,22.34,22.34,4,22
19773,2025-01-17,12,9,7,3,101.68,305.04,4,23
19774,2025-01-04,22,18,7,2,18.68,37.36,4,21
19775,2025-01-14,25,8,7,1,64.88,64.88,4,23
19776,2025-01-13,14,6,7,3,13.22,39.66,4,21
19777,2025-01-16,28,10,7,1,58.2,58.2,4,23
19778,2025-01-26,1,18,7,2,16.99,33.98,4,22
19779,2025-01-18,30,3,7,1,110.09,110.09,4,23
19780,2025-01-30,22,6,7,1,24.16,24.16,4,23
19781,2025-01-23,27,19,7,2,14.71,29.42,4,23
19782,2025-01-11,14,17,7,1,32.99,32.99,4,22
19783,2025-01-25,12,20,7,5,37.05,185.25,1,23
19784,2025-01-28,21,15,7,1,81.99,81.99,4,22
19785,2025-01-31,27,16,7,4,9.99,39.96,4,21
19786,2025-01-24,21,2,7,4,91.99,367.96,4,22
19787,2025-01-05,19,18,7,3,9.05,27.15,4,21
19788,2025-01-25,26,14,7,5,160.11,800.55,1,21
19789,2025-01-22,11,3,7,3,145.49,436.47,4,23
19790,2025-01-07,14,5,7,2,27.52,55.04,4,21
19791,2025-01-12,29,20,7,4,32.71,130.84,3,21
19792,2025-01-13,5,7,7,3,122.99,368.97,4,23
19793,2025-01-23,17,16,7,3,11.28,33.84,4,21
19794,2025-01-28,20,1,7,2,1218.62,2437.24,4,22
19795,2025-01-30,19,2,7,1,116.99,116.99,4,23
19796,2025-01-17,28,11,7,4,569.39,2277.56,4,23
19797,2025-01-03,28,15,7,2,67.41,134.82,4,21
19798,2025-01-08,20,9,7,2,165.34,330.68,4,22
19799,2025-01-07,26,10,7,1,30.08,30.08,4,23
19800,2025-01-22,5,6,7,3,18.87,56.61,4,21
19801,2025-01-06,3,15,7,1,31.37,31.37,4,23
19802,2025-01-02,23,14,7,2,170.85,341.7,4,22
19803,2025-01-15,8,14,7,2,236.94,473.88,4,23
19804,2025-01-23,26,18,7,2,8.99,17.98,4,21
19805,2025-01-16,5,10,7,2,65.56,131.12,4,22
19806,2025-01-07,13,19,7,1,24.07,24.07,3,21
19807,2025-01-22,7,18,8,1,7.69,7.69,4,25
19808,2025-01-24,16,18,8,2,17.99,35.98,4,25
19809,2025-01-06,17,10,8,1,30.5,30.5,4,24
19810,2025-01-29,27,11,8,2,507.04,1014.08,4,25
19811,2025-01-30,4,19,8,4,14.3,57.2,4,25
19812,2025-01-20,6,19,8,1,26.96,26.96,4,25
19813,2025-01-12,27,7,8,4,137.99,551.96,4,25
19814,2025-01-01,15,3,8,1,105.99,105.99,4,25
19815,2025-01-20,10,9,8,2,187.99,375.98,4,25
19816,2025-01-14,1,5,8,2,27.21,54.42,4,24
19817,2025-01-23,9,7,8,4,129.67,518.68,4,24
19818,2025-01-31,9,8,8,1,80.79,80.79,4,25
19819,2025-01-01,18,10,8,1,50.99,50.99,4,25
19820,2025-01-16,17,9,8,4,164.77,659.08,4,25
19821,2025-01-18,11,3,8,3,117.55,352.65,4,25
19822,2025-01-05,29,7,8,1,134.99,134.99,4,24
19823,2025-01-12,14,19,8,3,16.06,48.18,4,24
19824,2025-01-15,23,17,8,2,36.37,72.74,4,24
19825,2025-01-03,13,5,8,3,9.99,29.97,4,25
19826,2025-01-20,20,2,8,2,74.33,148.66,4,24
19827,2025-01-05,22,6,8,3,27.38,82.14,2,25
19828,2025-01-12,9,3,8,3,59.0,177.0,2,24
19829,2025-01-30,27,14,8,2,230.99,461.98,4,25
19830,2025-01-22,25,4,8,3,276.99,830.97,4,25
19831,2025-01-31,29,8,8,1,70.99,70.99,4,24
19832,2025-01-25,25,8,8,5,81.99,409.95,4,25
19833,2025-01-15,26,15,8,2,65.99,131.98,4,24
19834,2025-01-08,7,8,8,3,55.64,166.92,4,24
19835,2025-01-17,27,2,8,4,78.06,312.24,4,24
19836,2025-01-05,17,19,8,2,27.99,55.98,2,24
19837,2025-01-19,11,2,8,3,111.02,333.06,4,24
19838,2025-01-06,21,18,8,3,8.66,25.98,4,24
19839,2025-01-04,8,10,8,1,30.99,30.99,4,24
19840,2025-01-20,14,10,8,1,62.38,62.38,4,25
19841,2025-01-22,22,8,8,3,62.99,188.97,2,24
19842,2025-01-03,28,3,8,2,143.52,287.04,4,25
19843,2025-01-18,30,10,8,4,37.99,151.96,4,24
19844,2025-01-10,9,5,8,2,21.97,43.94,4,24
19845,2025-01-29,24,5,8,1,23.99,23.99,3,25
19846,2025-01-22,8,8,8,1,60.66,60.66,4,25
19847,2025-01-17,29,14,8,1,202.99,202.99,4,24
19848,2025-01-11,23,5,8,1,16.99,16.99,4,25
19849,2025-01-27,18,3,8,3,99.97,299.91,4,25
19850,2025-01-11,22,20,9,4,41.05,164.2,4,28
19851,2025-01-22,26,9,9,2,86.58,173.16,4,27
19852,2025-01-25,12,6,9,2,32.99,65.98,4,28
19853,2025-01-21,13,2,9,3,102.99,308.97,4,28
19854,2025-01-19,1,6,9,3,22.55,67.65,4,27
19855,2025-01-07,23,17,9,1,46.99,46.99,4,28
19856,2025-01-06,5,16,9,1,21.99,21.99,4,28
19857,2025-01-25,21,9,9,3,150.67,452.01,4,28
19858,2025-01-18,27,4,9,1,276.98,276.98,4,28
19859,2025-01-25,27,15,9,1,48.99,48.99,4,27
19860,2025-01-30,17,19,9,2,23.43,46.86,2,27
19861,2025-01-09,27,10,9,1,63.99,63.99,4,28
19862,2025-01-31,1,3,9,3,102.99,308.97,4,27
19863,2025-01-16,10,10,9,5,54.75,273.75,4,26
19864,2025-01-15,12,17,9,1,41.69,41.69,4,27
19865,2025-01-12,4,5,9,2,25.99,51.98,2,28
19866,2025-01-01,21,3,9,2,99.99,199.98,4,28
19867,2025-01-21,8,4,9,4,169.99,679.96,4,27
19868,2025-01-04,18,18,9,1,10.99,10.99,4,27
19869,2025-01-31,11,9,9,4,166.79,667.16,4,28
19870,2025-01-26,25,18,9,2,8.99,17.98,4,26
19871,2025-01-14,9,9,9,2,162.4,324.8,4,27
19872,2025-01-13,13,16,9,2,13.99,27.98,4,27
19873,2025-01-06,6,17,9,4,35.75,143.0,4,26
19874,2025-01-05,21,10,9,2,42.99,85.98,4,28
19875,2025-01-04,15,20,9,2,19.49,38.98,4,26
19876,2025-01-03,23,16,9,1,16.1,16.1,4,27
19877,2025-01-14,24,16,9,3,10.62,31.86,4,27
19878,2025-01-12,26,18,9,2,12.99,25.98,4,28
19879,2025-01-21,18,2,9,5,54.99,274.95,4,26
19880,2025-01-20,12,8,9,1,79.85,79.85,4,28
19881,2025-01-10,23,8,9,1,44.66,44.66,3,27
19882,2025-01-15,7,13,9,2,90.99,181.98,4,27
19883,2025-01-25,28,7,9,2,144.63,289.26,4,27
19884,2025-01-09,28,10,9,1,41.1,41.1,1,27
19885,2025-01-06,19,6,9,5,9.99,49.95,4,28
19886,2025-01-01,27,5,9,1,15.99,15.99,4,27
19887,2025-01-11,10,18,9,5,18.1,90.5,4,28
19888,2025-01-08,5,6,9,3,9.74,29.22,4,28
19889,2025-01-31,15,18,9,1,12.14,12.14,4,26
19890,2025-01-11,26,10,9,1,33.87,33.87,4,28
19891,2025-01-24,26,12,9,1,487.69,487.69,4,27
19892,2025-01-17,15,1,9,2,1193.99,2387.98,4,26
19893,2025-01-04,13,3,9,2,62.68,125.36,4,28
19894,2025-01-25,13,16,9,2,18.08,36.16,4,26
19895,2025-01-15,17,18,9,3,7.22,21.66,4,28
19896,2025-01-22,29,3,9,1,120.62,120.62,4,26
19897,2025-01-13,6,16,9,2,15.99,31.98,4,26
19898,2025-01-14,11,2,9,4,68.66,274.64,4,27
19899,2025-01-22,12,6,9,2,30.9,61.8,4,26
19900,2025-01-05,5,5,9,2,14.99,29.98,4,27
19901,2025-01-17,12,10,9,1,35.99,35.99,4,28
19902,2025-01-27,14,11,9,1,424.99,424.99,4,26
19903,2025-01-27,24,3,9,1,134.99,134.99,4,27
19904,2025-01-23,27,17,9,1,19.29,19.29,4,28
19905,2025-01-23,4,14,9,1,230.99,230.99,4,26
19906,2025-01-11,27,5,9,3,9.32,27.96,4,27
19907,2025-01-02,14,20,9,1,33.13,33.13,2,28
19908,2025-01-16,29,16,9,3,16.71,50.13,4,28
19909,2025-01-28,20,8,10,2,29.39,58.78,4,31
19910,2025-01-12,6,8,10,4,26.99,107.96,4,29
19911,2025-01-29,4,5,10,1,9.93,9.93,4,31
19912,2025-01-19,17,7,10,1,99.1,99.1,4,29
19913,2025-01-03,6,5,10,3,9.99,29.97,4,30
19914,2025-01-05,6,2,10,3,127.99,383.97,4,31
19915,2025-01-19,5,9,10,1,128.24,128.24,4,29
19916,2025-01-13,18,5,10,3,18.64,55.92,4,29
19917,2025-01-13,24,18,10,1,14.46,14.46,4,29
19918,2025-01-31,20,7,10,2,81.0,162.0,4,30
19919,2025-01-22,18,15,10,4,83.58,334.32,4,29
19920,2025-01-15,17,20,10,2,39.68,79.36,4,29
19921,2025-01-17,30,5,10,2,19.99,39.98,4,30
19922,2025-01-21,8,2,10,2,126.99,253.98,4,31
19923,2025-01-12,17,7,10,1,135.48,135.48,4,31
19924,2025-01-10,3,13,10,1,52.99,52.99,4,29
19925,2025-01-03,6,16,10,2,18.99,37.98,4,31
19926,2025-01-29,29,1,10,3,923.88,2771.64,4,30
19927,2025-01-09,5,16,10,3,23.37,70.11,4,29
19928,2025-01-31,22,13,10,4,42.99,171.96,4,31
19929,2025-01-21,5,7,10,1,135.99,135.99,4,29
19930,2025-01-02,22,16,10,1,14.66,14.66,4,31
19931,2025-01-23,7,10,10,5,66.26,331.3,4,31
19932,2025-01-30,5,6,10,2,28.6,57.2,4,29
19933,2025-01-29,19,12,10,1,750.06,750.06,4,31
19934,2025-01-05,15,16,10,1,22.02,22.02,4,29
19935,2025-01-05,22,13,10,3,109.99,329.97,4,30
19936,2025-01-18,10,19,10,1,17.12,17.12,4,30
19937,2025-01-29,27,4,10,3,293.3,879.9,4,29
19938,2025-01-02,26,3,10,2,139.72,279.44,4,29
19939,2025-01-31,28,9,10,1,131.99,131.99,4,29
19940,2025-01-16,26,2,10,4,73.75,295.0,4,31
19941,2025-01-18,19,18,10,4,17.17,68.68,4,30
19942,2025-01-24,30,9,10,1,168.12,168.12,4,31
19943,2025-01-18,30,8,10,1,64.99,64.99,4,29
19944,2025-01-08,27,16,10,5,9.84,49.2,4,29
19945,2025-01-19,17,5,10,1,22.99,22.99,4,31
19946,2025-01-05,18,18,10,1,15.99,15.99,4,30
19947,2025-01-22,8,4,10,4,133.08,532.32,3,31
19948,2025-01-07,20,19,10,3,29.01,87.03,4,30
19949,2025-01-13,7,11,10,2,363.99,727.98,4,30
19950,2025-01-29,11,5,10,1,23.63,23.63,4,29
19951,2025-01-09,25,16,10,2,22.15,44.3,4,30
19952,2025-01-28,2,3,10,1,140.99,140.99,4,31
19953,2025-01-30,2,5,10,2,22.99,45.98,4,30
19954,2025-01-25,6,9,10,1,110.74,110.74,4,31
19955,2025-01-19,13,10,10,1,44.99,44.99,4,29
19956,2025-01-03,20,8,10,1,68.94,68.94,4,30
19957,2025-01-20,9,5,10,3,22.99,68.97,4,31
19958,2025-01-19,7,2,10,2,63.56,127.12,4,30
19959,2025-01-25,14,15,10,5,33.03,165.15,4,29
19960,2025-01-07,9,19,10,3,29.99,89.97,4,31
19961,2025-01-13,13,5,10,4,25.99,103.96,4,30
19962,2025-01-17,13,5,10,3,11.5,34.5,4,30
19963,2025-01-10,30,5,10,1,25.99,25.99,4,31
19964,2025-01-05,11,2,10,1,75.0,75.0,4,31
19965,2025-01-14,28,2,10,2,59.99,119.98,4,31
19966,2025-01-11,5,3,10,1,102.99,102.99,3,31
19967,2025-01-30,2,7,10,4,138.4,553.6,4,30
19968,2025-01-28,7,16,10,1,13.99,13.99,3,31
19969,2025-01-21,14,16,10,1,11.46,11.46,4,30
19970,2025-01-17,8,15,11,3,59.97,179.91,3,32
19971,2025-01-08,7,19,11,1,21.99,21.99,4,33
19972,2025-01-15,11,13,11,5,73.23,366.15,4,33
19973,2025-01-25,25,5,11,5,28.8,144.0,4,32
19974,2025-01-04,16,5,11,2,26.99,53.98,4,32
19975,2025-01-24,14,10,11,2,41.99,83.98,4,33
19976,2025-01-25,22,5,11,3,21.75,65.25,2,32
19977,2025-01-03,1,18,11,1,11.51,11.51,4,32
19978,2025-01-14,6,9,11,2,113.99,227.98,4,32
19979,2025-01-15,6,17,11,1,40.31,40.31,4,32
19980,2025-01-09,8,16,11,1,10.99,10.99,4,32
19981,2025-01-26,28,14,11,2,204.46,408.92,4,33
19982,2025-01-08,27,19,11,1,15.61,15.61,4,32
19983,2025-01-25,15,16,11,2,15.99,31.98,4,32
19984,2025-01-03,27,2,11,1,82.41,82.41,4,32
19985,2025-01-31,15,13,11,1,81.48,81.48,4,32
19986,2025-01-28,27,16,11,1,19.69,19.69,4,33
19987,2025-01-18,14,10,11,1,55.65,55.65,4,32
19988,2025-01-09,25,10,11,4,41.99,167.96,4,33
19989,2025-01-19,20,19,11,1,24.0,24.0,4,32
19990,2025-01-21,26,14,11,3,147.37,442.11,4,32
19991,2025-01-06,3,8,11,3,25.0,75.0,4,32
19992,2025-01-18,30,8,11,2,26.95,53.9,3,33
19993,2025-01-02,27,15,11,2,29.1,58.2,4,32
19994,2025-01-29,17,8,11,3,85.26,255.78,4,32
19995,2025-01-28,26,15,11,2,86.22,172.44,4,32
19996,2025-01-27,2,4,11,2,140.99,281.98,4,32
19997,2025-01-16,25,7,11,3,157.25,471.75,4,33
19998,2025-01-24,24,7,11,1,120.84,120.84,4,33
19999,2025-01-19,19,3,11,3,135.83,407.49,4,32
20000,2025-01-23,11,17,11,2,28.76,57.52,4,32
20001,2025-01-22,16,9,11,3,112.99,338.97,4,33
20002,2025-01-11,15,14,11,2,186.04,372.08,4,33
20003,2025-01-11,17,3,11,2,61.99,123.98,4,32
20004,2025-01-07,4,8,11,1,41.99,41.99,4,32
20005,2025-01-15,7,5,11,2,22.91,45.82,4,33
20006,2025-01-16,1,2,11,1,53.74,53.74,4,32
20007,2025-01-16,25,15,11,1,80.99,80.99,3,33
20008,2025-01-18,15,11,11,2,277.99,555.98,3,33
20009,2025-01-23,10,4,12,1,259.21,259.21,4,34
20010,2025-01-11,26,4,12,2,250.99,501.98,4,34
20011,2025-01-27,1,16,12,1,10.79,10.79,4,34
20012,2025-01-07,11,18,12,4,16.99,67.96,4,35
20013,2025-01-01,26,8,12,4,87.35,349.4,4,35
20014,2025-01-09,22,15,12,1,83.96,83.96,4,34
20015,2025-01-14,28,18,12,1,7.0,7.0,4,34
20016,2025-01-16,26,5,12,5,13.5,67.5,4,35
20017,2025-01-03,3,6,12,2,26.23,52.46,4,34
20018,2025-01-08,17,9,12,2,74.99,149.98,4,34
20019,2025-01-02,26,13,12,2,113.47,226.94,4,35
20020,2025-01-23,27,6,12,1,15.86,15.86,4,35
20021,2025-01-23,16,7,12,2,64.99,129.98,2,35
20022,2025-01-05,30,9,12,1,129.99,129.99,4,35
20023,2025-01-18,18,5,12,2,27.1,54.2,3,35
20024,2025-01-15,22,6,12,3,28.99,86.97,4,34
20025,2025-01-20,21,3,12,1,133.12,133.12,4,35
20026,2025-01-12,29,19,12,3,15.91,47.73,4,34
20027,2025-01-12,15,5,12,2,18.56,37.12,4,35
20028,2025-01-20,1,11,12,2,416.99,833.98,4,35
20029,2025-01-04,22,12,12,2,610.99,1221.98,4,34
20030,2025-01-17,18,2,12,1,67.38,67.38,4,35
20031,2025-01-16,30,8,12,2,61.99,123.98,4,34
20032,2025-01-02,25,14,12,1,208.0,208.0,4,35
20033,2025-01-23,29,2,12,1,68.99,68.99,4,35
20034,2025-01-28,5,10,12,3,65.99,197.97,4,34
20035,2025-01-29,3,17,12,1,30.88,30.88,4,34
20036,2025-01-06,21,10,12,2,32.75,65.5,4,35
20037,2025-01-05,11,10,12,3,46.99,140.97,4,35
20038,2025-01-17,7,7,12,1,147.63,147.63,4,34
20039,2025-01-08,20,1,12,1,1329.77,1329.77,4,34
20040,2025-01-22,30,6,12,5,23.45,117.25,4,34
20041,2025-01-12,23,20,12,1,38.99,38.99,4,35
20042,2025-01-10,25,11,12,2,300.89,601.78,4,34
20043,2025-01-23,24,3,12,1,132.99,132.99,4,35
20044,2025-01-08,2,20,12,3,41.45,124.35,4,35
20045,2025-01-01,13,2,12,4,125.99,503.96,4,35
20046,2025-01-15,15,3,13,4,70.99,283.96,4,37
20047,2025-01-08,11,18,13,4,16.69,66.76,4,38
20048,2025-01-13,14,16,13,4,14.99,59.96,4,37
20049,2025-01-13,27,4,13,2,186.22,372.44,4,36
20050,2025-01-15,10,11,13,2,312.99,625.98,4,36
20051,2025-01-17,15,4,13,1,220.7,220.7,4,36
20052,2025-01-15,10,7,13,2,111.41,222.82,4,36
20053,2025-01-02,14,7,13,2,120.93,241.86,4,38
20054,2025-01-13,27,1,13,1,939.18,939.18,4,38
20055,2025-01-20,14,19,13,1,14.0,14.0,4,36
20056,2025-01-30,26,5,13,2,17.54,35.08,4,36
20057,2025-01-14,23,1,13,2,1105.99,2211.98,4,38
20058,2025-01-10,4,17,13,2,47.99,95.98,4,38
20059,2025-01-04,25,9,13,1,175.99,175.99,3,37
20060,2025-01-11,29,11,13,1,520.99,520.99,3,37
20061,2025-01-20,16,17,13,5,19.93,99.65,4,36
20062,2025-01-05,2,16,13,1,19.77,19.77,4,38
20063,2025-01-25,23,17,13,1,45.99,45.99,4,37
20064,2025-01-23,15,16,13,2,10.99,21.98,4,37
20065,2025-01-11,6,13,13,1,64.99,64.99,4,36
20066,2025-01-27,9,20,13,5,40.7,203.5,4,38
20067,2025-01-26,29,15,13,1,86.73,86.73,4,38
20068,2025-01-03,9,9,13,3,79.99,239.97,4,38
20069,2025-01-29,20,9,13,4,109.97,439.88,1,37
20070,2025-01-01,5,16,13,1,22.99,22.99,4,38
20071,2025-01-13,23,9,13,2,141.0,282.0,4,37
20072,2025-01-28,12,8,13,1,29.83,29.83,4,38
20073,2025-01-10,1,9,13,1,117.31,117.31,4,36
20074,2025-01-02,26,19,13,1,20.4,20.4,4,38
20075,2025-01-15,28,19,13,4,26.99,107.96,4,38
20076,2025-01-12,3,9,13,4,76.18,304.72,4,37
20077,2025-01-20,10,6,13,1,23.99,23.99,4,37
20078,2025-01-01,16,7,13,2,58.23,116.46,2,37
20079,2025-01-13,27,18,13,2,12.99,25.98,3,36
20080,2025-01-14,19,16,13,2,20.99,41.98,4,36
20081,2025-01-12,17,20,13,2,17.73,35.46,4,36
20082,2025-01-06,1,5,13,1,25.99,25.99,4,37
20083,2025-01-31,2,17,13,3,36.15,108.45,4,36
20084,2025-01-24,3,6,13,1,9.99,9.99,2,37
20085,2025-01-29,9,8,13,1,31.24,31.24,2,36
20086,2025-01-17,1,5,13,2,23.38,46.76,4,38
20087,2025-01-15,17,5,13,2,13.99,27.98,4,37
20088,2025-01-10,29,16,13,1,20.99,20.99,4,37
20089,2025-01-11,29,10,13,1,51.57,51.57,4,38
20090,2025-01-12,29,18,13,1,11.08,11.08,4,38
20091,2025-01-17,28,6,13,3,27.99,83.97,4,36
20092,2025-01-18,17,19,13,1,38.61,38.61,4,38
20093,2025-01-11,7,19,13,1,19.99,19.99,4,36
20094,2025-01-24,18,8,13,3,77.82,233.46,4,38
20095,2025-01-01,14,5,13,4,11.99,47.96,3,38
20096,2025-01-03,22,12,13,1,604.06,604.06,4,36
20097,2025-01-21,16,5,13,1,22.0,22.0,4,38
20098,2025-01-01,8,16,13,3,16.66,49.98,4,37
20099,2025-01-09,20,18,13,1,15.99,15.99,4,36
20100,2025-01-27,5,6,14,3,22.0,66.0,4,40
20101,2025-01-21,23,3,14,5,76.99,384.95,4,40
20102,2025-01-05,27,17,14,2,36.99,73.98,4,39
20103,2025-01-17,29,5,14,5,26.13,130.65,4,40
20104,2025-01-11,7,3,14,1,108.9,108.9,4,39
20105,2025-01-29,19,11,14,2,537.17,1074.34,4,39
20106,2025-01-30,29,10,14,3,52.6,157.8,4,40
20107,2025-01-31,23,1,14,2,1275.59,2551.18,4,40
20108,2025-01-22,6,4,14,3,243.5,730.5,4,39
20109,2025-01-28,30,16,14,1,11.99,11.99,4,40
20110,2025-01-25,20,4,14,3,244.5,733.5,4,40
20111,2025-01-14,9,8,14,4,69.64,278.56,4,39
20112,2025-01-23,3,8,14,1,82.99,82.99,4,39
20113,2025-01-19,3,8,14,2,42.6,85.2,4,40
20114,2025-01-03,15,10,14,1,58.92,58.92,4,40
20115,2025-01-05,23,3,14,2,121.04,242.08,1,39
20116,2025-01-23,19,20,14,1,40.99,40.99,4,40
20117,2025-01-21,30,5,14,3,20.99,62.97,4,39
20118,2025-01-30,14,16,14,1,22.99,22.99,4,39
20119,2025-01-31,2,15,14,4,73.99,295.96,4,39
20120,2025-01-22,22,14,14,1,170.93,170.93,3,40
20121,2025-01-24,17,18,14,1,8.04,8.04,4,39
20122,2025-01-08,26,17,14,1,21.99,21.99,4,39
20123,2025-01-22,8,2,14,1,110.89,110.89,4,39
20124,2025-01-26,16,10,14,1,45.48,45.48,4,39
20125,2025-01-21,4,17,14,3,29.64,88.92,4,40
20126,2025-01-04,29,4,14,3,119.03,357.09,4,40
20127,2025-01-25,11,9,14,1,158.05,158.05,3,40
20128,2025-01-29,29,18,14,4,8.88,35.52,4,40
20129,2025-01-11,15,7,14,1,51.04,51.04,4,39
20130,2025-01-25,23,1,14,1,1131.99,1131.99,4,40
20131,2025-01-06,1,3,14,1,130.69,130.69,4,40
20132,2025-01-29,27,3,14,1,141.79,141.79,4,39
20133,2025-01-01,28,2,14,3,54.24,162.72,4,39
20134,2025-01-08,24,9,14,1,117.96,117.96,4,39
20135,2025-01-05,21,20,14,3,39.99,119.97,4,40
20136,2025-01-18,19,12,14,2,634.09,1268.18,4,39
20137,2025-01-08,13,7,14,1,69.99,69.99,4,39
20138,2025-01-18,5,9,14,1,117.99,117.99,4,39
20139,2025-01-15,9,17,14,1,36.67,36.67,4,40
20140,2025-01-09,23,8,14,3,53.67,161.01,4,40
20141,2025-01-16,27,8,14,4,28.29,113.16,4,39
20142,2025-01-18,17,13,14,5,39.0,195.0,4,39
20143,2025-01-08,3,2,14,4,57.0,228.0,4,39
20144,2025-01-29,21,14,14,1,112.56,112.56,4,40
20145,2025-01-06,23,19,14,1,29.99,29.99,4,39
20146,2025-01-03,18,18,14,2,15.99,31.98,4,39
20147,2025-01-22,17,19,14,2,36.99,73.98,4,40
20148,2025-01-21,5,4,14,3,148.29,444.87,4,39
20149,2025-01-12,7,5,15,4,13.46,53.84,4,41
20150,2025-01-11,7,19,15,2,23.99,47.98,2,42
20151,2025-01-31,23,4,15,1,266.99,266.99,3,41
20152,2025-01-25,1,19,15,5,36.99,184.95,4,42
20153,2025-01-24,28,2,15,1,78.9,78.9,4,42
20154,2025-01-22,2,6,15,1,29.2,29.2,4,41
20155,2025-01-27,13,13,15,1,89.09,89.09,4,41
20156,2025-01-30,5,10,15,5,40.01,200.05,4,42
20157,2025-01-31,22,4,15,1,220.04,220.04,4,41
20158,2025-01-18,8,16,15,3,8.75,26.25,4,41
20159,2025-01-28,22,6,15,5,9.99,49.95,4,42
20160,2025-01-11,7,10,15,4,64.15,256.6,4,42
20161,2025-01-07,1,6,15,2,33.78,67.56,4,42
20162,2025-01-23,29,6,15,3,31.99,95.97,4,41
20163,2025-01-02,3,5,15,1,14.97,14.97,4,42
20164,2025-01-04,15,2,15,3,113.9,341.7,4,42
20165,2025-01-27,23,5,15,3,9.0,27.0,4,41
20166,2025-01-31,3,15,15,3,53.99,161.97,4,41
20167,2025-01-25,18,13,15,1,41.19,41.19,4,41
20168,2025-01-04,7,5,15,3,28.32,84.96,4,41
20169,2025-01-03,19,16,15,3,11.99,35.97,4,41
20170,2025-01-12,29,5,15,1,26.47,26.47,4,41
20171,2025-01-17,7,1,15,1,1334.99,1334.99,4,42
20172,2025-01-20,8,10,15,2,54.99,109.98,4,42
20173,2025-01-05,6,7,15,2,128.99,257.98,4,42
20174,2025-01-11,3,10,15,5,66.99,334.95,3,42
20175,2025-01-18,12,10,15,3,56.99,170.97,4,41
20176,2025-01-09,12,9,15,2,146.99,293.98,4,42
20177,2025-01-03,3,3,15,3,80.27,240.81,1,42
20178,2025-01-19,6,13,15,2,59.15,118.3,3,42
20179,2025-01-30,6,2,15,1,64.99,64.99,4,41
20180,2025-01-13,2,20,15,1,19.81,19.81,4,42
20181,2025-01-24,7,2,15,4,63.71,254.84,4,41
20182,2025-01-22,7,13,15,3,114.99,344.97,4,41
20183,2025-01-01,6,3,15,4,60.99,243.96,4,41
20184,2025-01-22,28,14,15,4,141.93,567.72,4,41
20185,2025-02-09,27,8,1,1,66.48,66.48,1,3
20186,2025-02-04,22,8,1,3,47.99,143.97,4,2
20187,2025-02-19,4,5,1,1,13.99,13.99,4,4
20188,2025-02-19,23,18,1,1,10.7,10.7,4,1
20189,2025-02-18,7,7,1,1,132.53,132.53,4,4
20190,2025-02-05,30,8,1,1,60.94,60.94,2,2
20191,2025-02-05,4,3,1,1,132.99,132.99,4,2
20192,2025-02-23,13,19,1,1,14.0,14.0,4,1
20193,2025-02-12,29,16,1,3,8.0,24.0,4,2
20194,2025-02-26,20,3,1,2,86.99,173.98,3,3
20195,2025-02-11,17,20,1,2,39.99,79.98,4,4
20196,2025-02-08,20,13,1,3,42.99,128.97,1,4
20197,2025-02-25,29,17,1,1,19.95,19.95,4,3
20198,2025-02-18,24,7,1,3,154.55,463.65,4,1
20199,2025-02-17,17,16,1,1,16.99,16.99,4,4
20200,2025-02-06,20,9,1,1,190.66,190.66,4,4
20201,2025-02-15,23,16,1,1,15.99,15.99,4,4
20202,2025-02-27,16,20,1,1,34.99,34.99,4,4
20203,2025-02-06,7,18,1,1,14.99,14.99,4,4
20204,2025-02-23,18,5,1,1,22.46,22.46,4,4
20205,2025-02-27,10,3,1,1,135.99,135.99,4,1
20206,2025-02-16,9,3,1,1,158.24,158.24,4,3
20207,2025-02-26,2,17,1,1,31.28,31.28,1,1
20208,2025-02-07,1,5,2,1,25.76,25.76,4,5
20209,2025-02-06,27,15,2,5,60.99,304.95,4,6
20210,2025-02-15,10,17,2,2,54.01,108.02,4,6
20211,2025-02-27,26,5,2,1,28.09,28.09,4,8
20212,2025-02-05,20,5,2,1,24.51,24.51,3,7
20213,2025-02-08,27,20,2,1,25.53,25.53,4,8
20214,2025-02-07,2,17,2,1,32.72,32.72,4,6
20215,2025-02-04,24,13,2,3,47.99,143.97,4,6
20216,2025-02-24,6,14,2,2,222.01,444.02,4,8
20217,2025-02-17,20,6,2,4,22.99,91.96,4,5
20218,2025-02-05,6,18,2,4,9.21,36.84,4,5
20219,2025-02-16,6,6,2,3,18.99,56.97,4,5
20220,2025-02-17,17,6,2,1,32.99,32.99,4,5
20221,2025-02-05,23,3,2,2,132.6,265.2,4,6
20222,2025-02-18,20,6,2,1,19.26,19.26,4,6
20223,2025-02-25,6,19,2,2,18.48,36.96,4,8
20224,2025-02-14,4,6,2,1,17.46,17.46,4,5
20225,2025-02-16,9,17,2,1,29.11,29.11,4,5
20226,2025-02-12,18,2,2,1,113.99,113.99,4,8
20227,2025-02-17,23,4,2,2,140.53,281.06,4,6
20228,2025-02-24,4,5,2,2,14.92,29.84,4,5
20229,2025-02-11,12,5,2,2,21.16,42.32,2,6
20230,2025-02-03,24,17,2,2,41.87,83.74,4,6
20231,2025-02-01,13,1,3,1,1062.99,1062.99,4,11
20232,2025-02-02,29,13,3,3,103.91,311.73,4,11
20233,2025-02-19,2,16,3,2,8.57,17.14,4,10
20234,2025-02-03,20,4,3,3,170.29,510.87,4,9
20235,2025-02-17,19,1,3,3,919.99,2759.97,4,9
20236,2025-02-03,2,5,3,1,17.99,17.99,4,9
20237,2025-02-27,9,6,3,2,20.99,41.98,4,11
20238,2025-02-18,11,10,3,2,68.44,136.88,1,9
20239,2025-02-14,16,6,3,4,15.22,60.88,4,11
20240,2025-02-24,29,5,3,1,27.74,27.74,4,11
20241,2025-02-03,30,19,3,1,15.08,15.08,4,9
20242,2025-02-04,6,1,3,1,1321.99,1321.99,4,10
20243,2025-02-06,18,4,3,1,200.99,200.99,4,9
20244,2025-02-03,17,19,3,3,22.99,68.97,2,9
20245,2025-02-27,18,5,3,5,24.99,124.95,4,11
20246,2025-02-20,9,12,3,4,739.87,2959.48,4,9
20247,2025-02-17,1,6,3,3,28.25,84.75,4,10
20248,2025-02-16,14,16,3,1,9.15,9.15,4,10
20249,2025-02-25,26,14,3,1,210.42,210.42,4,9
20250,2025-02-09,15,20,4,3,27.98,83.94,4,12
20251,2025-02-04,19,16,4,1,14.32,14.32,4,12
20252,2025-02-05,8,16,4,2,9.99,19.98,4,14
20253,2025-02-18,7,8,4,5,69.16,345.8,4,13
20254,2025-02-27,24,8,4,3,51.99,155.97,4,14
20255,2025-02-05,5,10,4,1,62.8,62.8,4,13
20256,2025-02-20,12,20,4,1,28.99,28.99,4,13
20257,2025-02-28,9,8,4,1,64.99,64.99,4,12
20258,2025-02-24,18,13,4,4,104.19,416.76,4,13
20259,2025-02-15,18,5,4,1,19.75,19.75,4,13
20260,2025-02-03,30,3,4,1,104.4,104.4,4,13
20261,2025-02-10,16,11,4,1,326.84,326.84,4,14
20262,2025-02-14,18,2,4,4,112.19,448.76,3,12
20263,2025-02-11,5,2,4,5,93.99,469.95,4,13
20264,2025-02-12,10,10,4,1,37.99,37.99,4,12
20265,2025-02-15,11,8,4,2,79.99,159.98,4,12
20266,2025-02-20,5,5,5,3,18.99,56.97,4,16
20267,2025-02-24,12,7,5,2,109.41,218.82,4,16
20268,2025-02-05,5,5,5,2,10.99,21.98,4,17
20269,2025-02-03,28,9,5,4,70.99,283.96,4,17
20270,2025-02-21,1,14,5,1,120.32,120.32,4,15
20271,2025-02-09,5,13,5,2,97.99,195.98,4,17
20272,2025-02-06,13,6,5,1,11.99,11.99,4,17
20273,2025-02-04,10,2,5,3,76.99,230.97,4,15
20274,2025-02-13,18,2,5,5,109.49,547.45,4,17
20275,2025-02-11,10,13,5,1,99.99,99.99,4,15
20276,2025-02-12,2,6,5,5,31.99,159.95,4,15
20277,2025-02-21,18,8,5,3,53.99,161.97,3,16
20278,2025-02-11,2,11,5,4,596.99,2387.96,3,16
20279,2025-02-22,18,8,5,1,74.99,74.99,2,17
20280,2025-02-04,12,13,5,1,102.49,102.49,4,15
20281,2025-02-19,5,15,5,2,41.6,83.2,4,17
20282,2025-02-16,30,17,6,2,27.44,54.88,4,19
20283,2025-02-19,22,8,6,1,85.99,85.99,4,19
20284,2025-02-26,16,6,6,1,13.48,13.48,4,19
20285,2025-02-05,21,19,6,2,22.99,45.98,4,19
20286,2025-02-27,13,3,6,2,110.95,221.9,4,18
20287,2025-02-16,15,11,6,4,590.33,2361.32,4,20
20288,2025-02-03,24,13,6,3,82.48,247.44,4,19
20289,2025-02-11,10,2,6,5,75.41,377.05,4,19
20290,2025-02-19,29,13,6,2,104.97,209.94,1,20
20291,2025-02-17,4,6,6,3,9.99,29.97,4,18
20292,2025-02-11,5,15,6,3,57.04,171.12,4,20
20293,2025-02-01,22,18,6,1,11.71,11.71,4,20
20294,2025-02-23,7,18,6,2,7.99,15.98,4,18
20295,2025-02-27,11,17,6,1,46.34,46.34,4,20
20296,2025-02-01,17,15,6,3,59.99,179.97,4,19
20297,2025-02-08,14,20,6,4,19.07,76.28,4,20
20298,2025-02-17,23,5,6,2,10.99,21.98,4,18
20299,2025-02-14,17,16,6,1,21.73,21.73,4,18
20300,2025-02-14,5,8,7,1,33.38,33.38,4,23
20301,2025-02-03,30,13,7,1,102.94,102.94,4,21
20302,2025-02-26,17,3,7,3,113.99,341.97,4,21
20303,2025-02-14,16,6,7,2,33.99,67.98,4,22
20304,2025-02-27,21,19,7,2,24.99,49.98,4,23
20305,2025-02-17,9,15,7,2,49.99,99.98,4,23
20306,2025-02-07,12,8,7,5,70.99,354.95,4,21
20307,2025-02-19,18,17,7,1,48.29,48.29,4,23
20308,2025-02-16,29,14,7,1,146.99,146.99,4,21
20309,2025-02-17,19,16,7,4,9.99,39.96,4,22
20310,2025-02-27,29,9,7,1,93.18,93.18,4,23
20311,2025-02-28,23,6,7,2,29.99,59.98,2,21
20312,2025-02-16,7,10,8,3,46.6,139.8,4,25
20313,2025-02-17,12,5,8,3,9.0,27.0,2,24
20314,2025-02-19,21,17,8,1,39.99,39.99,4,24
20315,2025-02-17,28,2,8,1,124.99,124.99,4,24
20316,2025-02-23,8,2,8,5,104.99,524.95,4,25
20317,2025-02-25,25,2,8,1,97.72,97.72,4,25
20318,2025-02-24,5,10,8,5,65.99,329.95,4,24
20319,2025-02-14,4,19,8,1,36.16,36.16,4,24
20320,2025-02-02,19,8,8,1,55.53,55.53,4,24
20321,2025-02-10,9,1,8,1,852.73,852.73,4,24
20322,2025-02-20,2,6,8,3,11.78,35.34,4,24
20323,2025-02-19,15,14,8,1,176.74,176.74,2,24
20324,2025-02-14,27,2,8,3,97.23,291.69,4,24
20325,2025-02-22,10,20,9,1,37.99,37.99,4,28
20326,2025-02-13,10,7,9,1,66.99,66.99,4,27
20327,2025-02-24,18,15,9,3,40.21,120.63,4,28
20328,2025-02-28,17,8,9,2,32.99,65.98,4,28
20329,2025-02-10,21,15,9,1,35.17,35.17,3,28
20330,2025-02-24,4,7,9,4,80.83,323.32,4,28
20331,2025-02-16,18,9,9,1,69.02,69.02,4,26
20332,2025-02-18,13,15,9,4,44.76,179.04,4,27
20333,2025-02-16,23,20,9,1,28.78,28.78,4,27
20334,2025-02-06,24,4,9,2,217.99,435.98,4,28
20335,2025-02-11,22,17,9,1,33.37,33.37,4,26
20336,2025-02-08,24,18,9,4,15.24,60.96,4,28
20337,2025-02-17,27,4,9,3,103.99,311.97,4,27
20338,2025-02-27,19,18,9,1,11.99,11.99,4,28
20339,2025-02-20,8,18,9,1,13.64,13.64,4,28
20340,2025-02-13,7,10,9,1,40.99,40.99,4,26
20341,2025-02-11,22,8,10,1,53.4,53.4,4,29
20342,2025-02-15,24,18,10,3,14.99,44.97,4,29
20343,2025-02-09,27,17,10,5,39.59,197.95,2,30
20344,2025-02-10,9,1,10,2,1027.26,2054.52,4,29
20345,2025-02-28,8,2,10,1,96.26,96.26,4,31
20346,2025-02-24,30,10,10,2,29.99,59.98,4,31
20347,2025-02-18,25,18,10,5,7.99,39.95,4,30
20348,2025-02-11,9,13,10,1,72.34,72.34,4,30
20349,2025-02-10,4,10,10,1,64.99,64.99,3,30
20350,2025-02-08,30,19,10,2,25.44,50.88,2,29
20351,2025-02-22,29,11,10,1,446.99,446.99,4,30
20352,2025-02-25,8,7,10,2,75.2,150.4,4,30
20353,2025-02-23,2,5,10,3,19.47,58.41,4,31
20354,2025-02-04,28,15,10,2,61.99,123.98,4,30
20355,2025-02-06,7,20,10,4,39.77,159.08,4,30
20356,2025-02-15,6,19,10,1,19.12,19.12,4,30
20357,2025-02-03,5,9,10,1,135.8,135.8,4,29
20358,2025-02-14,16,18,10,2,14.99,29.98,4,31
20359,2025-02-26,29,4,11,3,105.02,315.06,4,33
20360,2025-02-22,28,15,11,2,55.89,111.78,4,32
20361,2025-02-15,29,4,11,1,255.61,255.61,4,32
20362,2025-02-15,26,19,11,1,26.93,26.93,4,32
20363,2025-02-08,6,10,11,1,49.64,49.64,2,32
20364,2025-02-01,5,18,11,3,18.1,54.3,4,32
20365,2025-02-09,2,19,11,2,38.09,76.18,4,32
20366,2025-02-18,8,15,11,4,64.87,259.48,4,33
20367,2025-02-20,12,4,11,1,137.82,137.82,4,33
20368,2025-02-15,15,2,11,1,87.99,87.99,4,32
20369,2025-02-01,1,5,11,1,11.74,11.74,4,33
20370,2025-02-05,25,3,12,2,120.02,240.04,4,34
20371,2025-02-03,30,16,12,1,17.99,17.99,4,34
20372,2025-02-09,13,1,12,5,1006.75,5033.75,1,35
20373,2025-02-24,13,7,12,1,102.99,102.99,3,35
20374,2025-02-16,17,9,12,2,87.77,175.54,4,35
20375,2025-02-02,11,18,12,1,7.31,7.31,4,35
20376,2025-02-15,19,13,12,1,71.99,71.99,4,35
20377,2025-02-14,8,15,12,1,45.99,45.99,4,35
20378,2025-02-27,8,5,12,2,27.63,55.26,4,35
20379,2025-02-16,19,4,12,1,125.99,125.99,4,35
20380,2025-02-02,23,17,12,2,20.99,41.98,4,35
20381,2025-02-25,8,3,13,2,112.57,225.14,4,36
20382,2025-02-02,10,6,13,4,9.46,37.84,4,36
20383,2025-02-07,7,19,13,2,29.48,58.96,4,36
20384,2025-02-05,5,16,13,1,20.79,20.79,4,38
20385,2025-02-17,28,18,13,2,13.99,27.98,4,38
20386,2025-02-04,26,18,13,5,7.99,39.95,4,38
20387,2025-02-19,11,11,13,1,526.13,526.13,3,36
20388,2025-02-26,19,10,13,3,66.99,200.97,4,38
20389,2025-02-20,22,18,13,2,16.99,33.98,4,38
20390,2025-02-13,14,8,13,3,31.87,95.61,4,36
20391,2025-02-15,13,18,13,3,14.99,44.97,4,38
20392,2025-02-20,6,1,13,3,1182.2,3546.6,4,37
20393,2025-02-11,26,9,13,2,174.22,348.44,4,37
20394,2025-02-11,8,1,13,1,1167.99,1167.99,4,36
20395,2025-02-12,13,15,13,1,86.99,86.99,4,36
20396,2025-02-02,22,15,13,1,32.99,32.99,4,38
20397,2025-02-23,7,18,13,3,16.33,48.99,4,36
20398,2025-02-21,17,5,13,2,19.99,39.98,4,38
20399,2025-02-07,12,18,13,1,16.55,16.55,4,38
20400,2025-02-04,18,20,14,2,21.56,43.12,4,39
20401,2025-02-01,28,13,14,1,115.15,115.15,4,40
20402,2025-02-26,27,3,14,2,104.37,208.74,4,39
20403,2025-02-04,24,20,14,2,35.99,71.98,4,39
20404,2025-02-28,21,6,14,1,11.75,11.75,1,39
20405,2025-02-09,5,5,14,2,9.99,19.98,4,40
20406,2025-02-12,14,16,14,1,10.57,10.57,4,40
20407,2025-02-26,21,17,14,3,23.32,69.96,4,39
20408,2025-02-16,26,8,14,4,38.99,155.96,4,40
20409,2025-02-20,27,16,14,2,17.75,35.5,4,40
20410,2025-02-15,27,4,14,2,144.44,288.88,4,39
20411,2025-02-19,27,19,14,1,35.99,35.99,4,40
20412,2025-02-20,6,16,14,1,11.38,11.38,4,39
20413,2025-02-16,26,7,14,4,62.56,250.24,4,40
20414,2025-02-10,26,5,14,2,17.99,35.98,4,40
20415,2025-02-03,10,13,14,1,67.99,67.99,4,39
20416,2025-02-25,6,10,15,5,31.99,159.95,4,42
20417,2025-02-17,4,13,15,1,109.23,109.23,3,41
20418,2025-02-10,12,7,15,1,129.25,129.25,4,41
20419,2025-02-12,8,17,15,1,37.26,37.26,3,42
20420,2025-02-04,25,1,15,2,945.99,1891.98,4,42
20421,2025-02-10,14,4,15,4,243.54,974.16,4,41
20422,2025-02-26,24,15,15,1,45.18,45.18,4,42
20423,2025-02-14,9,9,15,2,193.99,387.98,4,41
20424,2025-02-11,22,14,15,1,168.99,168.99,4,42
20425,2025-02-02,6,15,15,5,80.08,400.4,4,42
20426,2025-02-20,23,16,15,2,8.99,17.98,4,42
20427,2025-02-12,5,7,15,2,105.99,211.98,4,41
20428,2025-03-14,18,5,1,1,23.26,23.26,4,3
20429,2025-03-28,26,16,1,2,13.99,27.98,2,1
20430,2025-03-01,3,2,1,1,113.81,113.81,4,1
20431,2025-03-20,21,16,1,1,21.44,21.44,4,4
20432,2025-03-20,13,2,1,1,124.09,124.09,4,4
20433,2025-03-11,10,1,1,3,1140.44,3421.32,4,1
20434,2025-03-01,10,5,1,1,23.44,23.44,4,1
20435,2025-03-21,20,7,1,1,85.99,85.99,4,3
20436,2025-03-06,17,2,1,2,119.99,239.98,4,1
20437,2025-03-16,11,19,1,2,32.99,65.98,2,2
20438,2025-03-09,3,5,1,1,20.55,20.55,4,1
20439,2025-03-30,14,10,1,4,40.73,162.92,4,1
20440,2025-03-22,7,8,1,3,27.29,81.87,4,3
20441,2025-03-29,18,16,1,4,8.99,35.96,4,2
20442,2025-03-10,2,5,1,3,28.74,86.22,4,1
20443,2025-03-26,27,16,1,3,11.99,35.97,4,3
20444,2025-03-28,28,9,1,1,89.99,89.99,4,2
20445,2025-03-19,23,7,2,1,129.05,129.05,4,7
20446,2025-03-22,12,9,2,1,168.99,168.99,1,8
20447,2025-03-07,10,18,2,1,9.99,9.99,4,6
20448,2025-03-29,28,18,2,1,7.0,7.0,4,6
20449,2025-03-28,15,3,2,4,142.76,571.04,4,6
20450,2025-03-18,15,7,2,1,142.51,142.51,4,8
20451,2025-03-18,3,6,2,2,12.99,25.98,4,5
20452,2025-03-18,5,8,2,1,42.99,42.99,4,8
20453,2025-03-14,24,2,2,4,57.99,231.96,4,6
20454,2025-03-18,13,16,2,1,18.99,18.99,4,7
20455,2025-03-16,14,11,2,4,428.64,1714.56,4,6
20456,2025-03-17,29,17,2,1,47.28,47.28,4,8
20457,2025-03-20,15,18,2,2,14.75,29.5,4,7
20458,2025-03-17,21,4,2,4,287.99,1151.96,4,7
20459,2025-03-22,2,18,2,3,10.99,32.97,4,5
20460,2025-03-30,20,2,2,2,92.99,185.98,3,8
20461,2025-03-21,1,4,2,1,122.99,122.99,4,6
20462,2025-03-22,15,10,2,4,62.42,249.68,4,6
20463,2025-03-12,25,5,2,2,28.3,56.6,4,6
20464,2025-03-13,11,15,2,3,67.09,201.27,4,5
20465,2025-03-30,23,4,2,1,214.99,214.99,4,8
20466,2025-03-03,25,11,2,2,364.36,728.72,4,5
20467,2025-03-19,30,7,3,3,85.6,256.8,4,9
20468,2025-03-16,22,4,3,2,252.99,505.98,4,11
20469,2025-03-12,12,6,3,1,28.12,28.12,4,10
20470,2025-03-01,12,10,3,3,60.35,181.05,4,10
20471,2025-03-17,18,6,3,1,25.43,25.43,4,9
20472,2025-03-18,14,8,3,2,48.4,96.8,4,11
20473,2025-03-04,14,3,3,2,76.65,153.3,3,10
20474,2025-03-22,14,8,3,4,28.34,113.36,4,10
20475,2025-03-29,2,19,3,2,36.3,72.6,2,9
20476,2025-03-31,19,1,3,1,964.99,964.99,4,9
20477,2025-03-17,6,17,3,1,28.99,28.99,4,9
20478,2025-03-15,21,16,3,1,12.99,12.99,4,9
20479,2025-03-05,7,8,4,2,82.55,165.1,4,13
20480,2025-03-30,18,1,4,5,971.36,4856.8,4,13
20481,2025-03-24,1,3,4,4,119.04,476.16,4,14
20482,2025-03-01,9,16,4,3,14.2,42.6,4,14
20483,2025-03-24,12,8,4,1,66.31,66.31,4,12
20484,2025-03-15,1,20,4,3,38.23,114.69,4,13
20485,2025-03-12,19,20,4,2,23.9,47.8,1,12
20486,2025-03-06,8,1,4,1,1330.03,1330.03,4,12
20487,2025-03-04,11,6,4,1,21.99,21.99,4,14
20488,2025-03-20,27,3,4,3,73.99,221.97,4,14
20489,2025-03-22,16,11,5,1,303.99,303.99,4,15
20490,2025-03-02,10,4,5,3,167.25,501.75,4,17
20491,2025-03-03,27,11,5,1,571.6,571.6,4,16
20492,2025-03-11,1,13,5,2,82.68,165.36,4,16
20493,2025-03-25,25,5,5,4,9.0,36.0,4,17
20494,2025-03-04,17,2,5,1,125.99,125.99,4,16
20495,2025-03-11,19,18,5,2,16.16,32.32,4,15
20496,2025-03-10,19,2,5,2,107.56,215.12,4,16
20497,2025-03-31,17,19,5,4,38.27,153.08,4,16
20498,2025-03-11,1,15,5,2,52.99,105.98,4,16
20499,2025-03-02,24,14,5,1,189.25,189.25,4,15
20500,2025-03-02,12,16,5,1,17.99,17.99,4,17
20501,2025-03-11,11,20,5,1,37.75,37.75,2,15
20502,2025-03-04,23,18,5,3,10.99,32.97,4,15
20503,2025-03-02,4,18,6,1,15.86,15.86,4,20
20504,2025-03-11,29,11,6,5,496.99,2484.95,1,20
20505,2025-03-05,4,20,6,1,15.69,15.69,4,20
20506,2025-03-28,12,6,6,2,25.99,51.98,4,20
20507,2025-03-31,19,19,6,1,22.16,22.16,4,18
20508,2025-03-19,27,10,6,2,31.99,63.98,4,20
20509,2025-03-14,17,15,6,4,78.73,314.92,4,20
20510,2025-03-23,20,9,6,4,171.92,687.68,4,18
20511,2025-03-06,1,9,6,1,195.37,195.37,4,20
20512,2025-03-25,24,19,6,2,32.99,65.98,1,20
20513,2025-03-01,13,10,6,1,46.73,46.73,4,20
20514,2025-03-02,25,12,6,3,674.92,2024.76,3,18
20515,2025-03-09,4,10,7,1,61.99,61.99,4,22
20516,2025-03-09,15,19,7,1,31.99,31.99,4,22
20517,2025-03-04,5,7,7,3,66.99,200.97,4,21
20518,2025-03-10,27,3,7,2,146.19,292.38,4,23
20519,2025-03-27,8,3,7,3,93.99,281.97,4,23
20520,2025-03-13,7,5,7,4,20.85,83.4,4,23
20521,2025-03-26,11,20,7,1,19.77,19.77,4,23
20522,2025-03-04,22,5,7,1,24.44,24.44,4,21
20523,2025-03-15,13,19,7,1,20.69,20.69,4,21
20524,2025-03-09,25,3,7,5,109.57,547.85,4,23
20525,2025-03-08,7,20,8,2,16.97,33.94,4,25
20526,2025-03-09,28,3,8,1,120.99,120.99,4,24
20527,2025-03-23,7,2,8,1,90.46,90.46,4,25
20528,2025-03-30,16,1,8,5,1086.73,5433.65,4,24
20529,2025-03-30,25,10,8,3,36.28,108.84,4,25
20530,2025-03-28,8,10,8,1,64.99,64.99,4,24
20531,2025-03-03,22,8,8,1,49.14,49.14,4,25
20532,2025-03-27,21,8,8,2,76.99,153.98,4,25
20533,2025-03-12,8,19,8,1,19.99,19.99,4,25
20534,2025-03-21,23,16,8,2,12.1,24.2,4,24
20535,2025-03-02,22,16,8,2,19.99,39.98,4,24
20536,2025-03-01,23,8,8,1,73.2,73.2,4,25
20537,2025-03-27,22,15,9,2,38.44,76.88,4,27
20538,2025-03-28,10,18,9,3,9.73,29.19,4,26
20539,2025-03-25,25,13,9,3,95.42,286.26,4,28
20540,2025-03-09,28,17,9,1,45.14,45.14,3,28
20541,2025-03-13,23,8,9,2,42.76,85.52,4,27
20542,2025-03-03,23,6,9,2,34.8,69.6,4,26
20543,2025-03-18,30,6,9,3,30.55,91.65,4,27
20544,2025-03-22,29,2,9,5,101.99,509.95,2,28
20545,2025-03-25,3,10,9,3,53.99,161.97,4,27
20546,2025-03-08,8,15,9,2,82.99,165.98,4,28
20547,2025-03-02,19,20,9,5,35.06,175.3,4,27
20548,2025-03-01,23,5,9,4,16.99,67.96,4,28
20549,2025-03-11,26,3,9,1,97.99,97.99,4,28
20550,2025-03-24,20,3,9,4,147.99,591.96,4,27
20551,2025-03-27,7,14,9,4,107.3,429.2,4,26
20552,2025-03-14,18,18,9,3,7.0,21.0,4,26
20553,2025-03-11,12,15,10,1,60.89,60.89,4,29
20554,2025-03-31,7,9,10,1,106.99,106.99,4,29
20555,2025-03-22,4,16,10,1,10.42,10.42,3,29
20556,2025-03-27,6,5,10,2,10.73,21.46,4,30
20557,2025-03-18,28,16,10,5,13.09,65.45,4,30
20558,2025-03-17,7,1,10,2,1311.99,2623.98,4,30
20559,2025-03-05,19,9,10,1,92.99,92.99,4,30
20560,2025-03-07,21,20,10,1,39.49,39.49,4,31
20561,2025-03-21,26,6,10,1,32.0,32.0,4,31
20562,2025-03-08,8,9,10,4,152.99,611.96,4,29
20563,2025-03-30,21,16,10,2,13.16,26.32,2,31
20564,2025-03-15,12,20,10,3,35.2,105.6,4,30
20565,2025-03-26,24,15,11,1,70.99,70.99,4,33
20566,2025-03-03,3,4,11,3,237.46,712.38,4,33
20567,2025-03-22,28,5,11,2,12.99,25.98,4,32
20568,2025-03-20,9,10,11,3,43.77,131.31,4,32
20569,2025-03-20,22,13,11,2,44.99,89.98,4,32
20570,2025-03-09,16,20,11,3,32.69,98.07,4,32
20571,2025-03-18,20,5,11,3,27.99,83.97,4,33
20572,2025-03-01,22,17,11,5,32.99,164.95,4,33
20573,2025-03-28,24,3,11,1,94.86,94.86,4,32
20574,2025-03-17,7,14,12,2,186.47,372.94,4,34
20575,2025-03-02,5,6,12,5,31.99,159.95,4,35
20576,2025-03-06,24,5,12,2,17.99,35.98,4,34
20577,2025-03-17,22,20,12,4,25.39,101.56,4,34
20578,2025-03-03,6,4,12,3,288.34,865.02,4,34
20579,2025-03-19,21,10,12,2,49.99,99.98,4,34
20580,2025-03-11,7,8,12,1,51.54,51.54,4,35
20581,2025-03-04,13,2,12,1,115.03,115.03,4,34
20582,2025-03-29,15,6,12,1,17.2,17.2,4,35
20583,2025-03-02,24,19,12,1,21.99,21.99,4,34
20584,2025-03-24,4,8,12,1,44.99,44.99,4,35
20585,2025-03-07,2,18,13,5,8.56,42.8,4,36
20586,2025-03-01,3,5,13,2,9.27,18.54,4,36
20587,2025-03-15,16,15,13,1,47.98,47.98,4,38
20588,2025-03-29,29,13,13,2,45.99,91.98,4,38
20589,2025-03-01,30,1,13,3,1035.42,3106.26,4,37
20590,2025-03-05,16,4,13,2,175.23,350.46,4,36
20591,2025-03-06,4,11,13,2,445.65,891.3,4,37
20592,2025-03-06,3,20,13,4,33.6,134.4,4,37
20593,2025-03-12,1,20,13,2,22.07,44.14,4,38
20594,2025-03-26,13,19,13,2,31.97,63.94,4,37
20595,2025-03-26,3,20,13,3,41.7,125.1,4,36
20596,2025-03-03,14,7,13,1,55.13,55.13,4,38
20597,2025-03-18,20,2,13,2,114.99,229.98,4,37
20598,2025-03-10,8,6,13,5,19.68,98.4,4,38
20599,2025-03-21,16,6,13,2,21.41,42.82,4,38
20600,2025-03-28,22,17,13,3,21.99,65.97,4,36
20601,2025-03-21,14,18,14,1,16.41,16.41,3,39
20602,2025-03-21,11,20,14,4,30.99,123.96,4,39
20603,2025-03-20,27,16,14,5,11.99,59.95,4,40
20604,2025-03-16,13,18,14,3,9.51,28.53,4,40
20605,2025-03-03,29,14,14,2,170.99,341.98,4,40
20606,2025-03-07,15,17,14,2,25.99,51.98,4,40
20607,2025-03-14,8,16,14,1,21.99,21.99,4,39
20608,2025-03-27,19,4,14,4,195.85,783.4,4,40
20609,2025-03-02,29,19,14,1,18.19,18.19,4,40
20610,2025-03-28,7,11,14,4,383.99,1535.96,4,40
20611,2025-03-28,7,2,14,2,70.19,140.38,4,39
20612,2025-03-19,2,10,15,2,63.99,127.98,4,42
20613,2025-03-30,8,13,15,1,103.99,103.99,4,42
20614,2025-03-07,7,9,15,2,89.41,178.82,4,42
20615,2025-03-27,12,8,15,1,32.4,32.4,4,42
20616,2025-03-18,7,5,15,1,22.77,22.77,4,41
20617,2025-03-04,18,2,15,2,82.83,165.66,4,41
20618,2025-03-14,16,16,15,2,22.99,45.98,4,41
20619,2025-03-14,30,5,15,1,18.99,18.99,4,41
20620,2025-03-19,13,8,15,1,79.76,79.76,4,41
20621,2025-03-12,30,2,15,1,57.44,57.44,4,42
20622,2025-03-02,29,5,15,1,11.99,11.99,4,42
20623,2025-03-27,18,17,15,3,46.45,139.35,4,42
20624,2025-03-30,8,15,15,1,53.6,53.6,4,41
20625,2025-04-14,12,10,1,2,53.99,107.98,4,3
20626,2025-04-12,18,8,1,1,44.99,44.99,4,4
20627,2025-04-30,23,15,1,5,53.91,269.55,4,2
20628,2025-04-23,4,11,1,2,498.52,997.04,4,2
20629,2025-04-11,18,14,1,2,151.99,303.98,4,4
20630,2025-04-04,2,9,1,2,158.99,317.98,4,2
20631,2025-04-02,27,10,1,4,67.61,270.44,4,3
20632,2025-04-30,22,10,1,1,59.99,59.99,4,2
20633,2025-04-14,10,3,1,1,136.43,136.43,4,2
20634,2025-04-01,1,19,1,1,30.57,30.57,4,3
20635,2025-04-23,16,18,1,1,12.1,12.1,4,4
20636,2025-04-09,5,16,1,2,23.21,46.42,4,2
20637,2025-04-03,23,15,1,1,49.99,49.99,4,3
20638,2025-04-01,24,6,1,2,31.99,63.98,4,4
20639,2025-04-11,24,16,1,3,9.77,29.31,4,1
20640,2025-04-19,13,19,1,3,14.97,44.91,4,3
20641,2025-04-19,18,5,1,2,13.99,27.98,4,2
20642,2025-04-05,7,19,1,1,28.99,28.99,4,3
20643,2025-04-30,18,19,2,2,31.99,63.98,4,6
20644,2025-04-03,9,6,2,3,26.64,79.92,4,6
20645,2025-04-09,19,19,2,1,18.98,18.98,4,8
20646,2025-04-30,1,1,2,1,1147.99,1147.99,4,7
20647,2025-04-30,18,17,2,1,40.44,40.44,4,7
20648,2025-04-16,5,18,2,1,11.21,11.21,4,8
20649,2025-04-04,6,19,2,2,28.99,57.98,4,8
20650,2025-04-25,10,19,2,1,29.64,29.64,4,5
20651,2025-04-18,27,5,2,1,21.99,21.99,4,6
20652,2025-04-26,16,2,2,1,88.39,88.39,3,5
20653,2025-04-18,24,18,2,3,17.48,52.44,4,6
20654,2025-04-21,3,5,2,2,16.99,33.98,4,6
20655,2025-04-03,17,20,2,2,32.83,65.66,4,7
20656,2025-04-24,26,1,2,2,876.74,1753.48,4,6
20657,2025-04-19,7,7,2,3,93.99,281.97,4,6
20658,2025-04-07,24,15,3,1,69.99,69.99,4,10
20659,2025-04-27,6,9,3,1,105.14,105.14,4,9
20660,2025-04-02,16,17,3,2,26.99,53.98,4,10
20661,2025-04-09,27,6,3,2,16.55,33.1,4,10
20662,2025-04-19,19,19,3,1,35.99,35.99,4,10
20663,2025-04-17,21,15,3,2,76.99,153.98,1,9
20664,2025-04-25,17,11,3,1,361.99,361.99,4,11
20665,2025-04-02,22,4,3,1,268.5,268.5,4,10
20666,2025-04-27,19,18,3,1,10.99,10.99,4,10
20667,2025-04-15,18,15,3,3,75.99,227.97,4,11
20668,2025-04-06,18,6,3,3,10.14,30.42,4,9
20669,2025-04-07,4,4,3,2,270.88,541.76,3,9
20670,2025-04-17,28,17,3,1,41.04,41.04,4,10
20671,2025-04-14,8,6,3,3,10.3,30.9,4,10
20672,2025-04-20,22,15,3,5,43.18,215.9,4,9
20673,2025-04-27,4,1,3,1,851.73,851.73,1,9
20674,2025-04-25,1,17,4,2,40.03,80.06,4,12
20675,2025-04-10,27,13,4,2,56.06,112.12,4,14
20676,2025-04-21,24,16,4,2,20.99,41.98,4,13
20677,2025-04-08,29,6,4,1,13.11,13.11,4,13
20678,2025-04-24,22,2,4,5,114.31,571.55,4,12
20679,2025-04-22,10,3,4,1,109.72,109.72,4,14
20680,2025-04-23,5,2,4,2,91.99,183.98,4,14
20681,2025-04-28,6,14,4,1,189.92,189.92,1,12
20682,2025-04-15,10,6,4,2,15.99,31.98,4,14
20683,2025-04-26,30,9,4,3,110.99,332.97,3,14
20684,2025-04-29,16,19,4,1,14.45,14.45,4,12
20685,2025-04-09,29,3,4,1,65.99,65.99,4,14
20686,2025-04-13,13,7,4,2,129.04,258.08,4,13
20687,2025-04-19,9,2,4,5,112.99,564.95,4,13
20688,2025-04-04,8,7,4,1,129.55,129.55,4,14
20689,2025-04-13,18,5,4,3,28.01,84.03,4,13
20690,2025-04-08,18,8,5,3,50.47,151.41,4,15
20691,2025-04-23,8,19,5,4,37.99,151.96,4,16
20692,2025-04-30,3,1,5,2,1185.67,2371.34,1,15
20693,2025-04-15,18,10,5,1,34.31,34.31,4,17
20694,2025-04-05,5,19,5,5,31.99,159.95,4,17
20695,2025-04-08,5,5,5,3,22.99,68.97,4,17
20696,2025-04-30,13,6,5,2,27.99,55.98,4,16
20697,2025-04-12,26,7,5,1,67.58,67.58,4,15
20698,2025-04-18,21,15,5,1,32.2,32.2,4,17
20699,2025-04-20,24,2,5,5,105.53,527.65,1,15
20700,2025-04-29,9,13,5,1,104.99,104.99,4,17
20701,2025-04-18,17,17,5,2,51.99,103.98,1,15
20702,2025-04-08,26,10,5,4,37.99,151.96,4,16
20703,2025-04-16,14,9,5,1,170.99,170.99,4,15
20704,2025-04-04,18,8,5,1,73.99,73.99,4,16
20705,2025-04-04,25,18,6,4,16.99,67.96,4,19
20706,2025-04-01,17,16,6,1,15.71,15.71,4,20
20707,2025-04-23,29,18,6,1,7.97,7.97,4,19
20708,2025-04-25,6,5,6,1,17.99,17.99,4,20
20709,2025-04-07,20,19,6,1,30.99,30.99,4,20
20710,2025-04-24,30,1,6,4,974.99,3899.96,4,18
20711,2025-04-04,4,3,6,2,129.42,258.84,4,18
20712,2025-04-28,11,7,6,1,59.99,59.99,3,20
20713,2025-04-01,5,10,6,5,29.99,149.95,4,19
20714,2025-04-21,23,12,6,1,399.82,399.82,1,20
20715,2025-04-03,29,2,6,2,127.99,255.98,4,19
20716,2025-04-01,6,14,6,1,247.89,247.89,4,19
20717,2025-04-11,21,19,6,1,19.99,19.99,4,18
20718,2025-04-25,26,16,6,1,15.99,15.99,4,18
20719,2025-04-01,6,5,7,2,22.99,45.98,4,23
20720,2025-04-16,1,4,7,4,220.08,880.32,4,21
20721,2025-04-13,25,3,7,3,103.81,311.43,4,23
20722,2025-04-02,25,5,7,2,13.99,27.98,2,23
20723,2025-04-08,7,8,7,1,55.99,55.99,4,21
20724,2025-04-17,8,2,7,3,82.99,248.97,4,22
20725,2025-04-04,30,17,7,1,31.52,31.52,4,22
20726,2025-04-30,2,10,7,3,58.99,176.97,4,22
20727,2025-04-20,15,19,7,2,27.38,54.76,2,21
20728,2025-04-15,14,18,7,1,17.38,17.38,4,23
20729,2025-04-04,4,15,7,1,37.14,37.14,4,21
20730,2025-04-27,20,5,7,3,17.99,53.97,4,23
20731,2025-04-04,28,4,7,1,217.99,217.99,4,22
20732,2025-04-29,3,18,7,2,9.99,19.98,4,22
20733,2025-04-21,5,15,8,4,49.96,199.84,2,25
20734,2025-04-09,3,19,8,3,26.99,80.97,3,24
20735,2025-04-14,24,20,8,1,32.65,32.65,4,25
20736,2025-04-09,5,19,8,1,16.99,16.99,4,24
20737,2025-04-26,20,19,8,2,34.6,69.2,4,25
20738,2025-04-21,10,12,8,1,586.7,586.7,4,25
20739,2025-04-03,11,14,8,2,217.88,435.76,4,25
20740,2025-04-16,28,6,8,1,14.99,14.99,4,24
20741,2025-04-01,3,13,8,2,77.99,155.98,4,24
20742,2025-04-03,25,9,8,2,124.7,249.4,4,24
20743,2025-04-12,18,17,9,2,34.58,69.16,4,27
20744,2025-04-22,17,3,9,3,150.99,452.97,1,26
20745,2025-04-24,13,9,9,1,194.99,194.99,4,27
20746,2025-04-05,30,8,9,3,59.83,179.49,2,28
20747,2025-04-27,4,3,9,2,111.41,222.82,4,26
20748,2025-04-07,17,9,9,1,169.58,169.58,4,27
20749,2025-04-19,11,5,9,2,12.99,25.98,4,28
20750,2025-04-05,28,6,9,1,12.02,12.02,3,27
20751,2025-04-25,21,5,9,1,16.99,16.99,4,27
20752,2025-04-08,25,20,9,2,31.83,63.66,1,26
20753,2025-04-22,27,9,9,1,108.99,108.99,4,28
20754,2025-04-30,15,1,9,2,1244.63,2489.26,4,27
20755,2025-04-05,19,2,9,2,95.99,191.98,4,28
20756,2025-04-26,5,3,9,3,150.59,451.77,4,28
20757,2025-04-12,26,20,9,3,33.99,101.97,4,27
20758,2025-04-05,29,17,9,1,30.87,30.87,4,28
20759,2025-04-20,9,19,9,1,16.56,16.56,4,27
20760,2025-04-12,9,15,9,3,77.71,233.13,4,26
20761,2025-04-09,20,19,9,2,15.99,31.98,2,27
20762,2025-04-22,26,6,9,4,12.99,51.96,1,27
20763,2025-04-21,14,2,9,1,127.59,127.59,4,28
20764,2025-04-30,16,4,10,2,185.77,371.54,4,30
20765,2025-04-30,17,18,10,2,14.15,28.3,4,29
20766,2025-04-13,17,20,10,3,22.36,67.08,4,29
20767,2025-04-27,21,20,10,2,29.99,59.98,4,30
20768,2025-04-12,30,20,10,1,22.99,22.99,4,29
20769,2025-04-23,20,11,10,1,569.02,569.02,4,29
20770,2025-04-26,2,5,10,3,28.32,84.96,4,29
20771,2025-04-13,9,17,10,2,38.99,77.98,4,30
20772,2025-04-23,30,16,10,3,16.99,50.97,4,31
20773,2025-04-21,11,20,10,1,14.99,14.99,4,30
20774,2025-04-21,8,6,10,2,9.99,19.98,4,31
20775,2025-04-24,26,17,10,1,43.19,43.19,4,29
20776,2025-04-07,15,6,10,2,21.99,43.98,4,30
20777,2025-04-20,17,17,10,2,33.99,67.98,4,31
20778,2025-04-18,12,19,11,5,18.99,94.95,4,32
20779,2025-04-06,21,4,11,2,139.99,279.98,4,33
20780,2025-04-21,27,2,11,2,92.28,184.56,1,32
20781,2025-04-20,25,16,11,2,23.85,47.7,4,32
20782,2025-04-13,6,18,11,3,11.99,35.97,4,33
20783,2025-04-17,10,1,11,1,985.98,985.98,1,33
20784,2025-04-30,3,16,11,3,17.73,53.19,4,33
20785,2025-04-30,13,12,11,2,733.99,1467.98,4,33
20786,2025-04-08,22,13,11,3,40.62,121.86,4,32
20787,2025-04-13,14,15,11,3,40.99,122.97,4,33
20788,2025-04-17,9,19,11,3,27.17,81.51,4,32
20789,2025-04-21,28,5,11,3,26.06,78.18,4,33
20790,2025-04-25,19,13,11,2,83.38,166.76,4,33
20791,2025-04-30,9,15,11,2,35.99,71.98,4,32
20792,2025-04-20,29,2,11,1,123.43,123.43,1,33
20793,2025-04-30,19,9,12,1,166.1,166.1,4,35
20794,2025-04-21,18,4,12,2,212.99,425.98,4,34
20795,2025-04-18,26,6,12,2,13.99,27.98,4,34
20796,2025-04-05,29,20,12,2,17.56,35.12,2,34
20797,2025-04-02,7,2,12,3,87.07,261.21,4,34
20798,2025-04-04,7,20,12,2,38.99,77.98,4,34
20799,2025-04-13,15,14,12,1,163.73,163.73,2,34
20800,2025-04-27,18,3,12,3,73.99,221.97,4,34
20801,2025-04-23,10,6,12,1,22.53,22.53,4,34
20802,2025-04-01,24,9,12,4,188.99,755.96,4,34
20803,2025-04-02,16,15,12,4,55.44,221.76,4,34
20804,2025-04-06,22,8,12,5,33.69,168.45,4,34
20805,2025-04-12,3,13,13,1,109.97,109.97,4,37
20806,2025-04-09,4,10,13,2,54.99,109.98,4,38
20807,2025-04-28,2,7,13,1,76.72,76.72,4,36
20808,2025-04-09,25,10,13,1,54.44,54.44,4,38
20809,2025-04-15,20,6,13,2,9.99,19.98,4,38
20810,2025-04-27,1,3,13,1,61.46,61.46,4,36
20811,2025-04-05,10,18,13,2,9.99,19.98,4,38
20812,2025-04-14,13,9,13,2,71.51,143.02,4,38
20813,2025-04-20,12,11,13,1,398.34,398.34,4,36
20814,2025-04-02,5,9,13,1,88.7,88.7,4,36
20815,2025-04-17,1,2,13,1,90.99,90.99,4,37
20816,2025-04-08,14,20,13,1,15.99,15.99,4,38
20817,2025-04-26,14,20,13,2,23.29,46.58,4,36
20818,2025-04-03,16,4,13,2,219.99,439.98,4,37
20819,2025-04-03,18,18,13,1,15.99,15.99,4,36
20820,2025-04-22,29,3,13,3,116.68,350.04,4,36
20821,2025-04-19,6,19,13,2,14.0,28.0,4,38
20822,2025-04-18,9,7,13,4,154.99,619.96,4,37
20823,2025-04-15,25,5,14,1,15.99,15.99,2,39
20824,2025-04-24,5,10,14,2,37.39,74.78,4,40
20825,2025-04-19,17,3,14,1,59.0,59.0,4,40
20826,2025-04-21,18,13,14,2,88.6,177.2,3,39
20827,2025-04-05,28,10,14,1,63.99,63.99,4,40
20828,2025-04-17,21,18,14,2,11.67,23.34,1,40
20829,2025-04-08,4,6,14,3,34.36,103.08,4,39
20830,2025-04-15,16,5,14,2,26.94,53.88,4,39
20831,2025-04-15,15,17,14,2,39.99,79.98,1,40
20832,2025-04-02,5,5,14,3,13.0,39.0,4,40
20833,2025-04-24,3,4,14,1,216.99,216.99,4,39
20834,2025-04-03,22,18,14,2,16.99,33.98,4,39
20835,2025-04-07,15,16,14,1,10.99,10.99,4,40
20836,2025-04-14,21,9,15,5,105.99,529.95,4,41
20837,2025-04-08,20,14,15,1,216.62,216.62,4,41
20838,2025-04-20,27,7,15,2,96.51,193.02,2,42
20839,2025-04-05,5,8,15,1,42.38,42.38,4,41
20840,2025-04-03,9,17,15,2,22.99,45.98,4,42
20841,2025-04-16,2,19,15,2,35.99,71.98,4,41
20842,2025-04-09,15,5,15,4,13.5,54.0,4,41
20843,2025-04-19,29,1,15,2,857.74,1715.48,4,41
20844,2025-04-24,3,6,15,1,28.24,28.24,4,42
20845,2025-04-06,8,14,15,1,121.99,121.99,4,41
20846,2025-04-03,24,15,15,1,66.99,66.99,4,41
20847,2025-04-19,29,13,15,1,65.99,65.99,4,42
20848,2025-05-10,2,10,1,1,49.09,49.09,4,1
20849,2025-05-13,20,20,1,1,21.07,21.07,4,4
20850,2025-05-05,3,14,1,1,172.64,172.64,4,3
20851,2025-05-06,18,4,1,1,109.99,109.99,4,1
20852,2025-05-20,11,16,1,5,21.99,109.95,4,2
20853,2025-05-02,16,8,1,2,55.03,110.06,4,2
20854,2025-05-08,23,19,1,1,35.3,35.3,4,3
20855,2025-05-20,30,7,1,2,59.91,119.82,4,2
20856,2025-05-14,4,9,1,1,122.6,122.6,4,3
20857,2025-05-24,20,3,1,3,150.99,452.97,4,4
20858,2025-05-12,19,2,1,2,86.77,173.54,4,1
20859,2025-05-28,8,9,1,1,89.99,89.99,4,3
20860,2025-05-01,8,5,1,2,16.99,33.98,4,3
20861,2025-05-25,11,19,1,4,37.68,150.72,4,4
20862,2025-05-15,30,10,1,1,32.23,32.23,4,1
20863,2025-05-04,21,10,1,4,54.6,218.4,4,2
20864,2025-05-09,21,5,1,1,19.35,19.35,4,1
20865,2025-05-03,19,3,1,1,103.24,103.24,3,4
20866,2025-05-20,30,4,1,2,185.15,370.3,4,3
20867,2025-05-05,11,10,1,4,49.99,199.96,4,2
20868,2025-05-24,12,13,1,2,78.99,157.98,4,3
20869,2025-05-20,30,3,1,1,67.99,67.99,4,4
20870,2025-05-29,26,15,1,2,65.07,130.14,4,1
20871,2025-05-04,1,18,1,1,13.86,13.86,4,4
20872,2025-05-04,5,5,1,2,23.17,46.34,4,2
20873,2025-05-17,15,10,1,3,39.99,119.97,4,2
20874,2025-05-06,11,17,1,1,31.26,31.26,4,3
20875,2025-05-11,14,5,1,2,14.08,28.16,4,2
20876,2025-05-11,21,19,1,5,15.99,79.95,4,3
20877,2025-05-15,18,9,1,2,82.98,165.96,1,4
20878,2025-05-02,29,15,1,4,79.68,318.72,3,4
20879,2025-05-23,8,18,1,1,12.86,12.86,3,4
20880,2025-05-14,9,4,1,1,134.99,134.99,4,2
20881,2025-05-20,24,6,1,1,29.94,29.94,4,4
20882,2025-05-02,7,3,1,2,148.99,297.98,4,1
20883,2025-05-26,13,10,1,2,51.66,103.32,4,4
20884,2025-05-13,5,4,1,2,213.2,426.4,4,2
20885,2025-05-24,6,6,1,3,11.99,35.97,4,2
20886,2025-05-29,16,8,1,4,63.34,253.36,2,3
20887,2025-05-24,22,7,1,1,62.55,62.55,4,3
20888,2025-05-25,23,15,1,1,76.13,76.13,4,2
20889,2025-05-09,25,20,1,3,14.0,42.0,4,4
20890,2025-05-20,17,16,1,2,11.66,23.32,4,1
20891,2025-05-31,20,18,1,3,8.16,24.48,4,3
20892,2025-05-13,6,6,1,3,30.14,90.42,4,2
20893,2025-05-08,25,1,1,4,1037.99,4151.96,4,1
20894,2025-05-21,30,11,1,3,372.14,1116.42,4,4
20895,2025-05-18,19,20,1,1,21.94,21.94,4,2
20896,2025-05-09,15,16,1,1,10.86,10.86,4,4
20897,2025-05-17,10,14,1,3,217.08,651.24,4,3
20898,2025-05-27,2,2,1,2,81.62,163.24,4,2
20899,2025-05-16,21,4,1,4,270.57,1082.28,1,1
20900,2025-05-17,10,8,1,4,85.65,342.6,4,3
20901,2025-05-25,11,7,1,1,158.61,158.61,4,3
20902,2025-05-07,25,15,1,3,49.99,149.97,4,2
20903,2025-05-05,7,19,1,1,28.12,28.12,4,3
20904,2025-05-11,23,18,1,3,15.65,46.95,4,2
20905,2025-05-16,8,8,1,2,70.36,140.72,4,3
20906,2025-05-19,25,7,1,1,110.99,110.99,1,4
20907,2025-05-04,29,16,1,5,8.28,41.4,4,2
20908,2025-05-11,23,3,2,4,59.0,236.0,4,8
20909,2025-05-02,24,10,2,1,35.99,35.99,4,7
20910,2025-05-30,4,20,2,1,40.99,40.99,4,8
20911,2025-05-28,10,2,2,5,84.51,422.55,4,7
20912,2025-05-17,5,14,2,1,147.6,147.6,4,8
20913,2025-05-27,26,18,2,2,13.35,26.7,4,7
20914,2025-05-13,1,1,2,3,1157.99,3473.97,4,6
20915,2025-05-19,15,18,2,2,15.99,31.98,4,6
20916,2025-05-22,4,20,2,1,23.71,23.71,4,5
20917,2025-05-24,4,5,2,2,19.64,39.28,4,8
20918,2025-05-20,10,15,2,4,81.87,327.48,4,7
20919,2025-05-23,11,13,2,4,86.52,346.08,1,6
20920,2025-05-04,6,9,2,1,126.99,126.99,4,8
20921,2025-05-31,8,10,2,5,32.99,164.95,4,7
20922,2025-05-19,18,15,2,5,79.85,399.25,4,8
20923,2025-05-04,27,20,2,1,26.99,26.99,1,8
20924,2025-05-21,9,20,2,1,26.28,26.28,4,7
20925,2025-05-19,3,2,2,2,61.14,122.28,4,5
20926,2025-05-28,8,5,2,4,22.99,91.96,2,8
20927,2025-05-18,28,4,2,3,246.33,738.99,4,5
20928,2025-05-09,14,6,2,4,15.36,61.44,4,8
20929,2025-05-04,13,20,2,5,18.6,93.0,4,5
20930,2025-05-13,16,6,2,2,32.99,65.98,4,8
20931,2025-05-16,28,16,2,1,8.67,8.67,4,8
20932,2025-05-11,29,19,2,2,30.04,60.08,4,5
20933,2025-05-10,18,4,2,1,153.99,153.99,4,5
20934,2025-05-10,2,4,2,4,297.1,1188.4,4,6
20935,2025-05-28,23,3,2,1,66.07,66.07,4,6
20936,2025-05-26,23,6,2,2,17.0,34.0,4,8
20937,2025-05-31,19,19,2,3,24.99,74.97,4,5
20938,2025-05-25,9,9,2,2,83.9,167.8,4,5
20939,2025-05-24,28,10,2,2,56.99,113.98,2,6
20940,2025-05-26,11,17,2,1,21.99,21.99,3,5
20941,2025-05-27,28,8,2,1,84.46,84.46,4,7
20942,2025-05-03,21,5,2,1,21.26,21.26,4,7
20943,2025-05-04,26,6,2,1,30.94,30.94,4,8
20944,2025-05-09,3,14,2,2,239.8,479.6,4,6
20945,2025-05-01,16,18,2,5,10.72,53.6,4,8
20946,2025-05-25,20,4,2,4,186.99,747.96,4,7
20947,2025-05-15,26,6,2,3,26.1,78.3,4,7
20948,2025-05-15,15,9,2,2,174.99,349.98,2,5
20949,2025-05-27,5,5,2,3,23.34,70.02,4,5
20950,2025-05-17,3,5,2,2,27.99,55.98,4,6
20951,2025-05-04,20,5,2,2,15.99,31.98,4,7
20952,2025-05-12,5,13,2,3,57.99,173.97,4,5
20953,2025-05-30,13,18,2,1,12.93,12.93,4,6
20954,2025-05-24,28,10,2,1,61.99,61.99,4,5
20955,2025-05-15,7,2,2,3,89.99,269.97,4,8
20956,2025-05-22,19,13,2,1,44.31,44.31,4,8
20957,2025-05-31,2,9,2,1,121.5,121.5,4,7
20958,2025-05-18,19,15,2,4,86.01,344.04,4,8
20959,2025-05-04,21,2,2,1,57.99,57.99,4,7
20960,2025-05-16,15,10,2,1,33.09,33.09,4,5
20961,2025-05-28,26,20,2,1,17.99,17.99,4,5
20962,2025-05-24,19,2,2,2,122.99,245.98,4,5
20963,2025-05-11,15,17,2,3,44.97,134.91,4,5
20964,2025-05-04,15,17,2,5,20.99,104.95,3,5
20965,2025-05-14,12,10,2,1,56.38,56.38,4,8
20966,2025-05-29,15,5,2,1,28.75,28.75,3,6
20967,2025-05-21,27,17,2,1,48.65,48.65,4,5
20968,2025-05-05,10,5,2,3,18.73,56.19,4,8
20969,2025-05-14,23,20,3,5,24.27,121.35,4,11
20970,2025-05-28,27,10,3,1,63.76,63.76,4,9
20971,2025-05-10,25,7,3,2,153.62,307.24,4,11
20972,2025-05-11,11,12,3,1,897.99,897.99,3,11
20973,2025-05-01,1,2,3,3,63.99,191.97,4,9
20974,2025-05-30,22,16,3,3,21.99,65.97,4,9
20975,2025-05-19,6,16,3,2,21.98,43.96,4,11
20976,2025-05-04,30,13,3,1,97.99,97.99,4,10
20977,2025-05-06,30,6,3,3,31.27,93.81,4,10
20978,2025-05-07,29,15,3,2,32.99,65.98,4,9
20979,2025-05-30,11,17,3,3,31.09,93.27,4,9
20980,2025-05-28,8,5,3,1,15.93,15.93,4,11
20981,2025-05-31,8,3,3,2,144.99,289.98,3,9
20982,2025-05-03,13,19,3,1,35.03,35.03,4,9
20983,2025-05-29,4,15,3,3,39.99,119.97,3,11
20984,2025-05-05,24,5,3,1,18.54,18.54,4,11
20985,2025-05-01,16,10,3,3,37.99,113.97,4,10
20986,2025-05-12,12,16,3,1,14.99,14.99,4,11
20987,2025-05-21,17,8,3,3,53.41,160.23,4,10
20988,2025-05-27,14,18,3,5,12.59,62.95,2,10
20989,2025-05-02,16,16,3,2,11.25,22.5,4,11
20990,2025-05-21,26,3,3,1,129.2,129.2,4,9
20991,2025-05-20,11,10,3,1,39.89,39.89,4,11
20992,2025-05-24,12,2,3,2,63.73,127.46,4,9
20993,2025-05-11,28,5,3,1,21.03,21.03,4,11
20994,2025-05-30,22,14,3,2,151.99,303.98,4,9
20995,2025-05-26,28,3,3,4,80.35,321.4,4,9
20996,2025-05-25,3,7,3,1,64.99,64.99,1,11
20997,2025-05-11,14,9,3,1,104.99,104.99,4,9
20998,2025-05-10,12,13,3,1,113.98,113.98,4,11
20999,2025-05-17,20,18,3,1,16.99,16.99,4,9
21000,2025-05-12,18,18,3,1,7.46,7.46,4,10
21001,2025-05-04,17,15,3,2,76.74,153.48,4,11
21002,2025-05-18,19,2,3,5,69.64,348.2,4,10
21003,2025-05-13,20,5,3,1,14.25,14.25,4,10
21004,2025-05-03,2,19,3,2,28.95,57.9,4,11
21005,2025-05-09,16,13,3,4,56.99,227.96,4,11
21006,2025-05-25,13,10,3,2,60.66,121.32,4,10
21007,2025-05-17,16,7,3,4,79.99,319.96,4,10
21008,2025-05-14,17,12,3,1,560.74,560.74,4,11
21009,2025-05-11,17,19,3,5,27.99,139.95,4,11
21010,2025-05-24,12,2,3,1,116.99,116.99,4,11
21011,2025-05-09,10,8,3,4,38.69,154.76,4,9
21012,2025-05-03,9,19,3,5,16.51,82.55,4,10
21013,2025-05-26,3,16,3,1,19.97,19.97,4,9
21014,2025-05-27,18,19,3,1,29.99,29.99,4,10
21015,2025-05-03,12,18,3,2,10.43,20.86,4,10
21016,2025-05-12,25,13,4,2,111.75,223.5,4,13
21017,2025-05-06,14,16,4,3,8.11,24.33,4,12
21018,2025-05-09,11,8,4,3,82.61,247.83,4,13
21019,2025-05-24,3,15,4,2,81.99,163.98,4,14
21020,2025-05-05,3,6,4,3,32.99,98.97,4,13
21021,2025-05-17,20,8,4,2,63.99,127.98,4,14
21022,2025-05-28,23,15,4,4,46.99,187.96,4,13
21023,2025-05-08,18,9,4,1,127.99,127.99,3,14
21024,2025-05-16,19,4,4,1,169.13,169.13,3,12
21025,2025-05-10,8,16,4,2,10.89,21.78,4,14
21026,2025-05-08,2,13,4,1,48.93,48.93,4,14
21027,2025-05-19,13,3,4,2,140.99,281.98,4,12
21028,2025-05-31,26,4,4,3,117.99,353.97,4,12
21029,2025-05-30,1,20,4,3,15.99,47.97,4,14
21030,2025-05-19,30,17,4,5,35.59,177.95,4,14
21031,2025-05-26,24,3,4,1,95.99,95.99,4,13
21032,2025-05-14,22,16,4,1,15.55,15.55,4,12
21033,2025-05-06,19,9,4,3,152.99,458.97,4,14
21034,2025-05-31,18,7,4,3,122.99,368.97,1,13
21035,2025-05-20,24,3,4,1,116.67,116.67,4,14
21036,2025-05-24,3,7,4,3,148.46,445.38,4,13
21037,2025-05-22,4,2,4,5,84.02,420.1,4,13
21038,2025-05-20,22,8,4,4,45.14,180.56,4,12
21039,2025-05-22,8,13,4,3,104.86,314.58,4,12
21040,2025-05-19,23,20,4,2,30.73,61.46,4,12
21041,2025-05-03,17,4,4,2,121.35,242.7,4,13
21042,2025-05-14,20,6,4,2,17.99,35.98,4,12
21043,2025-05-11,21,9,4,2,169.93,339.86,4,12
21044,2025-05-07,7,19,4,4,24.99,99.96,4,13
21045,2025-05-12,17,18,4,1,11.99,11.99,4,14
21046,2025-05-31,14,18,4,2,8.21,16.42,3,13
21047,2025-05-12,18,4,4,2,120.97,241.94,4,12
21048,2025-05-28,22,10,4,2,47.99,95.98,4,14
21049,2025-05-27,27,17,4,3,38.7,116.1,4,12
21050,2025-05-27,10,16,4,3,8.81,26.43,4,13
21051,2025-05-25,5,8,4,3,72.42,217.26,4,12
21052,2025-05-05,26,7,4,3,64.57,193.71,3,12
21053,2025-05-01,3,19,4,1,28.99,28.99,4,12
21054,2025-05-03,15,16,4,1,18.99,18.99,4,13
21055,2025-05-03,10,3,4,1,78.99,78.99,4,12
21056,2025-05-26,9,7,4,2,64.99,129.98,2,13
21057,2025-05-24,25,6,4,1,9.99,9.99,4,12
21058,2025-05-30,19,5,4,2,25.47,50.94,4,12
21059,2025-05-28,28,14,4,4,218.72,874.88,4,12
21060,2025-05-13,1,15,4,2,40.7,81.4,4,13
21061,2025-05-24,9,4,4,1,135.99,135.99,3,12
21062,2025-05-04,14,16,4,1,21.99,21.99,4,12
21063,2025-05-29,5,19,5,4,18.35,73.4,4,15
21064,2025-05-03,12,19,5,2,19.95,39.9,3,16
21065,2025-05-16,22,20,5,1,17.55,17.55,4,16
21066,2025-05-22,11,15,5,1,80.2,80.2,4,16
21067,2025-05-20,17,9,5,1,170.85,170.85,4,15
21068,2025-05-22,25,5,5,5,24.99,124.95,4,15
21069,2025-05-10,28,9,5,3,167.99,503.97,4,17
21070,2025-05-28,22,3,5,1,133.59,133.59,4,16
21071,2025-05-30,10,14,5,2,122.97,245.94,3,15
21072,2025-05-24,2,1,5,1,880.46,880.46,4,15
21073,2025-05-09,15,5,5,5,12.99,64.95,3,15
21074,2025-05-23,18,14,5,2,241.46,482.92,1,16
21075,2025-05-16,14,10,5,1,55.12,55.12,4,15
21076,2025-05-10,21,9,5,2,106.57,213.14,4,17
21077,2025-05-23,26,16,5,1,21.99,21.99,4,17
21078,2025-05-13,2,4,5,1,281.77,281.77,4,17
21079,2025-05-21,30,3,5,2,91.72,183.44,4,15
21080,2025-05-20,11,17,5,3,50.64,151.92,4,17
21081,2025-05-21,27,5,5,2,13.74,27.48,4,15
21082,2025-05-24,7,16,5,1,21.99,21.99,4,16
21083,2025-05-24,2,2,5,5,120.99,604.95,4,17
21084,2025-05-16,6,5,5,4,20.83,83.32,4,17
21085,2025-05-08,20,5,5,1,19.99,19.99,4,15
21086,2025-05-22,3,17,5,2,47.16,94.32,2,17
21087,2025-05-03,24,16,5,3,19.99,59.97,4,17
21088,2025-05-10,9,11,5,1,558.99,558.99,4,17
21089,2025-05-23,11,16,5,2,12.99,25.98,2,17
21090,2025-05-02,16,13,5,3,101.99,305.97,4,16
21091,2025-05-22,17,13,5,1,46.97,46.97,1,15
21092,2025-05-21,5,6,5,1,19.82,19.82,1,16
21093,2025-05-19,14,13,5,1,80.99,80.99,4,17
21094,2025-05-19,13,6,5,5,18.53,92.65,1,17
21095,2025-05-08,7,9,5,2,178.06,356.12,4,16
21096,2025-05-05,30,2,5,2,115.77,231.54,4,16
21097,2025-05-25,6,5,5,4,23.4,93.6,4,15
21098,2025-05-26,14,6,5,1,33.8,33.8,4,17
21099,2025-05-26,21,18,5,3,10.99,32.97,4,15
21100,2025-05-17,6,8,6,2,64.04,128.08,4,19
21101,2025-05-06,16,6,6,3,21.57,64.71,4,19
21102,2025-05-10,11,13,6,1,39.0,39.0,4,20
21103,2025-05-16,2,20,6,3,30.68,92.04,4,20
21104,2025-05-15,15,16,6,3,8.53,25.59,3,20
21105,2025-05-28,2,2,6,2,103.99,207.98,3,20
21106,2025-05-14,15,15,6,1,29.63,29.63,4,19
21107,2025-05-11,7,5,6,3,24.47,73.41,4,18
21108,2025-05-09,26,19,6,2,15.99,31.98,1,19
21109,2025-05-30,16,5,6,2,24.97,49.94,4,19
21110,2025-05-01,8,10,6,2,65.99,131.98,4,19
21111,2025-05-29,2,8,6,1,77.84,77.84,4,18
21112,2025-05-20,25,13,6,1,87.66,87.66,4,18
21113,2025-05-02,21,4,6,5,279.89,1399.45,4,20
21114,2025-05-02,15,5,6,5,19.99,99.95,4,20
21115,2025-05-13,4,2,6,1,54.09,54.09,4,19
21116,2025-05-13,6,5,6,3,21.45,64.35,4,18
21117,2025-05-24,20,16,6,2,20.82,41.64,4,18
21118,2025-05-01,23,13,6,3,91.9,275.7,4,19
21119,2025-05-10,15,10,6,2,58.83,117.66,4,20
21120,2025-05-30,15,5,6,2,14.99,29.98,4,20
21121,2025-05-26,18,15,6,1,77.46,77.46,4,18
21122,2025-05-04,18,9,6,1,164.99,164.99,4,18
21123,2025-05-29,24,2,6,1,112.99,112.99,4,18
21124,2025-05-19,3,8,6,2,37.99,75.98,4,19
21125,2025-05-03,7,14,6,4,150.99,603.96,4,20
21126,2025-05-03,19,10,6,3,32.99,98.97,3,19
21127,2025-05-18,16,13,6,2,100.59,201.18,4,20
21128,2025-05-26,19,2,6,4,83.28,333.12,4,19
21129,2025-05-05,15,8,6,2,25.0,50.0,4,19
21130,2025-05-17,9,15,6,2,30.99,61.98,4,18
21131,2025-05-25,15,13,6,5,115.62,578.1,4,20
21132,2025-05-06,12,15,6,2,43.99,87.98,4,20
21133,2025-05-29,27,3,6,4,123.85,495.4,3,19
21134,2025-05-08,25,9,6,1,139.99,139.99,4,19
21135,2025-05-14,6,7,6,2,98.99,197.98,4,20
21136,2025-05-21,13,3,6,3,96.47,289.41,4,18
21137,2025-05-20,23,17,6,1,44.18,44.18,4,20
21138,2025-05-07,1,14,6,3,231.99,695.97,4,20
21139,2025-05-26,3,3,6,1,96.79,96.79,4,20
21140,2025-05-28,15,15,6,1,82.99,82.99,4,20
21141,2025-05-31,5,4,6,3,286.01,858.03,4,18
21142,2025-05-27,26,5,6,5,19.99,99.95,4,20
21143,2025-05-27,23,3,6,1,116.02,116.02,1,20
21144,2025-05-23,7,7,6,1,109.63,109.63,4,18
21145,2025-05-06,24,16,6,1,18.03,18.03,4,19
21146,2025-05-05,3,3,7,1,105.7,105.7,4,23
21147,2025-05-23,12,4,7,1,289.99,289.99,4,22
21148,2025-05-23,28,6,7,4,30.19,120.76,4,21
21149,2025-05-02,8,15,7,5,44.75,223.75,4,21
21150,2025-05-21,28,10,7,2,53.3,106.6,4,22
21151,2025-05-01,13,19,7,1,24.02,24.02,1,22
21152,2025-05-24,24,18,7,5,16.56,82.8,4,21
21153,2025-05-31,9,16,7,1,21.06,21.06,4,23
21154,2025-05-31,13,6,7,2,14.45,28.9,4,23
21155,2025-05-26,6,7,7,1,76.64,76.64,4,23
21156,2025-05-31,5,4,7,5,175.61,878.05,4,23
21157,2025-05-28,1,17,7,1,22.98,22.98,4,21
21158,2025-05-28,13,16,7,1,22.79,22.79,4,23
21159,2025-05-31,13,14,7,1,164.99,164.99,4,23
21160,2025-05-28,28,1,7,2,1291.99,2583.98,4,22
21161,2025-05-21,27,3,7,2,119.35,238.7,1,21
21162,2025-05-14,17,3,7,1,132.88,132.88,2,21
21163,2025-05-16,12,15,7,5,53.99,269.95,4,22
21164,2025-05-26,15,18,7,1,14.99,14.99,4,23
21165,2025-05-28,15,5,7,5,15.48,77.4,4,22
21166,2025-05-18,2,9,7,2,135.99,271.98,4,23
21167,2025-05-29,7,18,7,3,14.99,44.97,4,21
21168,2025-05-11,13,18,7,5,10.22,51.1,4,22
21169,2025-05-25,6,20,7,2,37.61,75.22,4,21
21170,2025-05-03,24,3,7,2,79.24,158.48,2,21
21171,2025-05-31,10,1,7,1,981.99,981.99,4,22
21172,2025-05-09,16,15,7,1,62.51,62.51,4,23
21173,2025-05-07,17,13,7,3,50.92,152.76,4,23
21174,2025-05-19,22,6,7,3,14.07,42.21,4,23
21175,2025-05-18,4,13,7,2,51.78,103.56,4,21
21176,2025-05-30,10,15,7,1,54.22,54.22,4,21
21177,2025-05-31,6,6,7,4,9.99,39.96,4,23
21178,2025-05-02,20,19,8,4,38.32,153.28,4,25
21179,2025-05-13,29,8,8,2,42.0,84.0,2,24
21180,2025-05-11,27,7,8,5,96.65,483.25,4,25
21181,2025-05-27,24,17,8,5,22.99,114.95,1,25
21182,2025-05-25,10,3,8,5,66.97,334.85,2,25
21183,2025-05-25,6,15,8,5,47.01,235.05,4,25
21184,2025-05-08,6,6,8,2,14.65,29.3,4,25
21185,2025-05-02,11,2,8,2,98.99,197.98,4,24
21186,2025-05-26,3,16,8,3,12.09,36.27,4,24
21187,2025-05-08,20,5,8,2,10.99,21.98,4,24
21188,2025-05-12,16,10,8,5,50.74,253.7,4,25
21189,2025-05-31,21,15,8,1,42.99,42.99,4,25
21190,2025-05-15,11,5,8,3,11.99,35.97,4,25
21191,2025-05-22,16,9,8,2,130.99,261.98,4,24
21192,2025-05-14,25,17,8,1,42.99,42.99,4,25
21193,2025-05-31,25,20,8,1,31.97,31.97,4,25
21194,2025-05-09,4,7,8,2,157.89,315.78,4,24
21195,2025-05-27,11,10,8,2,58.99,117.98,4,25
21196,2025-05-31,14,18,8,1,17.99,17.99,4,24
21197,2025-05-07,24,10,8,2,41.69,83.38,3,25
21198,2025-05-06,7,5,8,1,10.76,10.76,4,25
21199,2025-05-03,14,12,8,4,894.6,3578.4,4,25
21200,2025-05-25,5,19,8,1,14.58,14.58,4,25
21201,2025-05-14,1,4,8,1,148.99,148.99,4,24
21202,2025-05-12,6,10,8,1,56.99,56.99,4,25
21203,2025-05-18,18,5,8,1,24.12,24.12,2,24
21204,2025-05-10,26,20,8,3,22.88,68.64,3,24
21205,2025-05-19,9,19,8,4,31.11,124.44,4,25
21206,2025-05-16,3,10,8,2,49.01,98.02,4,25
21207,2025-05-21,2,20,8,2,33.38,66.76,4,25
21208,2025-05-04,27,19,8,2,14.0,28.0,4,24
21209,2025-05-25,27,9,8,1,144.99,144.99,4,25
21210,2025-05-17,7,16,8,5,11.99,59.95,3,25
21211,2025-05-07,12,13,8,1,76.16,76.16,4,24
21212,2025-05-05,21,17,8,1,45.99,45.99,4,25
21213,2025-05-26,15,17,8,4,47.99,191.96,4,24
21214,2025-05-31,21,9,8,3,134.64,403.92,4,25
21215,2025-05-24,17,16,8,2,14.99,29.98,2,25
21216,2025-05-09,1,5,8,4,21.17,84.68,2,24
21217,2025-05-07,25,2,8,2,108.99,217.98,4,24
21218,2025-05-01,26,5,9,3,13.44,40.32,4,26
21219,2025-05-24,24,9,9,1,158.99,158.99,4,27
21220,2025-05-03,22,4,9,3,231.97,695.91,4,26
21221,2025-05-31,18,10,9,2,47.99,95.98,2,26
21222,2025-05-26,8,17,9,1,46.99,46.99,4,28
21223,2025-05-12,18,7,9,1,150.99,150.99,2,27
21224,2025-05-31,12,4,9,1,106.64,106.64,1,27
21225,2025-05-09,13,9,9,2,155.99,311.98,4,27
21226,2025-05-05,18,16,9,1,16.99,16.99,4,27
21227,2025-05-26,24,7,9,3,133.99,401.97,4,27
21228,2025-05-29,18,18,9,1,18.38,18.38,4,28
21229,2025-05-14,17,1,9,2,898.93,1797.86,2,26
21230,2025-05-06,13,19,9,2,21.8,43.6,4,27
21231,2025-05-06,26,9,9,1,128.78,128.78,4,26
21232,2025-05-07,6,14,9,5,144.04,720.2,4,28
21233,2025-05-19,17,20,9,1,24.99,24.99,4,27
21234,2025-05-18,23,13,9,3,116.22,348.66,4,26
21235,2025-05-08,2,2,9,1,82.17,82.17,4,28
21236,2025-05-26,18,2,9,2,54.99,109.98,4,28
21237,2025-05-02,17,5,9,1,16.56,16.56,4,28
21238,2025-05-15,5,12,9,4,864.99,3459.96,4,26
21239,2025-05-12,26,10,9,1,64.99,64.99,4,26
21240,2025-05-14,16,1,9,1,1032.99,1032.99,4,28
21241,2025-05-16,12,6,9,3,23.99,71.97,4,28
21242,2025-05-25,23,20,9,1,26.63,26.63,4,27
21243,2025-05-03,20,17,9,4,35.99,143.96,4,27
21244,2025-05-18,7,16,9,3,19.15,57.45,4,26
21245,2025-05-20,1,6,9,3,15.6,46.8,4,28
21246,2025-05-09,5,20,9,5,36.28,181.4,4,28
21247,2025-05-30,18,18,9,1,18.3,18.3,3,28
21248,2025-05-03,13,10,9,2,41.94,83.88,3,27
21249,2025-05-10,13,15,9,1,50.66,50.66,4,26
21250,2025-05-20,20,16,9,5,21.88,109.4,4,27
21251,2025-05-21,12,3,9,1,109.99,109.99,4,26
21252,2025-05-25,26,16,9,1,18.99,18.99,4,28
21253,2025-05-18,20,6,9,2,20.2,40.4,4,28
21254,2025-05-26,4,6,9,4,28.99,115.96,2,26
21255,2025-05-15,22,17,9,4,36.21,144.84,4,28
21256,2025-05-17,8,20,9,3,16.85,50.55,4,28
21257,2025-05-18,9,16,9,3,21.39,64.17,4,28
21258,2025-05-13,2,1,9,3,822.31,2466.93,4,27
21259,2025-05-17,20,14,9,5,132.99,664.95,4,26
21260,2025-05-31,19,2,9,1,96.79,96.79,4,26
21261,2025-05-08,7,17,9,2,48.99,97.98,4,26
21262,2025-05-15,27,4,10,1,209.99,209.99,4,29
21263,2025-05-03,1,6,10,4,19.99,79.96,4,30
21264,2025-05-19,19,13,10,1,64.2,64.2,4,29
21265,2025-05-14,5,19,10,2,34.07,68.14,4,30
21266,2025-05-16,14,15,10,2,51.59,103.18,4,31
21267,2025-05-18,11,18,10,2,17.64,35.28,4,29
21268,2025-05-23,30,6,10,3,32.99,98.97,4,29
21269,2025-05-16,2,16,10,3,16.99,50.97,4,29
21270,2025-05-06,3,14,10,3,130.99,392.97,1,29
21271,2025-05-01,26,3,10,1,155.09,155.09,4,30
21272,2025-05-26,27,19,10,2,17.48,34.96,4,29
21273,2025-05-21,20,6,10,1,27.99,27.99,4,29
21274,2025-05-08,28,2,10,4,103.99,415.96,4,31
21275,2025-05-03,19,8,10,2,85.28,170.56,4,31
21276,2025-05-07,23,4,10,1,213.99,213.99,4,31
21277,2025-05-16,6,2,10,2,117.99,235.98,4,30
21278,2025-05-20,30,16,10,1,8.99,8.99,4,31
21279,2025-05-22,25,18,10,3,12.6,37.8,4,30
21280,2025-05-08,13,12,10,1,647.5,647.5,4,31
21281,2025-05-20,21,7,10,1,143.54,143.54,4,31
21282,2025-05-07,27,16,10,1,16.99,16.99,4,30
21283,2025-05-12,21,19,10,3,21.22,63.66,4,29
21284,2025-05-22,4,18,10,1,10.99,10.99,4,30
21285,2025-05-15,27,2,10,3,112.97,338.91,4,29
21286,2025-05-07,5,20,10,2,36.99,73.98,4,30
21287,2025-05-17,7,16,10,2,21.89,43.78,4,30
21288,2025-05-19,25,3,10,2,110.74,221.48,4,30
21289,2025-05-06,28,5,10,3,24.13,72.39,2,29
21290,2025-05-10,20,2,10,2,49.0,98.0,4,30
21291,2025-05-24,29,17,10,1,36.96,36.96,4,30
21292,2025-05-19,4,16,10,2,22.99,45.98,4,30
21293,2025-05-04,28,15,11,1,46.99,46.99,3,33
21294,2025-05-22,3,3,11,2,81.71,163.42,2,32
21295,2025-05-12,2,18,11,5,7.99,39.95,4,33
21296,2025-05-30,14,5,11,2,22.7,45.4,4,33
21297,2025-05-25,21,10,11,1,45.77,45.77,2,33
21298,2025-05-01,27,10,11,2,45.99,91.98,4,32
21299,2025-05-19,20,2,11,4,100.99,403.96,4,33
21300,2025-05-24,15,17,11,1,21.99,21.99,4,33
21301,2025-05-25,1,5,11,1,24.99,24.99,1,33
21302,2025-05-12,28,14,11,3,136.99,410.97,4,33
21303,2025-05-13,10,1,11,4,1345.03,5380.12,4,33
21304,2025-05-20,3,17,11,1,25.95,25.95,4,32
21305,2025-05-21,4,5,11,4,24.19,96.76,4,33
21306,2025-05-30,4,5,11,4,20.99,83.96,4,32
21307,2025-05-28,13,2,11,2,55.35,110.7,4,32
21308,2025-05-30,30,3,11,3,121.33,363.99,4,33
21309,2025-05-07,17,18,11,4,10.83,43.32,4,32
21310,2025-05-20,13,6,11,4,28.68,114.72,2,32
21311,2025-05-12,24,10,11,3,34.96,104.88,4,32
21312,2025-05-06,5,20,11,1,30.99,30.99,4,33
21313,2025-05-16,2,17,11,1,33.37,33.37,4,33
21314,2025-05-31,5,13,11,1,104.69,104.69,4,32
21315,2025-05-28,3,8,11,2,88.11,176.22,4,33
21316,2025-05-19,12,5,11,1,13.77,13.77,4,33
21317,2025-05-10,19,13,11,5,82.99,414.95,4,33
21318,2025-05-21,26,5,11,1,19.99,19.99,4,33
21319,2025-05-14,16,16,11,1,21.47,21.47,4,33
21320,2025-05-20,8,13,11,2,50.99,101.98,4,33
21321,2025-05-11,10,8,11,1,53.99,53.99,4,33
21322,2025-05-12,16,16,11,2,22.73,45.46,4,33
21323,2025-05-18,3,20,11,1,16.19,16.19,4,32
21324,2025-05-05,26,4,11,1,144.82,144.82,4,32
21325,2025-05-10,9,19,11,5,35.99,179.95,4,33
21326,2025-05-31,16,3,11,1,114.92,114.92,4,33
21327,2025-05-16,23,13,11,4,49.67,198.68,1,33
21328,2025-05-24,30,19,12,1,32.83,32.83,4,35
21329,2025-05-06,11,16,12,1,8.99,8.99,4,34
21330,2025-05-07,19,20,12,2,24.73,49.46,4,34
21331,2025-05-27,14,9,12,1,149.24,149.24,2,34
21332,2025-05-14,12,8,12,2,80.86,161.72,4,35
21333,2025-05-30,2,5,12,5,19.43,97.15,4,35
21334,2025-05-21,7,13,12,1,105.35,105.35,4,34
21335,2025-05-12,17,8,12,2,68.99,137.98,4,35
21336,2025-05-13,9,5,12,2,21.45,42.9,2,34
21337,2025-05-30,12,18,12,1,11.08,11.08,4,34
21338,2025-05-28,19,16,12,1,10.99,10.99,4,35
21339,2025-05-18,12,16,12,1,16.59,16.59,4,35
21340,2025-05-05,11,18,12,3,14.08,42.24,4,35
21341,2025-05-16,28,7,12,1,55.52,55.52,4,34
21342,2025-05-24,21,6,12,1,29.99,29.99,4,35
21343,2025-05-28,1,5,12,2,26.99,53.98,2,35
21344,2025-05-18,13,11,12,1,523.9,523.9,4,34
21345,2025-05-15,22,1,12,1,1180.99,1180.99,4,35
21346,2025-05-11,15,14,12,1,109.16,109.16,4,35
21347,2025-05-02,11,16,12,3,9.26,27.78,4,35
21348,2025-05-10,27,5,12,2,15.81,31.62,4,35
21349,2025-05-20,22,10,12,1,64.46,64.46,4,35
21350,2025-05-22,4,6,12,1,30.06,30.06,4,34
21351,2025-05-12,2,17,12,1,31.81,31.81,4,34
21352,2025-05-28,13,20,12,2,17.46,34.92,4,34
21353,2025-05-16,2,7,12,1,134.16,134.16,4,35
21354,2025-05-23,8,15,12,1,41.02,41.02,4,34
21355,2025-05-08,8,4,13,2,183.99,367.98,4,37
21356,2025-05-04,6,1,13,3,1186.99,3560.97,4,36
21357,2025-05-08,6,6,13,1,27.99,27.99,4,38
21358,2025-05-11,15,4,13,5,167.99,839.95,4,36
21359,2025-05-30,8,3,13,3,155.81,467.43,4,38
21360,2025-05-24,24,19,13,1,31.99,31.99,4,37
21361,2025-05-02,27,7,13,1,148.29,148.29,4,36
21362,2025-05-16,19,7,13,1,82.1,82.1,4,37
21363,2025-05-15,12,10,13,1,30.88,30.88,4,37
21364,2025-05-10,11,16,13,2,9.99,19.98,4,38
21365,2025-05-13,28,3,13,1,138.35,138.35,4,37
21366,2025-05-05,5,15,13,4,34.99,139.96,4,38
21367,2025-05-27,2,3,13,2,146.38,292.76,4,38
21368,2025-05-22,30,15,13,3,71.67,215.01,4,37
21369,2025-05-17,10,3,13,2,138.8,277.6,2,36
21370,2025-05-11,3,16,13,1,8.0,8.0,4,36
21371,2025-05-30,1,19,13,2,37.99,75.98,4,36
21372,2025-05-13,16,4,13,1,182.78,182.78,4,38
21373,2025-05-15,27,5,13,1,18.86,18.86,4,38
21374,2025-05-20,18,2,13,4,55.28,221.12,4,37
21375,2025-05-11,28,3,13,2,93.99,187.98,4,38
21376,2025-05-30,5,20,13,1,23.95,23.95,4,36
21377,2025-05-01,1,19,13,1,25.89,25.89,4,36
21378,2025-05-09,26,20,13,2,22.99,45.98,4,36
21379,2025-05-06,26,6,13,1,9.01,9.01,4,38
21380,2025-05-06,14,6,13,4,13.67,54.68,4,38
21381,2025-05-13,12,16,13,2,19.53,39.06,4,38
21382,2025-05-04,8,3,13,2,109.21,218.42,4,37
21383,2025-05-31,29,7,13,1,143.99,143.99,4,38
21384,2025-05-02,15,8,13,1,82.23,82.23,4,37
21385,2025-05-18,17,14,13,1,194.99,194.99,4,36
21386,2025-05-31,11,7,13,1,102.25,102.25,4,36
21387,2025-05-18,3,10,13,5,52.99,264.95,4,38
21388,2025-05-08,4,18,13,5,10.99,54.95,4,36
21389,2025-05-29,16,10,13,4,67.01,268.04,4,36
21390,2025-05-08,22,3,13,3,148.99,446.97,4,36
21391,2025-05-01,19,17,13,1,32.68,32.68,4,38
21392,2025-05-09,28,7,13,3,93.69,281.07,4,38
21393,2025-05-28,27,18,13,1,16.99,16.99,4,37
21394,2025-05-08,8,5,13,4,14.99,59.96,4,36
21395,2025-05-10,25,6,13,3,18.86,56.58,4,38
21396,2025-05-10,17,2,13,2,119.99,239.98,4,37
21397,2025-05-22,21,4,13,2,260.99,521.98,4,36
21398,2025-05-24,3,14,13,2,145.23,290.46,4,38
21399,2025-05-09,16,1,13,1,1186.99,1186.99,1,38
21400,2025-05-01,27,10,13,2,39.99,79.98,4,38
21401,2025-05-12,6,17,13,3,34.23,102.69,4,38
21402,2025-05-25,4,10,13,1,41.22,41.22,4,36
21403,2025-05-27,27,16,13,4,10.99,43.96,4,38
21404,2025-05-16,11,5,14,3,21.99,65.97,4,39
21405,2025-05-09,29,7,14,5,139.99,699.95,4,39
21406,2025-05-15,21,13,14,1,90.99,90.99,4,39
21407,2025-05-24,6,18,14,1,15.12,15.12,4,39
21408,2025-05-14,10,17,14,3,29.82,89.46,4,40
21409,2025-05-02,30,20,14,1,14.0,14.0,4,39
21410,2025-05-01,17,10,14,3,65.64,196.92,4,40
21411,2025-05-26,22,6,14,3,24.5,73.5,4,40
21412,2025-05-23,24,18,14,1,16.48,16.48,4,40
21413,2025-05-19,21,6,14,2,11.17,22.34,4,39
21414,2025-05-14,5,17,14,1,44.59,44.59,4,40
21415,2025-05-01,30,18,14,2,8.99,17.98,4,40
21416,2025-05-25,3,16,14,1,11.47,11.47,4,39
21417,2025-05-16,22,4,14,1,147.74,147.74,4,40
21418,2025-05-17,11,2,14,1,77.08,77.08,4,39
21419,2025-05-02,13,7,14,1,130.99,130.99,4,39
21420,2025-05-22,26,2,14,3,118.99,356.97,4,39
21421,2025-05-26,21,6,14,2,9.99,19.98,4,40
21422,2025-05-12,18,17,14,4,31.18,124.72,4,39
21423,2025-05-20,1,7,14,2,60.99,121.98,4,39
21424,2025-05-27,15,5,14,3,20.99,62.97,4,39
21425,2025-05-15,20,16,14,1,21.99,21.99,4,40
21426,2025-05-11,1,18,14,1,13.12,13.12,4,40
21427,2025-05-15,30,6,14,2,12.85,25.7,4,39
21428,2025-05-21,9,5,14,1,22.99,22.99,4,39
21429,2025-05-28,15,13,14,2,80.12,160.24,4,39
21430,2025-05-18,10,2,14,4,84.99,339.96,4,39
21431,2025-05-28,13,18,14,1,10.99,10.99,4,40
21432,2025-05-07,19,16,14,1,12.78,12.78,4,39
21433,2025-05-02,27,20,14,3,31.99,95.97,4,40
21434,2025-05-24,25,15,15,3,33.96,101.88,4,42
21435,2025-05-29,27,6,15,5,15.99,79.95,4,42
21436,2025-05-25,4,12,15,2,621.64,1243.28,4,42
21437,2025-05-25,5,4,15,2,114.99,229.98,4,41
21438,2025-05-16,30,16,15,2,9.85,19.7,4,42
21439,2025-05-08,7,7,15,1,158.15,158.15,4,42
21440,2025-05-14,16,8,15,1,78.99,78.99,4,42
21441,2025-05-31,29,17,15,2,22.75,45.5,4,41
21442,2025-05-17,5,4,15,5,118.99,594.95,2,41
21443,2025-05-24,26,8,15,2,62.99,125.98,4,41
21444,2025-05-29,1,15,15,3,68.76,206.28,4,41
21445,2025-05-23,2,6,15,1,20.99,20.99,4,42
21446,2025-05-09,1,7,15,3,84.99,254.97,4,42
21447,2025-05-19,24,6,15,1,24.14,24.14,4,42
21448,2025-05-07,10,10,15,2,57.99,115.98,4,42
21449,2025-05-31,4,2,15,2,114.54,229.08,4,41
21450,2025-05-23,17,16,15,2,21.22,42.44,4,41
21451,2025-05-01,5,1,15,2,1293.32,2586.64,1,41
21452,2025-05-06,10,3,15,2,125.86,251.72,4,41
21453,2025-05-26,5,6,15,5,15.91,79.55,4,42
21454,2025-05-08,26,4,15,1,197.83,197.83,4,42
21455,2025-05-14,8,20,15,2,41.16,82.32,4,41
21456,2025-05-13,22,15,15,2,65.46,130.92,4,41
21457,2025-05-05,25,17,15,1,20.06,20.06,4,41
21458,2025-05-10,29,3,15,1,115.44,115.44,4,42
21459,2025-05-12,5,2,15,5,52.05,260.25,4,41
21460,2025-05-05,4,5,15,4,13.99,55.96,4,42
21461,2025-05-08,19,6,15,3,26.99,80.97,4,41
21462,2025-06-18,11,16,1,1,13.99,13.99,4,2
21463,2025-06-04,21,4,1,1,293.74,293.74,4,3
21464,2025-06-23,7,9,1,2,192.93,385.86,1,1
21465,2025-06-08,13,15,1,5,29.43,147.15,4,1
21466,2025-06-26,15,16,1,2,16.92,33.84,4,3
21467,2025-06-07,18,15,1,1,35.99,35.99,4,1
21468,2025-06-10,15,3,1,3,151.46,454.38,4,4
21469,2025-06-23,4,5,1,4,26.23,104.92,4,1
21470,2025-06-07,1,3,1,1,109.99,109.99,4,1
21471,2025-06-22,10,15,1,1,36.99,36.99,4,1
21472,2025-06-15,18,11,1,1,372.99,372.99,4,4
21473,2025-06-06,21,15,1,3,63.99,191.97,1,2
21474,2025-06-07,4,19,1,1,15.95,15.95,2,3
21475,2025-06-15,26,18,1,1,12.99,12.99,3,3
21476,2025-06-29,14,19,1,3,18.55,55.65,4,1
21477,2025-06-29,16,2,1,1,123.38,123.38,4,4
21478,2025-06-28,14,13,1,3,75.99,227.97,4,4
21479,2025-06-05,25,10,1,1,47.99,47.99,4,3
21480,2025-06-01,26,10,1,3,39.36,118.08,4,4
21481,2025-06-30,16,2,1,2,106.99,213.98,4,3
21482,2025-06-12,21,15,1,2,51.99,103.98,4,3
21483,2025-06-09,8,5,1,2,21.99,43.98,4,3
21484,2025-06-19,14,6,1,3,12.55,37.65,4,4
21485,2025-06-01,14,20,1,1,38.99,38.99,4,1
21486,2025-06-05,14,19,1,1,29.58,29.58,2,1
21487,2025-06-23,4,6,1,2,18.47,36.94,4,4
21488,2025-06-19,27,5,1,3,25.99,77.97,1,4
21489,2025-06-11,8,5,1,2,20.99,41.98,4,1
21490,2025-06-20,30,19,1,1,32.99,32.99,4,1
21491,2025-06-10,16,10,1,3,33.48,100.44,4,3
21492,2025-06-11,6,19,1,1,25.26,25.26,4,3
21493,2025-06-15,19,17,1,1,52.99,52.99,4,3
21494,2025-06-29,17,2,1,2,92.37,184.74,4,2
21495,2025-06-29,16,10,1,5,43.76,218.8,4,2
21496,2025-06-07,1,8,1,1,46.99,46.99,4,4
21497,2025-06-29,25,18,1,1,9.66,9.66,4,2
21498,2025-06-14,25,2,1,4,106.99,427.96,4,1
21499,2025-06-10,27,13,1,1,112.99,112.99,4,4
21500,2025-06-10,18,18,1,2,13.99,27.98,4,4
21501,2025-06-07,16,7,1,1,113.99,113.99,4,4
21502,2025-06-12,21,17,1,3,37.99,113.97,4,4
21503,2025-06-30,16,17,1,1,53.68,53.68,4,4
21504,2025-06-08,8,7,1,4,63.99,255.96,2,3
21505,2025-06-20,15,7,1,2,124.66,249.32,3,4
21506,2025-06-09,29,16,1,1,18.38,18.38,1,3
21507,2025-06-14,1,7,1,3,140.06,420.18,4,4
21508,2025-06-11,20,11,1,2,380.7,761.4,4,1
21509,2025-06-21,13,20,1,3,40.06,120.18,4,1
21510,2025-06-18,28,16,1,1,23.05,23.05,4,1
21511,2025-06-27,19,9,1,2,69.0,138.0,2,2
21512,2025-06-21,7,9,1,1,172.99,172.99,4,4
21513,2025-06-24,10,8,1,1,39.6,39.6,4,1
21514,2025-06-29,16,5,2,3,13.39,40.17,4,5
21515,2025-06-29,9,6,2,1,24.99,24.99,3,6
21516,2025-06-08,6,17,2,1,22.43,22.43,2,7
21517,2025-06-17,4,20,2,1,41.72,41.72,4,6
21518,2025-06-03,7,10,2,2,41.7,83.4,4,6
21519,2025-06-02,12,10,2,2,41.99,83.98,4,8
21520,2025-06-21,10,7,2,1,148.03,148.03,4,8
21521,2025-06-29,9,19,2,3,19.99,59.97,4,6
21522,2025-06-05,30,15,2,3,83.99,251.97,4,7
21523,2025-06-10,4,7,2,2,63.99,127.98,4,6
21524,2025-06-16,12,4,2,4,167.99,671.96,4,6
21525,2025-06-08,27,11,2,1,389.54,389.54,4,6
21526,2025-06-05,7,5,2,3,27.25,81.75,4,5
21527,2025-06-25,6,10,2,2,54.61,109.22,4,8
21528,2025-06-03,3,7,2,1,106.28,106.28,4,5
21529,2025-06-26,15,2,2,3,101.99,305.97,4,7
21530,2025-06-11,15,7,2,3,117.28,351.84,4,6
21531,2025-06-04,1,5,2,1,18.43,18.43,4,6
21532,2025-06-06,14,11,2,1,359.87,359.87,4,5
21533,2025-06-22,30,20,2,3,21.99,65.97,1,7
21534,2025-06-04,9,20,2,1,38.22,38.22,3,7
21535,2025-06-09,5,18,2,4,13.58,54.32,4,8
21536,2025-06-02,12,16,2,3,14.88,44.64,3,6
21537,2025-06-14,26,8,2,4,32.5,130.0,4,5
21538,2025-06-11,1,16,2,2,19.99,39.98,4,7
21539,2025-06-13,12,20,2,2,40.99,81.98,2,6
21540,2025-06-14,14,12,2,3,818.99,2456.97,4,7
21541,2025-06-25,4,20,2,4,26.99,107.96,4,5
21542,2025-06-30,12,16,2,1,19.51,19.51,4,7
21543,2025-06-16,3,20,2,1,30.99,30.99,4,7
21544,2025-06-02,4,6,2,2,18.09,36.18,4,5
21545,2025-06-26,17,10,2,5,46.99,234.95,2,5
21546,2025-06-01,3,2,2,3,78.66,235.98,3,5
21547,2025-06-01,14,3,2,2,145.99,291.98,4,8
21548,2025-06-03,28,5,2,1,24.99,24.99,4,8
21549,2025-06-16,16,3,2,3,66.99,200.97,4,6
21550,2025-06-20,9,8,2,1,68.99,68.99,4,8
21551,2025-06-23,8,6,2,3,20.99,62.97,4,6
21552,2025-06-03,15,7,2,1,146.99,146.99,4,6
21553,2025-06-28,30,4,2,1,221.06,221.06,4,5
21554,2025-06-02,14,15,2,1,36.35,36.35,4,8
21555,2025-06-02,22,9,2,2,78.5,157.0,4,6
21556,2025-06-14,6,6,2,2,13.99,27.98,4,5
21557,2025-06-08,4,7,2,2,138.99,277.98,4,8
21558,2025-06-24,12,16,2,4,13.99,55.96,2,6
21559,2025-06-08,7,8,2,1,60.99,60.99,2,6
21560,2025-06-25,19,15,2,1,47.99,47.99,4,5
21561,2025-06-14,29,5,2,4,16.93,67.72,4,6
21562,2025-06-13,13,18,2,1,11.99,11.99,4,5
21563,2025-06-18,27,10,2,1,30.99,30.99,4,5
21564,2025-06-22,1,9,2,2,149.99,299.98,1,8
21565,2025-06-03,3,16,2,3,15.99,47.97,4,5
21566,2025-06-14,18,13,2,5,39.82,199.1,4,7
21567,2025-06-27,12,13,2,2,101.66,203.32,4,6
21568,2025-06-15,3,4,2,1,197.31,197.31,4,5
21569,2025-06-15,4,9,2,1,80.99,80.99,4,6
21570,2025-06-11,11,19,2,2,36.46,72.92,4,8
21571,2025-06-08,4,6,2,5,30.55,152.75,4,7
21572,2025-06-08,26,7,2,1,154.99,154.99,4,8
21573,2025-06-28,19,18,2,1,10.99,10.99,2,8
21574,2025-06-04,3,16,2,2,16.99,33.98,3,7
21575,2025-06-25,6,13,2,2,82.99,165.98,4,7
21576,2025-06-04,21,6,3,1,15.41,15.41,4,10
21577,2025-06-08,8,4,3,3,165.99,497.97,4,9
21578,2025-06-10,13,8,3,1,26.44,26.44,4,10
21579,2025-06-09,14,17,3,1,23.57,23.57,1,11
21580,2025-06-24,22,2,3,2,107.95,215.9,4,9
21581,2025-06-18,11,16,3,2,23.94,47.88,4,11
21582,2025-06-16,22,19,3,2,16.63,33.26,4,9
21583,2025-06-08,29,6,3,2,21.84,43.68,4,9
21584,2025-06-20,21,19,3,4,27.99,111.96,4,11
21585,2025-06-25,13,19,3,1,15.65,15.65,4,10
21586,2025-06-05,23,9,3,1,168.96,168.96,4,10
21587,2025-06-14,26,18,3,5,17.37,86.85,4,9
21588,2025-06-12,18,4,3,1,290.95,290.95,4,10
21589,2025-06-27,9,8,3,2,81.99,163.98,4,11
21590,2025-06-18,28,7,3,4,92.12,368.48,4,9
21591,2025-06-26,10,3,3,3,81.97,245.91,4,11
21592,2025-06-18,17,12,3,3,479.01,1437.03,4,11
21593,2025-06-08,3,13,3,5,95.71,478.55,3,11
21594,2025-06-25,16,4,3,3,122.06,366.18,4,11
21595,2025-06-23,13,9,3,1,188.42,188.42,4,9
21596,2025-06-21,15,16,3,1,21.08,21.08,4,11
21597,2025-06-18,22,16,3,1,12.99,12.99,4,11
21598,2025-06-21,29,19,3,2,20.08,40.16,4,9
21599,2025-06-10,9,19,3,5,14.77,73.85,4,10
21600,2025-06-14,15,7,3,1,86.67,86.67,4,11
21601,2025-06-15,27,6,3,4,18.12,72.48,4,10
21602,2025-06-13,12,5,3,2,14.45,28.9,4,10
21603,2025-06-26,19,11,3,1,404.56,404.56,4,11
21604,2025-06-16,29,14,3,4,146.99,587.96,4,10
21605,2025-06-23,28,5,3,1,17.37,17.37,4,10
21606,2025-06-03,22,10,3,2,29.08,58.16,3,10
21607,2025-06-29,27,4,3,3,204.25,612.75,4,11
21608,2025-06-05,3,11,3,4,336.99,1347.96,4,9
21609,2025-06-12,15,15,3,3,39.38,118.14,4,11
21610,2025-06-17,25,15,3,3,38.99,116.97,4,11
21611,2025-06-02,28,1,3,3,912.99,2738.97,4,9
21612,2025-06-07,22,20,3,1,32.57,32.57,4,11
21613,2025-06-03,27,20,3,5,17.99,89.95,4,11
21614,2025-06-01,19,5,4,3,14.36,43.08,4,12
21615,2025-06-09,30,5,4,2,28.2,56.4,4,14
21616,2025-06-12,10,18,4,2,8.66,17.32,4,12
21617,2025-06-11,30,5,4,4,27.99,111.96,4,14
21618,2025-06-05,23,6,4,2,12.29,24.58,1,12
21619,2025-06-09,17,4,4,1,209.21,209.21,4,14
21620,2025-06-17,13,19,4,2,21.99,43.98,4,12
21621,2025-06-09,20,13,4,1,92.99,92.99,4,14
21622,2025-06-13,28,7,4,3,148.99,446.97,4,14
21623,2025-06-02,18,17,4,1,53.99,53.99,4,13
21624,2025-06-15,17,8,4,4,63.15,252.6,3,14
21625,2025-06-22,14,16,4,2,22.74,45.48,4,14
21626,2025-06-21,6,7,4,1,156.04,156.04,4,14
21627,2025-06-03,21,19,4,4,23.99,95.96,4,12
21628,2025-06-10,29,8,4,4,27.99,111.96,3,14
21629,2025-06-11,18,20,4,1,30.99,30.99,2,13
21630,2025-06-27,7,6,4,1,15.99,15.99,4,12
21631,2025-06-17,25,15,4,3,66.98,200.94,4,13
21632,2025-06-16,9,8,4,1,61.99,61.99,4,14
21633,2025-06-20,11,12,4,1,670.99,670.99,4,12
21634,2025-06-20,7,13,4,2,56.77,113.54,4,12
21635,2025-06-24,17,16,4,4,9.2,36.8,4,12
21636,2025-06-30,23,5,4,3,9.76,29.28,4,14
21637,2025-06-25,26,9,4,5,194.17,970.85,4,14
21638,2025-06-13,21,15,4,2,58.03,116.06,4,14
21639,2025-06-16,15,7,4,1,136.99,136.99,4,13
21640,2025-06-19,3,11,4,3,557.94,1673.82,4,12
21641,2025-06-21,5,19,4,1,26.99,26.99,4,13
21642,2025-06-03,18,11,4,3,509.99,1529.97,4,14
21643,2025-06-18,3,9,4,1,147.13,147.13,4,12
21644,2025-06-22,1,18,4,3,17.99,53.97,4,12
21645,2025-06-08,25,6,4,2,24.99,49.98,4,14
21646,2025-06-30,3,16,4,1,12.13,12.13,4,12
21647,2025-06-12,4,14,4,2,118.73,237.46,4,12
21648,2025-06-10,3,2,4,2,120.34,240.68,4,12
21649,2025-06-04,14,8,4,2,88.45,176.9,4,13
21650,2025-06-28,24,15,4,2,37.99,75.98,4,14
21651,2025-06-03,23,6,4,3,14.99,44.97,4,14
21652,2025-06-29,8,11,4,1,509.8,509.8,4,12
21653,2025-06-05,17,19,4,5,23.25,116.25,1,12
21654,2025-06-19,10,5,4,3,24.05,72.15,4,13
21655,2025-06-15,11,5,4,4,11.6,46.4,4,14
21656,2025-06-30,29,1,5,1,981.3,981.3,4,16
21657,2025-06-01,29,13,5,2,58.09,116.18,4,15
21658,2025-06-02,29,4,5,1,270.94,270.94,4,15
21659,2025-06-07,6,19,5,3,28.99,86.97,4,15
21660,2025-06-06,17,14,5,1,201.82,201.82,4,15
21661,2025-06-22,9,6,5,3,21.71,65.13,4,17
21662,2025-06-26,11,7,5,1,152.2,152.2,4,15
21663,2025-06-23,20,5,5,1,12.94,12.94,4,15
21664,2025-06-16,28,6,5,4,27.99,111.96,4,16
21665,2025-06-29,23,18,5,1,16.39,16.39,4,17
21666,2025-06-28,30,20,5,5,14.43,72.15,4,16
21667,2025-06-11,7,6,5,1,19.37,19.37,4,15
21668,2025-06-28,27,5,5,5,10.57,52.85,4,16
21669,2025-06-29,24,3,5,1,100.86,100.86,4,16
21670,2025-06-06,25,6,5,3,18.63,55.89,4,16
21671,2025-06-28,12,16,5,2,20.99,41.98,4,16
21672,2025-06-03,1,19,5,5,26.98,134.9,4,17
21673,2025-06-19,8,2,5,1,113.99,113.99,4,17
21674,2025-06-30,3,2,5,4,98.99,395.96,2,17
21675,2025-06-13,24,5,5,2,25.99,51.98,4,17
21676,2025-06-25,18,5,5,1,19.99,19.99,4,17
21677,2025-06-09,1,13,5,4,69.99,279.96,2,15
21678,2025-06-27,23,15,5,1,41.77,41.77,4,15
21679,2025-06-04,29,19,5,2,32.53,65.06,4,15
21680,2025-06-21,20,7,5,2,73.99,147.98,4,17
21681,2025-06-14,18,2,5,2,88.99,177.98,4,15
21682,2025-06-24,1,17,5,1,53.65,53.65,4,15
21683,2025-06-24,8,7,5,2,134.36,268.72,3,16
21684,2025-06-10,4,5,5,1,15.81,15.81,4,16
21685,2025-06-01,8,17,5,4,48.42,193.68,4,15
21686,2025-06-09,12,5,5,3,17.8,53.4,4,17
21687,2025-06-05,16,2,5,2,71.99,143.98,4,15
21688,2025-06-06,23,6,5,4,13.83,55.32,4,16
21689,2025-06-20,3,16,5,3,8.0,24.0,4,17
21690,2025-06-24,15,15,5,4,32.22,128.88,4,15
21691,2025-06-11,2,6,5,1,27.99,27.99,1,15
21692,2025-06-01,14,10,5,2,67.99,135.98,4,17
21693,2025-06-04,28,4,5,2,249.99,499.98,2,16
21694,2025-06-29,20,10,5,3,49.82,149.46,4,16
21695,2025-06-07,12,20,5,3,18.99,56.97,4,17
21696,2025-06-19,17,20,5,1,14.8,14.8,4,17
21697,2025-06-08,20,7,5,3,99.56,298.68,4,15
21698,2025-06-05,15,5,5,1,22.99,22.99,1,15
21699,2025-06-08,7,14,5,1,178.99,178.99,4,16
21700,2025-06-17,4,19,5,2,20.48,40.96,4,17
21701,2025-06-30,6,5,5,2,15.49,30.98,4,16
21702,2025-06-29,11,11,5,2,456.99,913.98,4,17
21703,2025-06-22,19,8,5,4,38.99,155.96,4,15
21704,2025-06-13,30,2,5,4,81.99,327.96,4,15
21705,2025-06-07,24,17,5,2,38.53,77.06,4,15
21706,2025-06-02,29,6,5,1,12.58,12.58,3,15
21707,2025-06-23,15,16,5,2,22.21,44.42,4,16
21708,2025-06-14,26,20,5,2,30.99,61.98,4,17
21709,2025-06-11,21,20,5,1,23.46,23.46,2,15
21710,2025-06-16,13,4,6,2,283.99,567.98,4,18
21711,2025-06-24,2,15,6,1,40.99,40.99,4,18
21712,2025-06-30,6,5,6,1,25.99,25.99,4,19
21713,2025-06-06,15,14,6,1,216.99,216.99,4,19
21714,2025-06-16,24,15,6,2,53.99,107.98,4,19
21715,2025-06-03,7,13,6,1,52.99,52.99,4,18
21716,2025-06-03,23,17,6,1,41.99,41.99,4,20
21717,2025-06-24,20,7,6,2,79.62,159.24,4,18
21718,2025-06-07,7,7,6,2,119.2,238.4,4,20
21719,2025-06-09,4,10,6,1,29.99,29.99,4,18
21720,2025-06-18,7,5,6,5,22.5,112.5,4,20
21721,2025-06-13,8,20,6,1,35.69,35.69,4,19
21722,2025-06-18,29,18,6,1,16.99,16.99,4,18
21723,2025-06-24,5,14,6,1,133.94,133.94,4,18
21724,2025-06-02,30,8,6,4,87.99,351.96,4,19
21725,2025-06-06,22,20,6,1,26.34,26.34,4,20
21726,2025-06-02,20,16,6,1,16.25,16.25,4,19
21727,2025-06-20,19,5,6,3,10.99,32.97,4,19
21728,2025-06-02,25,18,6,4,16.99,67.96,4,18
21729,2025-06-25,4,18,6,4,12.96,51.84,4,20
21730,2025-06-14,24,15,6,2,65.02,130.04,2,19
21731,2025-06-07,9,6,6,1,13.24,13.24,4,18
21732,2025-06-02,23,19,6,1,23.22,23.22,4,20
21733,2025-06-08,8,10,6,3,48.99,146.97,4,18
21734,2025-06-24,14,2,6,1,126.99,126.99,4,19
21735,2025-06-27,12,6,6,2,10.38,20.76,4,18
21736,2025-06-13,4,5,6,1,24.25,24.25,2,18
21737,2025-06-19,14,5,6,2,26.89,53.78,4,19
21738,2025-06-02,3,5,6,1,27.94,27.94,4,20
21739,2025-06-26,28,19,6,3,21.99,65.97,4,19
21740,2025-06-16,9,17,6,3,21.99,65.97,4,19
21741,2025-06-16,30,16,6,4,10.99,43.96,4,18
21742,2025-06-17,29,5,6,3,17.74,53.22,4,20
21743,2025-06-27,8,5,6,1,25.99,25.99,4,20
21744,2025-06-15,6,1,6,2,804.23,1608.46,4,20
21745,2025-06-28,7,6,6,5,28.97,144.85,4,18
21746,2025-06-03,24,5,6,1,17.85,17.85,2,18
21747,2025-06-21,26,2,6,1,84.74,84.74,4,19
21748,2025-06-19,7,2,6,1,111.99,111.99,4,18
21749,2025-06-05,6,4,6,4,254.0,1016.0,4,20
21750,2025-06-09,16,3,6,1,92.78,92.78,4,18
21751,2025-06-14,12,16,6,1,17.22,17.22,4,19
21752,2025-06-13,1,4,6,3,187.99,563.97,4,19
21753,2025-06-16,29,4,6,1,206.91,206.91,4,19
21754,2025-06-06,22,6,6,2,32.99,65.98,4,20
21755,2025-06-29,19,2,6,3,122.99,368.97,4,19
21756,2025-06-13,27,8,6,4,67.13,268.52,4,19
21757,2025-06-07,7,6,6,1,11.93,11.93,4,19
21758,2025-06-19,25,6,6,5,33.99,169.95,4,19
21759,2025-06-22,3,17,6,4,21.99,87.96,4,20
21760,2025-06-16,7,3,6,1,106.03,106.03,4,19
21761,2025-06-03,2,5,6,1,27.29,27.29,4,19
21762,2025-06-25,9,10,6,3,29.0,87.0,4,18
21763,2025-06-20,9,5,6,4,26.99,107.96,4,20
21764,2025-06-02,15,18,7,1,7.99,7.99,4,23
21765,2025-06-06,23,5,7,5,12.34,61.7,4,22
21766,2025-06-12,20,16,7,1,11.45,11.45,4,21
21767,2025-06-13,28,11,7,3,385.99,1157.97,4,22
21768,2025-06-15,18,16,7,1,14.85,14.85,4,23
21769,2025-06-26,4,10,7,2,40.99,81.98,4,22
21770,2025-06-18,21,2,7,1,68.99,68.99,4,23
21771,2025-06-30,19,16,7,4,13.0,52.0,4,23
21772,2025-06-19,27,18,7,5,14.99,74.95,4,21
21773,2025-06-14,12,7,7,1,62.77,62.77,4,23
21774,2025-06-14,8,20,7,2,40.99,81.98,4,22
21775,2025-06-22,18,8,7,4,67.99,271.96,4,23
21776,2025-06-01,14,5,7,1,25.99,25.99,4,21
21777,2025-06-13,25,19,7,1,30.72,30.72,4,21
21778,2025-06-02,21,8,7,1,50.99,50.99,4,22
21779,2025-06-04,24,12,7,1,735.6,735.6,4,21
21780,2025-06-24,27,18,7,1,13.3,13.3,4,21
21781,2025-06-12,26,16,7,1,13.99,13.99,4,22
21782,2025-06-16,28,2,7,2,72.88,145.76,4,23
21783,2025-06-01,17,17,7,1,24.36,24.36,2,22
21784,2025-06-12,6,6,7,2,27.76,55.52,4,23
21785,2025-06-15,23,9,7,2,148.92,297.84,4,23
21786,2025-06-13,6,18,7,1,11.36,11.36,4,23
21787,2025-06-26,1,2,7,1,51.99,51.99,4,21
21788,2025-06-17,3,18,7,1,8.99,8.99,4,23
21789,2025-06-30,18,9,7,1,183.99,183.99,4,21
21790,2025-06-09,26,9,7,2,130.99,261.98,4,21
21791,2025-06-25,29,13,7,3,75.61,226.83,4,22
21792,2025-06-29,19,16,7,1,16.99,16.99,4,23
21793,2025-06-03,13,20,7,1,40.7,40.7,4,23
21794,2025-06-14,10,3,7,2,62.1,124.2,4,23
21795,2025-06-23,15,7,7,4,66.7,266.8,4,23
21796,2025-06-04,30,7,7,2,152.99,305.98,4,22
21797,2025-06-04,22,20,7,4,18.51,74.04,4,23
21798,2025-06-22,12,5,7,2,9.07,18.14,1,22
21799,2025-06-13,22,16,7,1,12.99,12.99,4,22
21800,2025-06-09,10,20,7,3,16.99,50.97,4,21
21801,2025-06-18,15,2,7,1,127.56,127.56,4,21
21802,2025-06-14,14,17,7,2,52.99,105.98,4,23
21803,2025-06-30,5,10,7,2,58.63,117.26,4,21
21804,2025-06-05,10,7,7,1,108.38,108.38,4,22
21805,2025-06-16,21,17,7,2,19.99,39.98,4,21
21806,2025-06-03,15,6,7,1,10.58,10.58,4,22
21807,2025-06-06,10,3,7,4,106.79,427.16,4,22
21808,2025-06-14,20,16,7,3,9.17,27.51,4,23
21809,2025-06-18,4,19,7,5,20.15,100.75,4,23
21810,2025-06-20,3,19,7,1,22.2,22.2,4,22
21811,2025-06-15,3,6,7,1,15.04,15.04,3,21
21812,2025-06-14,14,15,7,1,60.99,60.99,1,22
21813,2025-06-03,11,10,8,4,38.13,152.52,4,24
21814,2025-06-28,22,6,8,1,9.1,9.1,4,25
21815,2025-06-20,10,1,8,1,860.43,860.43,4,25
21816,2025-06-27,29,16,8,2,16.57,33.14,4,25
21817,2025-06-10,3,3,8,3,151.56,454.68,4,25
21818,2025-06-19,2,13,8,3,54.99,164.97,4,25
21819,2025-06-01,11,7,8,3,136.99,410.97,4,24
21820,2025-06-09,20,17,8,1,37.27,37.27,4,25
21821,2025-06-26,9,3,8,3,80.46,241.38,1,25
21822,2025-06-05,19,18,8,2,13.79,27.58,4,25
21823,2025-06-04,12,8,8,2,31.99,63.98,4,24
21824,2025-06-19,7,8,8,5,31.58,157.9,4,24
21825,2025-06-19,8,17,8,3,44.55,133.65,3,25
21826,2025-06-03,28,3,8,3,109.91,329.73,4,24
21827,2025-06-06,24,1,8,1,1194.28,1194.28,4,25
21828,2025-06-08,14,16,8,1,15.38,15.38,4,24
21829,2025-06-09,16,3,8,2,90.99,181.98,4,25
21830,2025-06-28,3,15,8,2,83.76,167.52,4,25
21831,2025-06-17,23,4,8,1,101.89,101.89,4,25
21832,2025-06-05,22,16,8,4,10.31,41.24,1,24
21833,2025-06-14,6,9,8,1,104.99,104.99,1,24
21834,2025-06-06,5,1,8,1,1213.0,1213.0,4,25
21835,2025-06-27,1,11,8,1,395.11,395.11,2,25
21836,2025-06-01,15,5,8,3,24.43,73.29,4,24
21837,2025-06-27,25,2,8,5,50.17,250.85,4,24
21838,2025-06-01,19,8,8,5,39.07,195.35,4,24
21839,2025-06-14,24,6,8,1,19.43,19.43,4,24
21840,2025-06-18,28,10,8,2,32.99,65.98,4,25
21841,2025-06-07,2,20,8,1,31.99,31.99,4,25
21842,2025-06-01,5,18,8,3,7.99,23.97,2,24
21843,2025-06-30,19,11,8,2,387.4,774.8,4,24
21844,2025-06-10,8,4,8,1,114.99,114.99,4,24
21845,2025-06-28,21,19,8,1,27.61,27.61,4,24
21846,2025-06-26,28,15,8,2,84.38,168.76,4,24
21847,2025-06-10,19,18,8,1,14.16,14.16,4,24
21848,2025-06-18,9,18,8,5,7.99,39.95,4,25
21849,2025-06-10,8,2,9,4,98.99,395.96,4,27
21850,2025-06-09,7,18,9,5,18.71,93.55,4,28
21851,2025-06-06,15,3,9,2,132.14,264.28,4,27
21852,2025-06-14,24,19,9,2,23.1,46.2,4,27
21853,2025-06-20,29,8,9,1,51.99,51.99,4,26
21854,2025-06-17,13,5,9,3,20.4,61.2,4,27
21855,2025-06-30,4,10,9,4,62.99,251.96,4,27
21856,2025-06-22,26,2,9,3,123.02,369.06,4,27
21857,2025-06-15,11,3,9,1,151.06,151.06,4,27
21858,2025-06-29,25,1,9,5,1201.49,6007.45,4,26
21859,2025-06-03,29,19,9,4,37.99,151.96,4,26
21860,2025-06-20,18,7,9,3,80.65,241.95,4,27
21861,2025-06-22,28,15,9,2,62.99,125.98,4,28
21862,2025-06-03,30,16,9,4,18.62,74.48,4,26
21863,2025-06-03,24,9,9,2,143.89,287.78,4,26
21864,2025-06-06,3,2,9,1,109.99,109.99,4,28
21865,2025-06-03,10,10,9,5,54.59,272.95,4,27
21866,2025-06-07,21,5,9,2,13.99,27.98,3,27
21867,2025-06-24,20,15,9,2,86.29,172.58,4,26
21868,2025-06-15,26,10,9,1,54.13,54.13,4,26
21869,2025-06-21,24,20,9,5,34.75,173.75,4,28
21870,2025-06-08,29,20,9,1,19.42,19.42,4,27
21871,2025-06-23,16,7,9,1,151.8,151.8,4,26
21872,2025-06-19,17,5,9,2,9.99,19.98,1,27
21873,2025-06-12,22,19,9,2,15.38,30.76,4,27
21874,2025-06-02,11,7,9,4,134.99,539.96,4,28
21875,2025-06-10,23,6,9,1,21.57,21.57,4,27
21876,2025-06-27,19,16,9,1,13.99,13.99,4,26
21877,2025-06-05,18,18,9,3,18.38,55.14,4,28
21878,2025-06-18,16,3,9,2,61.14,122.28,3,26
21879,2025-06-17,16,19,9,1,18.04,18.04,4,26
21880,2025-06-04,16,7,9,2,135.0,270.0,4,26
21881,2025-06-04,20,19,9,1,14.96,14.96,4,26
21882,2025-06-19,18,16,9,2,9.99,19.98,4,26
21883,2025-06-28,23,3,9,2,90.99,181.98,4,26
21884,2025-06-06,15,20,9,2,21.99,43.98,4,27
21885,2025-06-11,4,6,9,1,20.82,20.82,4,26
21886,2025-06-20,18,6,9,3,20.18,60.54,4,26
21887,2025-06-28,8,14,9,1,171.58,171.58,4,28
21888,2025-06-02,17,6,9,4,28.8,115.2,4,26
21889,2025-06-22,2,15,9,1,73.99,73.99,4,27
21890,2025-06-11,8,17,9,1,54.0,54.0,4,28
21891,2025-06-17,7,10,9,4,29.73,118.92,4,27
21892,2025-06-21,16,2,9,1,124.99,124.99,4,27
21893,2025-06-24,6,16,9,2,14.99,29.98,4,28
21894,2025-06-27,9,6,9,2,17.99,35.98,4,26
21895,2025-06-30,14,18,9,1,13.99,13.99,4,27
21896,2025-06-07,10,18,9,1,18.43,18.43,4,26
21897,2025-06-25,2,19,9,2,25.01,50.02,4,28
21898,2025-06-25,5,6,9,2,14.9,29.8,4,28
21899,2025-06-14,16,5,9,2,11.21,22.42,4,26
21900,2025-06-16,14,13,9,2,67.99,135.98,1,27
21901,2025-06-08,8,8,9,1,26.99,26.99,3,26
21902,2025-06-24,1,4,9,3,257.99,773.97,4,27
21903,2025-06-02,7,3,9,1,104.99,104.99,4,26
21904,2025-06-19,9,2,9,5,92.36,461.8,4,27
21905,2025-06-06,4,9,9,2,191.86,383.72,4,28
21906,2025-06-23,21,8,10,1,68.54,68.54,4,31
21907,2025-06-09,8,18,10,3,18.1,54.3,4,31
21908,2025-06-30,26,14,10,1,242.25,242.25,4,29
21909,2025-06-23,26,17,10,4,44.56,178.24,4,31
21910,2025-06-10,7,15,10,2,52.3,104.6,1,30
21911,2025-06-10,8,8,10,2,29.99,59.98,4,30
21912,2025-06-07,20,15,10,3,42.14,126.42,4,30
21913,2025-06-03,1,9,10,4,141.64,566.56,3,29
21914,2025-06-16,26,10,10,2,45.43,90.86,4,30
21915,2025-06-15,16,3,10,1,117.99,117.99,4,29
21916,2025-06-06,27,15,10,4,59.99,239.96,4,30
21917,2025-06-21,20,3,10,3,81.99,245.97,4,29
21918,2025-06-30,14,16,10,1,16.99,16.99,4,30
21919,2025-06-16,14,15,10,2,58.99,117.98,4,31
21920,2025-06-28,30,5,10,1,13.3,13.3,4,30
21921,2025-06-28,26,19,10,3,17.99,53.97,4,31
21922,2025-06-08,10,6,10,2,31.72,63.44,4,31
21923,2025-06-18,17,4,10,2,135.99,271.98,4,30
21924,2025-06-16,18,9,10,1,193.99,193.99,1,30
21925,2025-06-12,25,7,10,3,55.99,167.97,4,30
21926,2025-06-23,27,16,10,1,12.0,12.0,4,30
21927,2025-06-02,30,20,10,1,25.62,25.62,4,29
21928,2025-06-14,21,17,10,3,45.99,137.97,4,29
21929,2025-06-01,11,5,10,1,22.57,22.57,4,29
21930,2025-06-19,14,3,10,1,142.1,142.1,4,29
21931,2025-06-07,12,2,10,1,111.71,111.71,3,30
21932,2025-06-01,3,20,10,1,38.94,38.94,4,31
21933,2025-06-03,13,14,10,3,151.27,453.81,4,31
21934,2025-06-27,23,15,10,1,31.73,31.73,4,30
21935,2025-06-22,12,3,10,1,89.29,89.29,4,29
21936,2025-06-10,17,7,10,3,77.27,231.81,4,30
21937,2025-06-22,10,10,10,1,38.85,38.85,4,31
21938,2025-06-01,5,1,10,4,845.53,3382.12,4,29
21939,2025-06-05,22,9,10,3,100.28,300.84,2,30
21940,2025-06-04,6,13,10,3,86.99,260.97,2,31
21941,2025-06-18,24,1,10,2,827.99,1655.98,4,30
21942,2025-06-16,27,5,10,3,17.99,53.97,4,31
21943,2025-06-07,18,17,10,1,35.47,35.47,4,30
21944,2025-06-18,20,16,10,1,15.44,15.44,4,31
21945,2025-06-25,9,13,10,2,98.27,196.54,4,29
21946,2025-06-03,1,8,10,5,29.99,149.95,4,30
21947,2025-06-11,30,18,10,3,14.05,42.15,4,30
21948,2025-06-14,18,7,10,1,60.09,60.09,4,30
21949,2025-06-11,21,5,10,2,18.68,37.36,2,29
21950,2025-06-26,23,2,10,2,107.39,214.78,4,29
21951,2025-06-27,9,18,10,3,13.74,41.22,4,31
21952,2025-06-27,14,7,10,1,61.99,61.99,4,30
21953,2025-06-15,7,3,10,3,128.37,385.11,4,29
21954,2025-06-08,21,19,10,2,36.84,73.68,4,29
21955,2025-06-09,18,20,10,3,36.99,110.97,4,29
21956,2025-06-29,14,4,11,3,131.34,394.02,4,33
21957,2025-06-27,12,6,11,1,13.55,13.55,4,33
21958,2025-06-18,1,8,11,1,85.64,85.64,4,33
21959,2025-06-27,7,1,11,1,890.36,890.36,4,32
21960,2025-06-22,27,15,11,2,29.29,58.58,4,32
21961,2025-06-27,18,1,11,3,999.99,2999.97,4,32
21962,2025-06-20,19,5,11,2,25.99,51.98,4,32
21963,2025-06-26,1,5,11,1,15.99,15.99,4,33
21964,2025-06-06,26,7,11,1,141.99,141.99,4,32
21965,2025-06-04,16,18,11,1,9.18,9.18,4,32
21966,2025-06-23,6,18,11,2,13.85,27.7,4,32
21967,2025-06-03,25,12,11,3,693.58,2080.74,4,32
21968,2025-06-13,27,4,11,1,101.0,101.0,4,33
21969,2025-06-17,3,5,11,1,17.99,17.99,1,32
21970,2025-06-23,9,16,11,4,21.99,87.96,4,33
21971,2025-06-16,15,6,11,1,23.19,23.19,1,33
21972,2025-06-12,10,16,11,4,14.88,59.52,4,32
21973,2025-06-10,21,6,11,2,12.99,25.98,4,32
21974,2025-06-12,12,5,11,2,15.07,30.14,4,33
21975,2025-06-04,6,8,11,1,85.99,85.99,4,32
21976,2025-06-01,5,3,11,2,90.6,181.2,4,33
21977,2025-06-02,29,16,11,1,11.92,11.92,1,33
21978,2025-06-30,26,19,11,2,18.99,37.98,4,33
21979,2025-06-17,10,7,11,1,108.76,108.76,4,33
21980,2025-06-12,15,19,11,3,31.99,95.97,4,33
21981,2025-06-29,18,3,11,2,88.99,177.98,4,32
21982,2025-06-15,11,3,11,1,60.99,60.99,1,32
21983,2025-06-13,16,15,11,1,69.71,69.71,4,33
21984,2025-06-29,11,4,11,4,163.42,653.68,4,32
21985,2025-06-18,25,11,11,1,360.99,360.99,4,33
21986,2025-06-28,1,7,11,5,120.65,603.25,4,33
21987,2025-06-02,19,9,11,1,94.56,94.56,4,32
21988,2025-06-10,17,18,11,1,16.99,16.99,4,32
21989,2025-06-15,26,2,11,2,118.89,237.78,4,33
21990,2025-06-22,22,16,11,1,12.99,12.99,4,32
21991,2025-06-28,8,8,11,2,34.99,69.98,4,32
21992,2025-06-21,20,17,12,2,43.64,87.28,4,34
21993,2025-06-21,30,10,12,1,40.74,40.74,4,35
21994,2025-06-23,4,3,12,2,93.99,187.98,4,34
21995,2025-06-04,11,2,12,2,65.58,131.16,4,34
21996,2025-06-10,16,8,12,1,46.99,46.99,4,35
21997,2025-06-01,27,20,12,1,37.99,37.99,4,35
21998,2025-06-14,9,3,12,2,134.99,269.98,4,34
21999,2025-06-03,9,19,12,1,34.99,34.99,4,35
22000,2025-06-03,17,10,12,2,52.99,105.98,4,35
22001,2025-06-21,29,5,12,2,26.99,53.98,4,34
22002,2025-06-26,28,8,12,4,46.23,184.92,2,35
22003,2025-06-11,21,11,12,4,399.8,1599.2,4,34
22004,2025-06-21,6,6,12,3,11.95,35.85,4,35
22005,2025-06-26,23,3,12,2,116.76,233.52,4,34
22006,2025-06-27,28,14,12,2,207.4,414.8,4,35
22007,2025-06-24,6,17,12,3,38.99,116.97,4,34
22008,2025-06-10,28,20,12,4,30.47,121.88,4,34
22009,2025-06-07,23,18,12,2,17.99,35.98,4,34
22010,2025-06-28,30,10,12,2,51.99,103.98,3,34
22011,2025-06-23,28,8,12,1,50.99,50.99,4,35
22012,2025-06-02,26,5,12,2,14.08,28.16,4,35
22013,2025-06-17,12,2,12,2,86.62,173.24,1,35
22014,2025-06-13,10,1,12,2,1068.99,2137.98,4,34
22015,2025-06-20,11,3,12,2,141.8,283.6,4,34
22016,2025-06-20,28,19,12,1,21.72,21.72,4,34
22017,2025-06-02,29,18,12,1,10.66,10.66,4,35
22018,2025-06-08,27,3,12,3,79.01,237.03,2,34
22019,2025-06-17,13,19,12,2,23.99,47.98,4,35
22020,2025-06-21,11,19,12,1,19.23,19.23,3,34
22021,2025-06-27,16,18,12,1,16.12,16.12,4,34
22022,2025-06-08,23,2,12,1,117.99,117.99,4,34
22023,2025-06-28,7,3,12,1,68.89,68.89,4,34
22024,2025-06-29,25,14,12,2,194.34,388.68,4,34
22025,2025-06-18,28,3,12,5,62.91,314.55,4,34
22026,2025-06-11,4,2,12,5,78.75,393.75,4,34
22027,2025-06-12,16,3,12,1,142.79,142.79,3,34
22028,2025-06-26,8,19,12,1,26.53,26.53,4,35
22029,2025-06-12,29,17,12,2,40.99,81.98,4,34
22030,2025-06-16,18,2,12,1,124.19,124.19,4,35
22031,2025-06-02,16,3,12,3,107.03,321.09,4,34
22032,2025-06-16,7,18,12,2,15.03,30.06,4,34
22033,2025-06-06,2,19,12,2,36.04,72.08,3,35
22034,2025-06-23,23,16,12,1,17.99,17.99,2,35
22035,2025-06-07,22,3,12,2,85.57,171.14,4,34
22036,2025-06-04,4,5,12,4,14.99,59.96,4,34
22037,2025-06-09,20,1,12,2,929.45,1858.9,4,34
22038,2025-06-15,10,19,13,3,14.33,42.99,4,37
22039,2025-06-07,19,10,13,1,43.99,43.99,4,38
22040,2025-06-12,27,16,13,1,11.59,11.59,4,38
22041,2025-06-13,26,10,13,3,37.41,112.23,4,37
22042,2025-06-08,12,10,13,2,30.99,61.98,4,37
22043,2025-06-13,24,4,13,2,106.4,212.8,3,38
22044,2025-06-15,6,19,13,1,25.14,25.14,4,38
22045,2025-06-12,26,9,13,1,117.99,117.99,4,36
22046,2025-06-07,16,14,13,1,245.29,245.29,4,37
22047,2025-06-13,27,5,13,1,22.31,22.31,4,37
22048,2025-06-26,10,16,13,4,10.99,43.96,4,36
22049,2025-06-04,5,3,13,3,93.11,279.33,4,36
22050,2025-06-05,1,4,13,2,230.64,461.28,2,37
22051,2025-06-05,5,6,13,1,16.66,16.66,4,36
22052,2025-06-15,18,6,13,1,20.99,20.99,4,37
22053,2025-06-18,6,20,13,3,21.74,65.22,4,36
22054,2025-06-23,4,19,13,2,30.15,60.3,4,37
22055,2025-06-24,30,3,13,3,102.6,307.8,4,38
22056,2025-06-26,25,5,13,4,20.99,83.96,4,37
22057,2025-06-16,12,3,13,1,85.09,85.09,4,37
22058,2025-06-22,20,16,13,3,19.13,57.39,4,36
22059,2025-06-19,13,10,13,2,65.99,131.98,4,36
22060,2025-06-05,22,3,13,1,71.07,71.07,4,38
22061,2025-06-08,6,3,13,1,78.53,78.53,4,37
22062,2025-06-24,17,17,13,1,36.99,36.99,4,38
22063,2025-06-07,29,5,13,5,16.99,84.95,4,38
22064,2025-06-16,4,17,13,2,49.99,99.98,1,38
22065,2025-06-27,13,5,13,1,17.99,17.99,4,36
22066,2025-06-20,10,17,13,1,50.99,50.99,4,37
22067,2025-06-01,11,8,13,3,61.83,185.49,4,36
22068,2025-06-26,11,20,13,1,20.42,20.42,4,37
22069,2025-06-16,13,13,13,2,117.19,234.38,4,36
22070,2025-06-20,11,19,13,2,28.12,56.24,4,37
22071,2025-06-26,15,6,13,3,15.07,45.21,3,36
22072,2025-06-29,16,18,13,2,18.69,37.38,4,36
22073,2025-06-24,24,3,13,1,63.99,63.99,4,38
22074,2025-06-08,29,10,13,1,39.99,39.99,4,38
22075,2025-06-24,6,20,13,1,34.09,34.09,4,37
22076,2025-06-22,7,9,13,2,196.33,392.66,3,36
22077,2025-06-19,28,9,13,2,94.99,189.98,4,37
22078,2025-06-19,6,14,13,2,199.01,398.02,4,38
22079,2025-06-28,28,6,13,3,21.49,64.47,4,37
22080,2025-06-09,4,20,13,3,16.17,48.51,4,37
22081,2025-06-16,25,2,13,5,67.58,337.9,4,37
22082,2025-06-04,13,7,13,3,109.99,329.97,4,37
22083,2025-06-21,18,1,13,3,1357.21,4071.63,4,37
22084,2025-06-12,13,3,13,2,94.43,188.86,4,38
22085,2025-06-15,5,19,13,1,18.17,18.17,4,36
22086,2025-06-27,24,8,13,1,49.99,49.99,4,37
22087,2025-06-26,5,2,13,3,123.96,371.88,4,36
22088,2025-06-01,1,5,13,1,12.97,12.97,4,38
22089,2025-06-30,18,7,13,2,66.6,133.2,4,38
22090,2025-06-06,20,17,13,2,19.0,38.0,3,38
22091,2025-06-20,17,6,13,2,14.99,29.98,4,37
22092,2025-06-30,20,14,13,2,187.99,375.98,4,38
22093,2025-06-27,26,16,13,2,16.6,33.2,4,37
22094,2025-06-21,1,9,13,1,135.27,135.27,4,38
22095,2025-06-23,18,15,13,1,58.99,58.99,4,36
22096,2025-06-09,23,9,13,1,174.0,174.0,4,37
22097,2025-06-05,27,3,13,3,153.93,461.79,4,38
22098,2025-06-28,7,4,13,1,204.09,204.09,2,37
22099,2025-06-03,20,7,13,1,85.57,85.57,4,38
22100,2025-06-01,6,20,13,2,28.02,56.04,4,36
22101,2025-06-08,19,5,14,4,13.99,55.96,4,40
22102,2025-06-20,18,4,14,5,143.99,719.95,4,40
22103,2025-06-07,28,6,14,2,15.61,31.22,4,40
22104,2025-06-14,27,10,14,1,54.99,54.99,4,39
22105,2025-06-28,4,18,14,1,7.74,7.74,4,40
22106,2025-06-02,10,10,14,1,68.29,68.29,4,40
22107,2025-06-20,23,18,14,4,7.99,31.96,4,40
22108,2025-06-28,6,16,14,3,8.81,26.43,4,40
22109,2025-06-27,27,6,14,2,13.77,27.54,1,39
22110,2025-06-27,10,8,14,1,75.07,75.07,4,39
22111,2025-06-08,23,10,14,2,51.18,102.36,4,39
22112,2025-06-21,7,5,14,1,20.8,20.8,4,40
22113,2025-06-25,1,15,14,4,63.99,255.96,1,39
22114,2025-06-10,21,14,14,2,184.99,369.98,4,40
22115,2025-06-24,18,3,14,1,84.99,84.99,4,40
22116,2025-06-01,19,16,14,4,10.07,40.28,4,40
22117,2025-06-25,23,15,14,1,51.99,51.99,4,40
22118,2025-06-03,27,11,14,5,560.22,2801.1,3,40
22119,2025-06-01,27,17,14,1,51.99,51.99,4,39
22120,2025-06-05,30,2,14,3,77.99,233.97,4,40
22121,2025-06-21,25,19,14,2,29.86,59.72,4,40
22122,2025-06-06,14,18,14,5,17.66,88.3,4,39
22123,2025-06-14,12,8,14,1,65.07,65.07,4,39
22124,2025-06-25,30,5,14,1,28.21,28.21,4,40
22125,2025-06-19,21,13,14,2,56.99,113.98,4,40
22126,2025-06-16,7,12,14,4,679.99,2719.96,4,40
22127,2025-06-14,22,5,14,3,18.52,55.56,4,40
22128,2025-06-04,23,16,14,1,18.98,18.98,4,40
22129,2025-06-11,28,18,14,5,13.99,69.95,4,39
22130,2025-06-04,16,15,14,1,43.99,43.99,4,39
22131,2025-06-26,17,20,14,1,37.99,37.99,4,40
22132,2025-06-04,20,20,14,1,36.82,36.82,4,39
22133,2025-06-19,29,4,14,3,268.98,806.94,4,39
22134,2025-06-26,28,4,14,1,169.26,169.26,4,39
22135,2025-06-10,17,1,14,1,1306.99,1306.99,4,40
22136,2025-06-24,29,13,14,1,95.12,95.12,4,39
22137,2025-06-15,15,5,14,2,9.99,19.98,4,40
22138,2025-06-06,26,16,14,3,18.76,56.28,4,40
22139,2025-06-22,6,8,14,4,29.13,116.52,4,40
22140,2025-06-16,22,19,14,1,34.72,34.72,4,39
22141,2025-06-03,23,9,14,3,69.84,209.52,4,39
22142,2025-06-19,10,20,15,1,34.43,34.43,4,41
22143,2025-06-29,6,10,15,2,50.44,100.88,4,42
22144,2025-06-29,23,5,15,2,20.62,41.24,4,42
22145,2025-06-21,5,6,15,2,31.99,63.98,4,42
22146,2025-06-28,28,19,15,3,23.11,69.33,4,42
22147,2025-06-04,3,18,15,1,15.55,15.55,4,41
22148,2025-06-27,5,5,15,2,28.01,56.02,4,42
22149,2025-06-03,14,6,15,3,12.97,38.91,4,42
22150,2025-06-11,13,20,15,1,28.34,28.34,4,41
22151,2025-06-26,27,15,15,2,87.99,175.98,4,41
22152,2025-06-10,22,20,15,1,31.53,31.53,4,42
22153,2025-06-06,7,18,15,1,7.99,7.99,4,41
22154,2025-06-05,16,4,15,5,146.91,734.55,4,42
22155,2025-06-03,11,6,15,1,20.99,20.99,4,42
22156,2025-06-08,17,5,15,2,21.88,43.76,4,42
22157,2025-06-13,6,2,15,2,88.22,176.44,4,41
22158,2025-06-29,30,1,15,1,845.99,845.99,4,41
22159,2025-06-24,7,18,15,4,7.44,29.76,4,42
22160,2025-06-15,25,10,15,2,35.99,71.98,4,41
22161,2025-06-03,28,7,15,3,87.99,263.97,4,42
22162,2025-06-16,22,6,15,2,25.99,51.98,4,42
22163,2025-06-07,19,13,15,3,40.99,122.97,4,41
22164,2025-06-10,21,19,15,1,32.3,32.3,4,41
22165,2025-06-26,19,19,15,2,29.78,59.56,4,42
22166,2025-06-25,4,8,15,2,39.66,79.32,4,41
22167,2025-06-10,28,3,15,1,76.68,76.68,4,42
22168,2025-06-12,2,5,15,2,12.72,25.44,4,42
22169,2025-06-28,11,3,15,3,144.99,434.97,4,41
22170,2025-06-24,28,7,15,5,93.99,469.95,4,42
22171,2025-06-04,15,12,15,2,776.99,1553.98,3,41
22172,2025-06-30,2,16,15,3,14.6,43.8,4,42
22173,2025-06-28,30,1,15,2,1018.49,2036.98,3,41
22174,2025-06-16,7,18,15,4,7.0,28.0,4,42
22175,2025-06-12,14,19,15,2,26.99,53.98,4,41
22176,2025-06-26,16,8,15,1,81.99,81.99,4,41
22177,2025-06-23,3,17,15,4,20.99,83.96,4,41
22178,2025-06-08,11,2,15,4,82.6,330.4,4,41
22179,2025-06-23,26,18,15,2,9.99,19.98,4,41
22180,2025-06-16,30,10,15,2,42.63,85.26,4,41
22181,2025-07-09,23,17,1,1,52.62,52.62,4,4
22182,2025-07-09,3,7,1,1,54.4,54.4,4,2
22183,2025-07-28,1,6,1,1,11.99,11.99,4,4
22184,2025-07-05,8,10,1,5,44.99,224.95,4,4
22185,2025-07-28,30,11,1,1,421.53,421.53,4,4
22186,2025-07-29,7,8,1,2,71.6,143.2,4,1
22187,2025-07-04,20,18,1,4,17.99,71.96,4,4
22188,2025-07-26,23,6,1,1,10.24,10.24,4,4
22189,2025-07-11,8,4,1,1,208.21,208.21,4,2
22190,2025-07-26,1,8,1,1,28.15,28.15,2,2
22191,2025-07-22,15,10,1,3,49.02,147.06,4,4
22192,2025-07-20,2,10,1,1,67.65,67.65,4,3
22193,2025-07-10,25,3,1,2,118.17,236.34,4,2
22194,2025-07-02,23,17,1,2,32.99,65.98,4,4
22195,2025-07-02,27,20,1,1,39.99,39.99,4,3
22196,2025-07-12,29,3,1,1,71.99,71.99,4,2
22197,2025-07-11,30,3,1,1,96.27,96.27,4,3
22198,2025-07-10,6,8,1,1,27.99,27.99,4,4
22199,2025-07-05,11,3,1,1,115.99,115.99,4,1
22200,2025-07-13,1,16,1,3,19.4,58.2,2,3
22201,2025-07-23,3,18,1,2,15.25,30.5,4,1
22202,2025-07-01,13,3,1,2,89.6,179.2,4,4
22203,2025-07-14,3,20,1,2,32.99,65.98,1,2
22204,2025-07-23,14,16,1,1,11.21,11.21,4,4
22205,2025-07-11,2,2,1,4,103.99,415.96,4,1
22206,2025-07-23,22,11,1,2,327.99,655.98,4,2
22207,2025-07-13,4,20,1,1,27.8,27.8,4,3
22208,2025-07-09,24,1,1,2,928.9,1857.8,4,3
22209,2025-07-27,16,4,1,3,155.48,466.44,4,3
22210,2025-07-09,20,9,1,5,120.99,604.95,4,3
22211,2025-07-31,28,12,1,2,591.61,1183.22,4,2
22212,2025-07-14,23,7,1,2,95.17,190.34,4,1
22213,2025-07-15,30,2,1,2,78.36,156.72,4,2
22214,2025-07-12,25,10,1,3,43.97,131.91,4,3
22215,2025-07-22,28,2,1,2,115.3,230.6,4,2
22216,2025-07-27,18,17,1,2,45.99,91.98,4,1
22217,2025-07-16,13,13,1,4,79.3,317.2,4,2
22218,2025-07-06,20,17,1,1,49.0,49.0,4,3
22219,2025-07-03,21,4,1,1,269.35,269.35,4,2
22220,2025-07-03,4,8,1,1,28.99,28.99,4,1
22221,2025-07-11,12,20,1,1,23.97,23.97,2,2
22222,2025-07-20,29,17,1,3,47.99,143.97,3,3
22223,2025-07-18,20,16,1,2,14.5,29.0,4,4
22224,2025-07-25,13,10,1,4,38.37,153.48,4,1
22225,2025-07-04,5,11,1,3,469.99,1409.97,4,4
22226,2025-07-18,3,13,1,1,100.66,100.66,4,3
22227,2025-07-08,7,5,1,2,10.99,21.98,1,4
22228,2025-07-25,26,3,1,1,72.58,72.58,4,1
22229,2025-07-30,15,3,1,1,68.65,68.65,4,4
22230,2025-07-15,7,16,1,3,20.99,62.97,4,2
22231,2025-07-04,30,9,1,3,197.99,593.97,4,3
22232,2025-07-23,3,3,2,4,117.06,468.24,4,8
22233,2025-07-25,3,8,2,2,49.99,99.98,4,6
22234,2025-07-25,12,18,2,2,7.99,15.98,3,8
22235,2025-07-21,23,15,2,3,86.99,260.97,1,8
22236,2025-07-11,4,6,2,2,18.91,37.82,4,7
22237,2025-07-20,13,15,2,5,82.99,414.95,4,5
22238,2025-07-10,17,3,2,2,143.99,287.98,4,5
22239,2025-07-08,16,7,2,1,131.99,131.99,4,7
22240,2025-07-14,4,10,2,1,64.61,64.61,4,5
22241,2025-07-26,24,17,2,4,37.86,151.44,4,6
22242,2025-07-18,21,5,2,3,14.73,44.19,4,7
22243,2025-07-14,2,16,2,2,8.99,17.98,2,8
22244,2025-07-26,13,19,2,2,37.99,75.98,2,7
22245,2025-07-03,5,8,2,1,32.11,32.11,4,7
22246,2025-07-09,28,18,2,2,12.99,25.98,4,5
22247,2025-07-17,16,18,2,1,15.22,15.22,4,8
22248,2025-07-26,21,4,2,2,251.99,503.98,4,8
22249,2025-07-02,12,2,2,3,53.77,161.31,4,8
22250,2025-07-13,4,14,2,4,201.42,805.68,4,6
22251,2025-07-23,17,8,2,1,85.93,85.93,2,7
22252,2025-07-03,24,18,2,3,7.08,21.24,4,7
22253,2025-07-24,20,15,2,5,63.32,316.6,4,6
22254,2025-07-21,17,9,2,2,79.99,159.98,2,7
22255,2025-07-29,3,3,2,2,68.52,137.04,4,8
22256,2025-07-16,19,10,2,1,60.7,60.7,1,8
22257,2025-07-21,16,19,2,1,17.4,17.4,3,8
22258,2025-07-28,10,4,2,1,133.99,133.99,4,5
22259,2025-07-09,4,2,2,4,63.41,253.64,4,8
22260,2025-07-13,12,13,2,3,68.65,205.95,4,5
22261,2025-07-15,16,6,2,1,26.98,26.98,4,7
22262,2025-07-20,1,6,2,4,29.76,119.04,4,7
22263,2025-07-07,19,13,2,1,113.24,113.24,4,8
22264,2025-07-23,28,5,2,1,26.99,26.99,4,6
22265,2025-07-12,14,18,3,1,18.28,18.28,4,9
22266,2025-07-06,3,10,3,1,31.99,31.99,4,10
22267,2025-07-26,27,16,3,4,8.0,32.0,4,9
22268,2025-07-23,5,18,3,5,11.99,59.95,4,9
22269,2025-07-21,15,18,3,1,18.41,18.41,4,10
22270,2025-07-08,16,6,3,1,13.38,13.38,4,10
22271,2025-07-20,20,12,3,1,706.51,706.51,3,11
22272,2025-07-20,28,18,3,3,13.99,41.97,2,11
22273,2025-07-23,22,5,3,2,27.99,55.98,4,9
22274,2025-07-26,14,16,3,3,17.21,51.63,4,10
22275,2025-07-03,23,1,3,3,955.99,2867.97,4,11
22276,2025-07-10,6,16,3,2,10.99,21.98,4,9
22277,2025-07-12,17,15,3,1,32.99,32.99,4,11
22278,2025-07-01,27,17,3,1,49.01,49.01,4,10
22279,2025-07-12,3,8,3,2,57.99,115.98,3,10
22280,2025-07-27,17,3,3,2,120.99,241.98,4,11
22281,2025-07-21,30,4,3,1,229.67,229.67,4,9
22282,2025-07-26,9,3,3,2,152.99,305.98,1,9
22283,2025-07-28,27,6,3,2,10.75,21.5,4,11
22284,2025-07-15,6,6,3,2,20.99,41.98,4,10
22285,2025-07-31,2,4,3,1,156.33,156.33,3,11
22286,2025-07-05,12,14,3,1,232.47,232.47,4,9
22287,2025-07-26,8,4,3,1,177.31,177.31,4,11
22288,2025-07-27,25,2,3,1,89.44,89.44,4,11
22289,2025-07-13,28,14,3,1,156.99,156.99,4,10
22290,2025-07-24,23,3,3,1,153.99,153.99,4,11
22291,2025-07-06,8,10,3,1,53.99,53.99,4,9
22292,2025-07-24,15,3,3,1,146.19,146.19,4,10
22293,2025-07-10,16,17,3,4,34.02,136.08,4,9
22294,2025-07-25,25,16,3,1,14.03,14.03,4,10
22295,2025-07-16,2,6,3,1,33.29,33.29,4,9
22296,2025-07-01,9,5,3,3,19.74,59.22,4,10
22297,2025-07-27,15,5,3,3,18.99,56.97,1,11
22298,2025-07-09,21,16,3,3,12.99,38.97,4,9
22299,2025-07-26,24,10,3,3,64.44,193.32,4,10
22300,2025-07-06,27,1,3,5,1357.99,6789.95,4,10
22301,2025-07-29,29,5,3,2,11.99,23.98,4,9
22302,2025-07-21,5,5,3,2,19.94,39.88,1,9
22303,2025-07-30,6,20,3,1,33.71,33.71,4,10
22304,2025-07-04,22,3,4,2,111.54,223.08,4,14
22305,2025-07-04,4,18,4,2,18.34,36.68,4,14
22306,2025-07-29,25,13,4,3,61.78,185.34,4,13
22307,2025-07-27,9,2,4,1,93.86,93.86,4,12
22308,2025-07-23,23,7,4,4,120.71,482.84,4,12
22309,2025-07-11,8,20,4,2,18.9,37.8,4,12
22310,2025-07-16,3,2,4,2,113.49,226.98,4,14
22311,2025-07-19,2,17,4,1,53.99,53.99,1,12
22312,2025-07-24,21,5,4,1,12.94,12.94,2,13
22313,2025-07-14,13,2,4,2,115.84,231.68,4,12
22314,2025-07-20,19,7,4,4,63.37,253.48,4,12
22315,2025-07-28,15,18,4,4,18.44,73.76,4,14
22316,2025-07-02,28,2,4,1,87.99,87.99,4,14
22317,2025-07-25,27,8,4,2,28.12,56.24,4,14
22318,2025-07-08,24,16,4,5,18.99,94.95,1,12
22319,2025-07-07,14,20,4,1,30.99,30.99,4,14
22320,2025-07-25,23,20,4,1,40.4,40.4,4,13
22321,2025-07-13,13,15,4,3,85.7,257.1,4,13
22322,2025-07-09,10,2,4,2,122.1,244.2,4,12
22323,2025-07-22,20,6,4,3,33.75,101.25,4,12
22324,2025-07-22,6,16,4,1,12.59,12.59,4,13
22325,2025-07-08,8,4,4,1,254.6,254.6,4,12
22326,2025-07-16,10,17,4,1,54.31,54.31,4,13
22327,2025-07-27,20,5,4,3,11.99,35.97,4,13
22328,2025-07-08,22,9,4,4,166.31,665.24,4,13
22329,2025-07-07,22,15,4,3,80.99,242.97,4,12
22330,2025-07-22,18,5,4,1,14.46,14.46,4,12
22331,2025-07-21,6,18,4,1,11.99,11.99,4,13
22332,2025-07-13,3,10,4,2,67.99,135.98,4,13
22333,2025-07-15,28,20,4,1,31.99,31.99,4,14
22334,2025-07-05,1,7,4,1,154.14,154.14,4,12
22335,2025-07-16,17,1,4,1,904.99,904.99,4,12
22336,2025-07-25,28,7,4,3,66.99,200.97,4,12
22337,2025-07-17,29,8,4,1,28.99,28.99,4,13
22338,2025-07-21,12,20,5,2,40.92,81.84,4,15
22339,2025-07-10,28,15,5,4,86.83,347.32,4,16
22340,2025-07-14,25,13,5,2,48.99,97.98,1,16
22341,2025-07-28,28,18,5,2,10.24,20.48,2,15
22342,2025-07-17,5,5,5,4,20.99,83.96,4,17
22343,2025-07-27,30,3,5,1,122.99,122.99,4,17
22344,2025-07-28,11,13,5,2,117.5,235.0,4,17
22345,2025-07-27,27,3,5,1,157.99,157.99,4,17
22346,2025-07-13,14,11,5,1,580.53,580.53,4,16
22347,2025-07-24,1,14,5,4,131.88,527.52,4,15
22348,2025-07-11,17,10,5,1,40.05,40.05,2,16
22349,2025-07-07,10,13,5,1,103.77,103.77,4,17
22350,2025-07-27,21,18,5,2,11.99,23.98,4,15
22351,2025-07-25,16,10,5,1,65.28,65.28,4,16
22352,2025-07-11,26,8,5,5,51.17,255.85,4,15
22353,2025-07-03,27,5,5,2,25.41,50.82,4,15
22354,2025-07-25,30,13,5,1,51.94,51.94,4,17
22355,2025-07-22,7,8,5,5,42.74,213.7,4,17
22356,2025-07-18,28,18,5,2,8.23,16.46,4,15
22357,2025-07-30,14,14,5,1,106.99,106.99,4,16
22358,2025-07-13,2,19,5,1,21.99,21.99,4,16
22359,2025-07-07,22,10,5,2,39.66,79.32,2,15
22360,2025-07-15,27,13,5,4,66.99,267.96,4,16
22361,2025-07-31,18,20,5,1,28.99,28.99,2,17
22362,2025-07-06,11,10,5,1,67.64,67.64,4,16
22363,2025-07-19,11,6,5,3,33.99,101.97,4,16
22364,2025-07-19,27,14,5,2,174.32,348.64,4,17
22365,2025-07-17,1,5,5,3,12.99,38.97,4,16
22366,2025-07-25,18,11,5,2,444.31,888.62,2,17
22367,2025-07-04,10,7,6,4,77.54,310.16,4,19
22368,2025-07-06,17,18,6,1,12.99,12.99,4,18
22369,2025-07-16,7,16,6,2,14.34,28.68,4,18
22370,2025-07-05,15,19,6,1,17.99,17.99,4,18
22371,2025-07-04,3,3,6,3,142.99,428.97,4,20
22372,2025-07-24,13,14,6,3,221.7,665.1,4,20
22373,2025-07-06,29,13,6,3,45.82,137.46,4,19
22374,2025-07-01,26,19,6,1,23.49,23.49,4,18
22375,2025-07-25,17,3,6,1,78.99,78.99,4,19
22376,2025-07-30,25,13,6,5,43.24,216.2,4,20
22377,2025-07-22,7,10,6,2,65.99,131.98,4,18
22378,2025-07-05,25,15,6,2,35.83,71.66,4,20
22379,2025-07-31,28,18,6,1,17.1,17.1,4,18
22380,2025-07-14,8,15,6,1,63.99,63.99,4,18
22381,2025-07-01,9,2,6,2,117.99,235.98,4,20
22382,2025-07-04,11,3,6,3,114.99,344.97,4,19
22383,2025-07-17,13,2,6,1,111.03,111.03,4,19
22384,2025-07-15,18,3,6,4,112.13,448.52,4,18
22385,2025-07-13,15,7,6,1,123.1,123.1,4,19
22386,2025-07-11,14,16,6,1,19.99,19.99,4,20
22387,2025-07-22,16,13,6,2,79.74,159.48,4,19
22388,2025-07-21,8,4,6,3,130.99,392.97,4,18
22389,2025-07-16,21,7,6,3,141.99,425.97,3,18
22390,2025-07-19,9,9,6,2,177.99,355.98,4,20
22391,2025-07-06,18,10,6,3,47.99,143.97,4,19
22392,2025-07-04,16,7,6,1,81.65,81.65,4,19
22393,2025-07-26,16,15,6,4,67.93,271.72,4,19
22394,2025-07-06,15,16,6,3,21.36,64.08,2,19
22395,2025-07-06,29,18,6,1,9.16,9.16,4,19
22396,2025-07-26,2,20,6,2,38.66,77.32,4,18
22397,2025-07-25,30,17,6,1,44.99,44.99,4,19
22398,2025-07-01,2,13,6,2,68.08,136.16,4,19
22399,2025-07-26,19,16,6,2,22.41,44.82,4,20
22400,2025-07-10,20,18,7,5,14.66,73.3,4,22
22401,2025-07-22,18,16,7,4,8.99,35.96,4,21
22402,2025-07-17,13,19,7,2,35.95,71.9,4,21
22403,2025-07-27,11,19,7,3,18.98,56.94,2,21
22404,2025-07-25,9,4,7,1,105.55,105.55,4,21
22405,2025-07-04,24,15,7,1,63.99,63.99,4,21
22406,2025-07-10,10,20,7,1,14.64,14.64,4,23
22407,2025-07-02,4,2,7,4,113.02,452.08,4,21
22408,2025-07-09,1,12,7,5,600.99,3004.95,4,22
22409,2025-07-23,9,17,7,5,33.99,169.95,4,23
22410,2025-07-10,29,4,7,1,231.99,231.99,4,21
22411,2025-07-18,25,6,7,2,18.12,36.24,4,23
22412,2025-07-20,13,3,7,1,109.46,109.46,4,21
22413,2025-07-05,19,18,7,2,11.99,23.98,4,22
22414,2025-07-18,23,6,7,2,32.99,65.98,4,23
22415,2025-07-25,20,15,7,1,69.75,69.75,4,21
22416,2025-07-25,1,14,7,2,190.99,381.98,3,21
22417,2025-07-08,20,6,7,2,20.99,41.98,4,22
22418,2025-07-05,17,6,7,1,31.99,31.99,4,22
22419,2025-07-02,10,12,7,1,878.99,878.99,1,23
22420,2025-07-06,6,7,7,2,61.25,122.5,4,21
22421,2025-07-26,11,2,7,1,83.99,83.99,4,22
22422,2025-07-22,19,6,7,2,25.87,51.74,1,22
22423,2025-07-14,1,7,7,1,142.99,142.99,4,22
22424,2025-07-19,4,19,7,1,18.12,18.12,4,23
22425,2025-07-20,16,20,7,1,30.12,30.12,4,21
22426,2025-07-07,6,17,7,2,36.99,73.98,4,23
22427,2025-07-19,13,3,7,2,86.99,173.98,4,22
22428,2025-07-01,20,9,7,2,171.99,343.98,4,22
22429,2025-07-16,3,19,7,2,14.99,29.98,2,21
22430,2025-07-19,22,3,7,2,152.13,304.26,4,22
22431,2025-07-06,21,3,7,1,79.1,79.1,4,23
22432,2025-07-21,28,7,7,2,146.81,293.62,2,22
22433,2025-07-04,1,5,7,2,26.89,53.78,4,22
22434,2025-07-24,11,2,7,2,112.37,224.74,4,22
22435,2025-07-27,17,3,7,2,113.99,227.98,4,23
22436,2025-07-04,8,9,7,4,118.63,474.52,4,21
22437,2025-07-27,20,11,7,3,411.67,1235.01,4,23
22438,2025-07-21,12,10,7,1,61.99,61.99,4,21
22439,2025-07-10,1,20,7,2,15.4,30.8,4,21
22440,2025-07-25,9,7,7,3,97.99,293.97,4,23
22441,2025-07-31,4,13,8,2,94.99,189.98,4,24
22442,2025-07-31,20,16,8,2,11.99,23.98,4,24
22443,2025-07-03,19,18,8,1,17.4,17.4,4,24
22444,2025-07-26,13,18,8,3,17.81,53.43,4,24
22445,2025-07-24,13,18,8,5,14.59,72.95,4,24
22446,2025-07-19,17,16,8,5,22.99,114.95,4,25
22447,2025-07-19,8,5,8,2,22.99,45.98,4,24
22448,2025-07-13,10,7,8,1,58.47,58.47,4,25
22449,2025-07-17,27,10,8,1,31.85,31.85,4,25
22450,2025-07-02,27,16,8,5,19.99,99.95,4,25
22451,2025-07-08,1,18,8,1,8.8,8.8,4,24
22452,2025-07-17,28,16,8,1,13.99,13.99,4,25
22453,2025-07-28,8,4,8,3,252.32,756.96,4,25
22454,2025-07-05,16,16,8,1,8.37,8.37,4,25
22455,2025-07-06,12,7,8,3,74.62,223.86,4,25
22456,2025-07-07,11,17,8,2,24.23,48.46,4,25
22457,2025-07-13,17,6,8,3,10.99,32.97,4,25
22458,2025-07-14,8,16,8,2,21.17,42.34,4,24
22459,2025-07-04,16,19,8,2,25.37,50.74,4,25
22460,2025-07-23,14,3,8,2,132.99,265.98,4,24
22461,2025-07-21,14,18,8,3,13.24,39.72,4,25
22462,2025-07-20,30,8,8,2,39.99,79.98,4,24
22463,2025-07-07,29,4,8,1,110.66,110.66,4,25
22464,2025-07-05,30,19,8,1,21.99,21.99,2,25
22465,2025-07-09,21,5,8,2,21.08,42.16,4,24
22466,2025-07-07,23,8,8,5,50.45,252.25,4,25
22467,2025-07-02,30,13,8,1,76.8,76.8,3,24
22468,2025-07-03,5,4,8,3,161.29,483.87,4,25
22469,2025-07-09,7,9,8,3,92.99,278.97,2,25
22470,2025-07-01,28,4,8,4,287.18,1148.72,4,24
22471,2025-07-25,12,17,8,4,30.99,123.96,4,24
22472,2025-07-03,6,16,9,2,20.99,41.98,4,26
22473,2025-07-17,23,8,9,4,61.12,244.48,4,27
22474,2025-07-19,23,4,9,2,233.32,466.64,4,27
22475,2025-07-12,12,3,9,2,146.99,293.98,4,27
22476,2025-07-11,15,16,9,2,14.04,28.08,4,26
22477,2025-07-30,14,19,9,3,26.61,79.83,2,26
22478,2025-07-14,24,1,9,2,1331.99,2663.98,4,26
22479,2025-07-27,7,4,9,1,157.94,157.94,4,26
22480,2025-07-01,10,2,9,1,63.94,63.94,4,27
22481,2025-07-06,17,1,9,3,1054.99,3164.97,4,28
22482,2025-07-26,8,19,9,5,36.99,184.95,4,28
22483,2025-07-07,26,8,9,1,65.99,65.99,4,27
22484,2025-07-16,16,13,9,1,41.99,41.99,4,27
22485,2025-07-20,29,13,9,5,70.99,354.95,4,27
22486,2025-07-19,7,3,9,4,88.34,353.36,3,26
22487,2025-07-09,30,17,9,4,19.99,79.96,4,27
22488,2025-07-13,3,4,9,1,265.7,265.7,1,27
22489,2025-07-23,30,3,9,1,65.83,65.83,4,26
22490,2025-07-25,17,6,9,4,26.07,104.28,4,26
22491,2025-07-02,19,2,9,4,111.95,447.8,4,26
22492,2025-07-15,3,2,9,1,106.53,106.53,4,26
22493,2025-07-31,26,14,9,4,159.61,638.44,4,27
22494,2025-07-13,3,7,9,1,118.99,118.99,4,27
22495,2025-07-24,9,2,9,1,85.99,85.99,4,26
22496,2025-07-07,28,3,9,2,59.0,118.0,4,28
22497,2025-07-19,18,10,9,3,46.19,138.57,4,28
22498,2025-07-07,4,8,9,1,79.32,79.32,2,26
22499,2025-07-16,24,5,9,2,20.51,41.02,4,26
22500,2025-07-14,7,17,9,2,27.99,55.98,4,28
22501,2025-07-27,25,5,9,4,23.89,95.56,4,27
22502,2025-07-13,24,20,9,1,29.06,29.06,4,26
22503,2025-07-07,25,9,9,1,92.75,92.75,4,26
22504,2025-07-05,5,18,9,1,7.0,7.0,4,26
22505,2025-07-12,13,5,9,3,14.01,42.03,4,27
22506,2025-07-12,27,8,9,1,45.14,45.14,4,26
22507,2025-07-21,4,6,9,2,21.98,43.96,4,28
22508,2025-07-23,13,7,9,2,56.35,112.7,4,28
22509,2025-07-31,21,19,10,2,19.09,38.18,4,30
22510,2025-07-12,21,4,10,1,296.95,296.95,4,30
22511,2025-07-28,21,5,10,3,25.99,77.97,4,30
22512,2025-07-04,26,6,10,3,34.06,102.18,3,31
22513,2025-07-30,9,17,10,2,20.9,41.8,4,30
22514,2025-07-28,1,5,10,4,13.51,54.04,4,31
22515,2025-07-13,16,9,10,2,123.41,246.82,4,29
22516,2025-07-23,20,18,10,2,17.22,34.44,4,31
22517,2025-07-29,1,18,10,3,11.0,33.0,4,31
22518,2025-07-02,5,3,10,2,115.6,231.2,4,29
22519,2025-07-31,25,4,10,2,180.99,361.98,4,30
22520,2025-07-14,4,18,10,1,9.19,9.19,4,31
22521,2025-07-09,27,15,10,1,49.15,49.15,1,31
22522,2025-07-29,23,6,10,1,12.58,12.58,4,31
22523,2025-07-02,23,7,10,2,147.99,295.98,4,30
22524,2025-07-06,8,15,10,1,83.16,83.16,4,29
22525,2025-07-12,19,19,10,1,17.23,17.23,4,30
22526,2025-07-05,11,2,10,4,59.21,236.84,4,29
22527,2025-07-19,27,14,10,1,119.99,119.99,4,29
22528,2025-07-07,4,17,10,2,39.1,78.2,4,31
22529,2025-07-13,20,8,10,1,71.99,71.99,4,31
22530,2025-07-16,14,20,10,4,35.34,141.36,4,31
22531,2025-07-14,6,19,10,5,17.99,89.95,4,31
22532,2025-07-21,3,16,10,1,18.99,18.99,4,29
22533,2025-07-15,27,15,10,3,62.99,188.97,4,30
22534,2025-07-06,28,10,10,1,67.46,67.46,4,30
22535,2025-07-07,11,14,10,2,239.58,479.16,4,30
22536,2025-07-28,24,15,10,3,45.77,137.31,4,29
22537,2025-07-19,28,5,10,1,20.99,20.99,4,30
22538,2025-07-23,22,14,10,2,194.99,389.98,4,31
22539,2025-07-30,29,4,10,2,270.99,541.98,4,30
22540,2025-07-28,23,18,10,5,11.99,59.95,4,31
22541,2025-07-24,4,17,10,3,51.44,154.32,4,31
22542,2025-07-08,5,1,10,1,1298.24,1298.24,4,31
22543,2025-07-06,12,18,10,2,7.0,14.0,4,30
22544,2025-07-21,24,11,10,4,355.5,1422.0,4,30
22545,2025-07-07,4,16,10,3,17.14,51.42,4,31
22546,2025-07-10,30,19,11,3,17.64,52.92,3,33
22547,2025-07-22,21,3,11,1,142.02,142.02,4,33
22548,2025-07-27,22,14,11,2,209.99,419.98,4,33
22549,2025-07-30,25,3,11,4,156.71,626.84,4,33
22550,2025-07-20,5,11,11,5,456.9,2284.5,4,32
22551,2025-07-15,29,15,11,2,52.22,104.44,4,33
22552,2025-07-02,29,7,11,2,131.99,263.98,4,32
22553,2025-07-23,4,14,11,1,126.99,126.99,4,32
22554,2025-07-11,5,16,11,1,20.83,20.83,4,32
22555,2025-07-22,27,19,11,3,15.99,47.97,4,32
22556,2025-07-20,15,17,11,2,28.03,56.06,4,32
22557,2025-07-29,27,17,11,2,54.14,108.28,4,32
22558,2025-07-02,20,20,11,2,34.99,69.98,4,32
22559,2025-07-03,28,11,11,2,394.14,788.28,4,33
22560,2025-07-09,16,6,11,1,14.08,14.08,4,33
22561,2025-07-20,28,2,11,5,98.06,490.3,4,33
22562,2025-07-25,4,13,11,1,102.31,102.31,4,32
22563,2025-07-16,8,1,11,2,971.76,1943.52,3,32
22564,2025-07-31,4,3,11,3,112.99,338.97,4,33
22565,2025-07-23,30,1,11,2,803.99,1607.98,4,33
22566,2025-07-07,18,16,11,5,11.84,59.2,4,33
22567,2025-07-28,13,6,11,2,31.91,63.82,4,32
22568,2025-07-11,18,3,11,2,69.78,139.56,4,32
22569,2025-07-12,22,5,11,3,24.99,74.97,4,32
22570,2025-07-12,22,15,11,2,78.76,157.52,4,32
22571,2025-07-11,17,8,11,4,33.99,135.96,4,32
22572,2025-07-09,14,7,11,1,141.99,141.99,2,32
22573,2025-07-29,5,3,11,1,84.8,84.8,4,32
22574,2025-07-15,25,6,11,3,18.07,54.21,4,32
22575,2025-07-28,15,16,11,3,19.99,59.97,4,32
22576,2025-07-02,16,14,11,3,113.9,341.7,4,33
22577,2025-07-11,27,4,11,3,188.75,566.25,4,32
22578,2025-07-16,27,13,11,1,82.81,82.81,1,33
22579,2025-07-17,1,5,11,4,24.27,97.08,4,32
22580,2025-07-26,29,15,11,5,33.99,169.95,1,33
22581,2025-07-08,8,19,11,5,24.99,124.95,4,33
22582,2025-07-18,19,20,11,2,29.99,59.98,4,33
22583,2025-07-19,16,7,12,3,145.66,436.98,4,34
22584,2025-07-29,30,15,12,2,81.99,163.98,4,34
22585,2025-07-26,30,5,12,2,15.99,31.98,2,35
22586,2025-07-03,6,12,12,3,790.52,2371.56,4,34
22587,2025-07-16,8,16,12,1,10.78,10.78,4,35
22588,2025-07-22,28,19,12,3,33.67,101.01,2,35
22589,2025-07-02,1,20,12,1,23.91,23.91,4,35
22590,2025-07-17,4,3,12,2,103.48,206.96,4,34
22591,2025-07-14,13,1,12,1,1259.49,1259.49,4,34
22592,2025-07-15,14,18,12,5,17.99,89.95,4,35
22593,2025-07-21,21,16,12,2,9.17,18.34,4,34
22594,2025-07-13,27,18,12,3,8.62,25.86,4,34
22595,2025-07-01,23,6,12,5,14.38,71.9,4,34
22596,2025-07-07,21,15,12,1,73.99,73.99,4,34
22597,2025-07-26,15,14,12,1,126.99,126.99,4,34
22598,2025-07-28,19,16,12,2,23.23,46.46,4,34
22599,2025-07-14,11,5,12,1,14.99,14.99,4,35
22600,2025-07-08,8,17,12,2,21.76,43.52,4,34
22601,2025-07-01,15,9,12,4,100.14,400.56,4,35
22602,2025-07-02,16,4,12,1,229.06,229.06,4,34
22603,2025-07-28,11,1,12,1,1177.99,1177.99,4,35
22604,2025-07-06,8,7,12,3,108.99,326.97,3,35
22605,2025-07-23,5,14,12,2,136.43,272.86,4,34
22606,2025-07-12,5,15,12,1,68.95,68.95,4,35
22607,2025-07-06,19,11,12,1,367.39,367.39,4,34
22608,2025-07-15,8,19,12,1,23.99,23.99,4,35
22609,2025-07-29,11,9,12,2,134.44,268.88,4,34
22610,2025-07-03,12,4,12,1,276.91,276.91,4,34
22611,2025-07-04,6,17,12,2,52.99,105.98,4,35
22612,2025-07-19,16,10,12,5,52.73,263.65,4,35
22613,2025-07-26,23,17,13,1,50.36,50.36,4,36
22614,2025-07-27,26,4,13,5,168.99,844.95,4,37
22615,2025-07-20,13,16,13,1,13.42,13.42,4,36
22616,2025-07-02,15,7,13,4,71.95,287.8,4,37
22617,2025-07-06,10,13,13,1,102.99,102.99,4,36
22618,2025-07-25,20,4,13,1,276.99,276.99,4,36
22619,2025-07-29,10,20,13,2,26.55,53.1,4,36
22620,2025-07-21,25,16,13,2,17.47,34.94,4,37
22621,2025-07-13,14,16,13,2,10.86,21.72,4,38
22622,2025-07-26,17,16,13,3,19.99,59.97,4,38
22623,2025-07-07,17,19,13,1,38.51,38.51,4,38
22624,2025-07-14,3,14,13,2,152.37,304.74,4,38
22625,2025-07-10,17,18,13,2,9.79,19.58,4,38
22626,2025-07-07,17,16,13,1,20.99,20.99,4,38
22627,2025-07-30,13,7,13,3,53.61,160.83,4,37
22628,2025-07-04,14,17,13,2,46.99,93.98,4,37
22629,2025-07-19,8,13,13,1,91.99,91.99,4,36
22630,2025-07-31,9,4,13,1,119.99,119.99,4,37
22631,2025-07-11,3,3,13,3,130.06,390.18,4,37
22632,2025-07-11,13,1,13,1,1184.51,1184.51,4,36
22633,2025-07-27,25,6,13,1,13.99,13.99,4,37
22634,2025-07-08,11,8,13,2,54.5,109.0,4,37
22635,2025-07-12,23,5,13,2,27.51,55.02,3,37
22636,2025-07-27,17,13,13,1,86.99,86.99,4,36
22637,2025-07-27,23,5,13,1,21.84,21.84,4,36
22638,2025-07-23,16,13,13,2,90.99,181.98,4,38
22639,2025-07-19,20,9,13,3,172.53,517.59,4,38
22640,2025-07-17,25,6,13,2,19.99,39.98,4,36
22641,2025-07-24,11,15,13,3,79.99,239.97,4,38
22642,2025-07-16,21,15,13,5,69.05,345.25,4,38
22643,2025-07-26,25,4,13,1,274.59,274.59,4,38
22644,2025-07-05,9,14,13,4,151.7,606.8,1,36
22645,2025-07-23,2,4,13,1,144.12,144.12,3,38
22646,2025-07-11,6,18,13,1,13.51,13.51,4,38
22647,2025-07-25,18,18,13,5,12.93,64.65,4,38
22648,2025-07-19,26,5,13,1,21.62,21.62,4,36
22649,2025-07-16,28,2,13,5,110.66,553.3,4,38
22650,2025-07-13,9,6,13,2,11.99,23.98,4,38
22651,2025-07-15,20,15,13,1,87.99,87.99,4,38
22652,2025-07-30,19,5,14,1,26.99,26.99,4,40
22653,2025-07-13,28,4,14,1,245.12,245.12,4,39
22654,2025-07-06,30,7,14,1,136.99,136.99,4,39
22655,2025-07-14,20,19,14,2,28.38,56.76,4,40
22656,2025-07-25,30,2,14,2,99.67,199.34,4,39
22657,2025-07-20,21,15,14,1,73.99,73.99,4,40
22658,2025-07-19,9,17,14,2,19.83,39.66,4,40
22659,2025-07-12,5,7,14,1,102.99,102.99,4,40
22660,2025-07-12,13,4,14,4,192.99,771.96,4,40
22661,2025-07-01,5,8,14,2,86.1,172.2,4,39
22662,2025-07-17,14,4,14,3,203.99,611.97,4,39
22663,2025-07-22,28,8,14,2,66.99,133.98,4,39
22664,2025-07-07,30,3,14,3,76.9,230.7,4,39
22665,2025-07-01,27,18,14,1,13.24,13.24,4,39
22666,2025-07-02,25,6,14,1,19.99,19.99,4,39
22667,2025-07-09,17,6,14,4,13.28,53.12,4,39
22668,2025-07-24,2,15,14,3,40.99,122.97,4,39
22669,2025-07-07,4,15,14,1,32.04,32.04,4,40
22670,2025-07-29,25,2,14,2,98.99,197.98,4,39
22671,2025-07-18,29,20,14,2,30.19,60.38,4,39
22672,2025-07-27,5,10,14,3,62.05,186.15,4,40
22673,2025-07-17,11,8,14,3,60.55,181.65,4,40
22674,2025-07-29,22,5,14,1,17.98,17.98,4,39
22675,2025-07-06,5,16,14,2,13.0,26.0,4,39
22676,2025-07-25,22,13,14,2,39.53,79.06,2,39
22677,2025-07-24,7,16,14,1,8.0,8.0,4,39
22678,2025-07-18,15,7,14,2,152.99,305.98,4,40
22679,2025-07-07,17,16,15,4,9.51,38.04,4,41
22680,2025-07-07,9,9,15,2,173.99,347.98,4,42
22681,2025-07-04,4,11,15,1,277.07,277.07,4,41
22682,2025-07-13,5,17,15,3,31.46,94.38,4,42
22683,2025-07-24,6,5,15,4,14.99,59.96,4,41
22684,2025-07-30,26,3,15,3,132.99,398.97,4,42
22685,2025-07-21,19,5,15,2,9.49,18.98,4,42
22686,2025-07-01,29,3,15,2,121.07,242.14,4,41
22687,2025-07-16,26,18,15,4,15.99,63.96,4,41
22688,2025-07-29,22,10,15,3,36.78,110.34,1,42
22689,2025-07-10,11,16,15,1,14.84,14.84,4,42
22690,2025-07-02,5,10,15,1,38.99,38.99,4,42
22691,2025-07-11,14,15,15,3,62.99,188.97,3,41
22692,2025-07-03,21,16,15,5,16.63,83.15,4,41
22693,2025-07-24,21,1,15,1,873.99,873.99,4,42
22694,2025-07-24,23,15,15,1,31.32,31.32,4,41
22695,2025-07-28,25,19,15,1,15.47,15.47,4,41
22696,2025-07-04,24,16,15,4,16.78,67.12,4,41
22697,2025-07-22,21,6,15,3,24.99,74.97,4,42
22698,2025-07-21,19,2,15,2,49.99,99.98,2,41
22699,2025-07-22,20,16,15,4,15.92,63.68,4,42
22700,2025-07-12,13,7,15,3,124.85,374.55,4,42
22701,2025-07-27,14,16,15,1,8.0,8.0,4,41
22702,2025-07-29,11,3,15,3,88.99,266.97,4,42
22703,2025-07-27,19,15,15,3,46.99,140.97,1,42
22704,2025-07-26,16,3,15,4,129.99,519.96,4,41
22705,2025-07-19,18,17,15,4,37.99,151.96,2,42
22706,2025-07-05,7,7,15,1,140.8,140.8,4,42
22707,2025-07-03,26,19,15,1,21.99,21.99,4,42
22708,2025-07-09,12,3,15,1,81.6,81.6,4,41
